년도,월,일,요일,시각,사고등급,사망자수,중상자수,경상자수,부상자수,연령,성별,경력,음주,종별,용도,관련자2,사고형태,기상상태,일광상태,사고유형1,사고유형2,법규위반,도로종류,지점명,위도,경도,자치구,
2019,3,18,월요일,8,경상사고,0,0,1,0,30,여,10년미만,,승용,비사업용,승용,일직선사고,맑음,출퇴근,차대차,추돌(진행중),안전운전불이행,특별광역시도,성수대교남단사거리,37.5370472,127.0349351,강남구,
2019,4,7,일요일,13,중상사고,0,1,2,0,62,남,15년이상,,승용,사업용,이륜,진입회전사고,맑음,주간,차대차,측면직각충돌,신호위반,특별광역시도,성수대교남단사거리,37.5370472,127.0349351,강남구,
2019,4,25,목요일,23,경상사고,0,0,2,0,49,남,15년이상,0,승용,비사업용,승용,진입회전사고,맑음,심야,차대차,차대차-기타,신호위반,특별광역시도,성수대교남단사거리,37.5370472,127.0349351,강남구,
2019,5,7,화요일,13,경상사고,0,0,2,1,62,남,15년이상,,승용,사업용,승용,진입회전사고,맑음,주간,차대차,측면직각충돌,차로위반,기타,성수대교남단사거리,37.5370472,127.0349351,강남구,
2019,7,11,목요일,2,경상사고,0,0,4,0,69,남,15년이상,,승용,사업용,승용,일직선사고,비,심야,차대차,추돌(진행중),안전운전불이행,특별광역시도,성수대교남단사거리,37.5370472,127.0349351,강남구,
2019,7,28,일요일,3,중상사고,0,1,4,0,30,남,2년미만,0,승용,비사업용,승용,일직선사고,맑음,심야,차대차,추돌(진행중),안전거리미확보,특별광역시도,성수대교남단사거리,37.5370472,127.0349351,강남구,
2019,7,17,수요일,4,경상사고,0,0,3,0,23,여,3년미만,0,승용,사업용,승용,일직선사고,흐림,심야,차대차,정면충돌,중앙선침범,특별광역시도,성수대교남단사거리,37.5370472,127.0349351,강남구,
2019,7,11,목요일,23,경상사고,0,0,1,0,59,남,15년이상,,승용,사업용,승합,진입회전사고,맑음,심야,차대차,측면직각충돌,신호위반,특별광역시도,성수대교남단사거리,37.5370472,127.0349351,강남구,
2019,8,31,토요일,8,경상사고,0,0,1,0,34,여,15년이상,,승용,비사업용,승용,기타사고,맑음,출퇴근,차대차,차대차-기타,안전운전불이행,특별광역시도,성수대교남단사거리,37.5370472,127.0349351,강남구,
2019,9,27,금요일,13,경상사고,0,0,1,0,55,남,15년이상,,승용,비사업용,승합,기타사고,맑음,주간,차대차,차대차-기타,안전운전불이행,특별광역시도,성수대교남단사거리,37.5370472,127.0349351,강남구,
2019,9,25,수요일,17,경상사고,0,0,2,0,78,여,15년이상,,승용,비사업용,승용,진입회전사고,맑음,주간,차대차,측면직각충돌,교차로운행방법위반,특별광역시도,성수대교남단사거리,37.5370472,127.0349351,강남구,
2019,10,4,금요일,23,중상사고,0,1,0,0,28,남,10년미만,,승용,사업용,승용,진입회전사고,맑음,심야,차대차,측면직각충돌,신호위반,특별광역시도,성수대교남단사거리,37.5370472,127.0349351,강남구,
2019,11,11,월요일,11,경상사고,0,0,1,0,46,여,15년미만,,승용,비사업용,승용,일직선사고,맑음,주간,차대차,정면충돌,교차로운행방법위반,특별광역시도,성수대교남단사거리,37.5370472,127.0349351,강남구,
2017,2,14,화요일,14,경상사고,0,0,1,0,51,남,10년미만,,승합,사업용,보행자,기타사고,맑음,주간,차대사람,차대사람-기타,안전운전불이행,특별광역시도,수서역사거리,37.4874685,127.1013245,강남구,
2017,3,5,일요일,0,경상사고,0,0,5,1,62,남,15년이상,,승용,사업용,승용,진입회전사고,맑음,심야,차대차,측면직각충돌,안전운전불이행,특별광역시도,수서역사거리,37.4874685,127.1013245,강남구,
2017,4,30,일요일,0,경상사고,0,0,2,0,57,남,15년이상,,승용,사업용,승용,진입회전사고,맑음,심야,차대차,측면직각충돌,신호위반,기타,수서역사거리,37.4874685,127.1013245,강남구,
2017,4,17,월요일,9,경상사고,0,0,1,0,47,남,15년이상,,화물,비사업용,화물,기타사고,맑음,주간,차대차,차대차-기타,안전운전불이행,특별광역시도,수서역사거리,37.4874685,127.1013245,강남구,
2017,4,1,토요일,17,경상사고,0,0,5,0,68,여,10년미만,,승용,비사업용,승용,진입회전사고,비,주간,차대차,측면직각충돌,신호위반,특별광역시도,수서역사거리,37.4874685,127.1013245,강남구,
2017,4,17,월요일,21,중상사고,0,1,0,0,26,여,10년미만,,승용,비사업용,이륜,진입회전사고,맑음,심야,차대차,측면직각충돌,신호위반,특별광역시도,수서역사거리,37.4874685,127.1013245,강남구,
2017,4,18,화요일,23,경상사고,0,0,1,0,28,남,15년이상,0,승용,비사업용,승용,일직선사고,흐림,심야,차대차,정면충돌,안전운전불이행,특별광역시도,수서역사거리,37.4874685,127.1013245,강남구,
2017,7,16,일요일,20,경상사고,0,0,1,0,63,남,15년미만,0,승용,비사업용,승용,일직선사고,맑음,출퇴근,차대차,정면충돌,안전운전불이행,특별광역시도,수서역사거리,37.4874685,127.1013245,강남구,
2017,9,14,목요일,13,경상사고,0,0,1,0,54,남,15년이상,,승용,비사업용,승용,기타사고,맑음,주간,차대차,차대차-기타,교차로운행방법위반,특별광역시도,수서역사거리,37.4874685,127.1013245,강남구,
2017,9,2,토요일,21,경상사고,0,0,1,0,63,남,15년이상,,승용,사업용,승용,일직선사고,맑음,심야,차대차,추돌(진행중),안전운전불이행,특별광역시도,수서역사거리,37.4874685,127.1013245,강남구,
2017,9,29,금요일,23,경상사고,0,0,1,0,76,남,15년이상,,승용,사업용,승용,진입회전사고,맑음,심야,차대차,차대차-기타,신호위반,특별광역시도,수서역사거리,37.4874685,127.1013245,강남구,
2017,10,26,목요일,1,경상사고,0,0,1,0,69,남,15년이상,,승용,사업용,보행자,보행횡단사고,흐림,심야,차대사람,횡단중,안전운전불이행,특별광역시도,수서역사거리,37.4874685,127.1013245,강남구,
2017,10,18,수요일,8,중상사고,0,1,0,0,33,여,15년이상,,승용,비사업용,자전거,진입회전사고,맑음,출퇴근,차대차,측면직각충돌,안전운전불이행,특별광역시도,수서역사거리,37.4874685,127.1013245,강남구,
2017,11,24,금요일,0,중상사고,0,1,0,0,56,남,15년이상,0,승용,비사업용,보행자,진입회전사고,맑음,심야,차대사람,횡단중,신호위반,특별광역시도,수서역사거리,37.4874685,127.1013245,강남구,
2017,11,23,목요일,20,경상사고,0,0,1,0,56,남,15년이상,,승용,사업용,승용,진입회전사고,맑음,출퇴근,차대차,측면직각충돌,안전운전불이행,특별광역시도,수서역사거리,37.4874685,127.1013245,강남구,
2017,12,24,일요일,0,경상사고,0,0,5,0,26,남,5년미만,,승용,비사업용,승용,진입회전사고,맑음,심야,차대차,측면직각충돌,교차로운행방법위반,특별광역시도,수서역사거리,37.4874685,127.1013245,강남구,
2017,12,22,금요일,5,경상사고,0,0,1,0,49,여,15년이상,,승용,사업용,승용,진입회전사고,맑음,새벽,차대차,측면직각충돌,교차로운행방법위반,특별광역시도,수서역사거리,37.4874685,127.1013245,강남구,
2017,12,1,금요일,11,경상사고,0,0,1,0,48,남,15년이상,,승용,사업용,승용,진입회전사고,맑음,주간,차대차,측면직각충돌,교차로운행방법위반,특별광역시도,수서역사거리,37.4874685,127.1013245,강남구,
2018,1,23,화요일,0,경상사고,0,0,1,0,44,남,15년이상,,승합,비사업용,승합,진입회전사고,맑음,심야,차대차,측면직각충돌,교차로운행방법위반,특별광역시도,수서역사거리,37.4874685,127.1013245,강남구,
2018,1,10,수요일,12,중상사고,0,1,0,0,38,남,15년이상,,승용,비사업용,이륜,기타사고,맑음,주간,차대차,차대차-기타,안전거리미확보,특별광역시도,수서역사거리,37.4874685,127.1013245,강남구,
2018,1,19,금요일,15,경상사고,0,0,1,0,73,남,10년미만,,승용,비사업용,화물,진입회전사고,맑음,주간,차대차,측면직각충돌,교차로운행방법위반,특별광역시도,수서역사거리,37.4874685,127.1013245,강남구,
2018,1,16,화요일,22,경상사고,0,0,1,0,36,남,15년이상,,승용,비사업용,승용,기타사고,맑음,심야,차대차,차대차-기타,교차로운행방법위반,특별광역시도,수서역사거리,37.4874685,127.1013245,강남구,
2018,1,21,일요일,22,경상사고,0,0,2,0,36,여,15년이상,,승용,비사업용,승용,진입회전사고,맑음,심야,차대차,측면직각충돌,교차로운행방법위반,특별광역시도,수서역사거리,37.4874685,127.1013245,강남구,
2018,2,4,일요일,4,경상사고,0,0,1,0,63,남,15년이상,,승용,사업용,승용,진입회전사고,맑음,심야,차대차,측면직각충돌,교차로운행방법위반,특별광역시도,수서역사거리,37.4874685,127.1013245,강남구,
2018,2,4,일요일,8,경상사고,0,0,1,0,53,여,15년이상,,승용,비사업용,자전거,진입회전사고,맑음,출퇴근,차대차,추돌(진행중),신호위반,특별광역시도,수서역사거리,37.4874685,127.1013245,강남구,
2018,3,8,목요일,0,경상사고,0,0,4,0,66,남,15년이상,,승용,사업용,승용,진입회전사고,맑음,심야,차대차,측면직각충돌,교차로운행방법위반,특별광역시도,수서역사거리,37.4874685,127.1013245,강남구,
2018,3,31,토요일,14,중상사고,0,1,0,0,72,남,15년이상,,승용,사업용,화물,진입회전사고,맑음,주간,차대차,측면직각충돌,안전운전불이행,특별광역시도,수서역사거리,37.4874685,127.1013245,강남구,
2018,3,1,목요일,22,중상사고,0,1,1,0,33,여,15년이상,,승용,비사업용,승용,진입회전사고,맑음,심야,차대차,측면직각충돌,차로위반,특별광역시도,수서역사거리,37.4874685,127.1013245,강남구,
2018,4,13,금요일,0,경상사고,0,0,1,0,24,여,15년이상,,승용,비사업용,승용,진입회전사고,맑음,심야,차대차,측면직각충돌,교차로운행방법위반,특별광역시도,수서역사거리,37.4874685,127.1013245,강남구,
2018,4,7,토요일,5,경상사고,0,0,1,0,59,남,15년이상,,승용,사업용,승용,일직선사고,맑음,새벽,차대차,추돌(진행중),교차로운행방법위반,특별광역시도,수서역사거리,37.4874685,127.1013245,강남구,
2018,4,21,토요일,5,경상사고,0,0,2,1,67,남,15년이상,,승용,사업용,승용,진입회전사고,맑음,새벽,차대차,측면직각충돌,교차로운행방법위반,특별광역시도,수서역사거리,37.4874685,127.1013245,강남구,
2018,4,13,금요일,15,경상사고,0,0,2,0,62,남,15년이상,,승용,사업용,승용,기타사고,맑음,주간,차대차,차대차-기타,안전운전불이행,특별광역시도,수서역사거리,37.4874685,127.1013245,강남구,
2018,4,23,월요일,21,경상사고,0,0,3,0,60,여,15년이상,,승용,사업용,승용,기타사고,비,심야,차대차,차대차-기타,안전운전불이행,특별광역시도,수서역사거리,37.4874685,127.1013245,강남구,
2018,4,28,토요일,22,경상사고,0,0,1,0,66,남,15년이상,,승용,사업용,승용,일직선사고,맑음,심야,차대차,추돌(진행중),교차로운행방법위반,특별광역시도,수서역사거리,37.4874685,127.1013245,강남구,
2018,5,20,일요일,5,경상사고,0,0,1,0,29,남,15년이상,0,승용,비사업용,승용,일직선사고,맑음,새벽,차대차,추돌(진행중),안전운전불이행,특별광역시도,수서역사거리,37.4874685,127.1013245,강남구,
2018,5,1,화요일,7,경상사고,0,0,1,1,49,남,15년이상,,승용,사업용,승용,일직선사고,맑음,출퇴근,차대차,추돌(진행중),안전운전불이행,특별광역시도,수서역사거리,37.4874685,127.1013245,강남구,
2018,5,13,일요일,10,중상사고,0,1,2,0,47,남,15년이상,,승용,사업용,승용,진입회전사고,맑음,주간,차대차,측면직각충돌,교차로운행방법위반,특별광역시도,수서역사거리,37.4874685,127.1013245,강남구,
2018,5,27,일요일,15,중상사고,0,2,3,0,38,남,10년미만,,승용,비사업용,이륜,진입회전사고,맑음,주간,차대차,측면직각충돌,안전운전불이행,특별광역시도,수서역사거리,37.4874685,127.1013245,강남구,
2018,5,5,토요일,23,경상사고,0,0,1,1,27,남,15년이상,,승용,비사업용,승용,진입회전사고,맑음,심야,차대차,측면직각충돌,안전운전불이행,특별광역시도,수서역사거리,37.4874685,127.1013245,강남구,
2018,5,18,금요일,23,부상사고,0,0,0,1,57,여,15년이상,,승용,사업용,승용,진입회전사고,맑음,심야,차대차,측면직각충돌,교차로운행방법위반,특별광역시도,수서역사거리,37.4874685,127.1013245,강남구,
2018,5,22,화요일,23,경상사고,0,0,2,0,65,남,15년이상,,승용,사업용,승용,진입회전사고,비,심야,차대차,측면직각충돌,교차로운행방법위반,특별광역시도,수서역사거리,37.4874685,127.1013245,강남구,
2018,6,23,토요일,19,경상사고,0,0,1,0,57,여,15년이상,,승용,비사업용,화물,기타사고,맑음,출퇴근,차대차,차대차-기타,안전거리미확보,기타,수서역사거리,37.4874685,127.1013245,강남구,
2018,6,10,일요일,22,경상사고,0,0,1,0,48,남,15년이상,,승용,사업용,이륜,진입회전사고,맑음,심야,차대차,측면직각충돌,안전거리미확보,특별광역시도,수서역사거리,37.4874685,127.1013245,강남구,
2018,7,8,일요일,16,부상사고,0,0,0,1,36,남,15년이상,,승용,비사업용,이륜,진입회전사고,맑음,주간,차대차,측면직각충돌,안전운전불이행,특별광역시도,수서역사거리,37.4874685,127.1013245,강남구,
2018,7,26,목요일,23,경상사고,0,0,2,0,62,남,15년이상,,승용,사업용,승용,진입회전사고,맑음,심야,차대차,차대차-기타,신호위반,기타,수서역사거리,37.4874685,127.1013245,강남구,
2018,8,4,토요일,11,경상사고,0,0,1,0,45,여,15년이상,,승용,사업용,승용,기타사고,맑음,주간,차대차,차대차-기타,교차로운행방법위반,기타,수서역사거리,37.4874685,127.1013245,강남구,
2018,9,5,수요일,10,경상사고,0,0,1,0,31,여,15년이상,,승용,비사업용,보행자,진입회전사고,맑음,주간,차대사람,차대사람-기타,신호위반,특별광역시도,수서역사거리,37.4874685,127.1013245,강남구,
2018,10,5,금요일,0,중상사고,0,1,0,0,61,남,15년이상,,승용,사업용,승용,진입회전사고,맑음,심야,차대차,측면직각충돌,신호위반,특별광역시도,수서역사거리,37.4874685,127.1013245,강남구,
2018,10,7,일요일,15,경상사고,0,0,1,0,32,남,15년이상,,승용,비사업용,이륜,진입회전사고,맑음,주간,차대차,측면직각충돌,안전운전불이행,특별광역시도,수서역사거리,37.4874685,127.1013245,강남구,
2018,10,31,수요일,18,부상사고,0,0,0,2,33,여,15년이상,,승용,비사업용,원동기,기타사고,맑음,출퇴근,차대차,차대차-기타,안전운전불이행,특별광역시도,수서역사거리,37.4874685,127.1013245,강남구,
2018,10,24,수요일,22,경상사고,0,0,1,0,55,남,15년이상,,승합,사업용,보행자,기타사고,맑음,심야,차대사람,차대사람-기타,안전운전불이행,특별광역시도,수서역사거리,37.4874685,127.1013245,강남구,
2018,11,2,금요일,6,경상사고,0,0,1,0,66,남,15년이상,,승용,사업용,승용,기타사고,맑음,새벽,차대차,차대차-기타,안전운전불이행,특별광역시도,수서역사거리,37.4874685,127.1013245,강남구,
2018,11,4,일요일,12,중상사고,0,1,0,0,85,남,15년이상,,승용,비사업용,보행자,기타사고,맑음,주간,차대사람,차대사람-기타,안전운전불이행,특별광역시도,수서역사거리,37.4874685,127.1013245,강남구,
2018,12,8,토요일,12,경상사고,0,0,2,0,36,남,15년이상,,건설기계,사업용,건설기계,진입회전사고,맑음,주간,차대차,차대차-기타,신호위반,특별광역시도,수서역사거리,37.4874685,127.1013245,강남구,
2018,12,31,월요일,14,중상사고,0,1,0,0,67,남,15년이상,,승용,사업용,이륜,기타사고,맑음,주간,차대차,차대차-기타,기타,특별광역시도,수서역사거리,37.4874685,127.1013245,강남구,
2018,12,1,토요일,16,부상사고,0,0,0,1,55,남,15년이상,,승용,사업용,보행자,보행횡단사고,맑음,주간,차대사람,횡단중,안전운전불이행,특별광역시도,수서역사거리,37.4874685,127.1013245,강남구,
2018,12,26,수요일,20,경상사고,0,0,1,0,64,남,15년이상,,승용,사업용,승용,기타사고,맑음,출퇴근,차대차,차대차-기타,안전운전불이행,특별광역시도,수서역사거리,37.4874685,127.1013245,강남구,
2019,1,28,월요일,1,경상사고,0,0,1,0,43,남,15년이상,,승용,비사업용,승용,진입회전사고,맑음,심야,차대차,측면직각충돌,안전운전불이행,특별광역시도,수서역사거리,37.4874685,127.1013245,강남구,
2019,1,22,화요일,6,경상사고,0,0,1,0,38,남,15년이상,,승용,비사업용,화물,진입회전사고,맑음,새벽,차대차,차대차-기타,신호위반,기타,수서역사거리,37.4874685,127.1013245,강남구,
2019,1,6,일요일,8,경상사고,0,0,1,0,50,여,1년미만,,승용,비사업용,승용,기타사고,맑음,출퇴근,차대차,차대차-기타,안전운전불이행,기타,수서역사거리,37.4874685,127.1013245,강남구,
2019,2,27,수요일,11,중상사고,0,1,0,0,54,여,15년이상,,승용,비사업용,승합,기타사고,맑음,주간,차대차,차대차-기타,안전거리미확보,특별광역시도,수서역사거리,37.4874685,127.1013245,강남구,
2019,2,2,토요일,16,중상사고,0,1,0,0,36,남,15년이상,,자전거,데이터오류,보행자,보행횡단사고,맑음,주간,차대사람,횡단중,기타,특별광역시도,수서역사거리,37.4874685,127.1013245,강남구,
2019,3,20,수요일,16,경상사고,0,0,1,0,43,남,15년미만,,승합,사업용,승합,기타사고,비,주간,차대차,차대차-기타,안전운전불이행,특별광역시도,수서역사거리,37.4874685,127.1013245,강남구,
2019,5,18,토요일,11,중상사고,0,2,5,1,41,남,15년이상,,승합,사업용,승합,진입회전사고,맑음,주간,차대차,추돌(진행중),신호위반,특별광역시도,수서역사거리,37.4874685,127.1013245,강남구,
2019,6,25,화요일,21,경상사고,0,0,1,0,55,남,15년이상,,승용,사업용,승용,기타사고,맑음,심야,차대차,차대차-기타,교차로운행방법위반,특별광역시도,수서역사거리,37.4874685,127.1013245,강남구,
2019,6,8,토요일,23,경상사고,0,0,3,0,36,남,데이터오류,,승용,비사업용,승용,진입회전사고,맑음,심야,차대차,측면직각충돌,안전거리미확보,특별광역시도,수서역사거리,37.4874685,127.1013245,강남구,
2019,7,31,수요일,22,경상사고,0,0,1,0,49,남,15년이상,,승합,사업용,보행자,기타사고,맑음,심야,차대사람,차대사람-기타,안전운전불이행,특별광역시도,수서역사거리,37.4874685,127.1013245,강남구,
2019,8,17,토요일,2,경상사고,0,0,1,0,33,여,15년이상,,승용,비사업용,승용,일직선사고,맑음,심야,차대차,추돌(진행중),안전운전불이행,특별광역시도,수서역사거리,37.4874685,127.1013245,강남구,
2019,8,29,목요일,13,경상사고,0,0,1,0,43,남,15년이상,,승합,사업용,기타,기타사고,비,주간,차량단독,차량단독-기타,안전운전불이행,특별광역시도,수서역사거리,37.4874685,127.1013245,강남구,
2019,9,30,월요일,18,경상사고,0,0,2,0,68,남,15년이상,,승용,사업용,이륜,기타사고,맑음,출퇴근,차대차,차대차-기타,안전거리미확보,특별광역시도,수서역사거리,37.4874685,127.1013245,강남구,
2019,9,10,화요일,20,경상사고,0,0,1,0,69,남,15년이상,,승용,사업용,기타,기타사고,맑음,출퇴근,차대차,차대차-기타,안전운전불이행,특별광역시도,수서역사거리,37.4874685,127.1013245,강남구,
2019,9,10,화요일,22,경상사고,0,0,1,0,31,남,15년미만,,승용,비사업용,승용,일직선사고,비,심야,차대차,추돌(진행중),안전운전불이행,특별광역시도,수서역사거리,37.4874685,127.1013245,강남구,
2019,10,18,금요일,20,경상사고,0,0,1,0,64,남,15년이상,,승용,사업용,승용,진입회전사고,맑음,출퇴근,차대차,추돌(진행중),신호위반,특별광역시도,수서역사거리,37.4874685,127.1013245,강남구,
2019,10,2,수요일,21,경상사고,0,0,2,0,51,남,15년이상,0,승용,비사업용,승용,일직선사고,비,심야,차대차,추돌(진행중),안전운전불이행,특별광역시도,수서역사거리,37.4874685,127.1013245,강남구,
2019,11,28,목요일,7,경상사고,0,0,1,0,35,남,15년이상,,승합,사업용,승합,진입회전사고,맑음,출퇴근,차대차,측면직각충돌,교차로운행방법위반,특별광역시도,수서역사거리,37.4874685,127.1013245,강남구,
2019,12,5,목요일,8,경상사고,0,0,1,0,56,여,15년이상,,승용,비사업용,승용,진입회전사고,맑음,출퇴근,차대차,측면직각충돌,안전거리미확보,특별광역시도,수서역사거리,37.4874685,127.1013245,강남구,
2019,12,15,일요일,18,경상사고,0,0,1,0,37,남,15년이상,,승용,비사업용,이륜,기타사고,기타,출퇴근,차대차,차대차-기타,교차로운행방법위반,특별광역시도,수서역사거리,37.4874685,127.1013245,강남구,
2019,12,31,화요일,23,경상사고,0,0,1,0,50,남,15년이상,,승용,비사업용,승용,진입회전사고,맑음,심야,차대차,측면직각충돌,교차로운행방법위반,특별광역시도,수서역사거리,37.4874685,127.1013245,강남구,
2017,1,3,화요일,14,경상사고,0,0,1,0,41,남,15년이상,,승합,사업용,기타,기타사고,맑음,주간,차량단독,차량단독-기타,데이터없음,특별광역시도,신논현역부근사거리,37.504724,127.02538,강남구,
2017,8,12,토요일,1,경상사고,0,0,2,0,41,여,3년미만,0,승용,비사업용,승용,일직선사고,맑음,심야,차대차,추돌(진행중),안전운전불이행,특별광역시도,신논현역부근사거리,37.504724,127.02538,강남구,
2017,8,20,일요일,5,경상사고,0,0,1,0,50,남,15년미만,,승용,사업용,승용,일직선사고,맑음,새벽,차대차,추돌(진행중),안전거리미확보,특별광역시도,신논현역부근사거리,37.504724,127.02538,강남구,
2017,9,29,금요일,1,사망사고,1,0,0,0,37,남,15년미만,,승용,사업용,보행자,기타사고,맑음,심야,차대사람,차대사람-기타,안전운전불이행,특별광역시도,신논현역부근사거리,37.504724,127.02538,강남구,
2018,6,26,화요일,0,경상사고,0,0,1,2,62,남,15년이상,,승용,사업용,승합,기타사고,맑음,심야,차대차,차대차-기타,차로위반,특별광역시도,신논현역부근사거리,37.504724,127.02538,강남구,
2018,7,11,수요일,15,경상사고,0,0,1,0,57,남,15년이상,,승합,사업용,보행자,기타사고,맑음,주간,차대사람,길가장자리구역통행중,안전운전불이행,특별광역시도,신논현역부근사거리,37.504724,127.02538,강남구,
2018,7,19,목요일,18,경상사고,0,0,1,0,61,남,15년이상,,승용,사업용,승용,진입회전사고,맑음,출퇴근,차대차,측면직각충돌,안전거리미확보,특별광역시도,신논현역부근사거리,37.504724,127.02538,강남구,
2018,8,22,수요일,8,경상사고,0,0,1,0,72,남,15년이상,,승용,사업용,승용,기타사고,맑음,출퇴근,차대차,차대차-기타,안전운전불이행,특별광역시도,신논현역부근사거리,37.504724,127.02538,강남구,
2018,9,1,토요일,14,경상사고,0,0,1,0,58,남,15년이상,,승합,사업용,승합,진입회전사고,맑음,주간,차대차,측면직각충돌,안전거리미확보,특별광역시도,신논현역부근사거리,37.504724,127.02538,강남구,
2019,4,24,수요일,1,경상사고,0,0,1,0,45,남,15년이상,,승용,사업용,승용,진입회전사고,흐림,심야,차대차,측면직각충돌,안전거리미확보,특별광역시도,신논현역부근사거리,37.504724,127.02538,강남구,
2019,8,19,월요일,6,부상사고,0,0,0,3,61,남,15년이상,,화물,비사업용,화물,진입회전사고,맑음,새벽,차대차,측면직각충돌,안전운전불이행,특별광역시도,신논현역부근사거리,37.504724,127.02538,강남구,
2019,10,21,월요일,12,부상사고,0,0,0,1,72,남,15년이상,,승용,사업용,승합,기타사고,맑음,주간,차대차,차대차-기타,안전거리미확보,특별광역시도,신논현역부근사거리,37.504724,127.02538,강남구,
2017,1,1,일요일,4,경상사고,0,0,2,0,48,남,15년이상,,승용,사업용,승용,일직선사고,맑음,심야,차대차,추돌(진행중),안전운전불이행,특별광역시도,신논현역사거리,37.501817,127.0256065,강남구,
2017,1,23,월요일,7,경상사고,0,0,1,0,31,남,15년미만,,승용,사업용,승용,일직선사고,맑음,출퇴근,차대차,추돌(진행중),안전운전불이행,특별광역시도,신논현역사거리,37.501817,127.0256065,강남구,
2017,2,11,토요일,10,경상사고,0,0,2,0,21,여,4년미만,,승용,사업용,화물,일직선사고,맑음,주간,차대차,추돌(진행중),안전운전불이행,특별광역시도,신논현역사거리,37.501817,127.0256065,강남구,
2017,3,8,수요일,0,경상사고,0,0,2,0,27,남,1년미만,,승용,사업용,승용,일직선사고,맑음,심야,차대차,추돌(진행중),안전운전불이행,특별광역시도,신논현역사거리,37.501817,127.0256065,강남구,
2017,3,26,일요일,2,경상사고,0,0,2,0,34,남,15년이상,0,승용,사업용,승용,일직선사고,맑음,심야,차대차,추돌(진행중),안전운전불이행,특별광역시도,신논현역사거리,37.501817,127.0256065,강남구,
2017,3,1,수요일,8,경상사고,0,0,1,0,28,여,10년미만,,승용,비사업용,승용,일직선사고,맑음,출퇴근,차대차,추돌(진행중),안전운전불이행,특별광역시도,신논현역사거리,37.501817,127.0256065,강남구,
2017,3,12,일요일,14,중상사고,0,1,2,0,33,남,15년이상,,승합,비사업용,승합,진입회전사고,맑음,주간,차대차,정면충돌,신호위반,특별광역시도,신논현역사거리,37.501817,127.0256065,강남구,
2017,4,20,목요일,0,경상사고,0,0,1,0,30,남,15년미만,,승용,사업용,승용,진입회전사고,맑음,심야,차대차,측면직각충돌,데이터없음,특별광역시도,신논현역사거리,37.501817,127.0256065,강남구,
2017,4,23,일요일,21,중상사고,0,1,1,0,38,남,15년이상,,승합,사업용,이륜,진입회전사고,맑음,심야,차대차,정면충돌,신호위반,특별광역시도,신논현역사거리,37.501817,127.0256065,강남구,
2017,4,15,토요일,23,경상사고,0,0,1,0,22,여,3년미만,0,승용,비사업용,승용,일직선사고,맑음,심야,차대차,추돌(진행중),안전운전불이행,특별광역시도,신논현역사거리,37.501817,127.0256065,강남구,
2017,5,8,월요일,0,중상사고,0,1,1,0,29,남,10년미만,0,승용,비사업용,승용,일직선사고,맑음,심야,차대차,추돌(진행중),안전운전불이행,특별광역시도,신논현역사거리,37.501817,127.0256065,강남구,
2017,5,18,목요일,10,경상사고,0,0,1,0,57,남,15년이상,,승용,사업용,승용,진입회전사고,맑음,주간,차대차,측면직각충돌,안전운전불이행,특별광역시도,신논현역사거리,37.501817,127.0256065,강남구,
2017,5,10,수요일,23,중상사고,0,1,0,0,51,남,15년이상,,승용,사업용,보행자,보행횡단사고,맑음,심야,차대사람,횡단중,안전운전불이행,특별광역시도,신논현역사거리,37.501817,127.0256065,강남구,
2017,6,27,화요일,1,경상사고,0,0,2,0,61,남,15년이상,,승용,사업용,승용,진입회전사고,맑음,심야,차대차,측면직각충돌,차로위반,특별광역시도,신논현역사거리,37.501817,127.0256065,강남구,
2017,6,10,토요일,5,경상사고,0,0,2,0,27,여,15년이상,0,승용,비사업용,승용,일직선사고,맑음,새벽,차대차,정면충돌,안전운전불이행,특별광역시도,신논현역사거리,37.501817,127.0256065,강남구,
2017,6,8,목요일,17,경상사고,0,0,1,0,48,여,10년미만,,승용,비사업용,원동기,진입회전사고,맑음,주간,차대차,측면직각충돌,안전운전불이행,특별광역시도,신논현역사거리,37.501817,127.0256065,강남구,
2017,7,27,목요일,3,중상사고,0,1,0,0,54,남,15년이상,,승용,사업용,이륜,진입회전사고,맑음,심야,차대차,측면직각충돌,신호위반,특별광역시도,신논현역사거리,37.501817,127.0256065,강남구,
2017,8,25,금요일,3,중상사고,0,1,0,0,67,남,15년이상,,승용,사업용,승용,일직선사고,맑음,심야,차대차,추돌(진행중),안전운전불이행,특별광역시도,신논현역사거리,37.501817,127.0256065,강남구,
2017,8,24,목요일,8,중상사고,0,1,2,0,54,여,15년이상,,승용,사업용,승용,진입회전사고,흐림,출퇴근,차대차,측면직각충돌,신호위반,특별광역시도,신논현역사거리,37.501817,127.0256065,강남구,
2017,8,6,일요일,16,경상사고,0,0,2,0,31,여,1년미만,,승용,비사업용,승용,일직선사고,맑음,주간,차대차,추돌(진행중),안전운전불이행,특별광역시도,신논현역사거리,37.501817,127.0256065,강남구,