년도,월,일,요일,시각,사고등급,사망자수,중상자수,경상자수,부상자수,연령,성별,경력,음주,종별,용도,관련자2,사고형태,기상상태,일광상태,사고유형1,사고유형2,법규위반,도로종류,지점명,위도,경도,자치구,
2019,11,20,수요일,23,경상사고,0,0,5,0,73,남,15년이상,,승용,사업용,승용,진입회전사고,맑음,심야,차대차,측면직각충돌,교차로운행방법위반,특별광역시도,신사역오거리,37.5162873,127.0200228,강남구,
2019,12,25,수요일,21,경상사고,0,0,2,0,58,남,15년이상,,승용,사업용,승용,일직선사고,맑음,심야,차대차,추돌(진행중),안전운전불이행,특별광역시도,신사역오거리,37.5162873,127.0200228,강남구,
2017,3,5,일요일,8,경상사고,0,0,1,0,23,남,5년미만,,승용,비사업용,승용,일직선사고,맑음,출퇴근,차대차,정면충돌,안전운전불이행,특별광역시도,신사역오거리,37.5162873,127.0200228,강남구,
2017,4,7,금요일,15,중상사고,0,1,0,0,53,여,15년이상,,승용,비사업용,보행자,보행횡단사고,맑음,주간,차대사람,보도통행중,데이터없음,기타,신사역오거리,37.5162873,127.0200228,강남구,
2017,6,2,금요일,6,중상사고,0,1,1,0,70,남,15년이상,,승용,사업용,승합,기타사고,맑음,새벽,차대차,차대차-기타,안전운전불이행,특별광역시도,신사역오거리,37.5162873,127.0200228,강남구,
2017,6,2,금요일,6,경상사고,0,0,2,0,70,남,15년이상,,승용,사업용,승합,기타사고,맑음,새벽,차대차,차대차-기타,안전운전불이행,특별광역시도,신사역오거리,37.5162873,127.0200228,강남구,
2017,7,23,일요일,0,경상사고,0,0,1,0,28,남,10년미만,0,승용,비사업용,승합,일직선사고,흐림,심야,차대차,추돌(진행중),안전운전불이행,특별광역시도,신사역오거리,37.5162873,127.0200228,강남구,
2017,8,8,화요일,22,경상사고,0,0,1,0,45,여,15년미만,,승용,비사업용,승용,일직선사고,맑음,심야,차대차,추돌(진행중),안전운전불이행,특별광역시도,신사역오거리,37.5162873,127.0200228,강남구,
2017,9,6,수요일,10,경상사고,0,0,1,0,60,남,15년이상,,승용,비사업용,승용,진입회전사고,맑음,주간,차대차,측면직각충돌,안전운전불이행,특별광역시도,신사역오거리,37.5162873,127.0200228,강남구,
2017,9,29,금요일,16,부상사고,0,0,0,1,54,남,15년이상,,승용,비사업용,이륜,기타사고,맑음,주간,차대차,차대차-기타,안전운전불이행,특별광역시도,신사역오거리,37.5162873,127.0200228,강남구,
2017,10,29,일요일,2,경상사고,0,0,1,0,20,남,1년미만,,승용,비사업용,승용,일직선사고,맑음,심야,차대차,추돌(진행중),안전운전불이행,특별광역시도,신사역오거리,37.5162873,127.0200228,강남구,
2018,1,21,일요일,9,경상사고,0,0,1,0,54,남,15년이상,,승용,비사업용,승용,일직선사고,맑음,주간,차대차,추돌(진행중),안전운전불이행,특별광역시도,신사역오거리,37.5162873,127.0200228,강남구,
2018,1,10,수요일,11,경상사고,0,0,1,0,26,남,10년미만,,승용,비사업용,승용,기타사고,맑음,주간,차대차,차대차-기타,안전운전불이행,특별광역시도,신사역오거리,37.5162873,127.0200228,강남구,
2018,1,28,일요일,22,중상사고,0,1,1,0,58,남,15년이상,,승용,사업용,승용,진입회전사고,맑음,심야,차대차,측면직각충돌,안전운전불이행,특별광역시도,신사역오거리,37.5162873,127.0200228,강남구,
2018,3,17,토요일,8,경상사고,0,0,2,0,31,남,15년미만,0,승용,비사업용,승용,기타사고,맑음,출퇴근,차대차,차대차-기타,안전운전불이행,특별광역시도,신사역오거리,37.5162873,127.0200228,강남구,
2018,5,12,토요일,8,경상사고,0,0,1,1,34,남,1년미만,0,승용,비사업용,승용,기타사고,비,출퇴근,차대차,차대차-기타,안전운전불이행,특별광역시도,신사역오거리,37.5162873,127.0200228,강남구,
2018,6,2,토요일,6,경상사고,0,0,2,0,31,남,15년미만,,승용,비사업용,승용,일직선사고,맑음,새벽,차대차,추돌(진행중),안전운전불이행,특별광역시도,신사역오거리,37.5162873,127.0200228,강남구,
2018,7,17,화요일,5,부상사고,0,0,0,1,61,남,15년이상,,승용,사업용,승용,진입회전사고,맑음,새벽,차대차,측면직각충돌,안전운전불이행,특별광역시도,신사역오거리,37.5162873,127.0200228,강남구,
2018,11,23,금요일,8,경상사고,0,0,1,0,56,남,15년이상,,승용,사업용,승용,일직선사고,맑음,출퇴근,차대차,추돌(진행중),안전운전불이행,특별광역시도,신사역오거리,37.5162873,127.0200228,강남구,
2019,5,30,목요일,17,경상사고,0,0,1,0,61,남,15년이상,,승용,사업용,이륜,진입회전사고,맑음,주간,차대차,측면직각충돌,직진우회전진행방해,특별광역시도,신사역오거리,37.5162873,127.0200228,강남구,
2019,6,5,수요일,23,경상사고,0,0,3,0,58,남,15년이상,,승용,사업용,승용,일직선사고,맑음,심야,차대차,추돌(진행중),안전운전불이행,특별광역시도,신사역오거리,37.5162873,127.0200228,강남구,
2019,8,16,금요일,16,경상사고,0,0,1,0,45,남,15년미만,,승용,비사업용,승용,진입회전사고,맑음,주간,차대차,측면직각충돌,안전운전불이행,특별광역시도,신사역오거리,37.5162873,127.0200228,강남구,
2019,9,20,금요일,17,경상사고,0,0,2,0,23,여,3년미만,,승용,비사업용,건설기계,기타사고,맑음,주간,차대차,차대차-기타,안전거리미확보,특별광역시도,신사역오거리,37.5162873,127.0200228,강남구,
2017,1,12,목요일,0,경상사고,0,0,1,0,38,남,15년이상,,승용,비사업용,이륜,일직선사고,맑음,심야,차대차,추돌(진행중),교차로운행방법위반,특별광역시도,양재전화국입구,37.485659,127.040742,강남구,
2017,1,16,월요일,12,경상사고,0,0,1,0,47,남,15년미만,,승용,비사업용,승용,일직선사고,맑음,주간,차대차,추돌(진행중),안전운전불이행,특별광역시도,양재전화국입구,37.485659,127.040742,강남구,
2017,2,4,토요일,1,경상사고,0,0,3,0,22,남,15년이상,,승용,비사업용,승용,진입회전사고,맑음,심야,차대차,정면충돌,신호위반,특별광역시도,양재전화국입구,37.485659,127.040742,강남구,
2017,2,18,토요일,13,경상사고,0,0,2,0,83,남,15년이상,,승용,비사업용,승용,기타사고,맑음,주간,차대차,차대차-기타,안전운전불이행,특별광역시도,양재전화국입구,37.485659,127.040742,강남구,
2017,3,29,수요일,2,중상사고,0,5,1,0,26,여,15년이상,,승용,비사업용,승용,진입회전사고,맑음,심야,차대차,측면직각충돌,신호위반,기타,양재전화국입구,37.485659,127.040742,강남구,
2017,3,15,수요일,15,경상사고,0,0,1,0,43,남,15년이상,,승합,사업용,보행자,기타사고,맑음,주간,차대사람,차대사람-기타,안전거리미확보,특별광역시도,양재전화국입구,37.485659,127.040742,강남구,
2017,4,30,일요일,20,중상사고,0,1,0,0,41,남,15년이상,0,승용,비사업용,승용,일직선사고,맑음,출퇴근,차대차,정면충돌,안전운전불이행,특별광역시도,양재전화국입구,37.485659,127.040742,강남구,
2017,5,23,화요일,4,경상사고,0,0,1,0,63,남,15년이상,,승용,사업용,승용,기타사고,맑음,심야,차대차,차대차-기타,안전운전불이행,특별광역시도,양재전화국입구,37.485659,127.040742,강남구,
2017,5,23,화요일,10,경상사고,0,0,1,0,48,남,5년미만,,승용,비사업용,승합,일직선사고,맑음,주간,차대차,추돌(진행중),안전거리미확보,특별광역시도,양재전화국입구,37.485659,127.040742,강남구,
2017,5,30,화요일,22,부상사고,0,0,0,1,48,남,15년이상,,승용,비사업용,자전거,기타사고,흐림,심야,차대차,차대차-기타,안전운전불이행,특별광역시도,양재전화국입구,37.485659,127.040742,강남구,
2017,6,10,토요일,5,중상사고,0,2,0,0,38,남,15년이상,0,승용,비사업용,승용,진입회전사고,비,새벽,차대차,정면충돌,신호위반,특별광역시도,양재전화국입구,37.485659,127.040742,강남구,
2017,6,5,월요일,17,중상사고,0,1,0,0,68,남,15년이상,,승용,사업용,승용,진입회전사고,맑음,주간,차대차,측면직각충돌,교차로운행방법위반,특별광역시도,양재전화국입구,37.485659,127.040742,강남구,
2017,6,19,월요일,19,경상사고,0,0,1,0,25,여,15년이상,,승용,비사업용,원동기,기타사고,맑음,출퇴근,차대차,차대차-기타,안전운전불이행,특별광역시도,양재전화국입구,37.485659,127.040742,강남구,
2017,11,17,금요일,10,경상사고,0,0,1,0,30,남,데이터오류,0,승용,비사업용,건설기계,일직선사고,맑음,주간,차대차,정면충돌,안전운전불이행,특별광역시도,양재전화국입구,37.485659,127.040742,강남구,
2018,4,25,수요일,2,경상사고,0,0,1,0,58,남,15년이상,0,승용,비사업용,승용,일직선사고,맑음,심야,차대차,추돌(진행중),안전운전불이행,특별광역시도,양재전화국입구,37.485659,127.040742,강남구,
2018,4,27,금요일,23,중상사고,0,2,1,0,27,여,3년미만,0,승용,비사업용,승합,기타사고,맑음,심야,차대차,차대차-기타,안전운전불이행,특별광역시도,양재전화국입구,37.485659,127.040742,강남구,
2018,8,1,수요일,2,중상사고,0,1,5,0,29,남,15년미만,,승용,사업용,승용,진입회전사고,맑음,심야,차대차,측면직각충돌,신호위반,특별광역시도,양재전화국입구,37.485659,127.040742,강남구,
2018,9,5,수요일,14,중상사고,0,1,0,0,43,남,15년이상,,승용,사업용,승용,진입회전사고,맑음,주간,차대차,정면충돌,신호위반,특별광역시도,양재전화국입구,37.485659,127.040742,강남구,
2018,9,20,목요일,15,중상사고,0,1,0,0,35,여,10년미만,,승용,비사업용,승용,일직선사고,비,주간,차대차,추돌(진행중),안전운전불이행,특별광역시도,양재전화국입구,37.485659,127.040742,강남구,
2018,10,2,화요일,8,중상사고,0,1,0,0,64,남,15년이상,,승합,사업용,승합,진입회전사고,맑음,출퇴근,차대차,측면직각충돌,교차로운행방법위반,특별광역시도,양재전화국입구,37.485659,127.040742,강남구,
2018,10,18,목요일,16,경상사고,0,0,2,0,58,남,15년이상,,승용,사업용,승용,일직선사고,맑음,주간,차대차,정면충돌,안전거리미확보,특별광역시도,양재전화국입구,37.485659,127.040742,강남구,
2018,11,7,수요일,19,경상사고,0,0,4,0,24,여,1년미만,,승용,비사업용,승용,기타사고,맑음,출퇴근,차대차,차대차-기타,안전운전불이행,특별광역시도,양재전화국입구,37.485659,127.040742,강남구,
2018,12,15,토요일,19,경상사고,0,0,2,0,75,남,15년이상,,승용,비사업용,승용,기타사고,맑음,출퇴근,차대차,차대차-기타,안전운전불이행,특별광역시도,양재전화국입구,37.485659,127.040742,강남구,
2018,12,24,월요일,22,경상사고,0,0,2,0,60,남,15년이상,,승합,사업용,승합,기타사고,맑음,심야,차대차,차대차-기타,안전운전불이행,특별광역시도,양재전화국입구,37.485659,127.040742,강남구,
2018,12,30,일요일,23,경상사고,0,0,2,0,39,남,15년이상,,특수,사업용,특수,진입회전사고,맑음,심야,차대차,측면직각충돌,신호위반,특별광역시도,양재전화국입구,37.485659,127.040742,강남구,
2019,1,4,금요일,14,경상사고,0,0,3,0,49,여,10년미만,,승용,비사업용,승용,진입회전사고,맑음,주간,차대차,측면직각충돌,교차로운행방법위반,특별광역시도,양재전화국입구,37.485659,127.040742,강남구,
2019,1,8,화요일,20,경상사고,0,0,1,0,45,여,15년이상,,승용,비사업용,승용,진입회전사고,맑음,출퇴근,차대차,정면충돌,신호위반,특별광역시도,양재전화국입구,37.485659,127.040742,강남구,
2019,2,7,목요일,22,중상사고,0,1,1,0,39,남,10년미만,,승용,사업용,승용,진입회전사고,맑음,심야,차대차,정면충돌,신호위반,특별광역시도,양재전화국입구,37.485659,127.040742,강남구,
2019,3,21,목요일,8,경상사고,0,0,1,0,70,남,15년이상,,승용,사업용,승용,기타사고,맑음,출퇴근,차대차,차대차-기타,안전운전불이행,기타,양재전화국입구,37.485659,127.040742,강남구,
2019,3,26,화요일,17,경상사고,0,0,1,1,52,남,15년이상,,승용,사업용,자전거,진입회전사고,맑음,주간,차대차,측면직각충돌,안전거리미확보,특별광역시도,양재전화국입구,37.485659,127.040742,강남구,
2019,3,13,수요일,19,경상사고,0,0,1,0,65,여,15년이상,,승용,비사업용,승용,진입회전사고,맑음,출퇴근,차대차,측면직각충돌,안전거리미확보,특별광역시도,양재전화국입구,37.485659,127.040742,강남구,
2019,4,19,금요일,19,중상사고,0,1,0,0,42,남,15년이상,,승용,비사업용,이륜,기타사고,맑음,출퇴근,차대차,차대차-기타,안전거리미확보,특별광역시도,양재전화국입구,37.485659,127.040742,강남구,
2019,6,12,수요일,10,경상사고,0,0,1,0,25,남,10년미만,,승용,사업용,승용,진입회전사고,맑음,주간,차대차,측면직각충돌,안전거리미확보,특별광역시도,양재전화국입구,37.485659,127.040742,강남구,
2019,6,7,금요일,12,중상사고,0,1,0,0,57,여,15년이상,,승합,비사업용,화물,기타사고,맑음,주간,차대차,차대차-기타,안전거리미확보,특별광역시도,양재전화국입구,37.485659,127.040742,강남구,
2019,9,28,토요일,22,경상사고,0,0,1,0,54,남,15년이상,,승용,비사업용,승용,진입회전사고,맑음,심야,차대차,측면직각충돌,신호위반,특별광역시도,양재전화국입구,37.485659,127.040742,강남구,
2019,10,4,금요일,16,경상사고,0,0,2,0,56,남,15년이상,,승합,비사업용,승합,기타사고,맑음,주간,차대차,차대차-기타,안전거리미확보,특별광역시도,양재전화국입구,37.485659,127.040742,강남구,
2019,11,1,금요일,1,중상사고,0,1,0,0,46,남,15년이상,,승용,사업용,원동기,진입회전사고,맑음,심야,차대차,차대차-기타,신호위반,특별광역시도,양재전화국입구,37.485659,127.040742,강남구,
2019,11,8,금요일,13,경상사고,0,0,1,0,47,여,15년이상,,승용,사업용,승용,진입회전사고,맑음,주간,차대차,측면직각충돌,안전거리미확보,특별광역시도,양재전화국입구,37.485659,127.040742,강남구,
2019,11,17,일요일,15,부상사고,0,0,0,2,38,남,15년미만,,승용,비사업용,승합,기타사고,맑음,주간,차대차,차대차-기타,안전거리미확보,특별광역시도,양재전화국입구,37.485659,127.040742,강남구,
2019,11,14,목요일,23,경상사고,0,0,2,0,57,남,15년미만,,승용,비사업용,승용,일직선사고,맑음,심야,차대차,추돌(진행중),안전운전불이행,특별광역시도,양재전화국입구,37.485659,127.040742,강남구,
2019,12,20,금요일,14,경상사고,0,0,1,0,71,남,15년이상,,승합,비사업용,승합,일직선사고,맑음,주간,차대차,추돌(진행중),안전운전불이행,특별광역시도,양재전화국입구,37.485659,127.040742,강남구,
2019,12,18,수요일,17,중상사고,0,1,0,0,83,남,15년이상,,승용,비사업용,이륜,진입회전사고,맑음,주간,차대차,측면직각충돌,안전운전불이행,특별광역시도,양재전화국입구,37.485659,127.040742,강남구,
2017,1,27,금요일,11,중상사고,0,1,0,0,40,남,15년이상,,원동기,기타,기타,기타사고,맑음,주간,차량단독,차량단독-기타,교차로운행방법위반,특별광역시도,역삼역부근,37.50107,127.03706,강남구,
2017,1,12,목요일,21,중상사고,0,1,0,0,46,남,15년이상,,승용,비사업용,이륜,진입회전사고,맑음,심야,차대차,측면직각충돌,신호위반,특별광역시도,역삼역부근,37.50107,127.03706,강남구,
2017,3,11,토요일,0,부상사고,0,0,0,1,불명,불명,데이터오류,,기타,데이터오류,기타,기타사고,맑음,심야,차대사람,차대사람-기타,안전운전불이행,특별광역시도,역삼역부근,37.50107,127.03706,강남구,
2017,3,2,목요일,2,경상사고,0,0,2,0,54,남,15년이상,,승용,비사업용,승용,주정차사고,맑음,심야,차대차,추돌(주정차중),안전운전불이행,특별광역시도,역삼역부근,37.50107,127.03706,강남구,
2017,3,12,일요일,8,중상사고,0,1,0,0,40,남,15년이상,,승용,비사업용,보행자,진입회전사고,맑음,출퇴근,차대사람,횡단중,신호위반,특별광역시도,역삼역부근,37.50107,127.03706,강남구,
2017,3,25,토요일,14,경상사고,0,0,1,0,57,남,15년이상,,화물,사업용,이륜,진입회전사고,맑음,주간,차대차,측면직각충돌,차로위반,특별광역시도,역삼역부근,37.50107,127.03706,강남구,
2017,4,6,목요일,0,경상사고,0,0,1,0,39,남,15년이상,,승용,비사업용,보행자,진입회전사고,비,심야,차대사람,횡단중,신호위반,특별광역시도,역삼역부근,37.50107,127.03706,강남구,
2017,4,21,금요일,1,경상사고,0,0,1,0,58,남,15년이상,,승용,사업용,승용,일직선사고,맑음,심야,차대차,추돌(진행중),안전운전불이행,특별광역시도,역삼역부근,37.50107,127.03706,강남구,
2017,4,7,금요일,10,경상사고,0,0,1,0,불명,불명,데이터오류,,기타,데이터오류,기타,보행횡단사고,맑음,주간,차대사람,횡단중,안전운전불이행,특별광역시도,역삼역부근,37.50107,127.03706,강남구,
2017,5,22,월요일,22,중상사고,0,1,0,0,32,남,10년미만,,승용,비사업용,이륜,진입회전사고,맑음,심야,차대차,측면직각충돌,신호위반,특별광역시도,역삼역부근,37.50107,127.03706,강남구,
2017,6,2,금요일,9,중상사고,0,1,0,0,57,남,15년이상,,승용,사업용,자전거,기타사고,맑음,주간,차대차,차대차-기타,안전운전불이행,특별광역시도,역삼역부근,37.50107,127.03706,강남구,
2017,7,6,목요일,2,경상사고,0,0,2,0,45,남,15년이상,0,승용,비사업용,승용,일직선사고,맑음,심야,차대차,정면충돌,교차로운행방법위반,특별광역시도,역삼역부근,37.50107,127.03706,강남구,
2017,7,4,화요일,15,경상사고,0,0,1,0,58,여,15년이상,,승용,비사업용,이륜,진입회전사고,맑음,주간,차대차,정면충돌,신호위반,특별광역시도,역삼역부근,37.50107,127.03706,강남구,
2017,8,13,일요일,2,경상사고,0,0,2,2,56,남,15년이상,,승용,사업용,승용,진입회전사고,맑음,심야,차대차,정면충돌,신호위반,특별광역시도,역삼역부근,37.50107,127.03706,강남구,
2017,8,22,화요일,6,경상사고,0,0,1,0,73,남,15년이상,,승용,사업용,승용,일직선사고,맑음,새벽,차대차,추돌(진행중),안전운전불이행,특별광역시도,역삼역부근,37.50107,127.03706,강남구,
2017,9,6,수요일,4,중상사고,0,1,0,1,31,남,15년이상,0,승용,비사업용,화물,기타사고,맑음,심야,차대차,차대차-기타,안전운전불이행,특별광역시도,역삼역부근,37.50107,127.03706,강남구,
2017,9,22,금요일,19,경상사고,0,0,1,0,64,남,15년이상,,승용,사업용,승용,진입회전사고,맑음,출퇴근,차대차,측면직각충돌,안전거리미확보,특별광역시도,역삼역부근,37.50107,127.03706,강남구,
2017,9,28,목요일,22,경상사고,0,0,1,0,45,남,15년이상,,승용,사업용,이륜,기타사고,맑음,심야,차대차,차대차-기타,데이터없음,특별광역시도,역삼역부근,37.50107,127.03706,강남구,
2017,10,23,월요일,23,경상사고,0,0,2,0,35,남,15년미만,0,승용,비사업용,승용,일직선사고,맑음,심야,차대차,추돌(진행중),안전운전불이행,특별광역시도,역삼역부근,37.50107,127.03706,강남구,
2017,11,8,수요일,22,경상사고,0,0,1,0,50,남,15년이상,,승용,사업용,자전거,기타사고,맑음,심야,차대차,차대차-기타,안전운전불이행,특별광역시도,역삼역부근,37.50107,127.03706,강남구,
2017,11,13,월요일,22,중상사고,0,1,0,0,49,남,15년이상,,승용,비사업용,보행자,기타사고,비,심야,차대사람,차도통행중,안전운전불이행,특별광역시도,역삼역부근,37.50107,127.03706,강남구,
2017,12,3,일요일,4,부상사고,0,0,0,1,59,남,15년미만,,승용,사업용,승용,일직선사고,맑음,심야,차대차,추돌(진행중),안전운전불이행,특별광역시도,역삼역부근,37.50107,127.03706,강남구,
2018,1,17,수요일,17,경상사고,0,0,1,0,52,남,15년이상,,승용,사업용,승용,진입회전사고,맑음,주간,차대차,측면직각충돌,안전거리미확보,특별광역시도,역삼역부근,37.50107,127.03706,강남구,
2018,1,14,일요일,23,중상사고,0,1,3,0,64,여,15년이상,,승용,사업용,승용,진입회전사고,맑음,심야,차대차,측면직각충돌,안전거리미확보,특별광역시도,역삼역부근,37.50107,127.03706,강남구,
2018,2,20,화요일,6,경상사고,0,0,1,0,59,여,15년미만,,승용,비사업용,승용,진입회전사고,맑음,새벽,차대차,차대차-기타,신호위반,특별광역시도,역삼역부근,37.50107,127.03706,강남구,
2018,3,9,금요일,8,경상사고,0,0,1,0,64,남,15년이상,,승용,사업용,이륜,진입회전사고,맑음,출퇴근,차대차,측면직각충돌,안전운전불이행,특별광역시도,역삼역부근,37.50107,127.03706,강남구,
2018,4,6,금요일,17,경상사고,0,0,1,0,49,남,15년이상,,승용,비사업용,이륜,진입회전사고,맑음,주간,차대차,측면직각충돌,신호위반,특별광역시도,역삼역부근,37.50107,127.03706,강남구,
2018,5,16,수요일,15,경상사고,0,0,1,0,68,남,15년이상,,승용,사업용,승용,기타사고,비,주간,차대차,차대차-기타,안전운전불이행,특별광역시도,역삼역부근,37.50107,127.03706,강남구,
2018,5,15,화요일,16,경상사고,0,0,1,0,20,남,5년미만,,승용,비사업용,승용,기타사고,맑음,주간,차대차,차대차-기타,안전운전불이행,특별광역시도,역삼역부근,37.50107,127.03706,강남구,
2018,6,5,화요일,9,경상사고,0,0,1,0,28,남,3년미만,0,승용,비사업용,승용,기타사고,기타,주간,차대차,차대차-기타,안전운전불이행,특별광역시도,역삼역부근,37.50107,127.03706,강남구,
2018,7,19,목요일,11,경상사고,0,0,2,0,40,남,15년이상,,승용,비사업용,이륜,진입회전사고,맑음,주간,차대차,차대차-기타,신호위반,특별광역시도,역삼역부근,37.50107,127.03706,강남구,
2018,7,1,일요일,11,경상사고,0,0,1,0,62,남,15년이상,,승용,사업용,원동기,기타사고,비,주간,차대차,차대차-기타,기타,특별광역시도,역삼역부근,37.50107,127.03706,강남구,
2018,8,24,금요일,2,중상사고,0,1,0,0,불명,불명,데이터오류,,기타,기타,기타,기타사고,비,심야,차대사람,차대사람-기타,안전운전불이행,특별광역시도,역삼역부근,37.50107,127.03706,강남구,
2018,9,26,수요일,23,경상사고,0,0,1,0,50,남,15년이상,,승용,사업용,승용,진입회전사고,맑음,심야,차대차,측면직각충돌,신호위반,특별광역시도,역삼역부근,37.50107,127.03706,강남구,
2018,10,3,수요일,1,경상사고,0,0,2,0,53,남,15년이상,,승용,사업용,승용,기타사고,맑음,심야,차대차,차대차-기타,안전운전불이행,특별광역시도,역삼역부근,37.50107,127.03706,강남구,
2018,10,2,화요일,5,경상사고,0,0,1,0,69,남,15년이상,,승용,비사업용,이륜,진입회전사고,기타,새벽,차대차,측면직각충돌,신호위반,특별광역시도,역삼역부근,37.50107,127.03706,강남구,
2018,10,5,금요일,16,부상사고,0,0,0,1,46,여,15년미만,,승용,비사업용,승용,기타사고,비,주간,차대차,차대차-기타,안전운전불이행,특별광역시도,역삼역부근,37.50107,127.03706,강남구,
2018,10,24,수요일,17,중상사고,0,1,0,0,63,남,15년이상,,승용,사업용,이륜,기타사고,맑음,주간,차대차,차대차-기타,기타,기타,역삼역부근,37.50107,127.03706,강남구,
2018,11,1,목요일,3,중상사고,0,1,0,0,불명,불명,데이터오류,,기타,기타,기타,기타사고,맑음,심야,차대차,차대차-기타,안전운전불이행,특별광역시도,역삼역부근,37.50107,127.03706,강남구,
2018,11,22,목요일,8,경상사고,0,0,1,0,67,남,15년이상,,승용,사업용,이륜,진입회전사고,맑음,출퇴근,차대차,측면직각충돌,기타,특별광역시도,역삼역부근,37.50107,127.03706,강남구,
2018,12,15,토요일,1,경상사고,0,0,4,0,34,남,15년미만,,승용,비사업용,승용,진입회전사고,맑음,심야,차대차,측면직각충돌,차로위반,특별광역시도,역삼역부근,37.50107,127.03706,강남구,
2018,12,31,월요일,10,경상사고,0,0,2,0,63,남,15년이상,,승용,사업용,승용,일직선사고,맑음,주간,차대차,추돌(진행중),안전운전불이행,특별광역시도,역삼역부근,37.50107,127.03706,강남구,
2018,12,15,토요일,16,부상사고,0,0,0,1,67,남,15년이상,,승용,비사업용,기타,진입회전사고,맑음,주간,차대차,측면직각충돌,차로위반,특별광역시도,역삼역부근,37.50107,127.03706,강남구,
2019,1,28,월요일,23,경상사고,0,0,1,0,40,남,15년이상,0,승용,비사업용,이륜,기타사고,맑음,심야,차대차,차대차-기타,안전운전불이행,특별광역시도,역삼역부근,37.50107,127.03706,강남구,
2019,2,25,월요일,1,경상사고,0,0,2,0,23,여,데이터오류,,승용,비사업용,승용,기타사고,맑음,심야,차대차,차대차-기타,안전운전불이행,특별광역시도,역삼역부근,37.50107,127.03706,강남구,
2019,3,8,금요일,5,경상사고,0,0,1,0,58,남,3년미만,,승용,사업용,기타,진입회전사고,맑음,새벽,차대차,차대차-기타,신호위반,특별광역시도,역삼역부근,37.50107,127.03706,강남구,
2019,3,12,화요일,17,경상사고,0,0,1,0,38,남,4년미만,,승용,비사업용,기타,일직선사고,맑음,주간,차대차,추돌(진행중),안전운전불이행,특별광역시도,역삼역부근,37.50107,127.03706,강남구,
2019,5,23,목요일,17,경상사고,0,0,1,0,43,남,10년미만,,승용,비사업용,승용,진입회전사고,맑음,주간,차대차,측면직각충돌,신호위반,특별광역시도,역삼역부근,37.50107,127.03706,강남구,
2019,6,21,금요일,0,경상사고,0,0,1,0,47,남,15년이상,,승합,사업용,기타,진입회전사고,맑음,심야,차대차,측면직각충돌,안전거리미확보,특별광역시도,역삼역부근,37.50107,127.03706,강남구,
2019,6,7,금요일,9,경상사고,0,0,1,0,47,남,15년이상,,승합,사업용,승합,일직선사고,비,주간,차대차,추돌(진행중),안전거리미확보,특별광역시도,역삼역부근,37.50107,127.03706,강남구,
2019,6,1,토요일,21,경상사고,0,0,1,0,50,남,15년미만,,승용,비사업용,승합,진입회전사고,맑음,심야,차대차,측면직각충돌,신호위반,특별광역시도,역삼역부근,37.50107,127.03706,강남구,
2019,6,26,수요일,23,경상사고,0,0,2,0,39,여,15년이상,,승용,비사업용,승용,진입회전사고,맑음,심야,차대차,측면직각충돌,신호위반,특별광역시도,역삼역부근,37.50107,127.03706,강남구,
2019,7,24,수요일,3,경상사고,0,0,2,0,20,남,5년미만,,승용,비사업용,승용,일직선사고,맑음,심야,차대차,정면충돌,안전운전불이행,특별광역시도,역삼역부근,37.50107,127.03706,강남구,
2019,8,6,화요일,10,경상사고,0,0,2,0,41,남,1년미만,,승용,비사업용,이륜,진입회전사고,맑음,주간,차대차,측면직각충돌,차로위반,특별광역시도,역삼역부근,37.50107,127.03706,강남구,
2019,8,25,일요일,17,경상사고,0,0,1,0,57,남,15년이상,,승용,사업용,이륜,기타사고,맑음,주간,차대차,차대차-기타,안전운전불이행,특별광역시도,역삼역부근,37.50107,127.03706,강남구,
2019,9,6,금요일,10,부상사고,0,0,0,1,59,남,15년이상,,승용,사업용,승용,일직선사고,맑음,주간,차대차,추돌(진행중),안전운전불이행,특별광역시도,역삼역부근,37.50107,127.03706,강남구,
2019,9,6,금요일,16,경상사고,0,0,1,0,불명,남,데이터오류,,기타,데이터오류,기타,진입회전사고,맑음,주간,차대차,측면직각충돌,안전운전불이행,특별광역시도,역삼역부근,37.50107,127.03706,강남구,
2019,11,15,금요일,10,경상사고,0,0,1,0,26,남,10년미만,,승용,사업용,화물,일직선사고,비,주간,차대차,추돌(진행중),안전운전불이행,특별광역시도,역삼역부근,37.50107,127.03706,강남구,
2019,11,21,목요일,21,경상사고,0,0,1,0,80,남,15년이상,,승용,비사업용,승용,진입회전사고,맑음,심야,차대차,측면직각충돌,안전운전불이행,특별광역시도,역삼역부근,37.50107,127.03706,강남구,
2019,11,25,월요일,21,경상사고,0,0,2,0,64,남,10년미만,,승용,사업용,이륜,기타사고,맑음,심야,차대차,차대차-기타,안전거리미확보,특별광역시도,역삼역부근,37.50107,127.03706,강남구,
2019,11,19,화요일,22,경상사고,0,0,1,0,56,남,10년미만,0,승용,비사업용,승용,일직선사고,맑음,심야,차대차,추돌(진행중),안전운전불이행,특별광역시도,역삼역부근,37.50107,127.03706,강남구,
2019,12,27,금요일,6,경상사고,0,0,1,0,59,남,15년이상,,승용,사업용,승용,기타사고,맑음,새벽,차대차,차대차-기타,안전운전불이행,특별광역시도,역삼역부근,37.50107,127.03706,강남구,