년도,월,일,요일,시각,사고등급,사망자수,중상자수,경상자수,부상자수,연령,성별,경력,음주,종별,용도,관련자2,사고형태,기상상태,일광상태,사고유형1,사고유형2,법규위반,도로종류,지점명,위도,경도,자치구,
2017,1,14,토요일,11,경상사고,0,0,1,0,49,남,10년미만,,승용,사업용,화물,기타사고,맑음,주간,차대차,차대차-기타,안전운전불이행,특별광역시도,을지병원앞사거리,37.5196803,127.0281326,강남구,
2017,1,23,월요일,21,경상사고,0,0,2,0,66,남,15년이상,,승용,사업용,승용,기타사고,맑음,심야,차대차,차대차-기타,안전거리미확보,특별광역시도,을지병원앞사거리,37.5196803,127.0281326,강남구,
2017,1,25,수요일,22,사망사고,1,0,0,0,78,남,15년이상,,승용,사업용,보행자,보행횡단사고,맑음,심야,차대사람,횡단중,안전운전불이행,특별광역시도,을지병원앞사거리,37.5196803,127.0281326,강남구,
2017,2,23,목요일,2,경상사고,0,0,1,0,54,남,15년이상,,승용,사업용,이륜,진입회전사고,맑음,심야,차대차,측면직각충돌,신호위반,특별광역시도,을지병원앞사거리,37.5196803,127.0281326,강남구,
2017,3,24,금요일,17,경상사고,0,0,1,0,62,여,10년미만,,승용,비사업용,승용,진입회전사고,맑음,주간,차대차,측면직각충돌,신호위반,특별광역시도,을지병원앞사거리,37.5196803,127.0281326,강남구,
2017,4,6,목요일,8,경상사고,0,0,1,0,47,여,15년미만,,승용,비사업용,승용,진입회전사고,맑음,출퇴근,차대차,측면직각충돌,신호위반,특별광역시도,을지병원앞사거리,37.5196803,127.0281326,강남구,
2017,6,24,토요일,2,경상사고,0,0,1,0,36,남,15년이상,,승용,비사업용,승용,일직선사고,맑음,심야,차대차,차대차-기타,중앙선침범,특별광역시도,을지병원앞사거리,37.5196803,127.0281326,강남구,
2017,7,29,토요일,1,중상사고,0,1,0,0,42,남,15년미만,0,승용,사업용,이륜,진입회전사고,맑음,심야,차대차,정면충돌,신호위반,특별광역시도,을지병원앞사거리,37.5196803,127.0281326,강남구,
2017,7,19,수요일,17,경상사고,0,0,1,0,34,여,4년미만,,승용,사업용,승용,기타사고,맑음,주간,차대차,차대차-기타,교차로운행방법위반,특별광역시도,을지병원앞사거리,37.5196803,127.0281326,강남구,
2017,7,29,토요일,18,중상사고,0,1,3,0,43,남,15년이상,,승용,사업용,승용,진입회전사고,맑음,출퇴근,차대차,추돌(진행중),신호위반,특별광역시도,을지병원앞사거리,37.5196803,127.0281326,강남구,
2017,8,9,수요일,3,경상사고,0,0,1,0,53,남,15년이상,,승용,사업용,승용,진입회전사고,비,심야,차대차,측면직각충돌,안전거리미확보,특별광역시도,을지병원앞사거리,37.5196803,127.0281326,강남구,
2017,8,20,일요일,5,중상사고,0,2,1,0,36,남,15년이상,0,승용,비사업용,승용,일직선사고,비,새벽,차대차,추돌(진행중),안전운전불이행,특별광역시도,을지병원앞사거리,37.5196803,127.0281326,강남구,
2017,9,27,수요일,13,경상사고,0,0,3,1,69,남,15년이상,,승용,사업용,승용,기타사고,맑음,주간,차대차,차대차-기타,교차로운행방법위반,특별광역시도,을지병원앞사거리,37.5196803,127.0281326,강남구,
2017,10,18,수요일,8,경상사고,0,0,2,0,61,남,15년이상,,승용,사업용,승용,진입회전사고,맑음,출퇴근,차대차,측면직각충돌,교차로운행방법위반,특별광역시도,을지병원앞사거리,37.5196803,127.0281326,강남구,
2017,12,18,월요일,22,경상사고,0,0,4,0,70,남,15년이상,,승용,사업용,승용,일직선사고,맑음,심야,차대차,추돌(진행중),안전운전불이행,특별광역시도,을지병원앞사거리,37.5196803,127.0281326,강남구,
2018,1,27,토요일,2,중상사고,0,1,0,0,34,남,10년미만,,승용,비사업용,승용,진입회전사고,맑음,심야,차대차,측면직각충돌,안전거리미확보,특별광역시도,을지병원앞사거리,37.5196803,127.0281326,강남구,
2018,1,12,금요일,13,경상사고,0,0,1,0,66,남,15년미만,,승용,사업용,승용,일직선사고,맑음,주간,차대차,추돌(진행중),안전운전불이행,특별광역시도,을지병원앞사거리,37.5196803,127.0281326,강남구,
2018,1,24,수요일,17,경상사고,0,0,1,0,59,남,15년이상,,승합,사업용,승합,진입회전사고,맑음,주간,차대차,측면직각충돌,안전거리미확보,특별광역시도,을지병원앞사거리,37.5196803,127.0281326,강남구,
2018,2,3,토요일,10,경상사고,0,0,1,0,68,남,15년이상,,승용,사업용,이륜,기타사고,기타,주간,차대차,차대차-기타,직진우회전진행방해,특별광역시도,을지병원앞사거리,37.5196803,127.0281326,강남구,
2018,2,23,금요일,19,경상사고,0,0,1,0,35,남,15년이상,,승용,비사업용,승용,일직선사고,맑음,출퇴근,차대차,추돌(진행중),안전운전불이행,특별광역시도,을지병원앞사거리,37.5196803,127.0281326,강남구,
2018,2,9,금요일,20,부상사고,0,0,0,1,58,남,15년이상,,이륜,기타,기타,기타사고,맑음,출퇴근,차량단독,차량단독-기타,안전운전불이행,특별광역시도,을지병원앞사거리,37.5196803,127.0281326,강남구,
2018,2,16,금요일,23,경상사고,0,0,4,0,38,남,15년미만,0,승용,사업용,승용,일직선사고,맑음,심야,차대차,추돌(진행중),안전운전불이행,특별광역시도,을지병원앞사거리,37.5196803,127.0281326,강남구,
2018,3,12,월요일,12,경상사고,0,0,1,0,44,남,데이터오류,,화물,비사업용,화물,기타사고,기타,주간,차대차,차대차-기타,안전운전불이행,특별광역시도,을지병원앞사거리,37.5196803,127.0281326,강남구,
2018,5,12,토요일,0,경상사고,0,0,1,0,35,남,15년이상,0,승용,비사업용,승용,일직선사고,맑음,심야,차대차,추돌(진행중),안전운전불이행,특별광역시도,을지병원앞사거리,37.5196803,127.0281326,강남구,
2018,5,23,수요일,15,중상사고,0,1,0,0,30,남,15년미만,,승합,비사업용,이륜,기타사고,맑음,주간,차대차,차대차-기타,안전운전불이행,특별광역시도,을지병원앞사거리,37.5196803,127.0281326,강남구,
2018,6,22,금요일,7,경상사고,0,0,1,0,27,남,10년미만,,승용,비사업용,승용,진입회전사고,맑음,출퇴근,차대차,측면직각충돌,안전운전불이행,특별광역시도,을지병원앞사거리,37.5196803,127.0281326,강남구,
2018,6,2,토요일,9,경상사고,0,0,1,0,54,남,15년이상,,승용,비사업용,승용,기타사고,맑음,주간,차대차,차대차-기타,안전운전불이행,특별광역시도,을지병원앞사거리,37.5196803,127.0281326,강남구,
2018,6,19,화요일,13,경상사고,0,0,1,0,37,여,15년이상,,승용,비사업용,원동기,기타사고,기타,주간,차대차,차대차-기타,안전운전불이행,특별광역시도,을지병원앞사거리,37.5196803,127.0281326,강남구,
2018,7,31,화요일,1,경상사고,0,0,1,0,42,남,10년미만,0,승용,사업용,승용,진입회전사고,기타,심야,차대차,차대차-기타,신호위반,특별광역시도,을지병원앞사거리,37.5196803,127.0281326,강남구,
2018,7,17,화요일,4,경상사고,0,0,1,0,50,남,15년이상,,승용,사업용,승용,일직선사고,맑음,심야,차대차,추돌(진행중),안전운전불이행,특별광역시도,을지병원앞사거리,37.5196803,127.0281326,강남구,
2018,7,28,토요일,5,경상사고,0,0,1,0,31,남,15년미만,,승용,사업용,승용,일직선사고,맑음,새벽,차대차,추돌(진행중),안전운전불이행,특별광역시도,을지병원앞사거리,37.5196803,127.0281326,강남구,
2018,7,21,토요일,15,경상사고,0,0,3,0,73,남,15년이상,,승용,사업용,승용,기타사고,기타,주간,차대차,차대차-기타,안전거리미확보,특별광역시도,을지병원앞사거리,37.5196803,127.0281326,강남구,
2018,8,17,금요일,22,경상사고,0,0,1,0,31,남,15년미만,,승용,비사업용,승용,기타사고,맑음,심야,차대차,차대차-기타,안전거리미확보,특별광역시도,을지병원앞사거리,37.5196803,127.0281326,강남구,
2018,9,1,토요일,9,부상사고,0,0,0,1,28,남,4년미만,,승용,비사업용,승용,기타사고,맑음,주간,차대차,차대차-기타,안전운전불이행,기타,을지병원앞사거리,37.5196803,127.0281326,강남구,
2018,10,1,월요일,11,경상사고,0,0,1,0,39,여,15년이상,,승용,비사업용,승용,일직선사고,맑음,주간,차대차,추돌(진행중),안전운전불이행,특별광역시도,을지병원앞사거리,37.5196803,127.0281326,강남구,
2018,11,30,금요일,4,경상사고,0,0,1,0,60,남,15년이상,,승용,사업용,이륜,진입회전사고,맑음,심야,차대차,측면직각충돌,안전운전불이행,특별광역시도,을지병원앞사거리,37.5196803,127.0281326,강남구,
2018,11,5,월요일,7,사망사고,1,2,1,0,81,남,15년이상,,승용,사업용,승용,진입회전사고,맑음,출퇴근,차대차,정면충돌,신호위반,특별광역시도,을지병원앞사거리,37.5196803,127.0281326,강남구,
2018,12,3,월요일,16,경상사고,0,0,1,4,37,남,15년미만,,화물,비사업용,화물,진입회전사고,비,주간,차대차,측면직각충돌,안전운전불이행,특별광역시도,을지병원앞사거리,37.5196803,127.0281326,강남구,
2019,1,17,목요일,12,중상사고,0,1,0,0,46,여,10년미만,,승용,비사업용,이륜,진입회전사고,맑음,주간,차대차,측면직각충돌,교차로운행방법위반,특별광역시도,을지병원앞사거리,37.5196803,127.0281326,강남구,
2019,1,4,금요일,18,경상사고,0,0,1,0,75,남,15년이상,,승용,비사업용,승용,진입회전사고,맑음,출퇴근,차대차,측면직각충돌,교차로운행방법위반,특별광역시도,을지병원앞사거리,37.5196803,127.0281326,강남구,
2019,2,22,금요일,10,중상사고,0,1,0,0,32,남,1년미만,,승합,비사업용,승합,진입회전사고,맑음,주간,차대차,측면직각충돌,신호위반,특별광역시도,을지병원앞사거리,37.5196803,127.0281326,강남구,
2019,2,21,목요일,12,중상사고,0,1,2,0,36,여,15년이상,,승용,비사업용,승용,진입회전사고,맑음,주간,차대차,측면직각충돌,안전거리미확보,특별광역시도,을지병원앞사거리,37.5196803,127.0281326,강남구,
2019,2,11,월요일,12,경상사고,0,0,1,0,60,남,10년미만,,승용,비사업용,승용,일직선사고,맑음,주간,차대차,추돌(진행중),안전거리미확보,특별광역시도,을지병원앞사거리,37.5196803,127.0281326,강남구,
2019,4,17,수요일,15,경상사고,0,0,1,0,47,여,15년이상,,승용,비사업용,승용,진입회전사고,맑음,주간,차대차,측면직각충돌,교차로운행방법위반,특별광역시도,을지병원앞사거리,37.5196803,127.0281326,강남구,
2019,4,17,수요일,19,경상사고,0,0,2,0,27,여,4년미만,,승용,사업용,승용,일직선사고,맑음,출퇴근,차대차,정면충돌,안전운전불이행,특별광역시도,을지병원앞사거리,37.5196803,127.0281326,강남구,
2019,6,22,토요일,4,경상사고,0,0,1,0,31,남,15년이상,,승용,비사업용,승용,진입회전사고,맑음,심야,차대차,측면직각충돌,안전운전불이행,기타,을지병원앞사거리,37.5196803,127.0281326,강남구,
2019,6,8,토요일,13,경상사고,0,0,1,0,42,여,15년이상,,승용,사업용,승용,진입회전사고,맑음,주간,차대차,측면직각충돌,안전운전불이행,특별광역시도,을지병원앞사거리,37.5196803,127.0281326,강남구,
2019,6,3,월요일,14,경상사고,0,0,1,0,71,남,15년이상,,승용,비사업용,승용,기타사고,맑음,주간,차대차,차대차-기타,안전운전불이행,특별광역시도,을지병원앞사거리,37.5196803,127.0281326,강남구,
2019,6,15,토요일,17,중상사고,0,2,2,0,35,남,10년미만,,승용,비사업용,이륜,일직선사고,맑음,주간,차대차,차대차-기타,중앙선침범,특별광역시도,을지병원앞사거리,37.5196803,127.0281326,강남구,
2019,8,15,목요일,3,경상사고,0,0,1,0,40,남,15년이상,0,승용,비사업용,승용,진입회전사고,기타,심야,차대차,측면직각충돌,신호위반,특별광역시도,을지병원앞사거리,37.5196803,127.0281326,강남구,
2019,8,27,화요일,3,경상사고,0,0,1,0,63,남,15년이상,,승용,사업용,보행자,기타사고,맑음,심야,차대사람,차대사람-기타,보행자보호의무위반,특별광역시도,을지병원앞사거리,37.5196803,127.0281326,강남구,
2019,9,20,금요일,11,경상사고,0,0,1,0,38,남,2년미만,,승용,비사업용,승용,일직선사고,맑음,주간,차대차,차대차-기타,중앙선침범,특별광역시도,을지병원앞사거리,37.5196803,127.0281326,강남구,
2019,10,5,토요일,11,경상사고,0,0,1,0,56,남,10년미만,,승용,사업용,승용,기타사고,흐림,주간,차대차,차대차-기타,차로위반,특별광역시도,을지병원앞사거리,37.5196803,127.0281326,강남구,
2019,10,10,목요일,16,경상사고,0,0,2,0,42,여,15년이상,,승용,비사업용,승용,기타사고,맑음,주간,차대차,차대차-기타,안전운전불이행,특별광역시도,을지병원앞사거리,37.5196803,127.0281326,강남구,
2019,12,20,금요일,4,경상사고,0,0,2,0,35,남,15년이상,,승용,비사업용,승용,일직선사고,맑음,심야,차대차,추돌(진행중),안전운전불이행,특별광역시도,을지병원앞사거리,37.5196803,127.0281326,강남구,
2019,12,29,일요일,5,경상사고,0,0,6,1,52,남,4년미만,0,승용,비사업용,승합,진입회전사고,맑음,새벽,차대차,측면직각충돌,안전운전불이행,기타,을지병원앞사거리,37.5196803,127.0281326,강남구,
2017,1,21,토요일,0,중상사고,0,1,1,0,32,남,15년미만,0,승용,비사업용,승용,일직선사고,맑음,심야,차대차,정면충돌,중앙선침범,특별광역시도,차관아파트사거리,37.5129871,127.053297,강남구,
2017,1,19,목요일,21,경상사고,0,0,2,0,60,남,15년이상,,승용,사업용,승용,일직선사고,맑음,심야,차대차,추돌(진행중),안전거리미확보,특별광역시도,차관아파트사거리,37.5129871,127.053297,강남구,
2017,2,23,목요일,3,경상사고,0,0,2,0,59,남,15년이상,,승용,사업용,승용,진입회전사고,맑음,심야,차대차,측면직각충돌,신호위반,특별광역시도,차관아파트사거리,37.5129871,127.053297,강남구,
2017,2,23,목요일,23,중상사고,0,1,0,0,43,남,15년이상,0,승용,비사업용,승용,기타사고,맑음,심야,차대차,차대차-기타,안전운전불이행,특별광역시도,차관아파트사거리,37.5129871,127.053297,강남구,
2017,3,29,수요일,3,경상사고,0,0,1,0,54,남,15년이상,,승용,사업용,승용,진입회전사고,맑음,심야,차대차,측면직각충돌,안전거리미확보,특별광역시도,차관아파트사거리,37.5129871,127.053297,강남구,
2017,3,8,수요일,9,부상사고,0,0,0,2,51,남,15년이상,,승용,비사업용,기타,기타사고,맑음,주간,차대차,차대차-기타,안전운전불이행,특별광역시도,차관아파트사거리,37.5129871,127.053297,강남구,
2017,3,2,목요일,23,경상사고,0,0,1,0,54,남,15년이상,,승용,사업용,승용,진입회전사고,맑음,심야,차대차,측면직각충돌,안전거리미확보,특별광역시도,차관아파트사거리,37.5129871,127.053297,강남구,
2017,5,24,수요일,8,중상사고,0,1,0,0,61,남,3년미만,,승용,사업용,보행자,진입회전사고,맑음,출퇴근,차대사람,횡단중,신호위반,특별광역시도,차관아파트사거리,37.5129871,127.053297,강남구,
2017,6,14,수요일,5,부상사고,0,0,0,1,67,남,1년미만,,승용,사업용,승용,기타사고,맑음,새벽,차대차,차대차-기타,안전운전불이행,특별광역시도,차관아파트사거리,37.5129871,127.053297,강남구,
2017,6,14,수요일,20,경상사고,0,0,1,0,59,남,15년이상,,승용,사업용,보행자,기타사고,맑음,출퇴근,차대사람,차대사람-기타,데이터없음,특별광역시도,차관아파트사거리,37.5129871,127.053297,강남구,
2017,9,29,금요일,1,중상사고,0,1,2,0,55,남,15년이상,,승용,사업용,승용,진입회전사고,맑음,심야,차대차,측면직각충돌,신호위반,특별광역시도,차관아파트사거리,37.5129871,127.053297,강남구,
2017,10,2,월요일,18,중상사고,0,1,1,0,29,여,10년미만,,승용,비사업용,승용,진입회전사고,맑음,출퇴근,차대차,차대차-기타,신호위반,특별광역시도,차관아파트사거리,37.5129871,127.053297,강남구,
2017,12,26,화요일,12,경상사고,0,0,1,1,62,남,15년이상,,승용,사업용,승용,일직선사고,맑음,주간,차대차,추돌(진행중),안전운전불이행,특별광역시도,차관아파트사거리,37.5129871,127.053297,강남구,
2017,12,8,금요일,19,경상사고,0,0,1,0,47,여,15년이상,,승용,비사업용,승용,진입회전사고,맑음,출퇴근,차대차,측면직각충돌,교차로운행방법위반,특별광역시도,차관아파트사거리,37.5129871,127.053297,강남구,
2018,3,14,수요일,2,경상사고,0,0,1,0,57,남,15년이상,,승용,사업용,승용,일직선사고,맑음,심야,차대차,추돌(진행중),안전거리미확보,특별광역시도,차관아파트사거리,37.5129871,127.053297,강남구,
2018,5,26,토요일,7,부상사고,0,0,0,2,43,남,15년이상,,승용,비사업용,승용,기타사고,기타,출퇴근,차대차,차대차-기타,안전운전불이행,특별광역시도,차관아파트사거리,37.5129871,127.053297,강남구,
2018,5,14,월요일,11,경상사고,0,0,1,0,59,남,15년이상,,승용,사업용,승용,기타사고,기타,주간,차대차,차대차-기타,안전운전불이행,특별광역시도,차관아파트사거리,37.5129871,127.053297,강남구,
2018,5,23,수요일,19,경상사고,0,0,1,0,33,남,15년미만,,승용,비사업용,승용,진입회전사고,맑음,출퇴근,차대차,측면직각충돌,교차로운행방법위반,특별광역시도,차관아파트사거리,37.5129871,127.053297,강남구,
2018,6,30,토요일,1,경상사고,0,0,3,0,65,남,15년이상,,승용,사업용,승용,진입회전사고,맑음,심야,차대차,측면직각충돌,신호위반,특별광역시도,차관아파트사거리,37.5129871,127.053297,강남구,
2018,6,8,금요일,14,경상사고,0,0,2,0,66,남,15년이상,,승용,사업용,승용,일직선사고,맑음,주간,차대차,추돌(진행중),안전운전불이행,특별광역시도,차관아파트사거리,37.5129871,127.053297,강남구,
2018,7,16,월요일,1,경상사고,0,0,1,0,33,여,15년이상,,승용,비사업용,승용,진입회전사고,맑음,심야,차대차,차대차-기타,신호위반,특별광역시도,차관아파트사거리,37.5129871,127.053297,강남구,
2018,7,19,목요일,17,경상사고,0,0,1,0,52,여,15년이상,,승용,비사업용,승용,기타사고,맑음,주간,차대차,차대차-기타,안전운전불이행,특별광역시도,차관아파트사거리,37.5129871,127.053297,강남구,
2018,10,10,수요일,23,경상사고,0,0,1,0,67,남,15년이상,,승용,사업용,승용,진입회전사고,맑음,심야,차대차,차대차-기타,신호위반,특별광역시도,차관아파트사거리,37.5129871,127.053297,강남구,
2018,11,12,월요일,19,경상사고,0,0,1,0,69,남,15년이상,,승용,비사업용,원동기,진입회전사고,맑음,출퇴근,차대차,측면직각충돌,불법유턴,특별광역시도,차관아파트사거리,37.5129871,127.053297,강남구,
2018,12,10,월요일,9,경상사고,0,0,1,0,36,여,3년미만,0,승용,비사업용,승합,일직선사고,맑음,주간,차대차,정면충돌,중앙선침범,특별광역시도,차관아파트사거리,37.5129871,127.053297,강남구,
2018,12,7,금요일,11,경상사고,0,0,2,0,33,남,10년미만,,승용,비사업용,승용,기타사고,맑음,주간,차대차,차대차-기타,안전운전불이행,기타,차관아파트사거리,37.5129871,127.053297,강남구,
2019,3,20,수요일,7,경상사고,0,0,1,0,51,여,15년이상,,승용,비사업용,승용,기타사고,비,출퇴근,차대차,차대차-기타,안전거리미확보,특별광역시도,차관아파트사거리,37.5129871,127.053297,강남구,
2019,4,22,월요일,7,경상사고,0,0,1,0,37,남,15년이상,,승용,비사업용,승용,일직선사고,맑음,출퇴근,차대차,추돌(진행중),안전거리미확보,특별광역시도,차관아파트사거리,37.5129871,127.053297,강남구,
2019,5,21,화요일,0,중상사고,0,1,0,0,33,여,15년미만,0,승용,비사업용,승용,진입회전사고,맑음,심야,차대차,측면직각충돌,중앙선침범,특별광역시도,차관아파트사거리,37.5129871,127.053297,강남구,
2019,6,13,목요일,22,경상사고,0,0,2,0,56,남,15년이상,,승용,비사업용,승용,진입회전사고,맑음,심야,차대차,측면직각충돌,안전운전불이행,특별광역시도,차관아파트사거리,37.5129871,127.053297,강남구,
2019,7,27,토요일,3,경상사고,0,0,3,0,67,남,15년이상,,승용,사업용,승용,일직선사고,비,심야,차대차,추돌(진행중),안전운전불이행,특별광역시도,차관아파트사거리,37.5129871,127.053297,강남구,
2019,7,13,토요일,10,경상사고,0,0,2,0,55,여,15년이상,,승용,사업용,승용,진입회전사고,맑음,주간,차대차,차대차-기타,신호위반,특별광역시도,차관아파트사거리,37.5129871,127.053297,강남구,
2019,8,17,토요일,13,경상사고,0,0,1,0,49,남,15년이상,,이륜,데이터오류,이륜,진입회전사고,맑음,주간,차대차,측면직각충돌,안전거리미확보,특별광역시도,차관아파트사거리,37.5129871,127.053297,강남구,
2019,8,11,일요일,21,중상사고,0,1,2,0,29,남,10년미만,,승용,사업용,이륜,진입회전사고,맑음,심야,차대차,측면직각충돌,신호위반,특별광역시도,차관아파트사거리,37.5129871,127.053297,강남구,
2019,9,23,월요일,4,경상사고,0,0,2,0,46,남,15년이상,,승합,사업용,승합,진입회전사고,맑음,심야,차대차,측면직각충돌,차로위반,기타,차관아파트사거리,37.5129871,127.053297,강남구,
2019,9,23,월요일,15,중상사고,0,1,0,0,25,남,15년이상,,승용,비사업용,이륜,기타사고,맑음,주간,차대차,차대차-기타,안전운전불이행,특별광역시도,차관아파트사거리,37.5129871,127.053297,강남구,
2019,11,2,토요일,6,중상사고,0,1,0,0,61,남,15년이상,,승용,사업용,보행자,기타사고,기타,새벽,차대사람,차대사람-기타,안전운전불이행,특별광역시도,차관아파트사거리,37.5129871,127.053297,강남구,
2017,2,13,월요일,11,부상사고,0,0,0,2,63,여,15년이상,,승용,비사업용,승용,진입회전사고,맑음,주간,차대차,측면직각충돌,안전운전불이행,특별광역시도,차관아파트사거리,37.5129871,127.053297,강남구,
2017,3,5,일요일,6,경상사고,0,0,1,0,68,남,15년이상,,승용,비사업용,승용,일직선사고,맑음,새벽,차대차,추돌(진행중),안전운전불이행,특별광역시도,차관아파트사거리,37.5129871,127.053297,강남구,
2017,3,22,수요일,8,경상사고,0,0,2,0,29,남,15년미만,,승용,비사업용,이륜,기타사고,맑음,출퇴근,차대차,차대차-기타,안전운전불이행,특별광역시도,차관아파트사거리,37.5129871,127.053297,강남구,
2017,3,25,토요일,21,경상사고,0,0,1,0,50,여,10년미만,,승용,비사업용,이륜,진입회전사고,맑음,심야,차대차,차대차-기타,신호위반,특별광역시도,차관아파트사거리,37.5129871,127.053297,강남구,
2017,4,5,수요일,20,중상사고,0,1,0,0,41,여,15년이상,,승용,비사업용,승용,진입회전사고,비,출퇴근,차대차,차대차-기타,신호위반,특별광역시도,차관아파트사거리,37.5129871,127.053297,강남구,
2017,5,14,일요일,15,경상사고,0,0,1,0,53,남,15년이상,,승용,비사업용,승용,기타사고,맑음,주간,차대차,차대차-기타,안전운전불이행,특별광역시도,차관아파트사거리,37.5129871,127.053297,강남구,
2017,8,12,토요일,13,부상사고,0,0,0,2,56,남,15년이상,,승용,사업용,승용,일직선사고,맑음,주간,차대차,추돌(진행중),안전운전불이행,특별광역시도,차관아파트사거리,37.5129871,127.053297,강남구,
2017,9,1,금요일,13,부상사고,0,0,0,1,24,남,4년미만,,승용,비사업용,이륜,일직선사고,맑음,주간,차대차,정면충돌,데이터없음,특별광역시도,차관아파트사거리,37.5129871,127.053297,강남구,
2017,9,6,수요일,17,중상사고,0,1,0,0,34,여,15년미만,,승용,비사업용,승용,진입회전사고,맑음,주간,차대차,측면직각충돌,교차로운행방법위반,특별광역시도,차관아파트사거리,37.5129871,127.053297,강남구,
2017,9,19,화요일,22,경상사고,0,0,1,0,69,여,15년이상,,승용,비사업용,승용,진입회전사고,비,심야,차대차,차대차-기타,신호위반,특별광역시도,차관아파트사거리,37.5129871,127.053297,강남구,
2017,10,27,금요일,9,경상사고,0,0,1,0,50,남,15년이상,,이륜,기타,이륜,일직선사고,맑음,주간,차대차,추돌(진행중),안전운전불이행,특별광역시도,차관아파트사거리,37.5129871,127.053297,강남구,
2017,11,27,월요일,19,경상사고,0,0,1,0,64,남,15년이상,,승용,사업용,이륜,진입회전사고,맑음,출퇴근,차대차,차대차-기타,신호위반,특별광역시도,차관아파트사거리,37.5129871,127.053297,강남구,
2018,1,10,수요일,11,경상사고,0,0,1,0,58,남,15년미만,,승용,사업용,승용,일직선사고,맑음,주간,차대차,추돌(진행중),안전운전불이행,특별광역시도,차관아파트사거리,37.5129871,127.053297,강남구,
2018,2,9,금요일,20,경상사고,0,0,1,0,56,남,15년이상,,승용,사업용,승용,진입회전사고,맑음,출퇴근,차대차,측면직각충돌,교차로운행방법위반,특별광역시도,차관아파트사거리,37.5129871,127.053297,강남구,
2018,3,11,일요일,3,중상사고,0,2,0,0,31,남,3년미만,0,승용,비사업용,이륜,진입회전사고,맑음,심야,차대차,측면직각충돌,신호위반,특별광역시도,차관아파트사거리,37.5129871,127.053297,강남구,
2018,3,5,월요일,13,중상사고,0,1,1,0,68,남,15년이상,,승용,사업용,기타,기타사고,맑음,주간,차량단독,차량단독-기타,안전운전불이행,특별광역시도,차관아파트사거리,37.5129871,127.053297,강남구,
2018,4,5,목요일,21,경상사고,0,0,3,0,53,남,15년이상,,승용,사업용,승용,진입회전사고,비,심야,차대차,측면직각충돌,신호위반,특별광역시도,차관아파트사거리,37.5129871,127.053297,강남구,
2018,6,9,토요일,10,경상사고,0,0,6,0,58,남,15년이상,,건설기계,사업용,건설기계,진입회전사고,맑음,주간,차대차,측면직각충돌,안전거리미확보,특별광역시도,차관아파트사거리,37.5129871,127.053297,강남구,
2018,7,29,일요일,8,경상사고,0,0,3,0,48,남,15년이상,,승용,사업용,승용,일직선사고,맑음,출퇴근,차대차,추돌(진행중),안전운전불이행,특별광역시도,차관아파트사거리,37.5129871,127.053297,강남구,
2018,7,9,월요일,20,경상사고,0,0,2,0,73,남,15년미만,,승용,사업용,승용,진입회전사고,맑음,출퇴근,차대차,측면직각충돌,신호위반,특별광역시도,차관아파트사거리,37.5129871,127.053297,강남구,
2018,8,10,금요일,8,경상사고,0,0,1,0,69,남,15년미만,,승용,사업용,기타,기타사고,맑음,출퇴근,차량단독,차량단독-기타,안전운전불이행,특별광역시도,차관아파트사거리,37.5129871,127.053297,강남구,
2018,8,1,수요일,19,중상사고,0,1,0,0,37,남,15년이상,,이륜,기타,이륜,진입회전사고,맑음,출퇴근,차대차,측면직각충돌,신호위반,특별광역시도,차관아파트사거리,37.5129871,127.053297,강남구,
2018,9,11,화요일,12,경상사고,0,0,1,0,36,남,15년미만,,화물,사업용,화물,기타사고,맑음,주간,차대차,차대차-기타,교차로운행방법위반,특별광역시도,차관아파트사거리,37.5129871,127.053297,강남구,
2018,10,9,화요일,0,중상사고,0,1,0,0,55,남,15년이상,,승용,사업용,이륜,일직선사고,맑음,심야,차대차,추돌(진행중),안전거리미확보,특별광역시도,차관아파트사거리,37.5129871,127.053297,강남구,
2018,12,12,수요일,0,경상사고,0,0,2,0,59,남,15년이상,,승용,사업용,이륜,진입회전사고,맑음,심야,차대차,측면직각충돌,신호위반,특별광역시도,차관아파트사거리,37.5129871,127.053297,강남구,
2018,12,6,목요일,2,경상사고,0,0,1,0,35,남,15년미만,,승용,비사업용,보행자,기타사고,맑음,심야,차대사람,차대사람-기타,안전운전불이행,특별광역시도,차관아파트사거리,37.5129871,127.053297,강남구,
2018,12,13,목요일,23,경상사고,0,0,1,0,62,남,15년이상,,승용,사업용,승용,기타사고,맑음,심야,차대차,차대차-기타,안전운전불이행,기타,차관아파트사거리,37.5129871,127.053297,강남구,
2019,1,8,화요일,15,경상사고,0,0,1,0,43,남,1년미만,,승용,비사업용,이륜,기타사고,맑음,주간,차대차,차대차-기타,안전운전불이행,특별광역시도,차관아파트사거리,37.5129871,127.053297,강남구,
2019,3,28,목요일,16,경상사고,0,0,2,0,47,남,15년이상,0,승용,사업용,승용,일직선사고,맑음,주간,차대차,추돌(진행중),안전운전불이행,특별광역시도,차관아파트사거리,37.5129871,127.053297,강남구,
2019,4,22,월요일,15,부상사고,0,0,0,2,27,여,10년미만,,승용,비사업용,승용,일직선사고,맑음,주간,차대차,추돌(진행중),안전운전불이행,특별광역시도,차관아파트사거리,37.5129871,127.053297,강남구,