년도,월,일,요일,시각,사고등급,사망자수,중상자수,경상자수,부상자수,연령,성별,경력,음주,종별,용도,관련자2,사고형태,기상상태,일광상태,사고유형1,사고유형2,법규위반,도로종류,지점명,위도,경도,자치구,
2019,5,3,금요일,10,중상사고,0,1,0,0,62,남,15년이상,,승용,비사업용,이륜,진입회전사고,맑음,주간,차대차,추돌(진행중),신호위반,기타,차관아파트사거리,37.5129871,127.053297,강남구,
2019,5,15,수요일,14,경상사고,0,0,1,0,65,여,15년이상,,승용,비사업용,이륜,진입회전사고,맑음,주간,차대차,측면직각충돌,안전운전불이행,특별광역시도,차관아파트사거리,37.5129871,127.053297,강남구,
2019,6,25,화요일,14,경상사고,0,0,1,0,56,남,15년이상,,화물,비사업용,화물,기타사고,맑음,주간,차대차,차대차-기타,안전운전불이행,특별광역시도,차관아파트사거리,37.5129871,127.053297,강남구,
2019,6,2,일요일,16,경상사고,0,0,1,0,44,남,10년미만,,화물,비사업용,자전거,진입회전사고,맑음,주간,차대차,차대차-기타,신호위반,특별광역시도,차관아파트사거리,37.5129871,127.053297,강남구,
2019,6,18,화요일,20,경상사고,0,0,2,0,56,남,15년이상,,승용,사업용,승용,진입회전사고,비,출퇴근,차대차,측면직각충돌,안전거리미확보,특별광역시도,차관아파트사거리,37.5129871,127.053297,강남구,
2019,7,15,월요일,9,부상사고,0,0,0,1,32,남,15년미만,,승용,사업용,승용,기타사고,맑음,주간,차대차,차대차-기타,안전운전불이행,특별광역시도,차관아파트사거리,37.5129871,127.053297,강남구,
2019,7,6,토요일,16,경상사고,0,0,1,0,64,남,15년이상,,화물,비사업용,이륜,진입회전사고,맑음,주간,차대차,측면직각충돌,신호위반,특별광역시도,차관아파트사거리,37.5129871,127.053297,강남구,
2019,7,10,수요일,22,경상사고,0,0,1,0,57,남,15년이상,,승용,비사업용,이륜,진입회전사고,비,심야,차대차,차대차-기타,신호위반,특별광역시도,차관아파트사거리,37.5129871,127.053297,강남구,
2019,8,26,월요일,17,경상사고,0,0,1,0,39,남,15년이상,,승용,사업용,이륜,일직선사고,맑음,주간,차대차,추돌(진행중),안전운전불이행,특별광역시도,차관아파트사거리,37.5129871,127.053297,강남구,
2019,9,3,화요일,20,중상사고,0,2,1,0,25,여,5년미만,,승용,비사업용,승용,일직선사고,맑음,출퇴근,차대차,추돌(진행중),안전운전불이행,특별광역시도,차관아파트사거리,37.5129871,127.053297,강남구,
2019,9,26,목요일,21,경상사고,0,0,2,0,61,남,15년이상,,승용,비사업용,승용,진입회전사고,맑음,심야,차대차,측면직각충돌,안전운전불이행,특별광역시도,차관아파트사거리,37.5129871,127.053297,강남구,
2019,10,26,토요일,18,중상사고,0,1,0,0,51,여,15년이상,,승용,비사업용,이륜,진입회전사고,맑음,출퇴근,차대차,정면충돌,신호위반,특별광역시도,차관아파트사거리,37.5129871,127.053297,강남구,
2019,12,24,화요일,7,중상사고,0,1,0,0,36,여,15년미만,,승용,비사업용,이륜,진입회전사고,맑음,출퇴근,차대차,측면직각충돌,신호위반,특별광역시도,차관아파트사거리,37.5129871,127.053297,강남구,
2017,1,27,금요일,1,경상사고,0,0,1,0,43,남,15년미만,,승용,비사업용,승용,기타사고,비,심야,차대차,차대차-기타,안전운전불이행,특별광역시도,차병원사거리,37.5072931,127.0338546,강남구,
2017,1,12,목요일,9,경상사고,0,0,1,0,54,남,15년이상,,승용,사업용,승용,일직선사고,맑음,주간,차대차,추돌(진행중),안전운전불이행,특별광역시도,차병원사거리,37.5072931,127.0338546,강남구,
2017,1,1,일요일,10,경상사고,0,0,4,3,71,남,10년미만,,승용,사업용,승용,진입회전사고,맑음,주간,차대차,측면직각충돌,안전운전불이행,특별광역시도,차병원사거리,37.5072931,127.0338546,강남구,
2017,3,7,화요일,1,중상사고,0,1,2,0,43,여,10년미만,,승용,비사업용,승용,진입회전사고,맑음,심야,차대차,정면충돌,신호위반,특별광역시도,차병원사거리,37.5072931,127.0338546,강남구,
2017,6,12,월요일,2,중상사고,0,1,0,0,65,남,10년미만,,승용,사업용,원동기,진입회전사고,맑음,심야,차대차,정면충돌,신호위반,특별광역시도,차병원사거리,37.5072931,127.0338546,강남구,
2017,6,10,토요일,5,경상사고,0,0,1,0,22,남,10년미만,0,승용,사업용,승용,일직선사고,비,새벽,차대차,추돌(진행중),안전운전불이행,특별광역시도,차병원사거리,37.5072931,127.0338546,강남구,
2017,6,21,수요일,5,경상사고,0,0,1,0,43,남,15년이상,,이륜,기타,기타,기타사고,맑음,새벽,차량단독,전도전복,데이터없음,특별광역시도,차병원사거리,37.5072931,127.0338546,강남구,
2017,6,5,월요일,15,중상사고,0,1,0,0,59,남,15년이상,,승용,비사업용,보행자,보행횡단사고,맑음,주간,차대사람,횡단중,안전운전불이행,특별광역시도,차병원사거리,37.5072931,127.0338546,강남구,
2017,7,7,금요일,20,중상사고,0,1,0,0,57,남,10년미만,,승용,사업용,승용,일직선사고,비,출퇴근,차대차,추돌(진행중),안전운전불이행,특별광역시도,차병원사거리,37.5072931,127.0338546,강남구,
2017,8,27,일요일,16,경상사고,0,0,2,0,32,여,2년미만,,승용,비사업용,승용,진입회전사고,맑음,주간,차대차,측면직각충돌,안전거리미확보,특별광역시도,차병원사거리,37.5072931,127.0338546,강남구,
2017,11,26,일요일,0,경상사고,0,0,1,0,54,남,15년이상,,승용,사업용,승용,진입회전사고,맑음,심야,차대차,측면직각충돌,안전거리미확보,특별광역시도,차병원사거리,37.5072931,127.0338546,강남구,
2017,11,16,목요일,8,경상사고,0,0,3,0,32,남,15년미만,,승용,비사업용,승용,진입회전사고,맑음,출퇴근,차대차,측면직각충돌,안전운전불이행,특별광역시도,차병원사거리,37.5072931,127.0338546,강남구,
2018,1,28,일요일,4,경상사고,0,0,1,0,34,남,15년이상,0,승용,비사업용,승용,기타사고,기타,심야,차대차,차대차-기타,안전거리미확보,특별광역시도,차병원사거리,37.5072931,127.0338546,강남구,
2018,1,11,목요일,5,중상사고,0,1,3,0,30,남,3년미만,0,승용,비사업용,승용,일직선사고,맑음,새벽,차대차,추돌(진행중),안전운전불이행,특별광역시도,차병원사거리,37.5072931,127.0338546,강남구,
2018,4,12,목요일,6,경상사고,0,0,2,0,19,남,4년미만,,승용,비사업용,승용,기타사고,흐림,새벽,차대차,차대차-기타,안전운전불이행,특별광역시도,차병원사거리,37.5072931,127.0338546,강남구,
2018,5,16,수요일,3,경상사고,0,0,1,0,42,여,15년이상,0,승용,비사업용,승용,진입회전사고,맑음,심야,차대차,측면직각충돌,안전운전불이행,특별광역시도,차병원사거리,37.5072931,127.0338546,강남구,
2018,5,9,수요일,7,경상사고,0,0,1,0,35,남,15년미만,,승용,비사업용,화물,진입회전사고,맑음,출퇴근,차대차,측면직각충돌,안전거리미확보,특별광역시도,차병원사거리,37.5072931,127.0338546,강남구,
2018,5,25,금요일,23,경상사고,0,0,3,0,39,남,15년이상,,승용,비사업용,승용,진입회전사고,맑음,심야,차대차,측면직각충돌,신호위반,특별광역시도,차병원사거리,37.5072931,127.0338546,강남구,
2018,8,10,금요일,13,경상사고,0,0,1,0,48,여,15년이상,,승용,비사업용,승용,진입회전사고,맑음,주간,차대차,측면직각충돌,차로위반,특별광역시도,차병원사거리,37.5072931,127.0338546,강남구,
2018,9,21,금요일,21,경상사고,0,0,1,0,30,남,15년미만,,승용,사업용,승용,일직선사고,기타,심야,차대차,추돌(진행중),안전운전불이행,특별광역시도,차병원사거리,37.5072931,127.0338546,강남구,
2018,10,6,토요일,3,경상사고,0,0,3,0,36,여,15년미만,0,승용,비사업용,승용,일직선사고,비,심야,차대차,추돌(진행중),안전운전불이행,특별광역시도,차병원사거리,37.5072931,127.0338546,강남구,
2018,12,20,목요일,0,경상사고,0,0,3,1,39,남,15년미만,,승용,비사업용,승용,진입회전사고,맑음,심야,차대차,차대차-기타,신호위반,특별광역시도,차병원사거리,37.5072931,127.0338546,강남구,
2018,12,25,화요일,1,경상사고,0,0,1,0,62,남,15년이상,,승용,사업용,승용,진입회전사고,맑음,심야,차대차,측면직각충돌,교차로운행방법위반,특별광역시도,차병원사거리,37.5072931,127.0338546,강남구,
2018,12,12,수요일,3,경상사고,0,0,1,0,62,남,15년이상,,승용,사업용,기타,기타사고,맑음,심야,차대차,차대차-기타,안전운전불이행,특별광역시도,차병원사거리,37.5072931,127.0338546,강남구,
2019,1,12,토요일,10,중상사고,0,1,0,0,59,남,15년이상,,승용,비사업용,승용,진입회전사고,맑음,주간,차대차,차대차-기타,신호위반,특별광역시도,차병원사거리,37.5072931,127.0338546,강남구,
2019,1,2,수요일,23,경상사고,0,0,2,0,41,남,15년미만,0,승용,비사업용,승용,일직선사고,맑음,심야,차대차,정면충돌,중앙선침범,특별광역시도,차병원사거리,37.5072931,127.0338546,강남구,
2019,2,3,일요일,23,경상사고,0,0,2,0,36,남,2년미만,,승용,사업용,이륜,일직선사고,맑음,심야,차대차,추돌(진행중),안전운전불이행,특별광역시도,차병원사거리,37.5072931,127.0338546,강남구,
2019,3,16,토요일,17,경상사고,0,0,1,0,32,남,15년미만,,이륜,데이터오류,이륜,진입회전사고,맑음,주간,차대차,측면직각충돌,기타,특별광역시도,차병원사거리,37.5072931,127.0338546,강남구,
2019,3,15,금요일,23,부상사고,0,0,0,1,26,남,1년미만,,이륜,데이터오류,기타,일직선사고,맑음,심야,차대차,추돌(진행중),기타,특별광역시도,차병원사거리,37.5072931,127.0338546,강남구,
2019,4,22,월요일,7,부상사고,0,0,0,1,25,남,10년미만,0,이륜,데이터오류,기타,기타사고,맑음,출퇴근,차량단독,차량단독-기타,안전운전불이행,특별광역시도,차병원사거리,37.5072931,127.0338546,강남구,
2019,4,9,화요일,22,경상사고,0,0,1,0,40,남,15년미만,,승용,사업용,이륜,진입회전사고,비,심야,차대차,차대차-기타,신호위반,특별광역시도,차병원사거리,37.5072931,127.0338546,강남구,
2019,6,8,토요일,12,경상사고,0,0,2,0,27,여,10년미만,,승용,비사업용,승용,진입회전사고,맑음,주간,차대차,측면직각충돌,신호위반,특별광역시도,차병원사거리,37.5072931,127.0338546,강남구,
2019,6,13,목요일,14,경상사고,0,0,1,0,24,남,10년미만,,승용,비사업용,승용,기타사고,맑음,주간,차대차,차대차-기타,안전거리미확보,특별광역시도,차병원사거리,37.5072931,127.0338546,강남구,
2019,6,19,수요일,16,경상사고,0,0,2,0,26,남,10년미만,,승용,비사업용,승용,일직선사고,맑음,주간,차대차,추돌(진행중),안전운전불이행,특별광역시도,차병원사거리,37.5072931,127.0338546,강남구,
2019,7,7,일요일,23,경상사고,0,0,1,0,51,남,15년이상,,승합,사업용,승합,진입회전사고,흐림,심야,차대차,측면직각충돌,차로위반,특별광역시도,차병원사거리,37.5072931,127.0338546,강남구,
2019,8,29,목요일,18,경상사고,0,0,2,0,42,여,15년이상,,승용,비사업용,승용,진입회전사고,맑음,출퇴근,차대차,측면직각충돌,신호위반,특별광역시도,차병원사거리,37.5072931,127.0338546,강남구,
2019,10,22,화요일,7,경상사고,0,0,1,0,53,남,15년이상,,승용,사업용,이륜,진입회전사고,맑음,출퇴근,차대차,차대차-기타,신호위반,특별광역시도,차병원사거리,37.5072931,127.0338546,강남구,
2019,10,20,일요일,15,경상사고,0,0,2,0,42,여,1년미만,,승용,사업용,승용,진입회전사고,맑음,주간,차대차,차대차-기타,신호위반,기타,차병원사거리,37.5072931,127.0338546,강남구,
2019,11,29,금요일,3,경상사고,0,0,2,0,38,남,15년이상,0,승용,비사업용,승용,진입회전사고,맑음,심야,차대차,측면직각충돌,안전운전불이행,특별광역시도,차병원사거리,37.5072931,127.0338546,강남구,
2019,11,22,금요일,9,경상사고,0,0,1,0,27,여,1년미만,,승용,사업용,승용,기타사고,맑음,주간,차대차,차대차-기타,안전운전불이행,특별광역시도,차병원사거리,37.5072931,127.0338546,강남구,
2019,12,19,목요일,2,경상사고,0,0,1,0,41,남,15년이상,,승용,비사업용,승용,기타사고,맑음,심야,차대차,차대차-기타,안전운전불이행,특별광역시도,차병원사거리,37.5072931,127.0338546,강남구,
2019,12,8,일요일,4,중상사고,0,1,0,0,33,남,15년미만,0,승용,비사업용,이륜,기타사고,기타,심야,차대차,차대차-기타,안전운전불이행,특별광역시도,차병원사거리,37.5072931,127.0338546,강남구,
2019,12,26,목요일,20,경상사고,0,0,1,0,56,남,10년미만,,승용,비사업용,승용,진입회전사고,맑음,출퇴근,차대차,측면직각충돌,안전거리미확보,특별광역시도,차병원사거리,37.5072931,127.0338546,강남구,
2019,12,11,수요일,21,경상사고,0,0,1,0,68,여,15년이상,,승용,비사업용,승용,진입회전사고,맑음,심야,차대차,측면직각충돌,안전운전불이행,특별광역시도,차병원사거리,37.5072931,127.0338546,강남구,
2017,1,9,월요일,15,중상사고,0,1,0,0,53,남,15년이상,,승합,사업용,승합,기타사고,맑음,주간,차대차,차대차-기타,안전거리미확보,특별광역시도,청담사거리,37.5241801,127.0473251,강남구,
2017,2,22,수요일,13,부상사고,0,0,0,1,69,남,15년이상,,승용,사업용,승용,일직선사고,맑음,주간,차대차,추돌(진행중),안전운전불이행,특별광역시도,청담사거리,37.5241801,127.0473251,강남구,
2017,4,12,수요일,2,경상사고,0,0,3,0,30,남,15년이상,0,승용,비사업용,승용,일직선사고,맑음,심야,차대차,정면충돌,안전운전불이행,특별광역시도,청담사거리,37.5241801,127.0473251,강남구,
2017,4,5,수요일,5,경상사고,0,0,2,0,30,남,3년미만,,승용,비사업용,승용,진입회전사고,맑음,새벽,차대차,차대차-기타,신호위반,특별광역시도,청담사거리,37.5241801,127.0473251,강남구,
2017,4,26,수요일,16,중상사고,0,1,0,0,61,여,15년이상,,승용,비사업용,이륜,일직선사고,맑음,주간,차대차,추돌(진행중),안전운전불이행,특별광역시도,청담사거리,37.5241801,127.0473251,강남구,
2017,4,15,토요일,23,부상사고,0,0,0,1,59,여,10년미만,,승용,사업용,승용,일직선사고,맑음,심야,차대차,추돌(진행중),안전운전불이행,특별광역시도,청담사거리,37.5241801,127.0473251,강남구,
2017,5,26,금요일,4,중상사고,0,1,0,0,43,남,15년미만,,승용,비사업용,보행자,보행횡단사고,맑음,심야,차대사람,횡단중,안전운전불이행,특별광역시도,청담사거리,37.5241801,127.0473251,강남구,
2017,5,20,토요일,18,경상사고,0,0,1,0,26,남,10년미만,,승용,비사업용,자전거,기타사고,맑음,출퇴근,차대차,차대차-기타,안전운전불이행,특별광역시도,청담사거리,37.5241801,127.0473251,강남구,
2017,5,18,목요일,22,사망사고,1,0,0,0,51,남,15년이상,,승용,비사업용,이륜,진입회전사고,맑음,심야,차대차,측면직각충돌,신호위반,특별광역시도,청담사거리,37.5241801,127.0473251,강남구,
2017,6,23,금요일,5,중상사고,0,2,1,1,65,남,15년이상,,승용,사업용,승용,진입회전사고,맑음,새벽,차대차,정면충돌,신호위반,특별광역시도,청담사거리,37.5241801,127.0473251,강남구,
2017,7,8,토요일,1,경상사고,0,0,1,0,36,남,10년미만,0,승용,사업용,승용,일직선사고,맑음,심야,차대차,추돌(진행중),안전운전불이행,특별광역시도,청담사거리,37.5241801,127.0473251,강남구,
2017,7,1,토요일,4,경상사고,0,0,1,0,59,남,15년이상,,승용,사업용,승용,일직선사고,맑음,심야,차대차,추돌(진행중),안전운전불이행,특별광역시도,청담사거리,37.5241801,127.0473251,강남구,
2017,9,18,월요일,21,경상사고,0,0,1,0,68,남,15년이상,,승용,사업용,승용,일직선사고,맑음,심야,차대차,추돌(진행중),안전운전불이행,특별광역시도,청담사거리,37.5241801,127.0473251,강남구,
2017,9,1,금요일,23,중상사고,0,1,0,0,32,남,15년미만,0,승용,비사업용,보행자,진입회전사고,맑음,심야,차대사람,횡단중,신호위반,특별광역시도,청담사거리,37.5241801,127.0473251,강남구,
2017,10,2,월요일,9,부상사고,0,0,0,1,60,남,15년이상,,승용,사업용,승용,일직선사고,맑음,주간,차대차,추돌(진행중),안전운전불이행,특별광역시도,청담사거리,37.5241801,127.0473251,강남구,
2017,10,10,화요일,23,경상사고,0,0,2,0,64,남,15년이상,0,승용,비사업용,승용,일직선사고,비,심야,차대차,추돌(진행중),안전운전불이행,특별광역시도,청담사거리,37.5241801,127.0473251,강남구,
2017,12,18,월요일,9,경상사고,0,0,1,0,65,남,15년이상,,승용,사업용,승용,기타사고,눈,주간,차대차,차대차-기타,안전운전불이행,특별광역시도,청담사거리,37.5241801,127.0473251,강남구,
2017,12,30,토요일,11,경상사고,0,0,2,0,48,남,15년이상,,승용,비사업용,승용,일직선사고,맑음,주간,차대차,추돌(진행중),교차로운행방법위반,특별광역시도,청담사거리,37.5241801,127.0473251,강남구,
2018,1,16,화요일,0,경상사고,0,0,1,0,56,남,15년이상,,승용,사업용,승용,기타사고,맑음,심야,차대차,차대차-기타,안전거리미확보,특별광역시도,청담사거리,37.5241801,127.0473251,강남구,
2018,1,11,목요일,13,경상사고,0,0,1,0,69,남,15년이상,,승용,사업용,승용,일직선사고,맑음,주간,차대차,추돌(진행중),안전운전불이행,특별광역시도,청담사거리,37.5241801,127.0473251,강남구,
2018,2,3,토요일,20,중상사고,0,1,0,0,37,남,1년미만,,승용,비사업용,이륜,진입회전사고,맑음,출퇴근,차대차,측면직각충돌,신호위반,특별광역시도,청담사거리,37.5241801,127.0473251,강남구,
2018,2,3,토요일,22,경상사고,0,0,1,0,34,여,10년미만,0,승용,비사업용,승용,기타사고,맑음,심야,차대차,차대차-기타,차로위반,특별광역시도,청담사거리,37.5241801,127.0473251,강남구,
2018,3,2,금요일,9,경상사고,0,0,1,0,57,남,15년이상,,건설기계,비사업용,건설기계,일직선사고,맑음,주간,차대차,추돌(진행중),안전운전불이행,특별광역시도,청담사거리,37.5241801,127.0473251,강남구,
2018,3,26,월요일,18,경상사고,0,0,2,0,35,남,10년미만,,승용,비사업용,승용,진입회전사고,맑음,출퇴근,차대차,측면직각충돌,교차로운행방법위반,특별광역시도,청담사거리,37.5241801,127.0473251,강남구,
2018,4,21,토요일,7,경상사고,0,0,2,0,55,남,15년이상,,승용,사업용,승용,진입회전사고,맑음,출퇴근,차대차,측면직각충돌,안전거리미확보,특별광역시도,청담사거리,37.5241801,127.0473251,강남구,
2018,5,31,목요일,4,경상사고,0,0,1,0,54,남,15년이상,,승용,사업용,승용,일직선사고,맑음,심야,차대차,추돌(진행중),안전운전불이행,특별광역시도,청담사거리,37.5241801,127.0473251,강남구,
2018,6,7,목요일,16,경상사고,0,0,2,0,74,남,15년이상,,승용,사업용,승용,기타사고,맑음,주간,차대차,차대차-기타,안전운전불이행,특별광역시도,청담사거리,37.5241801,127.0473251,강남구,
2018,7,24,화요일,18,경상사고,0,0,2,0,35,여,15년이상,,승용,비사업용,이륜,기타사고,흐림,출퇴근,차대차,차대차-기타,안전운전불이행,특별광역시도,청담사거리,37.5241801,127.0473251,강남구,
2018,9,29,토요일,7,경상사고,0,0,2,0,23,남,10년미만,0,승용,비사업용,승용,일직선사고,맑음,출퇴근,차대차,추돌(진행중),안전거리미확보,특별광역시도,청담사거리,37.5241801,127.0473251,강남구,
2018,10,11,목요일,22,경상사고,0,0,2,0,38,남,15년이상,,승용,사업용,승용,일직선사고,맑음,심야,차대차,추돌(진행중),안전거리미확보,특별광역시도,청담사거리,37.5241801,127.0473251,강남구,
2018,11,3,토요일,11,경상사고,0,0,2,0,77,남,15년이상,,승용,비사업용,승용,기타사고,맑음,주간,차대차,차대차-기타,교차로운행방법위반,특별광역시도,청담사거리,37.5241801,127.0473251,강남구,
2018,11,6,화요일,16,경상사고,0,0,1,0,60,남,15년이상,,승용,사업용,승용,기타사고,맑음,주간,차대차,차대차-기타,안전운전불이행,특별광역시도,청담사거리,37.5241801,127.0473251,강남구,
2018,12,2,일요일,17,경상사고,0,0,1,0,59,남,15년이상,,화물,비사업용,화물,진입회전사고,맑음,주간,차대차,차대차-기타,신호위반,특별광역시도,청담사거리,37.5241801,127.0473251,강남구,
2019,2,23,토요일,17,경상사고,0,0,1,0,63,남,15년미만,,승용,비사업용,승용,진입회전사고,맑음,주간,차대차,측면직각충돌,안전거리미확보,특별광역시도,청담사거리,37.5241801,127.0473251,강남구,
2019,3,18,월요일,20,경상사고,0,0,1,0,50,여,15년이상,,승용,비사업용,승용,진입회전사고,맑음,출퇴근,차대차,측면직각충돌,신호위반,특별광역시도,청담사거리,37.5241801,127.0473251,강남구,
2019,4,26,금요일,7,중상사고,0,1,1,0,34,남,3년미만,0,승용,비사업용,승용,진입회전사고,비,출퇴근,차대차,측면직각충돌,신호위반,특별광역시도,청담사거리,37.5241801,127.0473251,강남구,
2019,4,8,월요일,14,경상사고,0,0,1,0,45,여,15년이상,,승용,비사업용,승용,진입회전사고,맑음,주간,차대차,측면직각충돌,신호위반,특별광역시도,청담사거리,37.5241801,127.0473251,강남구,
2019,4,19,금요일,21,중상사고,0,1,1,0,45,남,15년이상,,승용,사업용,승용,진입회전사고,맑음,심야,차대차,측면직각충돌,신호위반,특별광역시도,청담사거리,37.5241801,127.0473251,강남구,
2019,5,21,화요일,2,중상사고,0,1,0,0,62,남,15년이상,,승용,사업용,승용,기타사고,맑음,심야,차대차,차대차-기타,교차로운행방법위반,특별광역시도,청담사거리,37.5241801,127.0473251,강남구,
2019,5,4,토요일,6,경상사고,0,0,1,0,44,남,15년이상,0,승용,비사업용,승용,진입회전사고,맑음,새벽,차대차,측면직각충돌,신호위반,특별광역시도,청담사거리,37.5241801,127.0473251,강남구,
2019,6,20,목요일,2,중상사고,0,1,1,0,46,여,5년미만,,승용,비사업용,승용,진입회전사고,맑음,심야,차대차,정면충돌,신호위반,특별광역시도,청담사거리,37.5241801,127.0473251,강남구,
2019,6,28,금요일,10,경상사고,0,0,1,0,32,여,10년미만,,승용,비사업용,승용,진입회전사고,맑음,주간,차대차,측면직각충돌,안전운전불이행,특별광역시도,청담사거리,37.5241801,127.0473251,강남구,
2019,6,17,월요일,11,부상사고,0,0,0,1,50,남,15년이상,,승용,비사업용,이륜,진입회전사고,맑음,주간,차대차,측면직각충돌,신호위반,특별광역시도,청담사거리,37.5241801,127.0473251,강남구,
2019,7,1,월요일,13,경상사고,0,0,1,0,61,여,15년이상,,승용,비사업용,이륜,일직선사고,맑음,주간,차대차,추돌(진행중),안전운전불이행,특별광역시도,청담사거리,37.5241801,127.0473251,강남구,
2019,10,19,토요일,11,경상사고,0,0,1,0,40,여,15년미만,,승용,사업용,승용,진입회전사고,맑음,주간,차대차,측면직각충돌,안전운전불이행,특별광역시도,청담사거리,37.5241801,127.0473251,강남구,
2019,10,21,월요일,11,경상사고,0,0,1,0,41,남,15년이상,,승용,사업용,승용,진입회전사고,맑음,주간,차대차,측면직각충돌,안전운전불이행,기타,청담사거리,37.5241801,127.0473251,강남구,
2019,10,21,월요일,13,경상사고,0,0,1,0,58,남,15년이상,,승용,사업용,승용,진입회전사고,맑음,주간,차대차,측면직각충돌,안전거리미확보,특별광역시도,청담사거리,37.5241801,127.0473251,강남구,
2019,10,1,화요일,19,경상사고,0,0,1,0,53,남,15년이상,,승용,비사업용,승용,진입회전사고,맑음,출퇴근,차대차,측면직각충돌,안전운전불이행,특별광역시도,청담사거리,37.5241801,127.0473251,강남구,
2019,11,30,토요일,10,경상사고,0,0,1,0,71,여,15년이상,,승용,비사업용,승합,진입회전사고,맑음,주간,차대차,측면직각충돌,교차로운행방법위반,특별광역시도,청담사거리,37.5241801,127.0473251,강남구,
2019,11,3,일요일,22,중상사고,0,1,0,0,24,여,10년미만,,승용,비사업용,화물,진입회전사고,맑음,심야,차대차,정면충돌,신호위반,특별광역시도,청담사거리,37.5241801,127.0473251,강남구,
2019,12,3,화요일,17,중상사고,0,1,0,1,54,남,15년이상,,승용,비사업용,이륜,진입회전사고,맑음,주간,차대차,측면직각충돌,교차로운행방법위반,특별광역시도,청담사거리,37.5241801,127.0473251,강남구,
2019,12,2,월요일,18,경상사고,0,0,1,0,35,여,2년미만,,승용,사업용,승용,진입회전사고,맑음,출퇴근,차대차,측면직각충돌,차로위반,특별광역시도,청담사거리,37.5241801,127.0473251,강남구,
2019,12,3,화요일,21,중상사고,0,3,1,0,61,남,15년이상,,승용,사업용,승용,진입회전사고,비,심야,차대차,정면충돌,신호위반,특별광역시도,청담사거리,37.5241801,127.0473251,강남구,
2017,1,6,금요일,11,경상사고,0,0,1,0,57,남,15년이상,,승용,사업용,이륜,기타사고,맑음,주간,차대차,차대차-기타,안전운전불이행,특별광역시도,포스코사거리,37.506962,127.057775,강남구,
2017,2,3,금요일,5,경상사고,0,0,1,0,37,남,15년이상,0,승용,비사업용,승용,일직선사고,맑음,새벽,차대차,정면충돌,안전운전불이행,특별광역시도,포스코사거리,37.506962,127.057775,강남구,
2017,4,14,금요일,7,중상사고,0,1,0,0,47,남,15년이상,,승용,비사업용,보행자,보행횡단사고,맑음,출퇴근,차대사람,횡단중,보행자보호의무위반,특별광역시도,포스코사거리,37.506962,127.057775,강남구,
2017,4,6,목요일,10,중상사고,0,1,1,0,55,남,15년미만,,이륜,기타,이륜,진입회전사고,맑음,주간,차대차,측면직각충돌,안전운전불이행,특별광역시도,포스코사거리,37.506962,127.057775,강남구,
2017,4,7,금요일,10,중상사고,0,1,0,0,63,남,15년이상,,승용,사업용,승용,진입회전사고,맑음,주간,차대차,측면직각충돌,안전운전불이행,특별광역시도,포스코사거리,37.506962,127.057775,강남구,
2017,4,19,수요일,23,중상사고,0,1,4,0,56,남,15년이상,,승용,사업용,승합,진입회전사고,맑음,심야,차대차,측면직각충돌,교차로운행방법위반,특별광역시도,포스코사거리,37.506962,127.057775,강남구,
2017,5,18,목요일,3,부상사고,0,0,0,1,34,남,10년미만,0,이륜,기타,기타,기타사고,맑음,심야,차량단독,전도전복,안전운전불이행,특별광역시도,포스코사거리,37.506962,127.057775,강남구,
2017,7,22,토요일,8,경상사고,0,0,2,0,58,남,15년이상,,승용,사업용,승용,일직선사고,맑음,출퇴근,차대차,추돌(진행중),안전운전불이행,특별광역시도,포스코사거리,37.506962,127.057775,강남구,
2017,8,4,금요일,14,경상사고,0,0,1,0,46,남,15년이상,,승용,비사업용,승용,진입회전사고,맑음,주간,차대차,측면직각충돌,교차로운행방법위반,특별광역시도,포스코사거리,37.506962,127.057775,강남구,
2017,8,22,화요일,22,중상사고,0,1,1,0,54,남,15년미만,,승용,비사업용,승용,진입회전사고,맑음,심야,차대차,측면직각충돌,교차로운행방법위반,특별광역시도,포스코사거리,37.506962,127.057775,강남구,
2017,11,6,월요일,16,중상사고,0,1,1,0,41,남,15년미만,,승용,비사업용,승용,진입회전사고,맑음,주간,차대차,측면직각충돌,안전운전불이행,특별광역시도,포스코사거리,37.506962,127.057775,강남구,
2017,12,22,금요일,22,중상사고,0,1,0,0,64,남,15년이상,,승용,사업용,이륜,기타사고,맑음,심야,차대차,차대차-기타,안전운전불이행,특별광역시도,포스코사거리,37.506962,127.057775,강남구,
2018,1,11,목요일,14,경상사고,0,0,1,0,63,남,15년이상,,승용,사업용,이륜,일직선사고,맑음,주간,차대차,추돌(진행중),안전운전불이행,특별광역시도,포스코사거리,37.506962,127.057775,강남구,
2018,3,28,수요일,1,경상사고,0,0,1,0,57,남,10년미만,,승용,사업용,보행자,보행횡단사고,맑음,심야,차대사람,횡단중,안전운전불이행,특별광역시도,포스코사거리,37.506962,127.057775,강남구,
2018,3,21,수요일,23,경상사고,0,0,1,0,64,남,15년이상,,승용,사업용,승용,기타사고,기타,심야,차대차,차대차-기타,안전운전불이행,특별광역시도,포스코사거리,37.506962,127.057775,강남구,