년도,월,일,요일,시각,사고등급,사망자수,중상자수,경상자수,부상자수,연령,성별,경력,음주,종별,용도,관련자2,사고형태,기상상태,일광상태,사고유형1,사고유형2,법규위반,도로종류,지점명,위도,경도,자치구,
2018,5,3,목요일,5,경상사고,0,0,1,0,33,남,10년미만,0,승용,비사업용,승용,일직선사고,흐림,새벽,차대차,추돌(진행중),안전운전불이행,특별광역시도,포스코사거리,37.506962,127.057775,강남구,
2018,5,11,금요일,10,경상사고,0,0,1,0,42,남,15년이상,,승용,비사업용,승용,일직선사고,맑음,주간,차대차,추돌(진행중),안전운전불이행,특별광역시도,포스코사거리,37.506962,127.057775,강남구,
2018,6,21,목요일,8,부상사고,0,0,0,1,65,남,15년이상,,승용,사업용,이륜,기타사고,맑음,출퇴근,차대차,차대차-기타,안전운전불이행,특별광역시도,포스코사거리,37.506962,127.057775,강남구,
2018,7,5,목요일,4,경상사고,0,0,1,0,56,남,15년이상,,승용,사업용,승용,기타사고,맑음,심야,차대차,차대차-기타,안전거리미확보,특별광역시도,포스코사거리,37.506962,127.057775,강남구,
2018,7,19,목요일,18,경상사고,0,0,1,0,36,남,15년이상,,이륜,기타,이륜,기타사고,맑음,출퇴근,차대차,차대차-기타,안전운전불이행,특별광역시도,포스코사거리,37.506962,127.057775,강남구,
2018,7,29,일요일,20,중상사고,0,1,0,0,26,남,10년미만,,이륜,기타,이륜,일직선사고,맑음,출퇴근,차대차,추돌(진행중),안전거리미확보,특별광역시도,포스코사거리,37.506962,127.057775,강남구,
2018,9,7,금요일,16,중상사고,0,1,0,0,43,남,10년미만,,이륜,기타,이륜,진입회전사고,맑음,주간,차대차,측면직각충돌,신호위반,특별광역시도,포스코사거리,37.506962,127.057775,강남구,
2018,10,30,화요일,1,경상사고,0,0,1,0,24,남,1년미만,0,승용,비사업용,승용,기타사고,맑음,심야,차대차,차대차-기타,안전운전불이행,특별광역시도,포스코사거리,37.506962,127.057775,강남구,
2018,12,1,토요일,7,경상사고,0,0,1,0,33,남,15년미만,,승용,비사업용,화물,일직선사고,맑음,출퇴근,차대차,추돌(진행중),안전운전불이행,특별광역시도,포스코사거리,37.506962,127.057775,강남구,
2018,12,19,수요일,12,경상사고,0,0,2,0,40,남,15년미만,,승용,비사업용,승합,기타사고,맑음,주간,차대차,차대차-기타,안전거리미확보,특별광역시도,포스코사거리,37.506962,127.057775,강남구,
2019,1,19,토요일,6,경상사고,0,0,3,0,30,남,15년미만,0,승용,비사업용,승용,일직선사고,맑음,새벽,차대차,추돌(진행중),안전운전불이행,특별광역시도,포스코사거리,37.506962,127.057775,강남구,
2019,3,21,목요일,12,경상사고,0,0,1,0,50,남,15년이상,,승합,사업용,보행자,기타사고,맑음,주간,차대사람,차대사람-기타,안전운전불이행,특별광역시도,포스코사거리,37.506962,127.057775,강남구,
2019,3,15,금요일,21,중상사고,0,2,0,0,25,여,5년미만,,승용,비사업용,승용,일직선사고,비,심야,차대차,추돌(진행중),안전운전불이행,특별광역시도,포스코사거리,37.506962,127.057775,강남구,
2019,4,1,월요일,7,경상사고,0,0,3,0,31,남,15년미만,,승용,비사업용,승용,기타사고,맑음,출퇴근,차대차,차대차-기타,안전운전불이행,특별광역시도,포스코사거리,37.506962,127.057775,강남구,
2019,4,2,화요일,11,경상사고,0,0,1,0,62,남,15년이상,,승용,비사업용,이륜,진입회전사고,맑음,주간,차대차,측면직각충돌,교차로운행방법위반,특별광역시도,포스코사거리,37.506962,127.057775,강남구,
2019,4,2,화요일,17,경상사고,0,0,1,0,46,남,15년이상,,승용,비사업용,승용,진입회전사고,맑음,주간,차대차,측면직각충돌,직진우회전진행방해,특별광역시도,포스코사거리,37.506962,127.057775,강남구,
2019,5,20,월요일,15,경상사고,0,0,1,0,56,여,15년이상,,승용,비사업용,승용,일직선사고,맑음,주간,차대차,추돌(진행중),안전운전불이행,특별광역시도,포스코사거리,37.506962,127.057775,강남구,
2019,6,9,일요일,3,부상사고,0,0,0,1,불명,불명,데이터오류,,기타,데이터오류,기타,기타사고,맑음,심야,차대차,차대차-기타,안전운전불이행,특별광역시도,포스코사거리,37.506962,127.057775,강남구,
2019,7,11,목요일,13,경상사고,0,0,1,0,63,남,15년이상,,승용,사업용,이륜,진입회전사고,맑음,주간,차대차,측면직각충돌,안전운전불이행,특별광역시도,포스코사거리,37.506962,127.057775,강남구,
2019,10,4,금요일,17,경상사고,0,0,1,0,44,남,15년이상,,승용,비사업용,승용,진입회전사고,맑음,주간,차대차,측면직각충돌,차로위반,특별광역시도,포스코사거리,37.506962,127.057775,강남구,
2019,10,17,목요일,23,중상사고,0,1,0,0,34,남,15년미만,,승용,사업용,이륜,진입회전사고,맑음,심야,차대차,측면직각충돌,안전운전불이행,기타,포스코사거리,37.506962,127.057775,강남구,
2019,11,14,목요일,13,경상사고,0,0,1,0,39,여,15년이상,,승용,비사업용,이륜,기타사고,맑음,주간,차대차,차대차-기타,안전운전불이행,특별광역시도,포스코사거리,37.506962,127.057775,강남구,
2019,12,3,화요일,11,경상사고,0,0,1,0,27,남,2년미만,,승용,비사업용,승용,기타사고,맑음,주간,차대차,차대차-기타,안전운전불이행,기타,포스코사거리,37.506962,127.057775,강남구,
2017,1,13,금요일,10,경상사고,0,0,4,0,73,남,15년이상,,승용,사업용,승용,일직선사고,눈,주간,차대차,정면충돌,안전운전불이행,특별광역시도,하나저축은행강남지점,37.4996619,127.0320322,강남구,
2017,1,4,수요일,12,경상사고,0,0,1,0,69,남,15년이상,,승용,사업용,승합,일직선사고,맑음,주간,차대차,추돌(진행중),안전운전불이행,특별광역시도,하나저축은행강남지점,37.4996619,127.0320322,강남구,
2017,2,13,월요일,13,부상사고,0,0,0,1,40,남,10년미만,,승용,비사업용,승합,기타사고,맑음,주간,차대차,차대차-기타,안전거리미확보,특별광역시도,하나저축은행강남지점,37.4996619,127.0320322,강남구,
2017,2,17,금요일,22,경상사고,0,0,1,0,60,남,3년미만,,승용,사업용,승용,일직선사고,맑음,심야,차대차,추돌(진행중),안전운전불이행,특별광역시도,하나저축은행강남지점,37.4996619,127.0320322,강남구,
2017,3,8,수요일,9,경상사고,0,0,1,0,56,남,15년이상,,승용,비사업용,보행자,기타사고,맑음,주간,차대사람,차대사람-기타,안전운전불이행,특별광역시도,하나저축은행강남지점,37.4996619,127.0320322,강남구,
2017,4,27,목요일,21,부상사고,0,0,0,1,48,남,15년이상,0,승용,비사업용,승용,일직선사고,맑음,심야,차대차,정면충돌,안전운전불이행,특별광역시도,하나저축은행강남지점,37.4996619,127.0320322,강남구,
2017,5,3,수요일,1,경상사고,0,0,3,0,23,남,5년미만,,승용,비사업용,승용,진입회전사고,맑음,심야,차대차,측면직각충돌,안전거리미확보,특별광역시도,하나저축은행강남지점,37.4996619,127.0320322,강남구,
2017,5,18,목요일,21,경상사고,0,0,1,0,불명,불명,데이터오류,,기타,데이터오류,기타,기타사고,맑음,심야,차대사람,차대사람-기타,안전운전불이행,특별광역시도,하나저축은행강남지점,37.4996619,127.0320322,강남구,
2017,7,12,수요일,23,경상사고,0,0,1,0,72,남,15년이상,,승용,사업용,승용,기타사고,맑음,심야,차대차,차대차-기타,안전운전불이행,특별광역시도,하나저축은행강남지점,37.4996619,127.0320322,강남구,
2017,9,23,토요일,13,중상사고,0,4,6,0,24,남,10년미만,,승용,비사업용,승합,진입회전사고,맑음,주간,차대차,차대차-기타,신호위반,특별광역시도,하나저축은행강남지점,37.4996619,127.0320322,강남구,
2017,10,30,월요일,14,경상사고,0,0,1,0,58,남,15년이상,,승합,사업용,이륜,진입회전사고,맑음,주간,차대차,차대차-기타,신호위반,특별광역시도,하나저축은행강남지점,37.4996619,127.0320322,강남구,
2017,10,27,금요일,20,경상사고,0,0,2,0,53,남,15년이상,,승용,사업용,승용,기타사고,맑음,출퇴근,차대차,차대차-기타,안전거리미확보,특별광역시도,하나저축은행강남지점,37.4996619,127.0320322,강남구,
2017,10,10,화요일,23,중상사고,0,1,0,0,64,남,15년이상,,승용,사업용,이륜,진입회전사고,비,심야,차대차,차대차-기타,신호위반,특별광역시도,하나저축은행강남지점,37.4996619,127.0320322,강남구,
2017,11,18,토요일,10,경상사고,0,0,1,0,37,남,15년이상,0,승용,비사업용,승용,진입회전사고,맑음,주간,차대차,측면직각충돌,신호위반,특별광역시도,하나저축은행강남지점,37.4996619,127.0320322,강남구,
2017,11,24,금요일,19,경상사고,0,0,1,0,44,여,15년이상,,승용,사업용,승합,기타사고,맑음,출퇴근,차대차,차대차-기타,안전거리미확보,특별광역시도,하나저축은행강남지점,37.4996619,127.0320322,강남구,
2017,12,21,목요일,2,경상사고,0,0,1,0,58,남,15년이상,,승용,사업용,승용,기타사고,맑음,심야,차대차,차대차-기타,안전운전불이행,특별광역시도,하나저축은행강남지점,37.4996619,127.0320322,강남구,
2017,12,4,월요일,14,경상사고,0,0,1,0,74,남,15년이상,,승용,사업용,승용,일직선사고,맑음,주간,차대차,추돌(진행중),안전운전불이행,특별광역시도,하나저축은행강남지점,37.4996619,127.0320322,강남구,
2018,1,6,토요일,3,경상사고,0,0,1,0,45,남,15년이상,,승용,사업용,승용,기타사고,맑음,심야,차대차,차대차-기타,안전거리미확보,특별광역시도,하나저축은행강남지점,37.4996619,127.0320322,강남구,
2018,1,9,화요일,9,경상사고,0,0,1,0,37,남,3년미만,,화물,비사업용,화물,진입회전사고,맑음,주간,차대차,측면직각충돌,안전거리미확보,특별광역시도,하나저축은행강남지점,37.4996619,127.0320322,강남구,
2018,3,5,월요일,3,경상사고,0,0,1,0,30,남,15년미만,,승용,사업용,승용,일직선사고,맑음,심야,차대차,추돌(진행중),안전운전불이행,특별광역시도,하나저축은행강남지점,37.4996619,127.0320322,강남구,
2018,3,12,월요일,19,경상사고,0,0,1,0,60,남,15년미만,,승용,사업용,승용,기타사고,맑음,출퇴근,차대차,차대차-기타,안전거리미확보,특별광역시도,하나저축은행강남지점,37.4996619,127.0320322,강남구,
2018,5,23,수요일,0,부상사고,0,0,0,1,57,남,15년이상,,승용,사업용,승용,기타사고,비,심야,차대차,차대차-기타,안전거리미확보,특별광역시도,하나저축은행강남지점,37.4996619,127.0320322,강남구,
2018,6,19,화요일,9,경상사고,0,0,2,1,73,남,15년이상,,승용,사업용,승용,기타사고,기타,주간,차대차,차대차-기타,차로위반,특별광역시도,하나저축은행강남지점,37.4996619,127.0320322,강남구,
2018,6,10,일요일,17,경상사고,0,0,2,0,66,여,15년이상,,승용,비사업용,승용,기타사고,맑음,주간,차대차,차대차-기타,안전운전불이행,특별광역시도,하나저축은행강남지점,37.4996619,127.0320322,강남구,
2018,6,10,일요일,20,경상사고,0,0,4,0,63,남,15년이상,,승용,사업용,승용,진입회전사고,맑음,출퇴근,차대차,측면직각충돌,안전거리미확보,특별광역시도,하나저축은행강남지점,37.4996619,127.0320322,강남구,
2018,7,25,수요일,4,경상사고,0,0,2,0,30,남,15년미만,0,승용,비사업용,승용,진입회전사고,맑음,심야,차대차,측면직각충돌,신호위반,특별광역시도,하나저축은행강남지점,37.4996619,127.0320322,강남구,
2018,8,8,수요일,8,경상사고,0,0,1,0,56,남,15년이상,,승용,사업용,승용,기타사고,맑음,출퇴근,차대차,차대차-기타,안전운전불이행,특별광역시도,하나저축은행강남지점,37.4996619,127.0320322,강남구,
2018,9,28,금요일,2,부상사고,0,0,0,4,64,남,15년이상,,승용,사업용,승용,진입회전사고,맑음,심야,차대차,측면직각충돌,안전운전불이행,특별광역시도,하나저축은행강남지점,37.4996619,127.0320322,강남구,
2018,12,28,금요일,17,경상사고,0,0,1,0,36,남,15년미만,0,승용,사업용,승용,일직선사고,맑음,주간,차대차,추돌(진행중),안전운전불이행,특별광역시도,하나저축은행강남지점,37.4996619,127.0320322,강남구,
2018,12,30,일요일,23,경상사고,0,0,9,1,51,남,15년이상,,승용,비사업용,승합,기타사고,맑음,심야,차대차,차대차-기타,안전운전불이행,특별광역시도,하나저축은행강남지점,37.4996619,127.0320322,강남구,
2019,2,11,월요일,12,경상사고,0,0,1,0,57,남,15년이상,,화물,사업용,이륜,기타사고,맑음,주간,차대차,차대차-기타,안전거리미확보,특별광역시도,하나저축은행강남지점,37.4996619,127.0320322,강남구,
2019,3,1,금요일,0,경상사고,0,0,1,0,52,남,15년이상,,승용,사업용,승용,진입회전사고,맑음,심야,차대차,측면직각충돌,안전운전불이행,특별광역시도,하나저축은행강남지점,37.4996619,127.0320322,강남구,
2019,3,5,화요일,5,중상사고,0,1,0,0,47,남,15년이상,,승용,비사업용,기타,진입회전사고,맑음,새벽,차대차,측면직각충돌,신호위반,특별광역시도,하나저축은행강남지점,37.4996619,127.0320322,강남구,
2019,3,31,일요일,22,경상사고,0,0,1,0,74,남,15년이상,,승용,비사업용,승용,진입회전사고,맑음,심야,차대차,측면직각충돌,안전운전불이행,특별광역시도,하나저축은행강남지점,37.4996619,127.0320322,강남구,
2019,4,13,토요일,22,경상사고,0,0,1,0,36,남,10년미만,,승용,비사업용,승용,진입회전사고,맑음,심야,차대차,측면직각충돌,안전운전불이행,특별광역시도,하나저축은행강남지점,37.4996619,127.0320322,강남구,
2019,6,4,화요일,5,경상사고,0,0,1,0,31,여,10년미만,,승용,비사업용,승용,진입회전사고,맑음,새벽,차대차,측면직각충돌,안전거리미확보,특별광역시도,하나저축은행강남지점,37.4996619,127.0320322,강남구,
2019,6,11,화요일,9,경상사고,0,0,1,0,64,여,15년이상,,승용,사업용,승합,기타사고,맑음,주간,차대차,차대차-기타,안전거리미확보,특별광역시도,하나저축은행강남지점,37.4996619,127.0320322,강남구,
2019,6,7,금요일,14,중상사고,0,1,0,0,55,남,15년이상,,화물,비사업용,화물,진입회전사고,맑음,주간,차대차,측면직각충돌,신호위반,특별광역시도,하나저축은행강남지점,37.4996619,127.0320322,강남구,
2019,9,14,토요일,23,중상사고,0,1,0,0,68,남,15년이상,,승용,사업용,승용,기타사고,맑음,심야,차대차,차대차-기타,안전운전불이행,특별광역시도,하나저축은행강남지점,37.4996619,127.0320322,강남구,
2019,10,28,월요일,6,경상사고,0,0,1,0,19,남,데이터오류,,승용,비사업용,승용,진입회전사고,맑음,새벽,차대차,측면직각충돌,신호위반,특별광역시도,하나저축은행강남지점,37.4996619,127.0320322,강남구,
2019,11,16,토요일,3,중상사고,0,1,0,0,33,남,10년미만,,승용,비사업용,이륜,진입회전사고,맑음,심야,차대차,측면직각충돌,교차로운행방법위반,특별광역시도,하나저축은행강남지점,37.4996619,127.0320322,강남구,
2019,11,26,화요일,5,경상사고,0,0,1,0,34,여,15년이상,0,승용,비사업용,승용,진입회전사고,맑음,새벽,차대차,측면직각충돌,신호위반,특별광역시도,하나저축은행강남지점,37.4996619,127.0320322,강남구,
2019,11,12,화요일,6,중상사고,0,1,1,0,38,남,2년미만,,승용,사업용,승합,진입회전사고,맑음,새벽,차대차,측면직각충돌,신호위반,특별광역시도,하나저축은행강남지점,37.4996619,127.0320322,강남구,
2019,11,26,화요일,17,경상사고,0,0,1,0,60,여,15년이상,,승용,사업용,승용,기타사고,맑음,주간,차대차,차대차-기타,안전운전불이행,특별광역시도,하나저축은행강남지점,37.4996619,127.0320322,강남구,
2019,12,30,월요일,0,경상사고,0,0,3,0,41,남,15년이상,,승용,비사업용,승용,기타사고,비,심야,차대차,차대차-기타,안전거리미확보,특별광역시도,하나저축은행강남지점,37.4996619,127.0320322,강남구,
2019,12,30,월요일,4,경상사고,0,0,5,0,35,남,10년미만,,승용,비사업용,승용,기타사고,맑음,심야,차대차,차대차-기타,안전거리미확보,특별광역시도,하나저축은행강남지점,37.4996619,127.0320322,강남구,
2019,12,2,월요일,16,경상사고,0,0,6,0,64,남,15년이상,,승합,사업용,이륜,진입회전사고,맑음,주간,차대차,측면직각충돌,신호위반,특별광역시도,하나저축은행강남지점,37.4996619,127.0320322,강남구,
2017,1,26,목요일,1,중상사고,0,1,0,0,61,남,15년이상,,승용,사업용,승용,진입회전사고,맑음,심야,차대차,측면직각충돌,신호위반,특별광역시도,학동사거리,37.5230968,127.0391037,강남구,
2017,1,25,수요일,23,중상사고,0,1,0,0,44,남,15년이상,0,승용,사업용,보행자,보행횡단사고,맑음,심야,차대사람,횡단중,안전운전불이행,특별광역시도,학동사거리,37.5230968,127.0391037,강남구,
2017,2,9,목요일,5,중상사고,0,1,0,0,52,남,15년이상,,승용,사업용,보행자,보행횡단사고,맑음,새벽,차대사람,횡단중,보행자보호의무위반,특별광역시도,학동사거리,37.5230968,127.0391037,강남구,
2017,2,28,화요일,11,중상사고,0,1,0,0,54,남,15년이상,,승용,사업용,이륜,진입회전사고,맑음,주간,차대차,측면직각충돌,신호위반,특별광역시도,학동사거리,37.5230968,127.0391037,강남구,
2017,2,27,월요일,15,경상사고,0,0,2,0,26,남,15년미만,,승용,비사업용,승용,기타사고,맑음,주간,차대차,차대차-기타,안전운전불이행,특별광역시도,학동사거리,37.5230968,127.0391037,강남구,
2017,4,29,토요일,20,경상사고,0,0,1,0,30,여,1년미만,,승용,비사업용,승용,일직선사고,맑음,출퇴근,차대차,정면충돌,안전운전불이행,특별광역시도,학동사거리,37.5230968,127.0391037,강남구,
2017,5,8,월요일,20,경상사고,0,0,1,0,불명,불명,데이터오류,,기타,데이터오류,기타,진입회전사고,맑음,출퇴근,차대사람,횡단중,신호위반,특별광역시도,학동사거리,37.5230968,127.0391037,강남구,
2017,5,17,수요일,22,경상사고,0,0,1,0,67,여,15년이상,,승용,비사업용,이륜,진입회전사고,맑음,심야,차대차,측면직각충돌,안전운전불이행,특별광역시도,학동사거리,37.5230968,127.0391037,강남구,
2017,5,8,월요일,23,경상사고,0,0,1,0,49,여,15년이상,,승용,비사업용,승합,주정차사고,맑음,심야,차대차,추돌(주정차중),불법유턴,특별광역시도,학동사거리,37.5230968,127.0391037,강남구,
2017,7,16,일요일,1,중상사고,0,1,0,0,56,남,15년이상,,승용,사업용,보행자,기타사고,맑음,심야,차대사람,차대사람-기타,안전운전불이행,특별광역시도,학동사거리,37.5230968,127.0391037,강남구,
2017,7,25,화요일,7,경상사고,0,0,2,0,61,남,15년이상,,승용,사업용,승용,일직선사고,맑음,출퇴근,차대차,추돌(진행중),안전운전불이행,특별광역시도,학동사거리,37.5230968,127.0391037,강남구,
2017,7,17,월요일,9,중상사고,0,1,0,0,47,여,15년이상,,승용,비사업용,이륜,일직선사고,맑음,주간,차대차,정면충돌,안전거리미확보,특별광역시도,학동사거리,37.5230968,127.0391037,강남구,
2017,9,14,목요일,14,부상사고,0,0,0,1,66,남,15년이상,,승용,사업용,이륜,기타사고,맑음,주간,차대차,차대차-기타,안전운전불이행,특별광역시도,학동사거리,37.5230968,127.0391037,강남구,
2017,11,18,토요일,6,경상사고,0,0,1,0,28,남,10년미만,,승용,비사업용,승용,일직선사고,맑음,새벽,차대차,추돌(진행중),안전운전불이행,특별광역시도,학동사거리,37.5230968,127.0391037,강남구,
2017,11,13,월요일,8,경상사고,0,0,1,1,55,남,15년이상,,승용,사업용,승용,기타사고,비,출퇴근,차대차,차대차-기타,안전운전불이행,특별광역시도,학동사거리,37.5230968,127.0391037,강남구,
2017,11,9,목요일,19,경상사고,0,0,2,0,62,남,15년이상,,승용,사업용,승용,진입회전사고,맑음,출퇴근,차대차,측면직각충돌,안전운전불이행,특별광역시도,학동사거리,37.5230968,127.0391037,강남구,
2017,11,17,금요일,22,중상사고,0,2,0,0,39,여,15년이상,0,승용,비사업용,승용,일직선사고,맑음,심야,차대차,추돌(진행중),안전운전불이행,특별광역시도,학동사거리,37.5230968,127.0391037,강남구,
2017,12,25,월요일,3,경상사고,0,0,1,1,37,남,15년이상,0,승용,사업용,승용,기타사고,맑음,심야,차대차,차대차-기타,안전운전불이행,특별광역시도,학동사거리,37.5230968,127.0391037,강남구,
2018,1,12,금요일,19,부상사고,0,0,0,1,40,남,15년이상,,승용,비사업용,이륜,기타사고,맑음,출퇴근,차대차,차대차-기타,안전운전불이행,특별광역시도,학동사거리,37.5230968,127.0391037,강남구,
2018,2,26,월요일,19,경상사고,0,0,1,0,66,남,10년미만,,승용,사업용,이륜,기타사고,맑음,출퇴근,차대차,차대차-기타,기타,특별광역시도,학동사거리,37.5230968,127.0391037,강남구,
2018,3,29,목요일,12,경상사고,0,0,1,0,55,남,15년미만,,승용,사업용,이륜,기타사고,맑음,주간,차대차,차대차-기타,안전운전불이행,특별광역시도,학동사거리,37.5230968,127.0391037,강남구,
2018,4,23,월요일,6,중상사고,0,1,0,0,63,남,15년이상,,승용,사업용,보행자,진입회전사고,비,새벽,차대사람,횡단중,신호위반,특별광역시도,학동사거리,37.5230968,127.0391037,강남구,
2018,5,26,토요일,16,경상사고,0,0,1,0,48,남,15년이상,,승용,비사업용,원동기,기타사고,기타,주간,차대차,차대차-기타,안전거리미확보,특별광역시도,학동사거리,37.5230968,127.0391037,강남구,
2018,5,15,화요일,20,경상사고,0,0,1,0,40,남,15년이상,,승용,비사업용,이륜,일직선사고,맑음,출퇴근,차대차,추돌(진행중),안전운전불이행,특별광역시도,학동사거리,37.5230968,127.0391037,강남구,
2018,7,2,월요일,16,경상사고,0,0,1,0,58,남,15년이상,,승용,사업용,원동기,기타사고,기타,주간,차대차,차대차-기타,기타,특별광역시도,학동사거리,37.5230968,127.0391037,강남구,
2018,8,15,수요일,0,부상사고,0,0,0,1,36,남,15년이상,,승용,비사업용,승용,일직선사고,맑음,심야,차대차,추돌(진행중),안전운전불이행,특별광역시도,학동사거리,37.5230968,127.0391037,강남구,
2018,8,24,금요일,1,중상사고,0,1,0,0,27,남,15년이상,0,승용,비사업용,승용,일직선사고,비,심야,차대차,정면충돌,중앙선침범,특별광역시도,학동사거리,37.5230968,127.0391037,강남구,
2018,9,16,일요일,3,경상사고,0,0,1,0,31,남,10년미만,0,승용,비사업용,승용,일직선사고,맑음,심야,차대차,추돌(진행중),안전운전불이행,특별광역시도,학동사거리,37.5230968,127.0391037,강남구,
2018,9,1,토요일,5,경상사고,0,0,1,0,26,여,15년이상,,승용,비사업용,보행자,진입회전사고,맑음,새벽,차대사람,차대사람-기타,신호위반,특별광역시도,학동사거리,37.5230968,127.0391037,강남구,
2018,9,14,금요일,9,중상사고,0,1,0,0,65,남,15년이상,,승용,사업용,승용,기타사고,맑음,주간,차대차,차대차-기타,교차로운행방법위반,특별광역시도,학동사거리,37.5230968,127.0391037,강남구,
2018,10,16,화요일,2,중상사고,0,1,1,0,61,남,15년이상,,승용,사업용,승용,일직선사고,맑음,심야,차대차,추돌(진행중),안전운전불이행,특별광역시도,학동사거리,37.5230968,127.0391037,강남구,
2018,10,11,목요일,11,경상사고,0,0,1,0,31,남,15년미만,,승용,비사업용,화물,일직선사고,맑음,주간,차대차,추돌(진행중),안전운전불이행,특별광역시도,학동사거리,37.5230968,127.0391037,강남구,
2018,10,5,금요일,19,경상사고,0,0,3,0,31,남,3년미만,,승용,비사업용,승용,기타사고,비,출퇴근,차대차,차대차-기타,차로위반,특별광역시도,학동사거리,37.5230968,127.0391037,강남구,
2018,11,7,수요일,1,중상사고,0,3,0,0,43,남,15년이상,0,승용,비사업용,승용,일직선사고,맑음,심야,차대차,추돌(진행중),안전운전불이행,특별광역시도,학동사거리,37.5230968,127.0391037,강남구,
2018,11,12,월요일,19,경상사고,0,0,1,0,69,남,15년이상,,승용,사업용,이륜,진입회전사고,맑음,출퇴근,차대차,측면직각충돌,중앙선침범,특별광역시도,학동사거리,37.5230968,127.0391037,강남구,
2018,12,15,토요일,11,경상사고,0,0,1,0,43,남,15년이상,,승용,비사업용,승용,진입회전사고,맑음,주간,차대차,측면직각충돌,교차로운행방법위반,특별광역시도,학동사거리,37.5230968,127.0391037,강남구,
2019,1,12,토요일,10,경상사고,0,0,2,0,35,남,데이터오류,,화물,비사업용,화물,기타사고,맑음,주간,차대차,차대차-기타,교차로운행방법위반,특별광역시도,학동사거리,37.5230968,127.0391037,강남구,
2019,1,14,월요일,22,중상사고,0,1,1,0,29,남,15년미만,,승용,비사업용,승용,진입회전사고,맑음,심야,차대차,차대차-기타,신호위반,특별광역시도,학동사거리,37.5230968,127.0391037,강남구,
2019,3,3,일요일,4,중상사고,0,1,2,0,67,남,15년이상,,승용,사업용,승용,일직선사고,맑음,심야,차대차,추돌(진행중),안전운전불이행,특별광역시도,학동사거리,37.5230968,127.0391037,강남구,
2019,3,26,화요일,9,경상사고,0,0,1,0,46,여,15년이상,,승용,비사업용,이륜,진입회전사고,맑음,주간,차대차,측면직각충돌,교차로운행방법위반,특별광역시도,학동사거리,37.5230968,127.0391037,강남구,
2019,4,6,토요일,2,경상사고,0,0,2,0,35,남,15년미만,0,승용,비사업용,승용,일직선사고,맑음,심야,차대차,추돌(진행중),안전운전불이행,특별광역시도,학동사거리,37.5230968,127.0391037,강남구,
2019,5,22,수요일,7,경상사고,0,0,1,0,불명,불명,데이터오류,,원동기,데이터오류,보행자,기타사고,맑음,출퇴근,차대사람,차대사람-기타,안전운전불이행,특별광역시도,학동사거리,37.5230968,127.0391037,강남구,
2019,10,25,금요일,13,중상사고,0,1,0,0,60,여,15년이상,,승용,비사업용,이륜,진입회전사고,맑음,주간,차대차,차대차-기타,신호위반,특별광역시도,학동사거리,37.5230968,127.0391037,강남구,
2019,10,6,일요일,22,경상사고,0,0,1,0,58,남,15년이상,,승용,비사업용,이륜,진입회전사고,맑음,심야,차대차,차대차-기타,신호위반,특별광역시도,학동사거리,37.5230968,127.0391037,강남구,
2017,1,6,금요일,11,부상사고,0,0,0,1,66,남,15년이상,,승용,사업용,승용,기타사고,맑음,주간,차대차,차대차-기타,안전운전불이행,특별광역시도,학동역사거리,37.514222,127.031594,강남구,
2017,1,9,월요일,12,경상사고,0,0,1,0,60,남,15년이상,,승용,사업용,승용,기타사고,맑음,주간,차대차,차대차-기타,안전운전불이행,특별광역시도,학동역사거리,37.514222,127.031594,강남구,
2017,1,12,목요일,18,경상사고,0,0,2,0,22,남,3년미만,,승용,비사업용,승용,기타사고,맑음,출퇴근,차대차,차대차-기타,안전운전불이행,특별광역시도,학동역사거리,37.514222,127.031594,강남구,
2017,2,17,금요일,4,중상사고,0,1,1,1,52,남,10년미만,0,승용,비사업용,화물,진입회전사고,비,심야,차대차,측면직각충돌,신호위반,특별광역시도,학동역사거리,37.514222,127.031594,강남구,
2017,2,3,금요일,20,경상사고,0,0,1,0,60,남,15년이상,,승용,사업용,원동기,진입회전사고,맑음,출퇴근,차대차,정면충돌,신호위반,특별광역시도,학동역사거리,37.514222,127.031594,강남구,
2017,3,27,월요일,16,경상사고,0,0,1,0,53,남,15년이상,,승용,사업용,승용,기타사고,맑음,주간,차대차,차대차-기타,안전거리미확보,특별광역시도,학동역사거리,37.514222,127.031594,강남구,
2017,6,11,일요일,4,중상사고,0,5,0,0,59,남,2년미만,,승용,사업용,보행자,진입회전사고,맑음,심야,차대차,측면직각충돌,신호위반,특별광역시도,학동역사거리,37.514222,127.031594,강남구,
2017,6,14,수요일,22,경상사고,0,0,1,0,60,남,15년이상,,승용,사업용,보행자,보행횡단사고,맑음,심야,차대사람,횡단중,안전운전불이행,특별광역시도,학동역사거리,37.514222,127.031594,강남구,
2017,8,20,일요일,12,경상사고,0,0,1,0,24,남,10년미만,,승용,비사업용,승용,진입회전사고,비,주간,차대차,추돌(진행중),신호위반,특별광역시도,학동역사거리,37.514222,127.031594,강남구,