년도,월,일,요일,시각,사고등급,사망자수,중상자수,경상자수,부상자수,연령,성별,경력,음주,종별,용도,관련자2,사고형태,기상상태,일광상태,사고유형1,사고유형2,법규위반,도로종류,지점명,위도,경도,자치구,
2017,8,6,일요일,15,경상사고,0,0,1,0,70,남,15년이상,,승용,사업용,이륜,일직선사고,맑음,주간,차대차,추돌(진행중),안전운전불이행,특별광역시도,학동역사거리,37.514222,127.031594,강남구,
2018,2,27,화요일,3,사망사고,1,0,0,0,47,남,10년미만,,승용,비사업용,승용,진입회전사고,맑음,심야,차대차,측면직각충돌,신호위반,특별광역시도,학동역사거리,37.514222,127.031594,강남구,
2018,3,19,월요일,1,경상사고,0,0,1,0,37,남,15년이상,,승용,비사업용,승용,기타사고,기타,심야,차대차,차대차-기타,안전운전불이행,특별광역시도,학동역사거리,37.514222,127.031594,강남구,
2018,4,9,월요일,13,경상사고,0,0,2,0,30,남,10년미만,,승용,비사업용,승용,진입회전사고,맑음,주간,차대차,차대차-기타,신호위반,특별광역시도,학동역사거리,37.514222,127.031594,강남구,
2018,4,19,목요일,15,경상사고,0,0,1,0,60,남,15년미만,,승용,사업용,이륜,진입회전사고,맑음,주간,차대차,측면직각충돌,중앙선침범,특별광역시도,학동역사거리,37.514222,127.031594,강남구,
2018,5,10,목요일,0,중상사고,0,1,0,0,63,남,15년이상,,승용,사업용,이륜,일직선사고,맑음,심야,차대차,추돌(진행중),교차로운행방법위반,특별광역시도,학동역사거리,37.514222,127.031594,강남구,
2018,5,8,화요일,12,경상사고,0,0,2,0,75,남,15년이상,,승용,비사업용,승용,진입회전사고,맑음,주간,차대차,정면충돌,신호위반,특별광역시도,학동역사거리,37.514222,127.031594,강남구,
2018,5,21,월요일,23,경상사고,0,0,1,0,불명,불명,데이터오류,,기타,기타,기타,기타사고,맑음,심야,차대차,차대차-기타,안전운전불이행,특별광역시도,학동역사거리,37.514222,127.031594,강남구,
2018,6,18,월요일,11,중상사고,0,1,0,0,70,남,15년이상,,승용,사업용,이륜,진입회전사고,맑음,주간,차대차,측면직각충돌,신호위반,특별광역시도,학동역사거리,37.514222,127.031594,강남구,
2018,6,22,금요일,16,경상사고,0,0,2,0,61,남,15년이상,,승용,사업용,승용,기타사고,맑음,주간,차대차,차대차-기타,안전거리미확보,특별광역시도,학동역사거리,37.514222,127.031594,강남구,
2018,7,14,토요일,4,경상사고,0,0,2,0,44,남,15년이상,0,승용,비사업용,승용,일직선사고,맑음,심야,차대차,추돌(진행중),안전운전불이행,특별광역시도,학동역사거리,37.514222,127.031594,강남구,
2018,7,23,월요일,23,경상사고,0,0,1,0,51,남,15년이상,,승용,사업용,이륜,진입회전사고,맑음,심야,차대차,측면직각충돌,안전거리미확보,특별광역시도,학동역사거리,37.514222,127.031594,강남구,
2018,8,25,토요일,0,경상사고,0,0,1,0,45,남,15년이상,,승합,사업용,보행자,보행횡단사고,맑음,심야,차대사람,횡단중,안전운전불이행,특별광역시도,학동역사거리,37.514222,127.031594,강남구,
2018,9,15,토요일,0,경상사고,0,0,1,0,46,남,15년이상,0,승용,사업용,승용,기타사고,맑음,심야,차대차,차대차-기타,안전운전불이행,특별광역시도,학동역사거리,37.514222,127.031594,강남구,
2018,9,20,목요일,5,경상사고,0,0,1,0,25,여,10년미만,,승용,비사업용,승용,일직선사고,맑음,새벽,차대차,추돌(진행중),안전운전불이행,특별광역시도,학동역사거리,37.514222,127.031594,강남구,
2018,9,5,수요일,7,경상사고,0,0,1,0,31,남,10년미만,,승용,비사업용,이륜,기타사고,맑음,출퇴근,차대차,차대차-기타,안전운전불이행,특별광역시도,학동역사거리,37.514222,127.031594,강남구,
2018,9,15,토요일,23,경상사고,0,0,1,0,63,남,15년이상,,승용,사업용,이륜,기타사고,맑음,심야,차대차,차대차-기타,안전운전불이행,특별광역시도,학동역사거리,37.514222,127.031594,강남구,
2018,10,6,토요일,8,경상사고,0,0,2,0,31,남,15년미만,0,승용,비사업용,승용,일직선사고,비,출퇴근,차대차,추돌(진행중),안전운전불이행,특별광역시도,학동역사거리,37.514222,127.031594,강남구,
2018,12,21,금요일,9,부상사고,0,0,0,1,59,남,15년이상,,승용,사업용,승용,일직선사고,맑음,주간,차대차,추돌(진행중),안전운전불이행,특별광역시도,학동역사거리,37.514222,127.031594,강남구,
2018,12,27,목요일,21,경상사고,0,0,1,0,55,남,15년이상,0,화물,비사업용,화물,기타사고,맑음,심야,차대차,차대차-기타,안전운전불이행,특별광역시도,학동역사거리,37.514222,127.031594,강남구,
2019,1,15,화요일,2,경상사고,0,0,2,0,24,남,15년이상,0,승용,비사업용,승용,기타사고,맑음,심야,차대차,차대차-기타,안전운전불이행,특별광역시도,학동역사거리,37.514222,127.031594,강남구,
2019,5,2,목요일,8,중상사고,0,1,0,0,68,여,15년이상,,승용,비사업용,이륜,일직선사고,맑음,출퇴근,차대차,추돌(진행중),안전운전불이행,특별광역시도,학동역사거리,37.514222,127.031594,강남구,
2019,6,1,토요일,8,경상사고,0,0,2,0,47,여,15년미만,,승용,비사업용,승용,진입회전사고,맑음,출퇴근,차대차,측면직각충돌,신호위반,특별광역시도,학동역사거리,37.514222,127.031594,강남구,
2019,6,23,일요일,21,경상사고,0,0,5,0,35,남,3년미만,,승용,비사업용,화물,진입회전사고,맑음,심야,차대차,측면직각충돌,신호위반,특별광역시도,학동역사거리,37.514222,127.031594,강남구,
2019,7,7,일요일,23,경상사고,0,0,1,0,34,남,15년미만,,승용,비사업용,승용,진입회전사고,맑음,심야,차대차,측면직각충돌,안전운전불이행,특별광역시도,학동역사거리,37.514222,127.031594,강남구,
2019,8,12,월요일,9,경상사고,0,0,1,1,35,남,15년미만,,승용,비사업용,승용,진입회전사고,맑음,주간,차대차,측면직각충돌,안전운전불이행,특별광역시도,학동역사거리,37.514222,127.031594,강남구,
2019,8,28,수요일,16,경상사고,0,0,1,0,66,남,15년이상,,승용,사업용,이륜,기타사고,맑음,주간,차대차,차대차-기타,안전운전불이행,특별광역시도,학동역사거리,37.514222,127.031594,강남구,
2019,11,28,목요일,19,경상사고,0,0,1,0,35,남,15년미만,,승용,비사업용,승용,진입회전사고,맑음,출퇴근,차대차,차대차-기타,신호위반,특별광역시도,학동역사거리,37.514222,127.031594,강남구,
2019,12,6,금요일,6,중상사고,0,2,0,0,23,남,데이터오류,0,승용,비사업용,승용,진입회전사고,맑음,새벽,차대차,측면직각충돌,신호위반,특별광역시도,학동역사거리,37.514222,127.031594,강남구,
2019,12,18,수요일,6,경상사고,0,0,1,0,46,남,4년미만,0,승용,비사업용,승용,기타사고,맑음,새벽,차대차,차대차-기타,안전운전불이행,특별광역시도,학동역사거리,37.514222,127.031594,강남구,
2019,12,21,토요일,19,경상사고,0,0,1,0,24,남,10년미만,,승용,비사업용,승용,기타사고,기타,출퇴근,차대차,차대차-기타,안전운전불이행,특별광역시도,학동역사거리,37.514222,127.031594,강남구,
2017,2,16,목요일,20,경상사고,0,0,1,0,73,남,15년이상,,승용,사업용,승합,기타사고,맑음,출퇴근,차대차,차대차-기타,교차로운행방법위반,특별광역시도,현대백화점앞,35.8662831,128.5907443,강남구,
2017,3,10,금요일,11,중상사고,0,1,0,0,64,남,15년이상,,승용,사업용,이륜,기타사고,맑음,주간,차대차,차대차-기타,데이터없음,특별광역시도,현대백화점앞,35.8662831,128.5907443,강남구,
2017,5,17,수요일,18,경상사고,0,0,1,0,47,남,15년이상,,승용,사업용,보행자,기타사고,맑음,출퇴근,차대사람,차대사람-기타,보행자보호의무위반,특별광역시도,현대백화점앞,35.8662831,128.5907443,강남구,
2017,6,25,일요일,3,중상사고,0,1,0,0,29,남,15년미만,0,승용,비사업용,승용,진입회전사고,맑음,심야,차대차,정면충돌,신호위반,특별광역시도,현대백화점앞,35.8662831,128.5907443,강남구,
2017,6,2,금요일,16,경상사고,0,0,1,0,66,남,15년이상,,승용,사업용,승용,기타사고,맑음,주간,차대차,차대차-기타,안전운전불이행,특별광역시도,현대백화점앞,35.8662831,128.5907443,강남구,
2017,7,4,화요일,20,경상사고,0,0,1,0,47,여,2년미만,,승용,사업용,이륜,진입회전사고,맑음,출퇴근,차대차,측면직각충돌,안전운전불이행,특별광역시도,현대백화점앞,35.8662831,128.5907443,강남구,
2017,8,6,일요일,1,중상사고,0,1,3,0,53,남,15년이상,,승용,사업용,승용,기타사고,맑음,심야,차대차,차대차-기타,안전운전불이행,특별광역시도,현대백화점앞,35.8662831,128.5907443,강남구,
2017,8,4,금요일,11,경상사고,0,0,1,0,54,여,15년미만,,승용,비사업용,이륜,진입회전사고,맑음,주간,차대차,측면직각충돌,신호위반,특별광역시도,현대백화점앞,35.8662831,128.5907443,강남구,
2017,8,19,토요일,12,경상사고,0,0,1,0,68,남,15년이상,,승용,사업용,승용,진입회전사고,맑음,주간,차대차,측면직각충돌,안전운전불이행,특별광역시도,현대백화점앞,35.8662831,128.5907443,강남구,
2017,9,24,일요일,17,중상사고,0,1,3,0,32,여,15년이상,,승용,비사업용,승용,진입회전사고,맑음,주간,차대차,측면직각충돌,신호위반,특별광역시도,현대백화점앞,35.8662831,128.5907443,강남구,
2017,9,18,월요일,18,경상사고,0,0,1,0,59,남,15년이상,,승합,사업용,기타,기타사고,맑음,출퇴근,차량단독,차량단독-기타,안전운전불이행,특별광역시도,현대백화점앞,35.8662831,128.5907443,강남구,
2017,10,5,목요일,7,경상사고,0,0,3,0,28,남,데이터오류,0,승용,비사업용,승용,일직선사고,맑음,출퇴근,차대차,추돌(진행중),안전운전불이행,특별광역시도,현대백화점앞,35.8662831,128.5907443,강남구,
2017,11,6,월요일,17,경상사고,0,0,3,0,51,남,15년이상,,승용,비사업용,승용,기타사고,맑음,주간,차대차,차대차-기타,안전운전불이행,특별광역시도,현대백화점앞,35.8662831,128.5907443,강남구,
2017,12,31,일요일,2,경상사고,0,0,1,0,70,남,15년이상,,승용,사업용,승용,기타사고,흐림,심야,차대차,차대차-기타,안전운전불이행,특별광역시도,현대백화점앞,35.8662831,128.5907443,강남구,
2018,1,17,수요일,9,경상사고,0,0,2,0,58,남,15년이상,,승용,사업용,승용,진입회전사고,맑음,주간,차대차,측면직각충돌,안전거리미확보,특별광역시도,현대백화점앞,35.8662831,128.5907443,강남구,
2018,4,17,화요일,5,중상사고,0,1,1,1,56,남,15년이상,,승용,사업용,승용,진입회전사고,맑음,새벽,차대차,측면직각충돌,안전운전불이행,특별광역시도,현대백화점앞,35.8662831,128.5907443,강남구,
2018,5,4,금요일,1,중상사고,0,1,2,0,50,남,10년미만,,승용,사업용,승용,진입회전사고,맑음,심야,차대차,측면직각충돌,신호위반,특별광역시도,현대백화점앞,35.8662831,128.5907443,강남구,
2018,5,27,일요일,2,경상사고,0,0,2,0,23,남,3년미만,0,승용,사업용,승용,일직선사고,기타,심야,차대차,추돌(진행중),안전운전불이행,특별광역시도,현대백화점앞,35.8662831,128.5907443,강남구,
2018,6,8,금요일,12,경상사고,0,0,5,0,54,남,15년이상,,승용,사업용,승용,기타사고,맑음,주간,차대차,차대차-기타,안전거리미확보,특별광역시도,현대백화점앞,35.8662831,128.5907443,강남구,
2018,7,17,화요일,3,경상사고,0,0,1,0,67,여,15년미만,,승용,비사업용,승용,진입회전사고,맑음,심야,차대차,측면직각충돌,안전운전불이행,특별광역시도,현대백화점앞,35.8662831,128.5907443,강남구,
2018,7,16,월요일,15,경상사고,0,0,1,0,42,여,15년이상,,승용,비사업용,기타,기타사고,맑음,주간,차량단독,차량단독-기타,안전운전불이행,특별광역시도,현대백화점앞,35.8662831,128.5907443,강남구,
2018,8,21,화요일,1,중상사고,0,1,1,0,44,남,15년이상,0,승용,비사업용,승용,일직선사고,흐림,심야,차대차,추돌(진행중),안전운전불이행,특별광역시도,현대백화점앞,35.8662831,128.5907443,강남구,
2018,10,19,금요일,14,경상사고,0,0,1,0,52,남,15년미만,,승용,비사업용,승용,일직선사고,맑음,주간,차대차,추돌(진행중),안전거리미확보,특별광역시도,현대백화점앞,35.8662831,128.5907443,강남구,
2019,2,23,토요일,11,중상사고,0,1,1,0,21,남,데이터오류,,승용,사업용,승용,진입회전사고,맑음,주간,차대차,차대차-기타,신호위반,특별광역시도,현대백화점앞,35.8662831,128.5907443,강남구,
2019,3,26,화요일,12,경상사고,0,0,2,0,45,남,15년미만,,화물,사업용,화물,진입회전사고,맑음,주간,차대차,측면직각충돌,안전운전불이행,특별광역시도,현대백화점앞,35.8662831,128.5907443,강남구,
2019,4,13,토요일,0,경상사고,0,0,1,0,25,남,10년미만,,승용,비사업용,승용,진입회전사고,맑음,심야,차대차,측면직각충돌,안전운전불이행,특별광역시도,현대백화점앞,35.8662831,128.5907443,강남구,
2019,4,2,화요일,9,경상사고,0,0,1,0,37,남,10년미만,,승용,사업용,승용,진입회전사고,맑음,주간,차대차,측면직각충돌,교차로운행방법위반,특별광역시도,현대백화점앞,35.8662831,128.5907443,강남구,
2019,5,26,일요일,6,부상사고,0,0,0,1,불명,불명,데이터오류,,기타,데이터오류,기타,보행횡단사고,맑음,새벽,차대사람,횡단중,보행자보호의무위반,특별광역시도,현대백화점앞,35.8662831,128.5907443,강남구,
2019,5,28,화요일,23,경상사고,0,0,1,0,47,남,4년미만,0,승용,비사업용,승용,진입회전사고,맑음,심야,차대차,측면직각충돌,안전운전불이행,특별광역시도,현대백화점앞,35.8662831,128.5907443,강남구,
2019,7,30,화요일,14,중상사고,0,1,1,0,58,여,15년이상,,승용,사업용,이륜,기타사고,맑음,주간,차대차,차대차-기타,기타,특별광역시도,현대백화점앞,35.8662831,128.5907443,강남구,
2019,7,4,목요일,21,경상사고,0,0,1,0,56,남,15년이상,0,승용,비사업용,승용,일직선사고,맑음,심야,차대차,추돌(진행중),안전운전불이행,특별광역시도,현대백화점앞,35.8662831,128.5907443,강남구,
2019,9,2,월요일,11,경상사고,0,0,1,0,68,남,15년이상,,승용,비사업용,화물,일직선사고,맑음,주간,차대차,추돌(진행중),안전운전불이행,기타,현대백화점앞,35.8662831,128.5907443,강남구,
2019,9,5,목요일,16,중상사고,0,1,0,0,83,남,15년이상,,승용,비사업용,이륜,기타사고,비,주간,차대차,차대차-기타,안전운전불이행,특별광역시도,현대백화점앞,35.8662831,128.5907443,강남구,
2019,10,31,목요일,21,경상사고,0,0,1,0,65,남,15년이상,,승용,사업용,승용,기타사고,맑음,심야,차대차,차대차-기타,안전운전불이행,특별광역시도,현대백화점앞,35.8662831,128.5907443,강남구,
2019,11,3,일요일,15,경상사고,0,0,2,0,47,남,15년이상,,승용,비사업용,승용,진입회전사고,맑음,주간,차대차,측면직각충돌,차로위반,특별광역시도,현대백화점앞,35.8662831,128.5907443,강남구,
2019,11,26,화요일,17,경상사고,0,0,1,0,66,여,15년이상,,승용,비사업용,승용,진입회전사고,맑음,주간,차대차,측면직각충돌,안전운전불이행,특별광역시도,현대백화점앞,35.8662831,128.5907443,강남구,
2019,12,3,화요일,11,경상사고,0,0,1,0,49,여,15년이상,,승용,비사업용,이륜,기타사고,맑음,주간,차대차,차대차-기타,안전운전불이행,특별광역시도,현대백화점앞,35.8662831,128.5907443,강남구,
2019,12,3,화요일,17,부상사고,0,0,0,1,46,여,15년이상,,승용,비사업용,승용,기타사고,맑음,주간,차대차,차대차-기타,안전거리미확보,특별광역시도,현대백화점앞,35.8662831,128.5907443,강남구,
2017,1,31,화요일,17,경상사고,0,0,1,0,41,남,15년이상,,승용,비사업용,자전거,기타사고,맑음,주간,차대차,차대차-기타,불법유턴,특별광역시도,광진교남단,37.544762,127.113096,강동구,
2017,1,14,토요일,19,경상사고,0,0,1,0,44,여,10년미만,,승용,비사업용,보행자,보행횡단사고,맑음,출퇴근,차대사람,횡단중,안전운전불이행,특별광역시도,광진교남단,37.544762,127.113096,강동구,
2017,1,16,월요일,23,경상사고,0,0,2,0,55,남,10년미만,,승용,사업용,승용,진입회전사고,맑음,심야,차대차,측면직각충돌,신호위반,특별광역시도,광진교남단,37.544762,127.113096,강동구,
2017,6,30,금요일,2,경상사고,0,0,1,0,59,남,15년이상,,승용,사업용,승용,일직선사고,맑음,심야,차대차,추돌(진행중),안전운전불이행,특별광역시도,광진교남단,37.544762,127.113096,강동구,
2017,7,31,월요일,8,경상사고,0,0,1,0,46,남,15년이상,,승용,사업용,승용,일직선사고,비,출퇴근,차대차,추돌(진행중),안전운전불이행,특별광역시도,광진교남단,37.544762,127.113096,강동구,
2017,7,16,일요일,12,경상사고,0,0,1,0,45,남,15년이상,,승용,비사업용,승용,일직선사고,맑음,주간,차대차,추돌(진행중),안전거리미확보,특별광역시도,광진교남단,37.544762,127.113096,강동구,
2017,8,29,화요일,22,경상사고,0,0,3,0,44,남,15년이상,0,승용,비사업용,승합,일직선사고,맑음,심야,차대차,추돌(진행중),안전운전불이행,특별광역시도,광진교남단,37.544762,127.113096,강동구,
2017,12,3,일요일,4,부상사고,0,0,0,1,37,여,10년미만,,승용,사업용,승용,진입회전사고,비,심야,차대차,측면직각충돌,신호위반,특별광역시도,광진교남단,37.544762,127.113096,강동구,
2017,12,29,금요일,15,중상사고,0,1,0,0,41,남,15년이상,,승용,비사업용,보행자,보행횡단사고,맑음,주간,차대사람,횡단중,안전운전불이행,특별광역시도,광진교남단,37.544762,127.113096,강동구,
2017,12,12,화요일,18,경상사고,0,0,2,0,60,남,15년이상,,승합,사업용,보행자,보행횡단사고,맑음,출퇴근,차대사람,횡단중,보행자보호의무위반,특별광역시도,광진교남단,37.544762,127.113096,강동구,
2018,1,21,일요일,0,중상사고,0,1,0,0,56,남,15년이상,,승용,비사업용,보행자,진입회전사고,맑음,심야,차대사람,차대사람-기타,신호위반,특별광역시도,광진교남단,37.544762,127.113096,강동구,
2018,2,14,수요일,11,경상사고,0,0,1,0,71,남,15년이상,,승용,사업용,자전거,진입회전사고,맑음,주간,차대차,측면직각충돌,안전운전불이행,특별광역시도,광진교남단,37.544762,127.113096,강동구,
2018,3,1,목요일,16,경상사고,0,0,2,0,41,남,15년이상,0,승용,비사업용,승용,기타사고,맑음,주간,차대차,차대차-기타,안전운전불이행,특별광역시도,광진교남단,37.544762,127.113096,강동구,
2018,3,9,금요일,22,중상사고,0,1,1,0,75,남,15년이상,,승용,사업용,이륜,기타사고,맑음,심야,차대차,차대차-기타,불법유턴,특별광역시도,광진교남단,37.544762,127.113096,강동구,
2018,3,10,토요일,23,중상사고,0,1,3,0,26,남,10년미만,0,승용,사업용,승용,일직선사고,맑음,심야,차대차,추돌(진행중),안전운전불이행,특별광역시도,광진교남단,37.544762,127.113096,강동구,
2018,4,17,화요일,8,경상사고,0,0,1,0,69,남,15년이상,,승용,사업용,기타,일직선사고,맑음,출퇴근,차대차,추돌(진행중),기타,특별광역시도,광진교남단,37.544762,127.113096,강동구,
2018,5,10,목요일,14,경상사고,0,0,1,0,41,여,15년이상,,승용,비사업용,승용,진입회전사고,맑음,주간,차대차,측면직각충돌,교차로운행방법위반,특별광역시도,광진교남단,37.544762,127.113096,강동구,
2018,5,11,금요일,19,중상사고,0,2,0,0,56,여,15년이상,,승용,비사업용,이륜,기타사고,맑음,출퇴근,차대차,차대차-기타,안전운전불이행,특별광역시도,광진교남단,37.544762,127.113096,강동구,
2018,5,3,목요일,20,부상사고,0,0,0,1,61,남,15년이상,,승용,비사업용,이륜,기타사고,맑음,출퇴근,차대차,차대차-기타,안전운전불이행,특별광역시도,광진교남단,37.544762,127.113096,강동구,
2018,5,21,월요일,21,경상사고,0,0,1,0,51,남,15년이상,,승용,사업용,승용,기타사고,맑음,심야,차대차,차대차-기타,안전운전불이행,특별광역시도,광진교남단,37.544762,127.113096,강동구,
2018,7,24,화요일,23,경상사고,0,0,1,1,62,남,15년이상,,승용,사업용,이륜,일직선사고,맑음,심야,차대차,추돌(진행중),안전운전불이행,특별광역시도,광진교남단,37.544762,127.113096,강동구,
2018,11,4,일요일,21,부상사고,0,0,0,1,32,남,1년미만,,승용,비사업용,승용,진입회전사고,맑음,심야,차대차,측면직각충돌,안전운전불이행,특별광역시도,광진교남단,37.544762,127.113096,강동구,
2018,12,22,토요일,19,중상사고,0,1,1,0,58,남,15년이상,,승용,비사업용,승용,기타사고,흐림,출퇴근,차대차,차대차-기타,안전운전불이행,특별광역시도,광진교남단,37.544762,127.113096,강동구,
2019,1,17,목요일,7,중상사고,0,1,0,0,62,남,10년미만,,승용,사업용,기타,기타사고,맑음,출퇴근,차량단독,차량단독-기타,안전운전불이행,특별광역시도,광진교남단,37.544762,127.113096,강동구,
2019,1,21,월요일,19,경상사고,0,0,1,0,불명,불명,데이터오류,,기타,데이터오류,기타,보행횡단사고,맑음,출퇴근,차대사람,횡단중,보행자보호의무위반,특별광역시도,광진교남단,37.544762,127.113096,강동구,
2019,2,21,목요일,1,중상사고,0,1,0,0,불명,불명,데이터오류,,기타,데이터오류,기타,보행횡단사고,맑음,심야,차대사람,횡단중,보행자보호의무위반,특별광역시도,광진교남단,37.544762,127.113096,강동구,
2019,2,24,일요일,13,중상사고,0,2,0,0,60,남,15년이상,,승용,사업용,화물,일직선사고,맑음,주간,차대차,추돌(진행중),안전거리미확보,특별광역시도,광진교남단,37.544762,127.113096,강동구,
2019,3,6,수요일,19,경상사고,0,0,1,0,43,여,5년미만,,승용,비사업용,보행자,기타사고,맑음,출퇴근,차대사람,차대사람-기타,안전운전불이행,특별광역시도,광진교남단,37.544762,127.113096,강동구,
2019,3,30,토요일,23,경상사고,0,0,1,0,35,남,4년미만,,승용,비사업용,승용,진입회전사고,비,심야,차대차,차대차-기타,신호위반,특별광역시도,광진교남단,37.544762,127.113096,강동구,
2019,4,17,수요일,9,중상사고,0,1,0,0,60,남,10년미만,,화물,비사업용,보행자,보행횡단사고,맑음,주간,차대사람,횡단중,안전운전불이행,특별광역시도,광진교남단,37.544762,127.113096,강동구,
2019,5,17,금요일,17,경상사고,0,0,2,0,44,남,4년미만,,승용,비사업용,이륜,기타사고,맑음,주간,차대차,차대차-기타,기타,특별광역시도,광진교남단,37.544762,127.113096,강동구,
2019,6,14,금요일,8,경상사고,0,0,1,0,63,남,15년이상,,승용,비사업용,자전거,기타사고,맑음,출퇴근,차대차,차대차-기타,안전운전불이행,특별광역시도,광진교남단,37.544762,127.113096,강동구,
2019,8,2,금요일,14,경상사고,0,0,1,0,58,남,15년이상,,승용,비사업용,이륜,일직선사고,맑음,주간,차대차,정면충돌,안전운전불이행,특별광역시도,광진교남단,37.544762,127.113096,강동구,
2019,10,21,월요일,8,경상사고,0,0,1,0,46,남,15년이상,,승합,사업용,보행자,기타사고,맑음,출퇴근,차대사람,차대사람-기타,안전운전불이행,특별광역시도,광진교남단,37.544762,127.113096,강동구,
2019,11,22,금요일,23,경상사고,0,0,1,0,55,남,15년이상,,승용,사업용,승용,진입회전사고,맑음,심야,차대차,정면충돌,신호위반,특별광역시도,광진교남단,37.544762,127.113096,강동구,
2019,12,15,일요일,3,경상사고,0,0,2,0,41,남,10년미만,0,승용,비사업용,승용,일직선사고,맑음,심야,차대차,추돌(진행중),안전운전불이행,특별광역시도,광진교남단,37.544762,127.113096,강동구,
2019,12,23,월요일,9,경상사고,0,0,1,0,59,여,15년이상,,승용,비사업용,승용,진입회전사고,비,주간,차대차,측면직각충돌,안전운전불이행,특별광역시도,광진교남단,37.544762,127.113096,강동구,
2019,12,4,수요일,15,경상사고,0,0,1,0,53,남,15년이상,,승합,사업용,보행자,보행횡단사고,맑음,주간,차대사람,횡단중,안전운전불이행,특별광역시도,광진교남단,37.544762,127.113096,강동구,
2017,2,17,금요일,4,중상사고,0,1,0,0,46,남,15년이상,,승용,비사업용,승용,진입회전사고,비,심야,차대차,측면직각충돌,안전거리미확보,특별광역시도,길동사거리,37.534278,127.1375005,강동구,
2017,2,28,화요일,23,사망사고,1,1,0,0,55,남,15년이상,,승합,사업용,원동기,일직선사고,흐림,심야,차대차,차대차-기타,중앙선침범,특별광역시도,길동사거리,37.534278,127.1375005,강동구,
2017,3,8,수요일,2,경상사고,0,0,1,0,65,남,15년이상,,승용,사업용,보행자,보행횡단사고,맑음,심야,차대사람,횡단중,보행자보호의무위반,특별광역시도,길동사거리,37.534278,127.1375005,강동구,
2017,4,14,금요일,3,경상사고,0,0,2,0,65,남,10년미만,,승용,사업용,승용,기타사고,맑음,심야,차대차,차대차-기타,안전운전불이행,특별광역시도,길동사거리,37.534278,127.1375005,강동구,
2017,4,24,월요일,5,사망사고,1,0,0,0,46,여,15년이상,,승용,비사업용,자전거,진입회전사고,맑음,새벽,차대차,측면직각충돌,안전운전불이행,특별광역시도,길동사거리,37.534278,127.1375005,강동구,
2017,5,3,수요일,17,경상사고,0,0,2,0,57,남,15년이상,0,승용,비사업용,이륜,일직선사고,맑음,주간,차대차,정면충돌,안전운전불이행,특별광역시도,길동사거리,37.534278,127.1375005,강동구,
2017,6,8,목요일,4,경상사고,0,0,2,0,30,남,10년미만,0,승용,비사업용,승용,진입회전사고,맑음,심야,차대차,정면충돌,신호위반,특별광역시도,길동사거리,37.534278,127.1375005,강동구,
2017,6,27,화요일,17,중상사고,0,1,0,0,59,남,15년이상,,승용,사업용,자전거,진입회전사고,맑음,주간,차대차,측면직각충돌,신호위반,특별광역시도,길동사거리,37.534278,127.1375005,강동구,
2017,8,13,일요일,2,경상사고,0,0,1,1,32,남,10년미만,,승용,비사업용,승용,진입회전사고,맑음,심야,차대차,차대차-기타,신호위반,특별광역시도,길동사거리,37.534278,127.1375005,강동구,
2017,8,12,토요일,3,경상사고,0,0,1,0,65,남,15년이상,,승용,사업용,이륜,기타사고,맑음,심야,차대차,차대차-기타,안전운전불이행,특별광역시도,길동사거리,37.534278,127.1375005,강동구,
2017,8,30,수요일,16,중상사고,0,1,0,0,45,남,15년이상,,승합,사업용,원동기,진입회전사고,맑음,주간,차대차,측면직각충돌,신호위반,특별광역시도,길동사거리,37.534278,127.1375005,강동구,
2017,9,30,토요일,13,경상사고,0,0,1,0,32,남,5년미만,,승용,비사업용,승용,진입회전사고,맑음,주간,차대차,측면직각충돌,안전운전불이행,특별광역시도,길동사거리,37.534278,127.1375005,강동구,
2017,9,6,수요일,19,경상사고,0,0,1,0,64,남,15년이상,,승용,사업용,승용,일직선사고,맑음,출퇴근,차대차,추돌(진행중),안전운전불이행,특별광역시도,길동사거리,37.534278,127.1375005,강동구,
2017,10,1,일요일,20,중상사고,0,1,0,0,50,남,15년이상,,승용,비사업용,승용,일직선사고,비,출퇴근,차대차,추돌(진행중),안전운전불이행,특별광역시도,길동사거리,37.534278,127.1375005,강동구,
2018,1,8,월요일,12,중상사고,0,1,0,0,47,남,15년이상,,승합,사업용,기타,기타사고,맑음,주간,차량단독,차량단독-기타,안전운전불이행,특별광역시도,길동사거리,37.534278,127.1375005,강동구,
2018,3,17,토요일,23,경상사고,0,0,3,0,65,남,15년이상,,승용,사업용,승용,진입회전사고,흐림,심야,차대차,측면직각충돌,신호위반,특별광역시도,길동사거리,37.534278,127.1375005,강동구,
2018,4,15,일요일,13,경상사고,0,0,1,0,52,남,15년이상,,승용,비사업용,승용,일직선사고,맑음,주간,차대차,추돌(진행중),차로위반,특별광역시도,길동사거리,37.534278,127.1375005,강동구,
2018,6,8,금요일,1,경상사고,0,0,1,0,66,남,15년이상,,승용,비사업용,승합,진입회전사고,맑음,심야,차대차,차대차-기타,신호위반,특별광역시도,길동사거리,37.534278,127.1375005,강동구,
2018,6,11,월요일,22,경상사고,0,0,3,0,45,여,15년미만,,승용,비사업용,화물,진입회전사고,맑음,심야,차대차,측면직각충돌,안전운전불이행,특별광역시도,길동사거리,37.534278,127.1375005,강동구,