년도,월,일,요일,시각,사고등급,사망자수,중상자수,경상자수,부상자수,연령,성별,경력,음주,종별,용도,관련자2,사고형태,기상상태,일광상태,사고유형1,사고유형2,법규위반,도로종류,지점명,위도,경도,자치구,
2018,8,18,토요일,3,부상사고,0,0,0,1,51,여,15년이상,,승용,비사업용,승용,진입회전사고,맑음,심야,차대차,측면직각충돌,신호위반,특별광역시도,길동사거리,37.534278,127.1375005,강동구,
2018,8,25,토요일,10,경상사고,0,0,1,0,69,남,15년이상,,승용,비사업용,화물,기타사고,기타,주간,차대차,차대차-기타,안전운전불이행,특별광역시도,길동사거리,37.534278,127.1375005,강동구,
2018,9,8,토요일,11,경상사고,0,0,1,0,66,여,15년이상,,승용,비사업용,이륜,일직선사고,맑음,주간,차대차,추돌(진행중),안전거리미확보,특별광역시도,길동사거리,37.534278,127.1375005,강동구,
2018,9,15,토요일,12,부상사고,0,0,0,1,44,남,15년이상,,승용,비사업용,이륜,진입회전사고,맑음,주간,차대차,측면직각충돌,신호위반,특별광역시도,길동사거리,37.534278,127.1375005,강동구,
2018,9,12,수요일,16,부상사고,0,0,0,1,64,남,15년이상,,승용,사업용,승용,기타사고,흐림,주간,차대차,차대차-기타,안전거리미확보,특별광역시도,길동사거리,37.534278,127.1375005,강동구,
2018,9,17,월요일,23,경상사고,0,0,1,0,27,남,10년미만,0,승용,비사업용,승용,일직선사고,맑음,심야,차대차,추돌(진행중),안전운전불이행,특별광역시도,길동사거리,37.534278,127.1375005,강동구,
2018,10,5,금요일,2,경상사고,0,0,2,0,30,남,15년미만,,승용,사업용,보행자,보행횡단사고,맑음,심야,차대사람,횡단중,보행자보호의무위반,특별광역시도,길동사거리,37.534278,127.1375005,강동구,
2018,10,16,화요일,17,중상사고,0,1,0,0,71,남,15년이상,,승용,비사업용,승합,진입회전사고,맑음,주간,차대차,차대차-기타,신호위반,특별광역시도,길동사거리,37.534278,127.1375005,강동구,
2018,10,6,토요일,19,경상사고,0,0,1,0,58,남,15년이상,,승용,비사업용,승용,기타사고,맑음,출퇴근,차대차,차대차-기타,안전운전불이행,특별광역시도,길동사거리,37.534278,127.1375005,강동구,
2018,12,1,토요일,10,중상사고,0,1,0,0,60,여,15년이상,,승용,사업용,자전거,기타사고,흐림,주간,차대차,차대차-기타,교차로운행방법위반,특별광역시도,길동사거리,37.534278,127.1375005,강동구,
2018,12,27,목요일,14,경상사고,0,0,1,2,53,남,15년이상,,승용,사업용,이륜,진입회전사고,맑음,주간,차대차,측면직각충돌,신호위반,특별광역시도,길동사거리,37.534278,127.1375005,강동구,
2018,12,24,월요일,17,경상사고,0,0,1,0,55,여,15년이상,,승용,비사업용,자전거,일직선사고,맑음,주간,차대차,차대차-기타,중앙선침범,특별광역시도,길동사거리,37.534278,127.1375005,강동구,
2019,1,18,금요일,23,중상사고,0,1,1,0,61,남,15년이상,,승용,사업용,보행자,보행횡단사고,맑음,심야,차대사람,횡단중,보행자보호의무위반,특별광역시도,길동사거리,37.534278,127.1375005,강동구,
2019,2,10,일요일,3,중상사고,0,1,0,0,67,남,15년이상,,승용,사업용,보행자,보행횡단사고,맑음,심야,차대사람,횡단중,안전운전불이행,특별광역시도,길동사거리,37.534278,127.1375005,강동구,
2019,5,2,목요일,0,중상사고,0,1,2,1,28,남,10년미만,,승용,비사업용,승용,진입회전사고,맑음,심야,차대차,정면충돌,신호위반,특별광역시도,길동사거리,37.534278,127.1375005,강동구,
2019,6,28,금요일,10,경상사고,0,0,1,0,55,남,15년이상,,승합,사업용,이륜,진입회전사고,맑음,주간,차대차,정면충돌,신호위반,특별광역시도,길동사거리,37.534278,127.1375005,강동구,
2019,6,1,토요일,13,중상사고,0,1,0,0,61,남,15년미만,,화물,비사업용,자전거,기타사고,맑음,주간,차대차,차대차-기타,안전운전불이행,특별광역시도,길동사거리,37.534278,127.1375005,강동구,
2019,6,23,일요일,23,중상사고,0,1,0,0,56,남,15년이상,,승용,사업용,자전거,기타사고,맑음,심야,차대차,차대차-기타,안전운전불이행,특별광역시도,길동사거리,37.534278,127.1375005,강동구,
2019,7,22,월요일,10,경상사고,0,0,2,0,80,여,15년이상,,승용,비사업용,승용,진입회전사고,맑음,주간,차대차,측면직각충돌,신호위반,특별광역시도,길동사거리,37.534278,127.1375005,강동구,
2019,7,16,화요일,16,경상사고,0,0,1,0,54,남,3년미만,,승용,비사업용,승용,진입회전사고,맑음,주간,차대차,측면직각충돌,안전운전불이행,특별광역시도,길동사거리,37.534278,127.1375005,강동구,
2019,7,1,월요일,17,경상사고,0,0,1,0,70,남,15년이상,,승용,비사업용,승용,일직선사고,맑음,주간,차대차,추돌(진행중),안전운전불이행,특별광역시도,길동사거리,37.534278,127.1375005,강동구,
2019,10,29,화요일,22,경상사고,0,0,1,0,22,남,4년미만,,승용,사업용,승용,진입회전사고,맑음,심야,차대차,측면직각충돌,안전운전불이행,특별광역시도,길동사거리,37.534278,127.1375005,강동구,
2019,11,26,화요일,7,경상사고,0,0,1,0,64,남,15년이상,,승용,사업용,승용,일직선사고,맑음,출퇴근,차대차,추돌(진행중),안전운전불이행,특별광역시도,길동사거리,37.534278,127.1375005,강동구,
2019,11,15,금요일,15,중상사고,0,1,0,0,48,남,15년이상,,승합,사업용,이륜,진입회전사고,맑음,주간,차대차,측면직각충돌,신호위반,특별광역시도,길동사거리,37.534278,127.1375005,강동구,
2019,12,1,일요일,21,경상사고,0,0,1,0,54,여,15년이상,,승용,비사업용,화물,진입회전사고,비,심야,차대차,차대차-기타,신호위반,특별광역시도,길동사거리,37.534278,127.1375005,강동구,
2017,1,9,월요일,12,중상사고,0,1,0,0,25,남,2년미만,,승용,비사업용,보행자,보행횡단사고,맑음,주간,차대사람,보도통행중,데이터없음,특별광역시도,길동사거리,37.534278,127.1375005,강동구,
2017,4,17,월요일,14,중상사고,0,1,0,0,75,남,15년이상,,승용,비사업용,승용,진입회전사고,흐림,주간,차대차,측면직각충돌,안전운전불이행,특별광역시도,길동사거리,37.534278,127.1375005,강동구,
2017,9,6,수요일,16,중상사고,0,1,0,0,46,남,15년미만,,화물,비사업용,이륜,진입회전사고,비,주간,차대차,측면직각충돌,차로위반,특별광역시도,길동사거리,37.534278,127.1375005,강동구,
2018,4,14,토요일,10,경상사고,0,0,1,0,48,남,15년이상,,승용,비사업용,승용,진입회전사고,맑음,주간,차대차,측면직각충돌,안전거리미확보,특별광역시도,길동사거리,37.534278,127.1375005,강동구,
2018,8,21,화요일,8,경상사고,0,0,1,0,72,남,15년이상,,승용,사업용,자전거,진입회전사고,맑음,출퇴근,차대차,측면직각충돌,안전운전불이행,특별광역시도,길동사거리,37.534278,127.1375005,강동구,
2018,9,22,토요일,12,경상사고,0,0,1,0,38,남,15년이상,,승용,비사업용,승용,진입회전사고,맑음,주간,차대차,측면직각충돌,안전운전불이행,특별광역시도,길동사거리,37.534278,127.1375005,강동구,
2019,6,24,월요일,17,경상사고,0,0,1,0,55,남,15년이상,,화물,비사업용,화물,기타사고,맑음,주간,차대차,차대차-기타,안전거리미확보,특별광역시도,길동사거리,37.534278,127.1375005,강동구,
2019,7,8,월요일,21,경상사고,0,0,2,0,62,여,15년이상,,승용,비사업용,승용,기타사고,맑음,심야,차대차,차대차-기타,안전운전불이행,특별광역시도,길동사거리,37.534278,127.1375005,강동구,
2019,12,30,월요일,13,경상사고,0,0,1,0,51,남,15년이상,,화물,비사업용,화물,진입회전사고,흐림,주간,차대차,측면직각충돌,안전거리미확보,특별광역시도,길동사거리,37.534278,127.1375005,강동구,
2017,1,21,토요일,0,중상사고,0,2,2,1,32,남,1년미만,0,승용,사업용,승합,진입회전사고,맑음,심야,차대차,측면직각충돌,안전운전불이행,특별광역시도,길동사거리,37.534278,127.1375005,강동구,
2017,1,15,일요일,6,경상사고,0,0,1,0,67,남,15년이상,,승용,사업용,기타,기타사고,맑음,새벽,차대차,차대차-기타,안전운전불이행,특별광역시도,길동사거리,37.534278,127.1375005,강동구,
2017,1,21,토요일,10,중상사고,0,1,0,1,44,여,15년이상,,승용,비사업용,승용,기타사고,맑음,주간,차대차,차대차-기타,안전운전불이행,특별광역시도,길동사거리,37.534278,127.1375005,강동구,
2017,4,9,일요일,2,사망사고,1,0,0,0,63,남,15년이상,,승용,사업용,보행자,보행횡단사고,비,심야,차대사람,횡단중,과속,특별광역시도,길동사거리,37.534278,127.1375005,강동구,
2017,5,27,토요일,1,경상사고,0,0,1,0,53,남,15년이상,0,승용,비사업용,승용,일직선사고,맑음,심야,차대차,정면충돌,안전운전불이행,특별광역시도,길동사거리,37.534278,127.1375005,강동구,
2017,6,12,월요일,12,경상사고,0,0,1,0,61,남,15년이상,,기타,기타,기타,진입회전사고,맑음,주간,차대차,측면직각충돌,안전운전불이행,특별광역시도,길동사거리,37.534278,127.1375005,강동구,
2017,9,9,토요일,20,경상사고,0,0,2,0,54,남,10년미만,0,승용,비사업용,승용,일직선사고,맑음,출퇴근,차대차,추돌(진행중),안전운전불이행,특별광역시도,길동사거리,37.534278,127.1375005,강동구,
2017,10,29,일요일,19,중상사고,0,1,0,0,53,남,15년이상,,승합,사업용,기타,기타사고,맑음,출퇴근,차량단독,차량단독-기타,안전운전불이행,특별광역시도,길동사거리,37.534278,127.1375005,강동구,
2018,8,14,화요일,19,경상사고,0,0,1,0,56,남,10년미만,,승용,비사업용,이륜,기타사고,맑음,출퇴근,차대차,차대차-기타,안전거리미확보,특별광역시도,길동사거리,37.534278,127.1375005,강동구,
2019,5,11,토요일,13,중상사고,0,3,0,0,68,남,15년이상,,승합,사업용,이륜,진입회전사고,맑음,주간,차대차,측면직각충돌,신호위반,특별광역시도,길동사거리,37.534278,127.1375005,강동구,
2019,5,28,화요일,21,경상사고,0,0,1,0,32,남,10년미만,,승용,비사업용,자전거,진입회전사고,맑음,심야,차대차,측면직각충돌,안전운전불이행,특별광역시도,길동사거리,37.534278,127.1375005,강동구,
2017,1,1,일요일,20,경상사고,0,0,4,0,41,여,15년이상,,승용,비사업용,승용,진입회전사고,맑음,출퇴근,차대차,측면직각충돌,안전운전불이행,특별광역시도,길동사거리,37.534278,127.1375005,강동구,
2017,4,27,목요일,8,경상사고,0,0,2,0,36,남,1년미만,,화물,비사업용,화물,기타사고,맑음,출퇴근,차대차,차대차-기타,안전운전불이행,특별광역시도,길동사거리,37.534278,127.1375005,강동구,
2018,3,3,토요일,0,경상사고,0,0,1,0,75,남,15년이상,,승용,사업용,승용,기타사고,맑음,심야,차대차,차대차-기타,안전거리미확보,특별광역시도,길동사거리,37.534278,127.1375005,강동구,
2018,3,6,화요일,14,경상사고,0,0,2,0,72,남,15년이상,,승용,사업용,승용,일직선사고,맑음,주간,차대차,추돌(진행중),안전운전불이행,특별광역시도,길동사거리,37.534278,127.1375005,강동구,
2018,8,20,월요일,22,경상사고,0,0,3,0,43,남,15년이상,,승용,비사업용,승용,일직선사고,맑음,심야,차대차,추돌(진행중),안전운전불이행,특별광역시도,길동사거리,37.534278,127.1375005,강동구,
2018,9,13,목요일,3,경상사고,0,0,1,0,18,남,데이터오류,,이륜,기타,기타,기타사고,맑음,심야,차량단독,차량단독-기타,안전운전불이행,특별광역시도,길동사거리,37.534278,127.1375005,강동구,
2019,6,22,토요일,21,중상사고,0,1,2,0,40,남,15년미만,,승합,사업용,이륜,진입회전사고,맑음,심야,차대차,차대차-기타,신호위반,특별광역시도,길동사거리,37.534278,127.1375005,강동구,
2019,8,17,토요일,4,경상사고,0,0,1,0,64,남,1년미만,,승용,비사업용,승용,일직선사고,맑음,심야,차대차,추돌(진행중),안전거리미확보,특별광역시도,길동사거리,37.534278,127.1375005,강동구,
2017,1,25,수요일,15,경상사고,0,0,1,0,62,남,데이터오류,,자전거,기타,보행자,기타사고,맑음,주간,차대사람,차도통행중,안전운전불이행,특별광역시도,길동역부근사거리,37.537776,127.140009,강동구,
2017,2,8,수요일,6,중상사고,0,1,0,0,66,남,15년이상,,승용,비사업용,보행자,진입회전사고,맑음,새벽,차대사람,횡단중,신호위반,특별광역시도,길동역부근사거리,37.537776,127.140009,강동구,
2017,5,22,월요일,0,중상사고,0,1,0,0,55,남,15년이상,,승용,사업용,보행자,보행횡단사고,맑음,심야,차대사람,횡단중,보행자보호의무위반,특별광역시도,길동역부근사거리,37.537776,127.140009,강동구,
2017,10,28,토요일,19,경상사고,0,0,1,0,59,남,15년이상,,승용,비사업용,보행자,보행횡단사고,맑음,출퇴근,차대사람,보도통행중,보행자보호의무위반,특별광역시도,길동역부근사거리,37.537776,127.140009,강동구,
2018,3,2,금요일,10,경상사고,0,0,1,0,불명,불명,데이터오류,,기타,기타,기타,기타사고,맑음,주간,차대사람,차대사람-기타,안전운전불이행,특별광역시도,길동역부근사거리,37.537776,127.140009,강동구,
2018,3,23,금요일,13,중상사고,0,1,0,0,55,남,15년이상,,승합,비사업용,이륜,기타사고,맑음,주간,차대차,차대차-기타,안전운전불이행,특별광역시도,길동역부근사거리,37.537776,127.140009,강동구,
2018,3,16,금요일,16,경상사고,0,0,1,0,68,남,15년이상,,승용,사업용,이륜,일직선사고,맑음,주간,차대차,추돌(진행중),안전운전불이행,특별광역시도,길동역부근사거리,37.537776,127.140009,강동구,
2018,6,26,화요일,9,중상사고,0,1,0,0,73,남,15년이상,,승용,비사업용,승용,일직선사고,맑음,주간,차대차,추돌(진행중),안전운전불이행,특별광역시도,길동역부근사거리,37.537776,127.140009,강동구,
2018,6,18,월요일,16,경상사고,0,0,1,0,69,남,15년이상,,승용,사업용,보행자,기타사고,맑음,주간,차대사람,차대사람-기타,안전운전불이행,특별광역시도,길동역부근사거리,37.537776,127.140009,강동구,
2018,6,9,토요일,22,경상사고,0,0,3,0,51,여,15년이상,,승용,비사업용,승용,기타사고,맑음,심야,차대차,차대차-기타,안전운전불이행,특별광역시도,길동역부근사거리,37.537776,127.140009,강동구,
2018,7,26,목요일,1,중상사고,0,1,0,0,64,남,15년이상,,승합,사업용,보행자,기타사고,흐림,심야,차대사람,차대사람-기타,기타,특별광역시도,길동역부근사거리,37.537776,127.140009,강동구,
2018,9,18,화요일,14,경상사고,0,0,1,0,67,남,15년이상,,승용,비사업용,자전거,기타사고,맑음,주간,차대차,차대차-기타,안전운전불이행,특별광역시도,길동역부근사거리,37.537776,127.140009,강동구,
2018,10,5,금요일,19,중상사고,0,1,2,0,56,남,15년이상,,승용,사업용,승용,진입회전사고,비,출퇴근,차대차,측면직각충돌,안전거리미확보,특별광역시도,길동역부근사거리,37.537776,127.140009,강동구,
2018,11,24,토요일,19,경상사고,0,0,1,1,64,남,15년이상,,승용,비사업용,보행자,보행횡단사고,맑음,출퇴근,차대사람,횡단중,보행자보호의무위반,특별광역시도,길동역부근사거리,37.537776,127.140009,강동구,
2018,11,7,수요일,21,부상사고,0,0,0,1,32,남,15년이상,,이륜,기타,기타,기타사고,맑음,심야,차량단독,차량단독-기타,안전운전불이행,특별광역시도,길동역부근사거리,37.537776,127.140009,강동구,
2018,12,7,금요일,11,중상사고,0,1,0,0,39,남,5년미만,,화물,비사업용,이륜,진입회전사고,맑음,주간,차대차,측면직각충돌,안전거리미확보,특별광역시도,길동역부근사거리,37.537776,127.140009,강동구,
2019,4,11,목요일,19,경상사고,0,0,2,0,54,여,15년이상,,승용,비사업용,이륜,진입회전사고,맑음,출퇴근,차대차,측면직각충돌,안전운전불이행,특별광역시도,길동역부근사거리,37.537776,127.140009,강동구,
2019,10,6,일요일,13,경상사고,0,0,2,0,31,남,10년미만,0,승용,비사업용,승용,진입회전사고,맑음,주간,차대차,측면직각충돌,안전운전불이행,특별광역시도,길동역부근사거리,37.537776,127.140009,강동구,
2019,10,3,목요일,19,중상사고,0,2,0,0,68,남,15년이상,,승용,사업용,승용,진입회전사고,맑음,출퇴근,차대차,측면직각충돌,안전운전불이행,특별광역시도,길동역부근사거리,37.537776,127.140009,강동구,
2017,2,6,월요일,15,부상사고,0,0,0,1,62,남,15년이상,,승용,사업용,승용,일직선사고,맑음,주간,차대차,정면충돌,안전운전불이행,특별광역시도,길동역사거리,37.537776,127.140009,강동구,
2017,3,30,목요일,7,경상사고,0,0,1,0,56,남,15년이상,,승용,비사업용,승용,일직선사고,맑음,출퇴근,차대차,추돌(진행중),안전운전불이행,특별광역시도,길동역사거리,37.537776,127.140009,강동구,
2017,3,6,월요일,23,경상사고,0,0,1,0,59,남,15년이상,,승용,사업용,승용,일직선사고,맑음,심야,차대차,추돌(진행중),안전운전불이행,특별광역시도,길동역사거리,37.537776,127.140009,강동구,
2017,6,26,월요일,18,경상사고,0,0,1,0,56,남,15년이상,,화물,비사업용,화물,진입회전사고,비,출퇴근,차대차,정면충돌,신호위반,특별광역시도,길동역사거리,37.537776,127.140009,강동구,
2017,7,10,월요일,17,경상사고,0,0,1,0,60,남,데이터오류,,승용,비사업용,보행자,기타사고,비,주간,차대사람,차대사람-기타,안전운전불이행,특별광역시도,길동역사거리,37.537776,127.140009,강동구,
2017,8,24,목요일,5,경상사고,0,0,1,0,25,남,5년미만,,승용,비사업용,승용,진입회전사고,흐림,새벽,차대차,측면직각충돌,안전운전불이행,특별광역시도,길동역사거리,37.537776,127.140009,강동구,
2017,8,10,목요일,11,경상사고,0,0,2,0,74,남,15년이상,,승용,비사업용,승용,진입회전사고,맑음,주간,차대차,측면직각충돌,안전운전불이행,특별광역시도,길동역사거리,37.537776,127.140009,강동구,
2017,9,15,금요일,11,경상사고,0,0,1,0,43,남,15년이상,,특수,사업용,특수,진입회전사고,맑음,주간,차대차,측면직각충돌,안전거리미확보,특별광역시도,길동역사거리,37.537776,127.140009,강동구,
2017,9,8,금요일,14,중상사고,0,2,1,0,31,여,10년미만,,승용,사업용,보행자,기타사고,맑음,주간,차대사람,차대사람-기타,안전운전불이행,특별광역시도,길동역사거리,37.537776,127.140009,강동구,
2017,10,16,월요일,0,중상사고,0,1,0,0,70,남,15년이상,,승용,사업용,이륜,진입회전사고,맑음,심야,차대차,측면직각충돌,안전운전불이행,특별광역시도,길동역사거리,37.537776,127.140009,강동구,
2017,10,29,일요일,23,중상사고,0,1,0,0,24,남,2년미만,,승용,비사업용,이륜,진입회전사고,맑음,심야,차대차,차대차-기타,신호위반,특별광역시도,길동역사거리,37.537776,127.140009,강동구,
2018,1,25,목요일,22,중상사고,0,1,0,0,51,남,10년미만,,승용,비사업용,승용,진입회전사고,맑음,심야,차대차,측면직각충돌,안전운전불이행,특별광역시도,길동역사거리,37.537776,127.140009,강동구,
2018,2,3,토요일,10,경상사고,0,0,1,0,48,여,15년이상,,승용,비사업용,화물,일직선사고,맑음,주간,차대차,추돌(진행중),안전운전불이행,특별광역시도,길동역사거리,37.537776,127.140009,강동구,
2018,3,18,일요일,18,부상사고,0,0,0,1,56,남,15년이상,,승용,사업용,이륜,기타사고,맑음,출퇴근,차대차,차대차-기타,기타,특별광역시도,길동역사거리,37.537776,127.140009,강동구,
2018,5,10,목요일,11,중상사고,0,1,0,0,62,여,15년이상,,승용,비사업용,보행자,기타사고,맑음,주간,차대사람,차대사람-기타,기타,특별광역시도,길동역사거리,37.537776,127.140009,강동구,
2018,8,26,일요일,11,경상사고,0,0,1,0,38,남,15년이상,,승용,사업용,승용,일직선사고,비,주간,차대차,추돌(진행중),안전운전불이행,특별광역시도,길동역사거리,37.537776,127.140009,강동구,
2018,9,22,토요일,0,중상사고,0,1,0,0,59,남,15년이상,,승용,사업용,승용,진입회전사고,맑음,심야,차대차,측면직각충돌,안전운전불이행,특별광역시도,길동역사거리,37.537776,127.140009,강동구,
2018,10,6,토요일,15,경상사고,0,0,1,0,71,남,15년이상,,승용,사업용,승용,기타사고,맑음,주간,차대차,차대차-기타,안전운전불이행,특별광역시도,길동역사거리,37.537776,127.140009,강동구,
2018,10,29,월요일,18,경상사고,0,0,1,0,67,남,15년이상,,승용,비사업용,승용,기타사고,맑음,출퇴근,차대차,차대차-기타,교차로운행방법위반,특별광역시도,길동역사거리,37.537776,127.140009,강동구,
2018,11,17,토요일,15,중상사고,0,1,0,0,46,남,15년이상,,화물,비사업용,이륜,진입회전사고,맑음,주간,차대차,차대차-기타,신호위반,특별광역시도,길동역사거리,37.537776,127.140009,강동구,
2018,11,18,일요일,21,경상사고,0,0,1,0,28,남,10년미만,,승용,비사업용,이륜,진입회전사고,맑음,심야,차대차,측면직각충돌,안전거리미확보,특별광역시도,길동역사거리,37.537776,127.140009,강동구,
2018,12,1,토요일,3,경상사고,0,0,1,0,불명,불명,데이터오류,,기타,기타,기타,기타사고,맑음,심야,차대사람,차대사람-기타,안전운전불이행,특별광역시도,길동역사거리,37.537776,127.140009,강동구,
2019,1,12,토요일,14,경상사고,0,0,1,0,45,남,15년이상,,승용,비사업용,보행자,기타사고,맑음,주간,차대사람,차대사람-기타,안전운전불이행,특별광역시도,길동역사거리,37.537776,127.140009,강동구,
2019,2,2,토요일,11,경상사고,0,0,1,0,33,여,1년미만,,승용,비사업용,승용,진입회전사고,흐림,주간,차대차,측면직각충돌,안전거리미확보,특별광역시도,길동역사거리,37.537776,127.140009,강동구,
2019,4,21,일요일,16,경상사고,0,0,2,0,44,여,15년미만,,승용,비사업용,승용,진입회전사고,맑음,주간,차대차,측면직각충돌,안전운전불이행,특별광역시도,길동역사거리,37.537776,127.140009,강동구,
2019,4,15,월요일,19,중상사고,0,2,0,0,64,남,5년미만,,승용,사업용,이륜,진입회전사고,맑음,출퇴근,차대차,측면직각충돌,기타,특별광역시도,길동역사거리,37.537776,127.140009,강동구,
2019,6,1,토요일,20,부상사고,0,0,0,1,71,남,4년미만,,화물,비사업용,이륜,기타사고,맑음,출퇴근,차대차,차대차-기타,안전운전불이행,특별광역시도,길동역사거리,37.537776,127.140009,강동구,
2019,9,16,월요일,21,경상사고,0,0,2,0,59,여,15년이상,,승용,비사업용,승합,진입회전사고,맑음,심야,차대차,측면직각충돌,안전운전불이행,특별광역시도,길동역사거리,37.537776,127.140009,강동구,
2019,11,19,화요일,19,중상사고,0,1,0,0,32,남,15년이상,,특수,사업용,보행자,보행횡단사고,흐림,출퇴근,차대사람,횡단중,안전운전불이행,특별광역시도,길동역사거리,37.537776,127.140009,강동구,
2017,3,1,수요일,5,사망사고,1,0,0,0,61,남,15년이상,,승용,사업용,보행자,보행횡단사고,맑음,새벽,차대사람,보도통행중,과속,특별광역시도,동신중사거리,37.5367808,127.1343268,강동구,
2017,3,23,목요일,7,경상사고,0,0,1,0,66,남,15년이상,,승용,사업용,기타,기타사고,맑음,출퇴근,차량단독,차량단독-기타,데이터없음,특별광역시도,동신중사거리,37.5367808,127.1343268,강동구,
2017,5,9,화요일,2,경상사고,0,0,2,0,55,남,15년이상,0,승용,비사업용,승용,진입회전사고,맑음,심야,차대차,측면직각충돌,안전운전불이행,특별광역시도,동신중사거리,37.5367808,127.1343268,강동구,
2017,6,25,일요일,20,중상사고,0,1,0,0,54,남,1년미만,,승용,사업용,보행자,기타사고,흐림,출퇴근,차대사람,차대사람-기타,안전운전불이행,특별광역시도,동신중사거리,37.5367808,127.1343268,강동구,
2017,9,14,목요일,7,중상사고,0,1,0,0,37,남,15년이상,,승용,비사업용,보행자,보행횡단사고,맑음,출퇴근,차대사람,횡단중,안전운전불이행,특별광역시도,동신중사거리,37.5367808,127.1343268,강동구,
2017,9,8,금요일,8,경상사고,0,0,1,0,42,여,15년이상,,자전거,기타,보행자,보행횡단사고,맑음,출퇴근,차대사람,보도통행중,데이터없음,특별광역시도,동신중사거리,37.5367808,127.1343268,강동구,
2017,9,21,목요일,11,경상사고,0,0,2,0,50,남,10년미만,,화물,비사업용,화물,진입회전사고,맑음,주간,차대차,측면직각충돌,안전거리미확보,특별광역시도,동신중사거리,37.5367808,127.1343268,강동구,
2018,3,9,금요일,12,경상사고,0,0,1,0,49,남,15년이상,,승합,사업용,보행자,기타사고,맑음,주간,차대사람,차대사람-기타,안전운전불이행,특별광역시도,동신중사거리,37.5367808,127.1343268,강동구,
2018,4,20,금요일,23,중상사고,0,1,0,0,38,남,1년미만,0,승용,비사업용,승용,일직선사고,맑음,심야,차대차,추돌(진행중),안전거리미확보,특별광역시도,동신중사거리,37.5367808,127.1343268,강동구,
2018,5,3,목요일,17,경상사고,0,0,1,0,38,여,15년미만,,승용,비사업용,보행자,기타사고,맑음,주간,차대사람,차대사람-기타,안전운전불이행,특별광역시도,동신중사거리,37.5367808,127.1343268,강동구,
2018,6,14,목요일,23,경상사고,0,0,2,0,28,남,10년미만,,승용,비사업용,승용,진입회전사고,맑음,심야,차대차,측면직각충돌,안전거리미확보,특별광역시도,동신중사거리,37.5367808,127.1343268,강동구,
2018,7,30,월요일,8,경상사고,0,0,2,0,26,남,4년미만,,승용,사업용,승용,일직선사고,맑음,출퇴근,차대차,추돌(진행중),안전거리미확보,특별광역시도,동신중사거리,37.5367808,127.1343268,강동구,
2018,7,6,금요일,10,경상사고,0,0,1,0,50,남,15년이상,,화물,사업용,보행자,보행횡단사고,맑음,주간,차대사람,횡단중,보행자보호의무위반,특별광역시도,동신중사거리,37.5367808,127.1343268,강동구,
2018,7,5,목요일,18,경상사고,0,0,1,0,36,남,15년이상,,승합,사업용,기타,기타사고,맑음,출퇴근,차량단독,차량단독-기타,안전운전불이행,특별광역시도,동신중사거리,37.5367808,127.1343268,강동구,
2018,8,27,월요일,16,경상사고,0,0,1,0,17,남,2년미만,,원동기,기타,보행자,기타사고,비,주간,차대사람,길가장자리구역통행중,안전운전불이행,특별광역시도,동신중사거리,37.5367808,127.1343268,강동구,
2018,10,22,월요일,7,중상사고,0,1,0,0,56,남,15년이상,,승합,사업용,보행자,기타사고,맑음,출퇴근,차대사람,차대사람-기타,안전운전불이행,특별광역시도,동신중사거리,37.5367808,127.1343268,강동구,
2018,10,20,토요일,16,경상사고,0,0,1,0,49,남,15년이상,,승합,사업용,기타,기타사고,맑음,주간,차대차,차대차-기타,안전거리미확보,특별광역시도,동신중사거리,37.5367808,127.1343268,강동구,
2018,10,17,수요일,18,부상사고,0,0,0,1,59,남,15년이상,,승합,사업용,기타,기타사고,맑음,출퇴근,차량단독,차량단독-기타,안전운전불이행,특별광역시도,동신중사거리,37.5367808,127.1343268,강동구,
2018,12,6,목요일,9,중상사고,0,1,0,0,30,남,10년미만,,승용,비사업용,보행자,기타사고,맑음,주간,차대사람,차대사람-기타,안전운전불이행,특별광역시도,동신중사거리,37.5367808,127.1343268,강동구,
2019,1,19,토요일,9,경상사고,0,0,1,0,37,남,15년이상,,승합,사업용,기타,기타사고,맑음,주간,차량단독,차량단독-기타,안전운전불이행,특별광역시도,동신중사거리,37.5367808,127.1343268,강동구,
2019,4,16,화요일,8,중상사고,0,1,0,0,51,여,10년미만,,승합,사업용,보행자,기타사고,맑음,출퇴근,차대사람,차대사람-기타,안전운전불이행,특별광역시도,동신중사거리,37.5367808,127.1343268,강동구,
2019,5,23,목요일,7,부상사고,0,0,0,1,불명,불명,데이터오류,,기타,데이터오류,기타,기타사고,맑음,출퇴근,차대차,차대차-기타,안전운전불이행,특별광역시도,동신중사거리,37.5367808,127.1343268,강동구,
2019,11,16,토요일,19,중상사고,0,1,0,0,40,남,15년이상,,승합,사업용,보행자,기타사고,맑음,출퇴근,차대사람,차도통행중,안전운전불이행,특별광역시도,동신중사거리,37.5367808,127.1343268,강동구,
2017,3,20,월요일,0,중상사고,0,1,2,0,55,남,15년이상,,승용,사업용,보행자,보행횡단사고,맑음,심야,차대사람,횡단중,안전운전불이행,특별광역시도,동신중사거리,37.5367808,127.1343268,강동구,