년도,월,일,요일,시각,사고등급,사망자수,중상자수,경상자수,부상자수,연령,성별,경력,음주,종별,용도,관련자2,사고형태,기상상태,일광상태,사고유형1,사고유형2,법규위반,도로종류,지점명,위도,경도,자치구,
2017,3,2,목요일,12,사망사고,1,0,1,0,76,남,데이터오류,,자전거,기타,보행자,보행횡단사고,맑음,주간,차대사람,횡단중,보행자보호의무위반,특별광역시도,동신중사거리,37.5367808,127.1343268,강동구,
2017,9,9,토요일,16,경상사고,0,0,1,0,57,남,15년이상,,승용,비사업용,승용,진입회전사고,맑음,주간,차대차,측면직각충돌,안전거리미확보,특별광역시도,동신중사거리,37.5367808,127.1343268,강동구,
2018,7,7,토요일,13,경상사고,0,0,1,0,51,남,15년이상,,승합,사업용,기타,기타사고,맑음,주간,차대차,차대차-기타,안전거리미확보,특별광역시도,동신중사거리,37.5367808,127.1343268,강동구,
2018,8,1,수요일,19,경상사고,0,0,1,0,57,여,15년이상,,승용,비사업용,기타,기타사고,맑음,출퇴근,차대차,차대차-기타,안전운전불이행,특별광역시도,동신중사거리,37.5367808,127.1343268,강동구,
2018,10,7,일요일,13,경상사고,0,0,1,0,26,남,10년미만,,승용,비사업용,승용,진입회전사고,맑음,주간,차대차,측면직각충돌,안전거리미확보,특별광역시도,동신중사거리,37.5367808,127.1343268,강동구,
2019,5,24,금요일,8,부상사고,0,0,0,1,36,남,15년이상,,승용,비사업용,승용,진입회전사고,맑음,출퇴근,차대차,측면직각충돌,안전운전불이행,특별광역시도,동신중사거리,37.5367808,127.1343268,강동구,
2019,6,8,토요일,8,경상사고,0,0,2,0,50,남,15년이상,,승용,사업용,승용,진입회전사고,맑음,출퇴근,차대차,측면직각충돌,안전거리미확보,특별광역시도,동신중사거리,37.5367808,127.1343268,강동구,
2019,6,20,목요일,21,경상사고,0,0,3,0,32,남,1년미만,,승용,비사업용,승용,진입회전사고,흐림,심야,차대차,측면직각충돌,안전거리미확보,특별광역시도,동신중사거리,37.5367808,127.1343268,강동구,
2019,9,18,수요일,19,부상사고,0,0,0,1,64,남,15년이상,,승용,사업용,기타,진입회전사고,맑음,출퇴근,차대차,측면직각충돌,안전운전불이행,특별광역시도,동신중사거리,37.5367808,127.1343268,강동구,
2017,9,30,토요일,13,경상사고,0,0,1,0,53,남,15년이상,,승합,사업용,보행자,기타사고,맑음,주간,차대사람,차대사람-기타,안전운전불이행,특별광역시도,동안교회사거리,37.5925823,127.0561051,강동구,
2017,11,18,토요일,6,중상사고,0,1,0,0,53,남,15년이상,,승용,사업용,화물,진입회전사고,맑음,새벽,차대차,측면직각충돌,안전거리미확보,특별광역시도,동안교회사거리,37.5925823,127.0561051,강동구,
2017,11,12,일요일,8,경상사고,0,0,2,0,58,여,15년미만,,승용,비사업용,승용,진입회전사고,맑음,출퇴근,차대차,측면직각충돌,안전거리미확보,특별광역시도,동안교회사거리,37.5925823,127.0561051,강동구,
2018,1,30,화요일,23,경상사고,0,0,1,0,57,남,15년이상,,승합,사업용,기타,기타사고,눈,심야,차량단독,차량단독-기타,기타,특별광역시도,동안교회사거리,37.5925823,127.0561051,강동구,
2018,7,31,화요일,14,경상사고,0,0,1,0,47,남,15년이상,,승합,사업용,승합,기타사고,맑음,주간,차대차,차대차-기타,안전거리미확보,특별광역시도,동안교회사거리,37.5925823,127.0561051,강동구,
2018,10,26,금요일,22,경상사고,0,0,1,0,69,남,15년이상,,승용,사업용,승용,일직선사고,맑음,심야,차대차,추돌(진행중),안전운전불이행,특별광역시도,동안교회사거리,37.5925823,127.0561051,강동구,
2018,11,1,목요일,13,경상사고,0,0,1,0,30,여,3년미만,,승용,비사업용,승합,진입회전사고,맑음,주간,차대차,측면직각충돌,안전운전불이행,특별광역시도,동안교회사거리,37.5925823,127.0561051,강동구,
2019,1,27,일요일,14,경상사고,0,0,2,0,37,남,15년미만,,승용,사업용,보행자,기타사고,맑음,주간,차대사람,차대사람-기타,안전운전불이행,특별광역시도,동안교회사거리,37.5925823,127.0561051,강동구,
2019,6,28,금요일,19,경상사고,0,0,1,0,31,남,10년미만,,이륜,데이터오류,보행자,보행횡단사고,맑음,출퇴근,차대사람,횡단중,안전운전불이행,특별광역시도,동안교회사거리,37.5925823,127.0561051,강동구,
2019,7,27,토요일,17,경상사고,0,0,1,0,56,남,15년이상,,승합,사업용,기타,기타사고,흐림,주간,차량단독,차량단독-기타,기타,특별광역시도,동안교회사거리,37.5925823,127.0561051,강동구,
2019,11,23,토요일,11,경상사고,0,0,1,0,19,남,1년미만,,승용,비사업용,승용,진입회전사고,맑음,주간,차대차,측면직각충돌,안전거리미확보,특별광역시도,동안교회사거리,37.5925823,127.0561051,강동구,
2019,11,2,토요일,12,중상사고,0,1,0,0,47,남,15년이상,,승합,사업용,보행자,기타사고,맑음,주간,차대사람,차대사람-기타,안전운전불이행,특별광역시도,동안교회사거리,37.5925823,127.0561051,강동구,
2019,11,2,토요일,16,경상사고,0,0,4,0,23,남,15년이상,,승용,비사업용,승용,진입회전사고,맑음,주간,차대차,측면직각충돌,안전거리미확보,특별광역시도,동안교회사거리,37.5925823,127.0561051,강동구,
2017,1,2,월요일,0,경상사고,0,0,1,0,35,남,15년이상,,승용,비사업용,승용,진입회전사고,맑음,심야,차대차,측면직각충돌,신호위반,특별광역시도,명일역사거리,37.5508008,127.1437193,강동구,
2017,2,2,목요일,18,경상사고,0,0,1,0,45,남,15년이상,,승합,사업용,승합,일직선사고,맑음,출퇴근,차대차,추돌(진행중),안전거리미확보,특별광역시도,명일역사거리,37.5508008,127.1437193,강동구,
2017,4,5,수요일,11,경상사고,0,0,1,0,88,남,데이터오류,,원동기,기타,보행자,보행횡단사고,맑음,주간,차대사람,횡단중,안전운전불이행,특별광역시도,명일역사거리,37.5508008,127.1437193,강동구,
2017,4,24,월요일,22,부상사고,0,0,0,1,44,남,15년이상,,승합,사업용,기타,기타사고,맑음,심야,차량단독,차량단독-기타,안전운전불이행,특별광역시도,명일역사거리,37.5508008,127.1437193,강동구,
2017,5,8,월요일,10,중상사고,0,1,0,0,불명,불명,데이터오류,,기타,데이터오류,기타,진입회전사고,맑음,주간,차대차,측면직각충돌,안전운전불이행,특별광역시도,명일역사거리,37.5508008,127.1437193,강동구,
2017,5,29,월요일,15,중상사고,0,1,0,0,41,남,15년이상,,화물,비사업용,보행자,보행횡단사고,맑음,주간,차대사람,횡단중,안전운전불이행,특별광역시도,명일역사거리,37.5508008,127.1437193,강동구,
2017,5,11,목요일,19,경상사고,0,0,1,0,17,남,15년이상,,원동기,기타,자전거,진입회전사고,흐림,출퇴근,차대차,차대차-기타,신호위반,특별광역시도,명일역사거리,37.5508008,127.1437193,강동구,
2017,5,11,목요일,22,중상사고,0,1,0,0,47,여,15년이상,,승용,비사업용,보행자,보행횡단사고,맑음,심야,차대사람,횡단중,안전운전불이행,특별광역시도,명일역사거리,37.5508008,127.1437193,강동구,
2017,6,22,목요일,8,중상사고,0,1,0,0,58,남,15년이상,,화물,비사업용,보행자,진입회전사고,맑음,출퇴근,차대사람,횡단중,신호위반,특별광역시도,명일역사거리,37.5508008,127.1437193,강동구,
2017,6,26,월요일,16,중상사고,0,1,0,0,55,남,15년이상,,승합,사업용,보행자,기타사고,맑음,주간,차대사람,차대사람-기타,안전운전불이행,특별광역시도,명일역사거리,37.5508008,127.1437193,강동구,
2017,6,22,목요일,22,중상사고,0,1,0,0,41,남,15년이상,,승합,사업용,보행자,기타사고,흐림,심야,차대사람,차대사람-기타,안전운전불이행,특별광역시도,명일역사거리,37.5508008,127.1437193,강동구,
2017,9,15,금요일,5,경상사고,0,0,1,0,26,남,10년미만,0,승용,비사업용,승용,일직선사고,맑음,새벽,차대차,추돌(진행중),안전운전불이행,특별광역시도,명일역사거리,37.5508008,127.1437193,강동구,
2017,9,4,월요일,19,경상사고,0,0,1,0,65,남,3년미만,,승용,비사업용,화물,일직선사고,맑음,출퇴근,차대차,추돌(진행중),안전운전불이행,특별광역시도,명일역사거리,37.5508008,127.1437193,강동구,
2017,12,17,일요일,21,중상사고,0,1,0,0,55,남,15년이상,,승용,사업용,이륜,기타사고,흐림,심야,차대차,차대차-기타,안전운전불이행,특별광역시도,명일역사거리,37.5508008,127.1437193,강동구,
2018,2,6,화요일,13,중상사고,0,1,0,0,61,남,데이터오류,,화물,비사업용,자전거,진입회전사고,맑음,주간,차대차,측면직각충돌,안전운전불이행,특별광역시도,명일역사거리,37.5508008,127.1437193,강동구,
2018,3,28,수요일,6,중상사고,0,1,1,0,45,남,15년이상,,승용,비사업용,승용,기타사고,맑음,새벽,차대차,차대차-기타,안전운전불이행,특별광역시도,명일역사거리,37.5508008,127.1437193,강동구,
2018,4,7,토요일,10,경상사고,0,0,1,0,45,여,10년미만,,승용,비사업용,승용,일직선사고,맑음,주간,차대차,추돌(진행중),안전운전불이행,특별광역시도,명일역사거리,37.5508008,127.1437193,강동구,
2018,5,18,금요일,17,중상사고,0,1,0,0,42,여,2년미만,,승용,비사업용,자전거,진입회전사고,맑음,주간,차대차,측면직각충돌,기타,특별광역시도,명일역사거리,37.5508008,127.1437193,강동구,
2018,6,15,금요일,14,경상사고,0,0,1,0,68,남,15년이상,,승용,사업용,승용,진입회전사고,맑음,주간,차대차,측면직각충돌,차로위반,특별광역시도,명일역사거리,37.5508008,127.1437193,강동구,
2018,7,10,화요일,0,경상사고,0,0,1,0,불명,불명,데이터오류,,기타,기타,기타,기타사고,비,심야,차대차,차대차-기타,안전운전불이행,특별광역시도,명일역사거리,37.5508008,127.1437193,강동구,
2018,8,24,금요일,16,경상사고,0,0,1,0,51,남,15년이상,,승합,사업용,승합,기타사고,맑음,주간,차대차,차대차-기타,안전거리미확보,특별광역시도,명일역사거리,37.5508008,127.1437193,강동구,
2018,8,18,토요일,21,부상사고,0,0,0,1,50,남,15년미만,,승용,사업용,이륜,일직선사고,맑음,심야,차대차,추돌(진행중),안전운전불이행,특별광역시도,명일역사거리,37.5508008,127.1437193,강동구,
2018,9,21,금요일,23,경상사고,0,0,1,0,57,남,15년이상,,승합,사업용,보행자,기타사고,맑음,심야,차대사람,차도통행중,기타,특별광역시도,명일역사거리,37.5508008,127.1437193,강동구,
2018,10,31,수요일,19,중상사고,0,1,3,0,60,여,15년이상,,승합,사업용,승합,진입회전사고,맑음,출퇴근,차대차,측면직각충돌,신호위반,특별광역시도,명일역사거리,37.5508008,127.1437193,강동구,
2018,11,8,목요일,8,경상사고,0,0,2,0,66,남,15년이상,,승용,사업용,화물,기타사고,맑음,출퇴근,차대차,차대차-기타,안전운전불이행,특별광역시도,명일역사거리,37.5508008,127.1437193,강동구,
2018,11,15,목요일,8,부상사고,0,0,0,2,38,남,15년이상,,승용,비사업용,승용,일직선사고,맑음,출퇴근,차대차,추돌(진행중),안전운전불이행,특별광역시도,명일역사거리,37.5508008,127.1437193,강동구,
2018,12,10,월요일,15,중상사고,0,2,0,0,59,남,15년이상,,승합,사업용,기타,기타사고,맑음,주간,차량단독,차량단독-기타,기타,특별광역시도,명일역사거리,37.5508008,127.1437193,강동구,
2018,12,21,금요일,18,경상사고,0,0,1,0,79,남,15년이상,,승용,비사업용,승용,진입회전사고,맑음,출퇴근,차대차,측면직각충돌,안전운전불이행,특별광역시도,명일역사거리,37.5508008,127.1437193,강동구,
2019,9,5,목요일,21,경상사고,0,0,1,0,32,남,15년미만,0,승용,비사업용,승용,일직선사고,맑음,심야,차대차,추돌(진행중),안전운전불이행,특별광역시도,명일역사거리,37.5508008,127.1437193,강동구,
2019,10,5,토요일,3,경상사고,0,0,2,0,62,남,15년이상,,승용,사업용,승용,진입회전사고,맑음,심야,차대차,측면직각충돌,안전운전불이행,특별광역시도,명일역사거리,37.5508008,127.1437193,강동구,
2019,12,20,금요일,18,중상사고,0,1,0,0,43,남,15년이상,,이륜,데이터오류,보행자,진입회전사고,맑음,출퇴근,차대사람,횡단중,신호위반,특별광역시도,명일역사거리,37.5508008,127.1437193,강동구,
2017,2,13,월요일,14,경상사고,0,0,2,0,44,여,15년이상,,승용,비사업용,승합,기타사고,맑음,주간,차대차,차대차-기타,안전운전불이행,특별광역시도,명일역사거리,37.5508008,127.1437193,강동구,
2017,3,11,토요일,6,경상사고,0,0,1,0,46,남,15년이상,,화물,비사업용,화물,일직선사고,맑음,새벽,차대차,추돌(진행중),안전운전불이행,특별광역시도,명일역사거리,37.5508008,127.1437193,강동구,
2017,12,16,토요일,5,경상사고,0,0,1,0,48,남,10년미만,0,승용,사업용,승용,일직선사고,흐림,새벽,차대차,추돌(진행중),안전운전불이행,특별광역시도,명일역사거리,37.5508008,127.1437193,강동구,
2019,1,23,수요일,16,경상사고,0,0,1,0,63,남,15년이상,,승용,비사업용,보행자,진입회전사고,맑음,주간,차대차,측면직각충돌,교차로운행방법위반,특별광역시도,명일역사거리,37.5508008,127.1437193,강동구,
2019,5,18,토요일,22,경상사고,0,0,1,0,44,남,15년이상,,승용,사업용,원동기,진입회전사고,맑음,심야,차대차,측면직각충돌,안전운전불이행,특별광역시도,명일역사거리,37.5508008,127.1437193,강동구,
2017,2,8,수요일,9,경상사고,0,0,1,0,55,남,15년이상,,승합,사업용,화물,진입회전사고,맑음,주간,차대차,측면직각충돌,신호위반,특별광역시도,상일2교사거리,37.547011,127.173594,강동구,
2017,2,3,금요일,11,중상사고,0,1,0,0,81,남,15년이상,,승용,비사업용,이륜,진입회전사고,맑음,주간,차대차,측면직각충돌,안전운전불이행,특별광역시도,상일2교사거리,37.547011,127.173594,강동구,
2017,2,26,일요일,22,중상사고,0,1,15,1,62,남,15년이상,,승용,사업용,승합,진입회전사고,맑음,심야,차대차,측면직각충돌,신호위반,특별광역시도,상일2교사거리,37.547011,127.173594,강동구,
2017,4,8,토요일,1,부상사고,0,0,0,3,47,남,15년이상,0,화물,사업용,화물,일직선사고,맑음,심야,차대차,추돌(진행중),안전운전불이행,특별광역시도,상일2교사거리,37.547011,127.173594,강동구,
2017,4,6,목요일,5,경상사고,0,0,1,0,29,남,10년미만,0,승용,사업용,승용,일직선사고,비,새벽,차대차,정면충돌,안전운전불이행,특별광역시도,상일2교사거리,37.547011,127.173594,강동구,
2017,5,30,화요일,8,중상사고,0,1,0,0,49,남,15년이상,,화물,비사업용,기타,기타사고,맑음,출퇴근,차량단독,전도전복,안전운전불이행,특별광역시도,상일2교사거리,37.547011,127.173594,강동구,
2017,6,3,토요일,14,경상사고,0,0,1,0,50,여,1년미만,,승용,비사업용,승용,진입회전사고,맑음,주간,차대차,정면충돌,신호위반,특별광역시도,상일2교사거리,37.547011,127.173594,강동구,
2017,6,15,목요일,21,중상사고,0,1,0,0,42,여,15년미만,,승합,사업용,이륜,진입회전사고,맑음,심야,차대차,정면충돌,신호위반,특별광역시도,상일2교사거리,37.547011,127.173594,강동구,
2017,8,4,금요일,11,경상사고,0,0,1,0,59,남,15년이상,,화물,비사업용,화물,기타사고,맑음,주간,차대차,차대차-기타,안전운전불이행,특별광역시도,상일2교사거리,37.547011,127.173594,강동구,
2017,8,19,토요일,21,경상사고,0,0,1,0,62,남,15년이상,,승용,사업용,보행자,기타사고,흐림,심야,차대사람,차대사람-기타,보행자보호의무위반,특별광역시도,상일2교사거리,37.547011,127.173594,강동구,
2017,9,8,금요일,7,중상사고,0,2,0,0,48,남,15년이상,,승용,비사업용,승용,진입회전사고,맑음,출퇴근,차대차,측면직각충돌,신호위반,특별광역시도,상일2교사거리,37.547011,127.173594,강동구,
2017,11,17,금요일,11,중상사고,0,1,0,0,46,남,15년이상,,건설기계,사업용,보행자,기타사고,맑음,주간,차대사람,차도통행중,안전운전불이행,특별광역시도,상일2교사거리,37.547011,127.173594,강동구,
2018,2,12,월요일,10,경상사고,0,0,1,0,46,여,15년미만,,승용,비사업용,건설기계,진입회전사고,맑음,주간,차대차,측면직각충돌,교차로운행방법위반,특별광역시도,상일2교사거리,37.547011,127.173594,강동구,
2018,2,16,금요일,11,경상사고,0,0,3,0,64,남,15년이상,,승용,사업용,승용,기타사고,맑음,주간,차대차,차대차-기타,안전운전불이행,특별광역시도,상일2교사거리,37.547011,127.173594,강동구,
2018,4,14,토요일,13,경상사고,0,0,1,0,불명,불명,데이터오류,,기타,기타,기타,기타사고,맑음,주간,차대차,차대차-기타,안전운전불이행,특별광역시도,상일2교사거리,37.547011,127.173594,강동구,
2018,10,4,목요일,14,경상사고,0,0,1,0,62,남,15년이상,,승용,비사업용,승용,일직선사고,맑음,주간,차대차,추돌(진행중),안전운전불이행,특별광역시도,상일2교사거리,37.547011,127.173594,강동구,
2018,11,13,화요일,9,경상사고,0,0,1,0,76,여,15년이상,,승용,비사업용,승합,진입회전사고,맑음,주간,차대차,차대차-기타,신호위반,특별광역시도,상일2교사거리,37.547011,127.173594,강동구,
2018,11,9,금요일,16,중상사고,0,1,0,0,48,남,15년이상,,승용,비사업용,자전거,진입회전사고,맑음,주간,차대차,측면직각충돌,안전운전불이행,특별광역시도,상일2교사거리,37.547011,127.173594,강동구,
2019,3,15,금요일,23,중상사고,0,1,1,0,49,남,15년이상,,승합,사업용,승합,진입회전사고,비,심야,차대차,측면직각충돌,기타,특별광역시도,상일2교사거리,37.547011,127.173594,강동구,
2019,4,25,목요일,11,부상사고,0,0,0,1,불명,불명,데이터오류,,기타,데이터오류,기타,일직선사고,맑음,주간,차대차,추돌(진행중),안전운전불이행,특별광역시도,상일2교사거리,37.547011,127.173594,강동구,
2019,5,2,목요일,8,경상사고,0,0,1,0,53,남,15년이상,,화물,비사업용,화물,일직선사고,맑음,출퇴근,차대차,추돌(진행중),안전운전불이행,특별광역시도,상일2교사거리,37.547011,127.173594,강동구,
2019,6,9,일요일,9,경상사고,0,0,1,0,62,남,15년이상,,승합,사업용,보행자,기타사고,맑음,주간,차대사람,차대사람-기타,안전운전불이행,특별광역시도,상일2교사거리,37.547011,127.173594,강동구,
2019,6,6,목요일,21,경상사고,0,0,2,0,61,남,15년이상,,승용,비사업용,승용,기타사고,비,심야,차대차,차대차-기타,안전운전불이행,특별광역시도,상일2교사거리,37.547011,127.173594,강동구,
2019,7,22,월요일,8,경상사고,0,0,1,0,46,여,15년이상,,승용,비사업용,자전거,진입회전사고,맑음,출퇴근,차대차,측면직각충돌,안전운전불이행,특별광역시도,상일2교사거리,37.547011,127.173594,강동구,
2019,8,26,월요일,8,중상사고,0,1,0,0,47,남,15년미만,,승용,비사업용,이륜,진입회전사고,맑음,출퇴근,차대차,측면직각충돌,안전거리미확보,특별광역시도,상일2교사거리,37.547011,127.173594,강동구,
2019,8,31,토요일,17,중상사고,0,2,0,0,27,남,3년미만,,승용,비사업용,승용,일직선사고,맑음,주간,차대차,추돌(진행중),안전운전불이행,특별광역시도,상일2교사거리,37.547011,127.173594,강동구,
2019,9,19,목요일,7,경상사고,0,0,1,0,59,남,15년이상,,화물,비사업용,화물,진입회전사고,맑음,출퇴근,차대차,측면직각충돌,안전거리미확보,특별광역시도,상일2교사거리,37.547011,127.173594,강동구,
2019,9,24,화요일,11,중상사고,0,1,0,0,57,남,10년미만,,승용,비사업용,이륜,진입회전사고,맑음,주간,차대차,측면직각충돌,안전거리미확보,특별광역시도,상일2교사거리,37.547011,127.173594,강동구,
2017,4,13,목요일,0,경상사고,0,0,1,0,17,남,데이터오류,,화물,비사업용,화물,일직선사고,맑음,심야,차대차,추돌(진행중),안전운전불이행,특별광역시도,생태공원앞,37.5384121,127.1525444,강동구,
2017,4,15,토요일,13,경상사고,0,0,5,0,57,여,15년이상,,승용,비사업용,승용,기타사고,맑음,주간,차대차,차대차-기타,안전운전불이행,특별광역시도,생태공원앞,37.5384121,127.1525444,강동구,
2017,7,25,화요일,17,경상사고,0,0,2,0,63,남,15년이상,,승용,사업용,승용,일직선사고,맑음,주간,차대차,추돌(진행중),안전운전불이행,특별광역시도,생태공원앞,37.5384121,127.1525444,강동구,
2017,12,9,토요일,2,경상사고,0,0,2,0,37,남,15년이상,0,승합,비사업용,승합,일직선사고,맑음,심야,차대차,추돌(진행중),안전거리미확보,특별광역시도,생태공원앞,37.5384121,127.1525444,강동구,
2018,2,8,목요일,23,경상사고,0,0,1,0,31,남,10년미만,0,승용,비사업용,승용,일직선사고,맑음,심야,차대차,추돌(진행중),안전운전불이행,특별광역시도,생태공원앞,37.5384121,127.1525444,강동구,
2018,3,10,토요일,18,경상사고,0,0,2,0,44,남,15년이상,,승용,비사업용,승용,진입회전사고,맑음,출퇴근,차대차,측면직각충돌,안전거리미확보,특별광역시도,생태공원앞,37.5384121,127.1525444,강동구,
2018,4,5,목요일,3,중상사고,0,1,1,0,64,남,15년이상,,승용,사업용,승용,일직선사고,비,심야,차대차,추돌(진행중),안전운전불이행,특별광역시도,생태공원앞,37.5384121,127.1525444,강동구,
2018,4,7,토요일,21,중상사고,0,1,0,0,44,여,15년이상,,승용,비사업용,승용,진입회전사고,맑음,심야,차대차,정면충돌,신호위반,특별광역시도,생태공원앞,37.5384121,127.1525444,강동구,
2018,5,20,일요일,15,중상사고,0,1,0,0,57,남,15년이상,,화물,사업용,이륜,진입회전사고,맑음,주간,차대차,측면직각충돌,안전운전불이행,특별광역시도,생태공원앞,37.5384121,127.1525444,강동구,
2018,6,15,금요일,14,경상사고,0,0,2,1,46,남,15년미만,,승합,비사업용,화물,진입회전사고,맑음,주간,차대차,차대차-기타,신호위반,특별광역시도,생태공원앞,37.5384121,127.1525444,강동구,
2018,6,22,금요일,14,중상사고,0,1,1,0,25,남,10년미만,,승용,비사업용,이륜,진입회전사고,맑음,주간,차대차,측면직각충돌,신호위반,특별광역시도,생태공원앞,37.5384121,127.1525444,강동구,
2018,8,18,토요일,9,부상사고,0,0,0,1,43,남,15년이상,,승용,비사업용,이륜,진입회전사고,맑음,주간,차대차,차대차-기타,신호위반,특별광역시도,생태공원앞,37.5384121,127.1525444,강동구,
2018,11,28,수요일,16,경상사고,0,0,2,0,62,남,15년이상,,승용,사업용,화물,일직선사고,맑음,주간,차대차,추돌(진행중),안전거리미확보,특별광역시도,생태공원앞,37.5384121,127.1525444,강동구,
2018,11,28,수요일,16,중상사고,0,1,0,0,63,남,15년미만,,승용,비사업용,이륜,진입회전사고,맑음,주간,차대차,측면직각충돌,신호위반,특별광역시도,생태공원앞,37.5384121,127.1525444,강동구,
2019,2,25,월요일,10,경상사고,0,0,2,0,49,남,15년미만,,승용,비사업용,승용,일직선사고,맑음,주간,차대차,추돌(진행중),안전거리미확보,특별광역시도,생태공원앞,37.5384121,127.1525444,강동구,
2019,3,17,일요일,16,부상사고,0,0,0,1,불명,불명,데이터오류,,기타,데이터오류,기타,기타사고,맑음,주간,차대사람,차대사람-기타,안전운전불이행,특별광역시도,생태공원앞,37.5384121,127.1525444,강동구,
2019,3,22,금요일,20,경상사고,0,0,1,0,27,남,10년미만,,승용,비사업용,승용,진입회전사고,흐림,출퇴근,차대차,측면직각충돌,신호위반,특별광역시도,생태공원앞,37.5384121,127.1525444,강동구,
2019,4,26,금요일,7,경상사고,0,0,1,1,28,여,10년미만,,승용,비사업용,이륜,진입회전사고,비,출퇴근,차대차,측면직각충돌,기타,특별광역시도,생태공원앞,37.5384121,127.1525444,강동구,
2019,4,7,일요일,16,경상사고,0,0,2,0,58,여,15년이상,,승용,사업용,승용,진입회전사고,맑음,주간,차대차,차대차-기타,신호위반,특별광역시도,생태공원앞,37.5384121,127.1525444,강동구,
2019,4,30,화요일,19,경상사고,0,0,1,0,58,남,15년이상,,승합,사업용,승합,기타사고,맑음,출퇴근,차대차,차대차-기타,안전운전불이행,특별광역시도,생태공원앞,37.5384121,127.1525444,강동구,
2019,4,9,화요일,22,부상사고,0,0,0,1,63,남,15년이상,,승용,사업용,승용,일직선사고,비,심야,차대차,추돌(진행중),안전거리미확보,특별광역시도,생태공원앞,37.5384121,127.1525444,강동구,
2019,7,29,월요일,4,경상사고,0,0,1,0,70,남,15년이상,,승용,사업용,승용,진입회전사고,맑음,심야,차대차,측면직각충돌,신호위반,특별광역시도,생태공원앞,37.5384121,127.1525444,강동구,
2019,7,18,목요일,5,중상사고,0,1,1,0,61,남,15년이상,,승용,사업용,이륜,진입회전사고,맑음,새벽,차대차,측면직각충돌,신호위반,특별광역시도,생태공원앞,37.5384121,127.1525444,강동구,
2019,7,9,화요일,20,경상사고,0,0,1,0,54,여,15년이상,,승용,비사업용,승용,진입회전사고,맑음,출퇴근,차대차,차대차-기타,신호위반,특별광역시도,생태공원앞,37.5384121,127.1525444,강동구,
2019,9,2,월요일,5,사망사고,1,0,0,0,67,남,5년미만,,화물,비사업용,보행자,진입회전사고,맑음,새벽,차대사람,횡단중,신호위반,특별광역시도,생태공원앞,37.5384121,127.1525444,강동구,
2019,10,20,일요일,3,중상사고,0,2,0,0,53,여,15년이상,,승용,사업용,승용,진입회전사고,맑음,심야,차대차,측면직각충돌,신호위반,특별광역시도,생태공원앞,37.5384121,127.1525444,강동구,
2019,10,26,토요일,3,경상사고,0,0,1,0,70,남,15년이상,,승용,사업용,기타,진입회전사고,맑음,심야,차대차,측면직각충돌,안전거리미확보,특별광역시도,생태공원앞,37.5384121,127.1525444,강동구,
2019,10,11,금요일,5,중상사고,0,2,0,0,64,남,15년미만,,승합,비사업용,화물,진입회전사고,흐림,새벽,차대차,측면직각충돌,신호위반,특별광역시도,생태공원앞,37.5384121,127.1525444,강동구,
2019,11,14,목요일,19,경상사고,0,0,1,0,52,남,15년이상,,승합,사업용,이륜,진입회전사고,맑음,출퇴근,차대차,측면직각충돌,신호위반,특별광역시도,생태공원앞,37.5384121,127.1525444,강동구,
2019,12,10,화요일,17,경상사고,0,0,2,0,48,남,15년이상,,승용,비사업용,승용,진입회전사고,맑음,주간,차대차,측면직각충돌,기타,특별광역시도,생태공원앞,37.5384121,127.1525444,강동구,
2017,2,11,토요일,22,경상사고,0,0,1,0,51,남,15년이상,0,승용,비사업용,승용,일직선사고,맑음,심야,차대차,추돌(진행중),안전운전불이행,특별광역시도,생태공원앞,37.5384121,127.1525444,강동구,
2017,9,6,수요일,16,경상사고,0,0,2,0,46,남,15년이상,,승용,사업용,승용,일직선사고,맑음,주간,차대차,추돌(진행중),안전운전불이행,특별광역시도,생태공원앞,37.5384121,127.1525444,강동구,
2017,10,19,목요일,1,경상사고,0,0,1,0,31,남,15년이상,0,승용,비사업용,승합,기타사고,흐림,심야,차대차,차대차-기타,안전운전불이행,특별광역시도,생태공원앞,37.5384121,127.1525444,강동구,
2017,12,24,일요일,20,경상사고,0,0,1,0,51,남,15년이상,,승용,비사업용,승합,진입회전사고,맑음,출퇴근,차대차,측면직각충돌,안전운전불이행,특별광역시도,생태공원앞,37.5384121,127.1525444,강동구,
2018,7,7,토요일,10,사망사고,1,0,0,0,41,여,15년미만,,승용,비사업용,자전거,일직선사고,맑음,주간,차대차,정면충돌,안전운전불이행,특별광역시도,생태공원앞,37.5384121,127.1525444,강동구,
2018,8,3,금요일,20,경상사고,0,0,1,0,49,남,15년미만,0,승용,비사업용,승용,일직선사고,맑음,출퇴근,차대차,추돌(진행중),안전운전불이행,특별광역시도,생태공원앞,37.5384121,127.1525444,강동구,
2018,9,21,금요일,13,경상사고,0,0,2,0,59,여,15년이상,,승용,비사업용,승용,일직선사고,맑음,주간,차대차,추돌(진행중),안전운전불이행,특별광역시도,생태공원앞,37.5384121,127.1525444,강동구,
2018,9,27,목요일,16,중상사고,0,1,0,0,57,남,15년이상,,화물,비사업용,이륜,일직선사고,맑음,주간,차대차,추돌(진행중),안전거리미확보,특별광역시도,생태공원앞,37.5384121,127.1525444,강동구,