년도,월,일,요일,시각,사고등급,사망자수,중상자수,경상자수,부상자수,연령,성별,경력,음주,종별,용도,관련자2,사고형태,기상상태,일광상태,사고유형1,사고유형2,법규위반,도로종류,지점명,위도,경도,자치구,
2018,11,8,목요일,18,경상사고,0,0,1,0,47,남,15년이상,,승용,비사업용,승용,일직선사고,맑음,출퇴근,차대차,추돌(진행중),안전거리미확보,특별광역시도,생태공원앞,37.5384121,127.1525444,강동구,
2019,3,13,수요일,8,중상사고,0,1,0,0,35,남,15년이상,,승용,비사업용,승용,기타사고,맑음,출퇴근,차대차,차대차-기타,안전거리미확보,특별광역시도,생태공원앞,37.5384121,127.1525444,강동구,
2019,6,8,토요일,14,경상사고,0,0,1,0,46,남,3년미만,,승용,비사업용,승용,진입회전사고,맑음,주간,차대차,측면직각충돌,안전거리미확보,특별광역시도,생태공원앞,37.5384121,127.1525444,강동구,
2019,8,3,토요일,9,경상사고,0,0,4,0,45,여,15년이상,,승용,사업용,승용,일직선사고,맑음,주간,차대차,추돌(진행중),안전운전불이행,특별광역시도,생태공원앞,37.5384121,127.1525444,강동구,
2019,8,13,화요일,9,경상사고,0,0,1,0,27,남,10년미만,,승용,비사업용,화물,진입회전사고,맑음,주간,차대차,측면직각충돌,안전운전불이행,특별광역시도,생태공원앞,37.5384121,127.1525444,강동구,
2019,8,19,월요일,22,경상사고,0,0,3,0,35,남,15년이상,0,승용,비사업용,승용,일직선사고,맑음,심야,차대차,추돌(진행중),안전거리미확보,특별광역시도,생태공원앞,37.5384121,127.1525444,강동구,
2019,12,1,일요일,6,경상사고,0,0,4,0,61,남,15년이상,0,승용,비사업용,승용,일직선사고,맑음,새벽,차대차,추돌(진행중),안전운전불이행,특별광역시도,생태공원앞,37.5384121,127.1525444,강동구,
2017,1,21,토요일,1,경상사고,0,0,1,0,49,남,15년이상,0,승용,비사업용,화물,일직선사고,맑음,심야,차대차,추돌(진행중),안전운전불이행,특별광역시도,올림픽공원북2문,37.5206868,127.1214941,강동구,
2017,1,21,토요일,1,경상사고,0,0,1,0,63,남,15년이상,,승용,비사업용,승합,진입회전사고,맑음,심야,차대차,차대차-기타,신호위반,특별광역시도,올림픽공원북2문,37.5206868,127.1214941,강동구,
2017,1,25,수요일,16,중상사고,0,2,0,0,50,여,15년이상,,승용,비사업용,승용,진입회전사고,맑음,주간,차대차,정면충돌,신호위반,특별광역시도,올림픽공원북2문,37.5206868,127.1214941,강동구,
2017,3,17,금요일,2,중상사고,0,1,3,0,67,남,15년이상,,승용,사업용,승용,진입회전사고,맑음,심야,차대차,정면충돌,신호위반,특별광역시도,올림픽공원북2문,37.5206868,127.1214941,강동구,
2017,3,23,목요일,12,경상사고,0,0,1,0,19,여,15년이상,,승용,비사업용,승용,진입회전사고,맑음,주간,차대차,정면충돌,신호위반,특별광역시도,올림픽공원북2문,37.5206868,127.1214941,강동구,
2017,6,8,목요일,5,중상사고,0,1,0,0,79,남,15년이상,,승용,비사업용,보행자,보행횡단사고,맑음,새벽,차대사람,횡단중,안전운전불이행,특별광역시도,올림픽공원북2문,37.5206868,127.1214941,강동구,
2017,6,23,금요일,13,중상사고,0,2,0,0,41,남,15년이상,,화물,비사업용,화물,진입회전사고,맑음,주간,차대차,측면직각충돌,안전운전불이행,특별광역시도,올림픽공원북2문,37.5206868,127.1214941,강동구,
2017,6,26,월요일,22,경상사고,0,0,3,0,35,남,1년미만,0,승용,비사업용,승용,일직선사고,맑음,심야,차대차,추돌(진행중),안전운전불이행,특별광역시도,올림픽공원북2문,37.5206868,127.1214941,강동구,
2018,2,10,토요일,8,경상사고,0,0,2,0,66,남,15년이상,,승용,사업용,승용,기타사고,맑음,출퇴근,차대차,차대차-기타,안전운전불이행,특별광역시도,올림픽공원북2문,37.5206868,127.1214941,강동구,
2018,3,4,일요일,1,중상사고,0,1,0,0,31,남,15년미만,0,승용,비사업용,자전거,기타사고,맑음,심야,차대차,차대차-기타,안전운전불이행,특별광역시도,올림픽공원북2문,37.5206868,127.1214941,강동구,
2018,3,8,목요일,1,경상사고,0,0,1,0,62,남,15년이상,,승용,사업용,승용,진입회전사고,비,심야,차대차,측면직각충돌,신호위반,특별광역시도,올림픽공원북2문,37.5206868,127.1214941,강동구,
2018,5,17,목요일,0,경상사고,0,0,2,1,53,남,15년이상,,승용,비사업용,승용,진입회전사고,비,심야,차대차,측면직각충돌,신호위반,특별광역시도,올림픽공원북2문,37.5206868,127.1214941,강동구,
2018,5,3,목요일,16,부상사고,0,0,0,1,49,여,15년이상,,승용,사업용,자전거,진입회전사고,맑음,주간,차대차,측면직각충돌,신호위반,특별광역시도,올림픽공원북2문,37.5206868,127.1214941,강동구,
2018,7,24,화요일,17,경상사고,0,0,1,0,62,남,15년이상,,승용,비사업용,특수,기타사고,맑음,주간,차대차,차대차-기타,차로위반,특별광역시도,올림픽공원북2문,37.5206868,127.1214941,강동구,
2018,8,22,수요일,8,경상사고,0,0,2,0,58,여,15년이상,,승용,비사업용,승용,진입회전사고,맑음,출퇴근,차대차,측면직각충돌,안전거리미확보,특별광역시도,올림픽공원북2문,37.5206868,127.1214941,강동구,
2018,8,29,수요일,11,경상사고,0,0,1,0,40,남,15년이상,,승용,비사업용,승용,일직선사고,맑음,주간,차대차,추돌(진행중),안전운전불이행,특별광역시도,올림픽공원북2문,37.5206868,127.1214941,강동구,
2019,2,3,일요일,5,경상사고,0,0,2,0,57,여,15년이상,,승용,비사업용,승용,진입회전사고,비,새벽,차대차,정면충돌,신호위반,특별광역시도,올림픽공원북2문,37.5206868,127.1214941,강동구,
2019,3,15,금요일,19,경상사고,0,0,2,0,53,여,3년미만,,승용,비사업용,승용,진입회전사고,맑음,출퇴근,차대차,측면직각충돌,신호위반,특별광역시도,올림픽공원북2문,37.5206868,127.1214941,강동구,
2019,4,2,화요일,2,중상사고,0,1,0,1,68,남,15년이상,,승용,사업용,이륜,진입회전사고,흐림,심야,차대차,측면직각충돌,신호위반,특별광역시도,올림픽공원북2문,37.5206868,127.1214941,강동구,
2019,4,12,금요일,8,경상사고,0,0,1,1,40,여,15년미만,,승용,비사업용,승용,진입회전사고,맑음,출퇴근,차대차,측면직각충돌,안전거리미확보,특별광역시도,올림픽공원북2문,37.5206868,127.1214941,강동구,
2019,6,16,일요일,4,중상사고,0,1,0,0,28,남,10년미만,0,승용,비사업용,자전거,일직선사고,맑음,심야,차대차,추돌(진행중),안전운전불이행,특별광역시도,올림픽공원북2문,37.5206868,127.1214941,강동구,
2019,7,9,화요일,2,사망사고,1,0,0,0,48,남,15년이상,,승용,사업용,보행자,보행횡단사고,맑음,심야,차대사람,횡단중,과속,특별광역시도,올림픽공원북2문,37.5206868,127.1214941,강동구,
2019,8,3,토요일,22,중상사고,0,1,1,0,56,남,15년이상,,승용,비사업용,승용,일직선사고,맑음,심야,차대차,추돌(진행중),안전운전불이행,특별광역시도,올림픽공원북2문,37.5206868,127.1214941,강동구,
2019,9,6,금요일,7,경상사고,0,0,2,0,64,남,15년이상,,특수,사업용,특수,진입회전사고,맑음,출퇴근,차대차,측면직각충돌,교차로운행방법위반,특별광역시도,올림픽공원북2문,37.5206868,127.1214941,강동구,
2019,9,1,일요일,14,경상사고,0,0,2,0,55,남,15년이상,,승용,사업용,승용,진입회전사고,맑음,주간,차대차,측면직각충돌,안전운전불이행,특별광역시도,올림픽공원북2문,37.5206868,127.1214941,강동구,
2019,10,23,수요일,14,중상사고,0,1,0,0,69,남,15년이상,,자전거,데이터오류,보행자,기타사고,맑음,주간,차대사람,차도통행중,안전운전불이행,특별광역시도,올림픽공원북2문,37.5206868,127.1214941,강동구,
2019,11,27,수요일,7,경상사고,0,0,2,0,74,남,15년이상,,승용,사업용,승용,진입회전사고,맑음,출퇴근,차대차,추돌(진행중),신호위반,특별광역시도,올림픽공원북2문,37.5206868,127.1214941,강동구,
2019,11,9,토요일,16,중상사고,0,1,0,0,33,남,15년미만,,승용,비사업용,승용,진입회전사고,맑음,주간,차대차,정면충돌,신호위반,특별광역시도,올림픽공원북2문,37.5206868,127.1214941,강동구,
2019,11,23,토요일,17,중상사고,0,2,1,0,57,남,15년미만,,승용,비사업용,화물,진입회전사고,맑음,주간,차대차,측면직각충돌,신호위반,특별광역시도,올림픽공원북2문,37.5206868,127.1214941,강동구,
2019,12,1,일요일,21,경상사고,0,0,1,1,61,남,15년이상,,승용,사업용,화물,일직선사고,비,심야,차대차,추돌(진행중),안전거리미확보,특별광역시도,올림픽공원북2문,37.5206868,127.1214941,강동구,
2017,1,25,수요일,13,경상사고,0,0,2,0,36,여,15년미만,,승용,비사업용,승용,일직선사고,맑음,주간,차대차,추돌(진행중),안전거리미확보,특별광역시도,이마트사거리,37.4794109,126.8556457,강동구,
2017,2,16,목요일,16,경상사고,0,0,1,0,58,남,15년이상,,건설기계,사업용,건설기계,진입회전사고,맑음,주간,차대차,차대차-기타,신호위반,특별광역시도,이마트사거리,37.4794109,126.8556457,강동구,
2017,3,10,금요일,23,경상사고,0,0,1,0,34,남,15년이상,0,승용,비사업용,승용,일직선사고,맑음,심야,차대차,추돌(진행중),안전운전불이행,특별광역시도,이마트사거리,37.4794109,126.8556457,강동구,
2017,4,24,월요일,9,중상사고,0,1,1,0,72,남,15년이상,,승용,비사업용,승합,진입회전사고,맑음,주간,차대차,측면직각충돌,교차로운행방법위반,특별광역시도,이마트사거리,37.4794109,126.8556457,강동구,
2017,6,3,토요일,17,부상사고,0,0,0,1,불명,불명,데이터오류,,기타,데이터오류,기타,기타사고,맑음,주간,차대차,차대차-기타,안전운전불이행,특별광역시도,이마트사거리,37.4794109,126.8556457,강동구,
2017,6,28,수요일,17,경상사고,0,0,1,0,45,여,15년이상,,승용,비사업용,승용,기타사고,맑음,주간,차대차,차대차-기타,교차로운행방법위반,특별광역시도,이마트사거리,37.4794109,126.8556457,강동구,
2017,8,26,토요일,1,부상사고,0,0,0,1,28,남,1년미만,,자전거,기타,자전거,기타사고,맑음,심야,차대차,차대차-기타,불법유턴,특별광역시도,이마트사거리,37.4794109,126.8556457,강동구,
2017,9,23,토요일,22,경상사고,0,0,1,0,60,남,15년이상,,승용,비사업용,승용,진입회전사고,맑음,심야,차대차,측면직각충돌,안전거리미확보,특별광역시도,이마트사거리,37.4794109,126.8556457,강동구,
2017,10,25,수요일,19,경상사고,0,0,1,0,72,남,15년이상,,자전거,기타,보행자,기타사고,맑음,출퇴근,차대사람,차대사람-기타,안전운전불이행,특별광역시도,이마트사거리,37.4794109,126.8556457,강동구,
2017,11,23,목요일,13,중상사고,0,1,0,0,51,남,15년이상,,승합,사업용,기타,기타사고,맑음,주간,차량단독,차량단독-기타,안전운전불이행,특별광역시도,이마트사거리,37.4794109,126.8556457,강동구,
2018,1,8,월요일,17,경상사고,0,0,1,0,64,남,15년이상,,승용,비사업용,보행자,보행횡단사고,맑음,주간,차대사람,횡단중,안전운전불이행,특별광역시도,이마트사거리,37.4794109,126.8556457,강동구,
2018,2,17,토요일,10,중상사고,0,1,1,0,65,남,10년미만,,화물,비사업용,보행자,진입회전사고,맑음,주간,차대차,측면직각충돌,신호위반,특별광역시도,이마트사거리,37.4794109,126.8556457,강동구,
2018,2,11,일요일,14,경상사고,0,0,1,0,60,남,15년이상,,승용,비사업용,화물,진입회전사고,맑음,주간,차대차,측면직각충돌,신호위반,특별광역시도,이마트사거리,37.4794109,126.8556457,강동구,
2018,5,1,화요일,5,중상사고,0,1,0,0,43,여,15년이상,,승용,비사업용,승용,진입회전사고,맑음,새벽,차대차,차대차-기타,신호위반,특별광역시도,이마트사거리,37.4794109,126.8556457,강동구,
2018,7,27,금요일,9,경상사고,0,0,1,0,48,남,15년이상,,승용,사업용,승용,진입회전사고,맑음,주간,차대차,차대차-기타,신호위반,특별광역시도,이마트사거리,37.4794109,126.8556457,강동구,
2018,10,14,일요일,21,경상사고,0,0,1,0,67,남,15년이상,,승용,사업용,이륜,진입회전사고,맑음,심야,차대차,측면직각충돌,안전운전불이행,특별광역시도,이마트사거리,37.4794109,126.8556457,강동구,
2019,1,18,금요일,17,경상사고,0,0,1,0,67,남,15년이상,,건설기계,사업용,건설기계,기타사고,맑음,주간,차대차,차대차-기타,안전운전불이행,특별광역시도,이마트사거리,37.4794109,126.8556457,강동구,
2019,3,8,금요일,6,경상사고,0,0,2,0,47,남,15년이상,,승용,비사업용,승용,일직선사고,맑음,새벽,차대차,추돌(진행중),안전거리미확보,특별광역시도,이마트사거리,37.4794109,126.8556457,강동구,
2019,3,16,토요일,16,경상사고,0,0,3,0,54,남,4년미만,,승용,비사업용,승용,진입회전사고,맑음,주간,차대차,측면직각충돌,안전거리미확보,특별광역시도,이마트사거리,37.4794109,126.8556457,강동구,
2019,3,31,일요일,20,경상사고,0,0,1,0,62,남,15년이상,,승용,비사업용,승용,진입회전사고,맑음,출퇴근,차대차,측면직각충돌,안전운전불이행,특별광역시도,이마트사거리,37.4794109,126.8556457,강동구,
2019,4,19,금요일,0,경상사고,0,0,1,0,53,남,15년이상,,화물,비사업용,화물,진입회전사고,맑음,심야,차대차,정면충돌,신호위반,특별광역시도,이마트사거리,37.4794109,126.8556457,강동구,
2019,4,18,목요일,6,중상사고,0,1,0,0,67,남,15년이상,,승용,사업용,이륜,진입회전사고,맑음,새벽,차대차,측면직각충돌,안전운전불이행,특별광역시도,이마트사거리,37.4794109,126.8556457,강동구,
2019,7,22,월요일,22,중상사고,0,3,0,0,56,여,15년이상,,승용,비사업용,승용,일직선사고,맑음,심야,차대차,추돌(진행중),안전운전불이행,특별광역시도,이마트사거리,37.4794109,126.8556457,강동구,
2019,11,29,금요일,11,중상사고,0,1,0,0,30,남,15년미만,,승용,비사업용,승용,진입회전사고,맑음,주간,차대차,정면충돌,신호위반,특별광역시도,이마트사거리,37.4794109,126.8556457,강동구,
2019,11,14,목요일,17,중상사고,0,1,0,0,63,남,15년이상,,승용,사업용,이륜,진입회전사고,맑음,주간,차대차,정면충돌,신호위반,특별광역시도,이마트사거리,37.4794109,126.8556457,강동구,
2017,3,8,수요일,1,경상사고,0,0,1,0,54,남,15년이상,0,승용,비사업용,승용,일직선사고,맑음,심야,차대차,추돌(진행중),안전운전불이행,특별광역시도,천동초입구사거리,36.3157773,127.4457481,강동구,
2017,3,4,토요일,19,중상사고,0,1,0,0,55,남,15년이상,,승용,사업용,보행자,보행횡단사고,흐림,출퇴근,차대사람,횡단중,보행자보호의무위반,특별광역시도,천동초입구사거리,36.3157773,127.4457481,강동구,
2017,4,1,토요일,5,경상사고,0,0,1,0,27,남,10년미만,,승용,비사업용,보행자,보행횡단사고,맑음,새벽,차대사람,횡단중,안전운전불이행,특별광역시도,천동초입구사거리,36.3157773,127.4457481,강동구,
2017,4,11,화요일,18,중상사고,0,1,0,0,불명,불명,데이터오류,,기타,데이터오류,기타,기타사고,맑음,출퇴근,차대차,차대차-기타,안전거리미확보,특별광역시도,천동초입구사거리,36.3157773,127.4457481,강동구,
2017,5,25,목요일,7,중상사고,0,1,1,0,32,여,15년미만,,승용,비사업용,승용,진입회전사고,맑음,출퇴근,차대차,정면충돌,신호위반,특별광역시도,천동초입구사거리,36.3157773,127.4457481,강동구,
2017,7,26,수요일,21,경상사고,0,0,3,0,26,남,10년미만,,승용,비사업용,승용,기타사고,맑음,심야,차대차,차대차-기타,안전거리미확보,특별광역시도,천동초입구사거리,36.3157773,127.4457481,강동구,
2017,8,9,수요일,14,경상사고,0,0,1,0,82,남,15년이상,,승합,비사업용,보행자,진입회전사고,맑음,주간,차대사람,횡단중,신호위반,특별광역시도,천동초입구사거리,36.3157773,127.4457481,강동구,
2017,8,15,화요일,19,중상사고,0,1,0,0,21,남,1년미만,,이륜,기타,보행자,보행횡단사고,비,출퇴근,차대사람,횡단중,보행자보호의무위반,특별광역시도,천동초입구사거리,36.3157773,127.4457481,강동구,
2017,9,27,수요일,18,경상사고,0,0,1,0,75,남,15년이상,,승용,사업용,승용,일직선사고,맑음,출퇴근,차대차,추돌(진행중),안전운전불이행,특별광역시도,천동초입구사거리,36.3157773,127.4457481,강동구,
2017,10,5,목요일,14,중상사고,0,1,0,0,52,남,15년이상,,화물,사업용,보행자,기타사고,맑음,주간,차대사람,차대사람-기타,안전운전불이행,특별광역시도,천동초입구사거리,36.3157773,127.4457481,강동구,
2017,10,30,월요일,20,경상사고,0,0,1,0,63,남,15년이상,,승용,사업용,자전거,일직선사고,맑음,출퇴근,차대차,추돌(진행중),안전운전불이행,특별광역시도,천동초입구사거리,36.3157773,127.4457481,강동구,
2018,3,17,토요일,12,중상사고,0,1,0,0,52,남,10년미만,,승용,비사업용,보행자,기타사고,맑음,주간,차대사람,차대사람-기타,기타,특별광역시도,천동초입구사거리,36.3157773,127.4457481,강동구,
2018,4,21,토요일,16,경상사고,0,0,1,0,44,여,15년이상,,승용,비사업용,이륜,일직선사고,맑음,주간,차대차,정면충돌,안전운전불이행,특별광역시도,천동초입구사거리,36.3157773,127.4457481,강동구,
2018,5,24,목요일,23,경상사고,0,0,1,0,51,남,15년이상,,화물,사업용,화물,기타사고,기타,심야,차대차,차대차-기타,기타,특별광역시도,천동초입구사거리,36.3157773,127.4457481,강동구,
2018,7,23,월요일,14,부상사고,0,0,0,1,불명,불명,데이터오류,,기타,기타,기타,기타사고,맑음,주간,차대차,차대차-기타,안전운전불이행,특별광역시도,천동초입구사거리,36.3157773,127.4457481,강동구,
2018,7,17,화요일,21,경상사고,0,0,1,0,42,남,15년이상,,승용,비사업용,승용,일직선사고,맑음,심야,차대차,추돌(진행중),안전운전불이행,특별광역시도,천동초입구사거리,36.3157773,127.4457481,강동구,
2018,9,4,화요일,3,중상사고,0,1,0,0,31,남,1년미만,,승용,비사업용,승용,진입회전사고,맑음,심야,차대차,측면직각충돌,신호위반,특별광역시도,천동초입구사거리,36.3157773,127.4457481,강동구,
2018,9,19,수요일,21,경상사고,0,0,1,0,64,남,15년이상,,승용,비사업용,보행자,보행횡단사고,비,심야,차대사람,보도통행중,기타,특별광역시도,천동초입구사거리,36.3157773,127.4457481,강동구,
2018,10,11,목요일,1,경상사고,0,0,1,0,63,남,15년이상,,승용,사업용,승용,일직선사고,맑음,심야,차대차,추돌(진행중),안전운전불이행,특별광역시도,천동초입구사거리,36.3157773,127.4457481,강동구,
2018,10,30,화요일,3,경상사고,0,0,2,0,54,남,15년이상,0,승합,비사업용,승합,일직선사고,맑음,심야,차대차,정면충돌,안전운전불이행,특별광역시도,천동초입구사거리,36.3157773,127.4457481,강동구,
2018,11,13,화요일,5,경상사고,0,0,2,0,44,남,15년미만,0,승용,비사업용,승용,일직선사고,흐림,새벽,차대차,차대차-기타,중앙선침범,특별광역시도,천동초입구사거리,36.3157773,127.4457481,강동구,
2019,1,26,토요일,7,경상사고,0,0,1,0,42,남,1년미만,,승용,비사업용,승용,일직선사고,맑음,출퇴근,차대차,추돌(진행중),안전운전불이행,특별광역시도,천동초입구사거리,36.3157773,127.4457481,강동구,
2019,1,15,화요일,12,경상사고,0,0,1,0,41,남,15년미만,,화물,사업용,이륜,일직선사고,맑음,주간,차대차,추돌(진행중),안전운전불이행,특별광역시도,천동초입구사거리,36.3157773,127.4457481,강동구,
2019,1,26,토요일,15,경상사고,0,0,1,0,69,남,15년이상,,승용,사업용,이륜,기타사고,흐림,주간,차대차,차대차-기타,기타,특별광역시도,천동초입구사거리,36.3157773,127.4457481,강동구,
2019,2,12,화요일,23,중상사고,0,1,1,0,61,남,15년이상,,승용,사업용,승용,진입회전사고,흐림,심야,차대차,측면직각충돌,신호위반,특별광역시도,천동초입구사거리,36.3157773,127.4457481,강동구,
2019,3,30,토요일,1,경상사고,0,0,1,0,56,남,5년미만,,승용,사업용,보행자,진입회전사고,비,심야,차대사람,횡단중,신호위반,특별광역시도,천동초입구사거리,36.3157773,127.4457481,강동구,
2019,3,8,금요일,12,부상사고,0,0,0,1,57,남,15년이상,,승용,사업용,승용,일직선사고,맑음,주간,차대차,추돌(진행중),안전거리미확보,특별광역시도,천동초입구사거리,36.3157773,127.4457481,강동구,
2019,9,22,일요일,18,중상사고,0,1,1,0,67,남,15년이상,,승용,비사업용,승용,진입회전사고,맑음,출퇴근,차대차,측면직각충돌,안전거리미확보,특별광역시도,천동초입구사거리,36.3157773,127.4457481,강동구,
2019,11,17,일요일,19,경상사고,0,0,2,0,64,남,15년이상,,승용,사업용,승용,진입회전사고,비,출퇴근,차대차,측면직각충돌,안전운전불이행,특별광역시도,천동초입구사거리,36.3157773,127.4457481,강동구,
2017,2,7,화요일,14,경상사고,0,0,1,0,59,남,10년미만,,승용,사업용,승용,기타사고,맑음,주간,차대차,차대차-기타,안전운전불이행,특별광역시도,천호동공원사거리,37.5454289,127.1258446,강동구,
2017,4,3,월요일,0,경상사고,0,0,3,0,57,남,15년이상,,승용,사업용,승용,일직선사고,맑음,심야,차대차,정면충돌,교차로운행방법위반,특별광역시도,천호동공원사거리,37.5454289,127.1258446,강동구,
2017,10,10,화요일,15,경상사고,0,0,1,0,63,남,15년이상,,원동기,기타,자전거,진입회전사고,흐림,주간,차대차,차대차-기타,신호위반,특별광역시도,천호동공원사거리,37.5454289,127.1258446,강동구,
2017,10,21,토요일,23,경상사고,0,0,1,0,63,남,15년이상,,승용,사업용,이륜,기타사고,맑음,심야,차대차,차대차-기타,안전운전불이행,특별광역시도,천호동공원사거리,37.5454289,127.1258446,강동구,
2017,12,28,목요일,18,경상사고,0,0,2,0,56,남,15년이상,,승용,사업용,승용,일직선사고,맑음,출퇴근,차대차,추돌(진행중),안전운전불이행,특별광역시도,천호동공원사거리,37.5454289,127.1258446,강동구,
2017,12,18,월요일,23,중상사고,0,1,1,0,21,여,4년미만,,승용,비사업용,승용,일직선사고,맑음,심야,차대차,추돌(진행중),안전운전불이행,특별광역시도,천호동공원사거리,37.5454289,127.1258446,강동구,
2018,1,28,일요일,16,경상사고,0,0,1,1,68,남,15년이상,,승용,비사업용,승용,기타사고,맑음,주간,차대차,차대차-기타,안전거리미확보,특별광역시도,천호동공원사거리,37.5454289,127.1258446,강동구,
2018,1,30,화요일,20,경상사고,0,0,1,0,59,남,15년이상,,승용,사업용,화물,일직선사고,눈,출퇴근,차대차,추돌(진행중),안전운전불이행,특별광역시도,천호동공원사거리,37.5454289,127.1258446,강동구,
2018,3,20,화요일,13,부상사고,0,0,0,1,59,남,15년이상,,승용,사업용,보행자,보행횡단사고,맑음,주간,차대사람,횡단중,안전운전불이행,특별광역시도,천호동공원사거리,37.5454289,127.1258446,강동구,
2018,4,10,화요일,21,중상사고,0,1,0,0,49,남,15년이상,,승합,비사업용,이륜,일직선사고,비,심야,차대차,차대차-기타,중앙선침범,특별광역시도,천호동공원사거리,37.5454289,127.1258446,강동구,
2018,6,16,토요일,9,중상사고,0,2,3,0,72,남,15년이상,,승용,사업용,보행자,기타사고,맑음,주간,차대차,차대차-기타,안전운전불이행,특별광역시도,천호동공원사거리,37.5454289,127.1258446,강동구,
2018,7,10,화요일,6,경상사고,0,0,1,0,65,남,15년이상,,승용,사업용,승용,일직선사고,흐림,새벽,차대차,추돌(진행중),안전운전불이행,특별광역시도,천호동공원사거리,37.5454289,127.1258446,강동구,
2018,7,24,화요일,15,경상사고,0,0,2,0,51,여,1년미만,,승용,비사업용,승용,일직선사고,맑음,주간,차대차,추돌(진행중),안전운전불이행,특별광역시도,천호동공원사거리,37.5454289,127.1258446,강동구,
2018,7,15,일요일,17,경상사고,0,0,1,0,49,남,15년이상,,승용,비사업용,기타,기타사고,맑음,주간,차대차,차대차-기타,안전거리미확보,특별광역시도,천호동공원사거리,37.5454289,127.1258446,강동구,
2018,8,5,일요일,19,경상사고,0,0,1,0,53,남,15년이상,,승용,비사업용,이륜,기타사고,맑음,출퇴근,차대차,차대차-기타,안전운전불이행,특별광역시도,천호동공원사거리,37.5454289,127.1258446,강동구,
2018,12,15,토요일,17,경상사고,0,0,1,0,46,남,15년이상,,승용,비사업용,이륜,진입회전사고,맑음,주간,차대차,측면직각충돌,안전운전불이행,특별광역시도,천호동공원사거리,37.5454289,127.1258446,강동구,
2019,1,15,화요일,21,경상사고,0,0,2,0,34,남,15년미만,0,화물,비사업용,화물,일직선사고,맑음,심야,차대차,추돌(진행중),안전운전불이행,특별광역시도,천호동공원사거리,37.5454289,127.1258446,강동구,
2019,3,28,목요일,6,경상사고,0,0,1,0,53,남,4년미만,,승용,사업용,승용,일직선사고,맑음,새벽,차대차,추돌(진행중),안전운전불이행,특별광역시도,천호동공원사거리,37.5454289,127.1258446,강동구,
2019,5,22,수요일,2,경상사고,0,0,1,0,29,남,15년이상,,승용,비사업용,승용,기타사고,맑음,심야,차대차,차대차-기타,안전운전불이행,특별광역시도,천호동공원사거리,37.5454289,127.1258446,강동구,
2019,6,23,일요일,5,중상사고,0,1,0,0,53,남,15년이상,,승용,사업용,이륜,진입회전사고,맑음,새벽,차대차,측면직각충돌,중앙선침범,특별광역시도,천호동공원사거리,37.5454289,127.1258446,강동구,
2019,7,8,월요일,21,중상사고,0,2,0,0,65,남,15년이상,,승합,비사업용,이륜,진입회전사고,맑음,심야,차대차,측면직각충돌,안전운전불이행,특별광역시도,천호동공원사거리,37.5454289,127.1258446,강동구,
2019,8,5,월요일,18,중상사고,0,1,0,0,61,남,15년이상,,승용,사업용,원동기,진입회전사고,맑음,출퇴근,차대차,차대차-기타,신호위반,특별광역시도,천호동공원사거리,37.5454289,127.1258446,강동구,
2019,11,9,토요일,6,중상사고,0,1,1,0,67,남,15년이상,,승용,사업용,이륜,진입회전사고,맑음,새벽,차대차,측면직각충돌,안전운전불이행,특별광역시도,천호동공원사거리,37.5454289,127.1258446,강동구,
2017,3,1,수요일,18,중상사고,0,1,0,0,30,남,15년이상,,승용,비사업용,보행자,보행횡단사고,비,출퇴근,차대사람,횡단중,안전운전불이행,특별광역시도,천호사거리,37.5386519,127.1234006,강동구,
2017,10,24,화요일,8,경상사고,0,0,1,0,48,남,10년미만,,승용,사업용,자전거,진입회전사고,맑음,출퇴근,차대차,측면직각충돌,데이터없음,특별광역시도,천호사거리,37.5386519,127.1234006,강동구,
2017,10,30,월요일,8,중상사고,0,1,0,0,49,남,15년이상,,승용,비사업용,승용,진입회전사고,맑음,출퇴근,차대차,차대차-기타,신호위반,특별광역시도,천호사거리,37.5386519,127.1234006,강동구,
2018,4,28,토요일,2,경상사고,0,0,1,0,31,남,15년미만,0,승용,비사업용,승용,일직선사고,맑음,심야,차대차,추돌(진행중),안전운전불이행,특별광역시도,천호사거리,37.5386519,127.1234006,강동구,
2018,5,9,수요일,19,중상사고,0,1,1,0,53,여,15년이상,,승용,비사업용,승용,진입회전사고,맑음,출퇴근,차대차,측면직각충돌,신호위반,특별광역시도,천호사거리,37.5386519,127.1234006,강동구,
2018,8,8,수요일,16,경상사고,0,0,2,0,40,남,15년이상,,승용,비사업용,승용,진입회전사고,맑음,주간,차대차,측면직각충돌,안전거리미확보,특별광역시도,천호사거리,37.5386519,127.1234006,강동구,
2019,1,11,금요일,2,경상사고,0,0,1,0,69,남,15년이상,,승용,사업용,자전거,기타사고,맑음,심야,차대차,차대차-기타,안전운전불이행,특별광역시도,천호사거리,37.5386519,127.1234006,강동구,
2019,8,1,목요일,0,경상사고,0,0,1,0,55,남,15년이상,,승용,사업용,승용,진입회전사고,비,심야,차대차,측면직각충돌,안전거리미확보,특별광역시도,천호사거리,37.5386519,127.1234006,강동구,
2019,10,7,월요일,5,경상사고,0,0,1,0,72,남,15년이상,,승용,사업용,승용,기타사고,맑음,새벽,차대차,차대차-기타,안전운전불이행,특별광역시도,천호사거리,37.5386519,127.1234006,강동구,