년도,월,일,요일,시각,사고등급,사망자수,중상자수,경상자수,부상자수,연령,성별,경력,음주,종별,용도,관련자2,사고형태,기상상태,일광상태,사고유형1,사고유형2,법규위반,도로종류,지점명,위도,경도,자치구,
2017,1,14,토요일,8,경상사고,0,0,1,0,59,남,15년이상,,화물,비사업용,화물,기타사고,맑음,출퇴근,차대차,차대차-기타,교차로운행방법위반,특별광역시도,태영아파트삼거리,37.295052,127.111924,강동구,
2017,6,28,수요일,15,경상사고,0,0,1,0,55,남,15년이상,,화물,비사업용,원동기,일직선사고,맑음,주간,차대차,정면충돌,안전운전불이행,특별광역시도,태영아파트삼거리,37.295052,127.111924,강동구,
2017,7,13,목요일,9,중상사고,0,1,0,0,68,남,15년이상,,승용,사업용,자전거,기타사고,맑음,주간,차대차,차대차-기타,안전운전불이행,특별광역시도,태영아파트삼거리,37.295052,127.111924,강동구,
2017,8,12,토요일,11,사망사고,1,0,0,0,35,남,15년미만,,화물,비사업용,자전거,진입회전사고,맑음,주간,차대차,측면직각충돌,불법유턴,특별광역시도,태영아파트삼거리,37.295052,127.111924,강동구,
2017,10,30,월요일,16,경상사고,0,0,1,0,56,남,15년이상,,승합,사업용,자전거,진입회전사고,맑음,주간,차대차,차대차-기타,신호위반,특별광역시도,태영아파트삼거리,37.295052,127.111924,강동구,
2017,12,16,토요일,11,경상사고,0,0,1,0,61,남,15년이상,,승용,사업용,자전거,진입회전사고,맑음,주간,차대차,측면직각충돌,안전운전불이행,특별광역시도,태영아파트삼거리,37.295052,127.111924,강동구,
2018,2,7,수요일,8,경상사고,0,0,1,0,61,남,15년이상,,화물,사업용,화물,진입회전사고,맑음,출퇴근,차대차,측면직각충돌,안전거리미확보,특별광역시도,태영아파트삼거리,37.295052,127.111924,강동구,
2018,2,18,일요일,15,부상사고,0,0,0,1,34,남,15년미만,,승용,비사업용,자전거,진입회전사고,맑음,주간,차대차,측면직각충돌,안전운전불이행,특별광역시도,태영아파트삼거리,37.295052,127.111924,강동구,
2018,3,12,월요일,4,중상사고,0,1,0,0,55,남,15년이상,,승용,사업용,보행자,기타사고,맑음,심야,차대사람,차대사람-기타,기타,특별광역시도,태영아파트삼거리,37.295052,127.111924,강동구,
2018,3,6,화요일,22,경상사고,0,0,1,0,45,남,데이터오류,0,승용,비사업용,승용,진입회전사고,맑음,심야,차대차,측면직각충돌,안전운전불이행,특별광역시도,태영아파트삼거리,37.295052,127.111924,강동구,
2018,3,26,월요일,23,중상사고,0,1,0,0,47,남,15년이상,,승용,비사업용,보행자,기타사고,맑음,심야,차대사람,차도통행중,안전운전불이행,특별광역시도,태영아파트삼거리,37.295052,127.111924,강동구,
2018,4,26,목요일,14,경상사고,0,0,1,0,63,여,15년이상,,승용,비사업용,화물,기타사고,맑음,주간,차대차,차대차-기타,안전운전불이행,특별광역시도,태영아파트삼거리,37.295052,127.111924,강동구,
2018,5,31,목요일,2,경상사고,0,0,4,0,64,남,15년이상,,승용,사업용,승용,진입회전사고,맑음,심야,차대차,측면직각충돌,신호위반,특별광역시도,태영아파트삼거리,37.295052,127.111924,강동구,
2018,6,18,월요일,11,경상사고,0,0,2,0,61,여,15년미만,,승용,비사업용,승용,진입회전사고,맑음,주간,차대차,차대차-기타,신호위반,특별광역시도,태영아파트삼거리,37.295052,127.111924,강동구,
2018,7,9,월요일,12,경상사고,0,0,1,0,75,남,15년이상,,승용,사업용,이륜,진입회전사고,맑음,주간,차대차,차대차-기타,신호위반,특별광역시도,태영아파트삼거리,37.295052,127.111924,강동구,
2018,8,28,화요일,18,경상사고,0,0,1,0,59,남,15년이상,,화물,사업용,자전거,진입회전사고,비,출퇴근,차대차,측면직각충돌,안전운전불이행,특별광역시도,태영아파트삼거리,37.295052,127.111924,강동구,
2018,10,20,토요일,8,경상사고,0,0,1,0,64,남,15년이상,,승용,사업용,승용,진입회전사고,맑음,출퇴근,차대차,측면직각충돌,안전운전불이행,특별광역시도,태영아파트삼거리,37.295052,127.111924,강동구,
2018,11,17,토요일,11,경상사고,0,0,1,0,65,남,15년이상,,승용,사업용,자전거,기타사고,맑음,주간,차대차,차대차-기타,안전운전불이행,특별광역시도,태영아파트삼거리,37.295052,127.111924,강동구,
2018,12,29,토요일,20,경상사고,0,0,1,0,65,남,15년이상,,승용,사업용,이륜,진입회전사고,맑음,출퇴근,차대차,측면직각충돌,안전거리미확보,특별광역시도,태영아파트삼거리,37.295052,127.111924,강동구,
2019,1,11,금요일,4,경상사고,0,0,1,0,59,남,15년이상,,승용,사업용,승용,진입회전사고,맑음,심야,차대차,측면직각충돌,중앙선침범,특별광역시도,태영아파트삼거리,37.295052,127.111924,강동구,
2019,1,17,목요일,22,부상사고,0,0,0,1,17,남,2년미만,,원동기,데이터오류,원동기,일직선사고,맑음,심야,차대차,추돌(진행중),안전거리미확보,특별광역시도,태영아파트삼거리,37.295052,127.111924,강동구,
2019,1,11,금요일,23,경상사고,0,0,1,0,62,여,15년이상,,승용,비사업용,승용,진입회전사고,맑음,심야,차대차,측면직각충돌,신호위반,특별광역시도,태영아파트삼거리,37.295052,127.111924,강동구,
2019,4,4,목요일,2,중상사고,0,1,0,0,48,여,15년이상,,승용,비사업용,보행자,진입회전사고,맑음,심야,차대사람,횡단중,신호위반,특별광역시도,태영아파트삼거리,37.295052,127.111924,강동구,
2019,4,29,월요일,15,경상사고,0,0,1,0,51,여,15년이상,,자전거,데이터오류,자전거,기타사고,맑음,주간,차대차,차대차-기타,안전운전불이행,특별광역시도,태영아파트삼거리,37.295052,127.111924,강동구,
2019,5,15,수요일,10,경상사고,0,0,1,0,41,여,15년이상,,승용,비사업용,이륜,진입회전사고,맑음,주간,차대차,측면직각충돌,안전운전불이행,특별광역시도,태영아파트삼거리,37.295052,127.111924,강동구,
2019,5,11,토요일,14,경상사고,0,0,1,0,35,남,4년미만,,승용,비사업용,승합,진입회전사고,맑음,주간,차대차,측면직각충돌,안전거리미확보,특별광역시도,태영아파트삼거리,37.295052,127.111924,강동구,
2019,5,25,토요일,22,경상사고,0,0,1,0,불명,불명,데이터오류,,기타,데이터오류,기타,기타사고,맑음,심야,차대차,차대차-기타,안전운전불이행,특별광역시도,태영아파트삼거리,37.295052,127.111924,강동구,
2019,5,16,목요일,23,경상사고,0,0,2,0,74,남,15년이상,,승용,사업용,승용,진입회전사고,맑음,심야,차대차,측면직각충돌,안전운전불이행,특별광역시도,태영아파트삼거리,37.295052,127.111924,강동구,
2019,5,28,화요일,23,중상사고,0,1,0,0,19,남,3년미만,,이륜,데이터오류,보행자,진입회전사고,맑음,심야,차대사람,횡단중,신호위반,특별광역시도,태영아파트삼거리,37.295052,127.111924,강동구,
2019,10,10,목요일,18,부상사고,0,0,0,1,65,남,15년이상,,승용,사업용,이륜,기타사고,맑음,출퇴근,차대차,차대차-기타,안전거리미확보,특별광역시도,태영아파트삼거리,37.295052,127.111924,강동구,
2019,11,7,목요일,2,중상사고,0,1,0,0,37,남,15년이상,0,승용,비사업용,승용,진입회전사고,맑음,심야,차대차,차대차-기타,신호위반,특별광역시도,태영아파트삼거리,37.295052,127.111924,강동구,
2019,11,19,화요일,16,중상사고,0,2,0,0,61,여,4년미만,,승용,비사업용,승용,진입회전사고,맑음,주간,차대차,차대차-기타,신호위반,특별광역시도,태영아파트삼거리,37.295052,127.111924,강동구,
2019,12,14,토요일,0,부상사고,0,0,0,1,31,여,10년미만,,승용,비사업용,보행자,보행횡단사고,비,심야,차대사람,횡단중,안전운전불이행,특별광역시도,태영아파트삼거리,37.295052,127.111924,강동구,
2017,4,16,일요일,0,경상사고,0,0,1,0,30,여,15년이상,,승용,비사업용,이륜,일직선사고,맑음,심야,차대차,추돌(진행중),안전운전불이행,특별광역시도,강동성심병원앞사거리,37.5363177,127.1352446,강동구,
2017,5,19,금요일,2,중상사고,0,1,0,0,61,남,15년이상,,승용,비사업용,보행자,보행횡단사고,맑음,심야,차대사람,횡단중,안전운전불이행,특별광역시도,강동성심병원앞사거리,37.5363177,127.1352446,강동구,
2017,5,27,토요일,19,경상사고,0,0,2,0,39,남,15년이상,0,승용,비사업용,승용,일직선사고,맑음,출퇴근,차대차,추돌(진행중),안전운전불이행,특별광역시도,강동성심병원앞사거리,37.5363177,127.1352446,강동구,
2017,8,10,목요일,23,경상사고,0,0,1,0,44,남,3년미만,0,승용,비사업용,화물,진입회전사고,맑음,심야,차대차,측면직각충돌,안전운전불이행,특별광역시도,강동성심병원앞사거리,37.5363177,127.1352446,강동구,
2017,11,21,화요일,22,경상사고,0,0,1,0,49,남,15년이상,,승용,비사업용,승용,일직선사고,맑음,심야,차대차,차대차-기타,중앙선침범,특별광역시도,강동성심병원앞사거리,37.5363177,127.1352446,강동구,
2018,5,12,토요일,22,경상사고,0,0,2,0,31,남,2년미만,0,승용,비사업용,승용,일직선사고,비,심야,차대차,추돌(진행중),안전운전불이행,특별광역시도,강동성심병원앞사거리,37.5363177,127.1352446,강동구,
2018,6,23,토요일,2,경상사고,0,0,1,0,32,남,5년미만,,승용,비사업용,승용,일직선사고,맑음,심야,차대차,추돌(진행중),안전거리미확보,특별광역시도,강동성심병원앞사거리,37.5363177,127.1352446,강동구,
2019,4,6,토요일,13,중상사고,0,1,1,0,37,남,15년이상,,승용,비사업용,승용,기타사고,맑음,주간,차대차,차대차-기타,안전거리미확보,특별광역시도,강동성심병원앞사거리,37.5363177,127.1352446,강동구,
2019,5,17,금요일,17,중상사고,0,1,0,0,61,남,15년이상,,승용,사업용,원동기,진입회전사고,맑음,주간,차대차,측면직각충돌,안전운전불이행,특별광역시도,강동성심병원앞사거리,37.5363177,127.1352446,강동구,
2019,6,11,화요일,5,중상사고,0,1,1,0,30,남,15년미만,0,승용,비사업용,승용,일직선사고,맑음,새벽,차대차,추돌(진행중),안전운전불이행,특별광역시도,강동성심병원앞사거리,37.5363177,127.1352446,강동구,
2019,7,2,화요일,19,경상사고,0,0,1,0,28,여,10년미만,,승용,사업용,승용,진입회전사고,맑음,출퇴근,차대차,측면직각충돌,안전거리미확보,특별광역시도,강동성심병원앞사거리,37.5363177,127.1352446,강동구,
2017,1,27,금요일,13,경상사고,0,0,1,0,65,남,15년이상,,승용,사업용,기타,기타사고,맑음,주간,차량단독,차량단독-기타,안전운전불이행,특별광역시도,강동성심병원앞사거리,37.5363177,127.1352446,강동구,
2017,2,5,일요일,19,경상사고,0,0,1,0,38,남,15년미만,,승용,비사업용,이륜,기타사고,맑음,출퇴근,차대차,차대차-기타,안전운전불이행,특별광역시도,강동성심병원앞사거리,37.5363177,127.1352446,강동구,
2017,2,12,일요일,22,경상사고,0,0,1,0,64,남,15년미만,0,승용,비사업용,승용,진입회전사고,맑음,심야,차대차,측면직각충돌,안전운전불이행,특별광역시도,강동성심병원앞사거리,37.5363177,127.1352446,강동구,
2017,9,27,수요일,3,중상사고,0,1,0,0,49,남,15년이상,,승용,사업용,자전거,진입회전사고,흐림,심야,차대차,측면직각충돌,데이터없음,특별광역시도,강동성심병원앞사거리,37.5363177,127.1352446,강동구,
2017,10,30,월요일,16,경상사고,0,0,1,0,51,여,15년이상,,승용,비사업용,이륜,진입회전사고,맑음,주간,차대차,차대차-기타,신호위반,특별광역시도,강동성심병원앞사거리,37.5363177,127.1352446,강동구,
2017,12,16,토요일,17,경상사고,0,0,2,0,56,남,15년이상,0,승용,비사업용,승용,진입회전사고,맑음,주간,차대차,측면직각충돌,데이터없음,특별광역시도,강동성심병원앞사거리,37.5363177,127.1352446,강동구,
2018,1,28,일요일,3,경상사고,0,0,1,0,39,남,10년미만,0,승용,비사업용,승용,일직선사고,맑음,심야,차대차,추돌(진행중),안전운전불이행,특별광역시도,강동성심병원앞사거리,37.5363177,127.1352446,강동구,
2018,1,4,목요일,17,중상사고,0,1,0,0,27,여,10년미만,,승용,비사업용,보행자,보행횡단사고,맑음,주간,차대사람,횡단중,안전운전불이행,특별광역시도,강동성심병원앞사거리,37.5363177,127.1352446,강동구,
2018,2,22,목요일,21,경상사고,0,0,2,0,38,남,4년미만,0,승용,비사업용,승용,진입회전사고,맑음,심야,차대차,측면직각충돌,안전운전불이행,특별광역시도,강동성심병원앞사거리,37.5363177,127.1352446,강동구,
2018,3,23,금요일,8,중상사고,0,1,0,0,29,남,10년미만,,승용,비사업용,보행자,진입회전사고,맑음,출퇴근,차대사람,보도통행중,신호위반,특별광역시도,강동성심병원앞사거리,37.5363177,127.1352446,강동구,
2018,3,4,일요일,22,부상사고,0,0,0,1,39,남,10년미만,,승용,비사업용,이륜,기타사고,비,심야,차대차,차대차-기타,안전운전불이행,특별광역시도,강동성심병원앞사거리,37.5363177,127.1352446,강동구,
2018,5,31,목요일,17,중상사고,0,1,0,0,28,남,10년미만,,승용,비사업용,보행자,보행횡단사고,맑음,주간,차대사람,횡단중,안전운전불이행,특별광역시도,강동성심병원앞사거리,37.5363177,127.1352446,강동구,
2018,7,28,토요일,12,경상사고,0,0,1,0,23,남,10년미만,,이륜,기타,이륜,진입회전사고,맑음,주간,차대차,차대차-기타,신호위반,특별광역시도,강동성심병원앞사거리,37.5363177,127.1352446,강동구,
2018,7,29,일요일,19,경상사고,0,0,2,0,53,남,15년이상,0,승용,비사업용,승용,일직선사고,맑음,출퇴근,차대차,추돌(진행중),안전운전불이행,특별광역시도,강동성심병원앞사거리,37.5363177,127.1352446,강동구,
2018,9,25,화요일,8,중상사고,0,1,0,0,29,남,15년미만,,승용,비사업용,보행자,기타사고,맑음,출퇴근,차대사람,차대사람-기타,안전운전불이행,기타,강동성심병원앞사거리,37.5363177,127.1352446,강동구,
2018,9,19,수요일,9,경상사고,0,0,1,0,64,남,5년미만,,승용,사업용,자전거,기타사고,맑음,주간,차대차,차대차-기타,기타,특별광역시도,강동성심병원앞사거리,37.5363177,127.1352446,강동구,
2018,10,24,수요일,7,경상사고,0,0,1,0,59,남,15년이상,,승용,사업용,보행자,보행횡단사고,맑음,출퇴근,차대사람,횡단중,보행자보호의무위반,특별광역시도,강동성심병원앞사거리,37.5363177,127.1352446,강동구,
2018,10,30,화요일,14,중상사고,0,1,0,0,61,남,15년이상,,승용,사업용,자전거,진입회전사고,맑음,주간,차대차,측면직각충돌,안전운전불이행,특별광역시도,강동성심병원앞사거리,37.5363177,127.1352446,강동구,
2019,3,22,금요일,11,경상사고,0,0,2,0,25,남,15년이상,,화물,비사업용,이륜,진입회전사고,맑음,주간,차대차,측면직각충돌,신호위반,특별광역시도,강동성심병원앞사거리,37.5363177,127.1352446,강동구,
2019,5,23,목요일,11,경상사고,0,0,1,0,58,남,15년이상,,화물,비사업용,보행자,기타사고,맑음,주간,차대사람,차대사람-기타,안전운전불이행,특별광역시도,강동성심병원앞사거리,37.5363177,127.1352446,강동구,
2019,5,15,수요일,19,경상사고,0,0,1,0,64,남,15년이상,,승용,사업용,이륜,진입회전사고,맑음,출퇴근,차대차,측면직각충돌,안전운전불이행,특별광역시도,강동성심병원앞사거리,37.5363177,127.1352446,강동구,
2019,7,28,일요일,2,경상사고,0,0,2,0,59,남,15년이상,,승용,사업용,이륜,일직선사고,비,심야,차대차,추돌(진행중),안전운전불이행,특별광역시도,강동성심병원앞사거리,37.5363177,127.1352446,강동구,
2019,7,21,일요일,20,경상사고,0,0,1,0,59,남,15년이상,,승용,사업용,기타,진입회전사고,흐림,출퇴근,차대차,측면직각충돌,기타,특별광역시도,강동성심병원앞사거리,37.5363177,127.1352446,강동구,
2019,9,7,토요일,3,경상사고,0,0,1,1,34,남,15년미만,,화물,비사업용,화물,진입회전사고,맑음,심야,차대차,정면충돌,신호위반,특별광역시도,강동성심병원앞사거리,37.5363177,127.1352446,강동구,
2019,10,3,목요일,2,경상사고,0,0,3,0,48,남,15년이상,0,승용,비사업용,승용,진입회전사고,비,심야,차대차,측면직각충돌,신호위반,특별광역시도,강동성심병원앞사거리,37.5363177,127.1352446,강동구,
2019,11,21,목요일,0,경상사고,0,0,3,0,47,남,15년미만,,승용,비사업용,이륜,일직선사고,맑음,심야,차대차,추돌(진행중),안전운전불이행,특별광역시도,강동성심병원앞사거리,37.5363177,127.1352446,강동구,
2019,11,8,금요일,10,중상사고,0,1,0,0,27,여,10년미만,,승용,비사업용,승용,진입회전사고,맑음,주간,차대차,측면직각충돌,신호위반,특별광역시도,강동성심병원앞사거리,37.5363177,127.1352446,강동구,
2019,11,9,토요일,21,경상사고,0,0,2,0,45,남,15년이상,,승용,비사업용,승용,일직선사고,흐림,심야,차대차,추돌(진행중),안전운전불이행,특별광역시도,강동성심병원앞사거리,37.5363177,127.1352446,강동구,
2017,2,26,일요일,0,중상사고,0,1,0,0,22,남,2년미만,,이륜,기타,이륜,진입회전사고,맑음,심야,차대차,측면직각충돌,신호위반,특별광역시도,강북구청사거리,37.6388985,127.0284305,강북구,
2017,2,20,월요일,12,중상사고,0,1,1,0,54,여,15년이상,,승용,비사업용,보행자,기타사고,맑음,주간,차대사람,차도통행중,안전운전불이행,특별광역시도,강북구청사거리,37.6388985,127.0284305,강북구,
2017,3,19,일요일,0,중상사고,0,1,0,0,61,남,15년이상,,승합,사업용,보행자,진입회전사고,기타,심야,차대사람,횡단중,신호위반,특별광역시도,강북구청사거리,37.6388985,127.0284305,강북구,
2017,3,30,목요일,13,경상사고,0,0,1,0,46,여,15년이상,,승용,비사업용,이륜,진입회전사고,맑음,주간,차대차,측면직각충돌,교차로운행방법위반,특별광역시도,강북구청사거리,37.6388985,127.0284305,강북구,
2017,4,18,화요일,8,경상사고,0,0,4,0,47,남,15년이상,,승합,사업용,이륜,진입회전사고,흐림,출퇴근,차대차,측면직각충돌,차로위반,특별광역시도,강북구청사거리,37.6388985,127.0284305,강북구,
2017,4,7,금요일,18,경상사고,0,0,1,0,74,남,15년이상,,승용,사업용,승용,일직선사고,맑음,출퇴근,차대차,추돌(진행중),안전거리미확보,특별광역시도,강북구청사거리,37.6388985,127.0284305,강북구,
2017,5,22,월요일,7,경상사고,0,0,1,0,61,남,15년이상,,승합,사업용,이륜,진입회전사고,맑음,출퇴근,차대차,측면직각충돌,안전운전불이행,특별광역시도,강북구청사거리,37.6388985,127.0284305,강북구,
2017,5,30,화요일,22,경상사고,0,0,2,0,60,남,15년이상,,승용,사업용,승용,진입회전사고,맑음,심야,차대차,측면직각충돌,안전운전불이행,특별광역시도,강북구청사거리,37.6388985,127.0284305,강북구,
2017,7,26,수요일,9,경상사고,0,0,1,0,56,남,15년이상,,승용,비사업용,승합,기타사고,맑음,주간,차대차,차대차-기타,안전운전불이행,특별광역시도,강북구청사거리,37.6388985,127.0284305,강북구,
2017,7,20,목요일,19,중상사고,0,1,0,0,40,여,15년이상,,승용,비사업용,이륜,일직선사고,맑음,출퇴근,차대차,추돌(진행중),안전운전불이행,특별광역시도,강북구청사거리,37.6388985,127.0284305,강북구,
2017,9,16,토요일,17,중상사고,0,1,0,0,64,남,15년이상,,승합,사업용,이륜,진입회전사고,맑음,주간,차대차,추돌(진행중),신호위반,특별광역시도,강북구청사거리,37.6388985,127.0284305,강북구,
2017,10,19,목요일,17,경상사고,0,0,1,0,29,남,10년미만,,승용,비사업용,승용,기타사고,맑음,주간,차대차,차대차-기타,안전운전불이행,특별광역시도,강북구청사거리,37.6388985,127.0284305,강북구,
2018,1,11,목요일,7,경상사고,0,0,1,0,36,남,15년이상,,승합,사업용,자전거,기타사고,맑음,출퇴근,차대차,차대차-기타,안전운전불이행,특별광역시도,강북구청사거리,37.6388985,127.0284305,강북구,
2018,1,12,금요일,12,중상사고,0,1,0,0,65,남,15년이상,,승용,비사업용,보행자,보행횡단사고,맑음,주간,차대사람,횡단중,안전운전불이행,특별광역시도,강북구청사거리,37.6388985,127.0284305,강북구,
2018,4,22,일요일,2,경상사고,0,0,3,0,35,남,15년미만,,이륜,기타,이륜,진입회전사고,맑음,심야,차대차,측면직각충돌,신호위반,특별광역시도,강북구청사거리,37.6388985,127.0284305,강북구,
2018,4,17,화요일,16,경상사고,0,0,1,0,61,남,15년이상,,승용,사업용,승용,일직선사고,맑음,주간,차대차,추돌(진행중),안전운전불이행,특별광역시도,강북구청사거리,37.6388985,127.0284305,강북구,
2018,4,19,목요일,20,중상사고,0,1,1,0,40,남,10년미만,,승용,비사업용,이륜,기타사고,맑음,출퇴근,차대차,차대차-기타,안전거리미확보,기타,강북구청사거리,37.6388985,127.0284305,강북구,
2018,5,7,월요일,14,경상사고,0,0,1,0,87,남,15년이상,,승용,사업용,이륜,기타사고,맑음,주간,차대차,차대차-기타,안전운전불이행,특별광역시도,강북구청사거리,37.6388985,127.0284305,강북구,
2018,6,10,일요일,7,경상사고,0,0,2,0,불명,불명,데이터오류,,승용,비사업용,승용,일직선사고,흐림,출퇴근,차대차,추돌(진행중),안전운전불이행,특별광역시도,강북구청사거리,37.6388985,127.0284305,강북구,
2018,7,19,목요일,12,경상사고,0,0,1,0,불명,불명,데이터오류,,기타,기타,기타,보행횡단사고,맑음,주간,차대사람,횡단중,안전운전불이행,특별광역시도,강북구청사거리,37.6388985,127.0284305,강북구,
2018,7,10,화요일,23,경상사고,0,0,1,0,45,남,15년이상,,승용,비사업용,이륜,기타사고,비,심야,차대차,차대차-기타,안전운전불이행,특별광역시도,강북구청사거리,37.6388985,127.0284305,강북구,
2018,7,9,월요일,23,경상사고,0,0,2,0,39,남,15년이상,0,승용,사업용,승용,일직선사고,비,심야,차대차,추돌(진행중),안전운전불이행,특별광역시도,강북구청사거리,37.6388985,127.0284305,강북구,
2018,8,20,월요일,13,경상사고,0,0,1,0,45,남,15년미만,,승용,비사업용,이륜,진입회전사고,흐림,주간,차대차,측면직각충돌,안전거리미확보,특별광역시도,강북구청사거리,37.6388985,127.0284305,강북구,
2018,8,20,월요일,13,중상사고,0,1,6,0,66,남,15년이상,,승용,사업용,승합,진입회전사고,맑음,주간,차대차,측면직각충돌,신호위반,특별광역시도,강북구청사거리,37.6388985,127.0284305,강북구,
2018,11,13,화요일,9,중상사고,0,1,0,0,45,남,15년이상,,승합,사업용,이륜,진입회전사고,맑음,주간,차대차,측면직각충돌,신호위반,특별광역시도,강북구청사거리,37.6388985,127.0284305,강북구,
2018,11,28,수요일,16,중상사고,0,1,0,0,28,남,10년미만,,승용,비사업용,승용,진입회전사고,맑음,주간,차대차,측면직각충돌,신호위반,특별광역시도,강북구청사거리,37.6388985,127.0284305,강북구,
2018,11,13,화요일,22,경상사고,0,0,1,0,22,남,15년이상,,이륜,기타,이륜,기타사고,맑음,심야,차대차,차대차-기타,교차로운행방법위반,특별광역시도,강북구청사거리,37.6388985,127.0284305,강북구,
2018,12,19,수요일,3,경상사고,0,0,4,0,26,남,10년미만,0,승용,비사업용,승용,일직선사고,맑음,심야,차대차,추돌(진행중),안전운전불이행,특별광역시도,강북구청사거리,37.6388985,127.0284305,강북구,
2019,1,25,금요일,0,경상사고,0,0,1,0,81,남,15년이상,,승용,사업용,이륜,진입회전사고,흐림,심야,차대차,정면충돌,신호위반,특별광역시도,강북구청사거리,37.6388985,127.0284305,강북구,
2019,1,28,월요일,14,경상사고,0,0,1,0,59,여,데이터오류,,자전거,데이터오류,보행자,보행횡단사고,맑음,주간,차대사람,보도통행중,기타,특별광역시도,강북구청사거리,37.6388985,127.0284305,강북구,
2019,3,4,월요일,5,중상사고,0,1,0,0,33,남,15년이상,,승용,비사업용,보행자,기타사고,맑음,새벽,차대사람,차대사람-기타,안전운전불이행,특별광역시도,강북구청사거리,37.6388985,127.0284305,강북구,
2019,3,9,토요일,11,경상사고,0,0,1,0,69,남,15년이상,,화물,비사업용,보행자,기타사고,맑음,주간,차대사람,차대사람-기타,안전운전불이행,특별광역시도,강북구청사거리,37.6388985,127.0284305,강북구,
2019,4,4,목요일,20,경상사고,0,0,1,0,26,남,15년이상,,승용,비사업용,이륜,진입회전사고,맑음,출퇴근,차대차,차대차-기타,신호위반,특별광역시도,강북구청사거리,37.6388985,127.0284305,강북구,
2019,5,29,수요일,9,중상사고,0,1,0,0,38,남,15년이상,,승합,사업용,보행자,보행횡단사고,맑음,주간,차대사람,횡단중,보행자보호의무위반,특별광역시도,강북구청사거리,37.6388985,127.0284305,강북구,
2019,5,13,월요일,12,경상사고,0,0,1,0,25,남,10년미만,,화물,비사업용,화물,기타사고,맑음,주간,차대차,차대차-기타,교차로운행방법위반,특별광역시도,강북구청사거리,37.6388985,127.0284305,강북구,
2019,6,15,토요일,18,중상사고,0,1,0,0,46,남,15년이상,,승용,비사업용,이륜,진입회전사고,비,출퇴근,차대차,차대차-기타,신호위반,특별광역시도,강북구청사거리,37.6388985,127.0284305,강북구,
2019,6,16,일요일,20,경상사고,0,0,1,0,70,남,15년이상,,승용,사업용,승용,일직선사고,맑음,출퇴근,차대차,추돌(진행중),안전운전불이행,특별광역시도,강북구청사거리,37.6388985,127.0284305,강북구,
2019,9,5,목요일,10,중상사고,0,1,0,0,49,남,15년이상,,승합,사업용,이륜,진입회전사고,맑음,주간,차대차,측면직각충돌,신호위반,특별광역시도,강북구청사거리,37.6388985,127.0284305,강북구,
2019,9,28,토요일,19,경상사고,0,0,1,0,59,남,15년이상,,승용,사업용,자전거,진입회전사고,맑음,출퇴근,차대차,측면직각충돌,기타,특별광역시도,강북구청사거리,37.6388985,127.0284305,강북구,
2019,10,2,수요일,20,경상사고,0,0,1,0,41,여,15년미만,,승용,비사업용,승용,진입회전사고,맑음,출퇴근,차대차,측면직각충돌,안전운전불이행,특별광역시도,강북구청사거리,37.6388985,127.0284305,강북구,
2019,11,4,월요일,0,경상사고,0,0,1,0,62,남,15년이상,,승용,사업용,승용,진입회전사고,맑음,심야,차대차,측면직각충돌,안전거리미확보,특별광역시도,강북구청사거리,37.6388985,127.0284305,강북구,
2019,12,11,수요일,1,경상사고,0,0,3,0,63,남,15년이상,,승합,사업용,이륜,진입회전사고,맑음,심야,차대차,정면충돌,신호위반,특별광역시도,강북구청사거리,37.6388985,127.0284305,강북구,
2019,12,15,일요일,4,경상사고,0,0,2,0,36,남,15년이상,,승용,비사업용,승용,진입회전사고,흐림,심야,차대차,측면직각충돌,신호위반,특별광역시도,강북구청사거리,37.6388985,127.0284305,강북구,
2019,12,26,목요일,6,중상사고,0,1,0,0,71,남,15년이상,,승용,비사업용,이륜,진입회전사고,맑음,새벽,차대차,정면충돌,신호위반,특별광역시도,강북구청사거리,37.6388985,127.0284305,강북구,
2017,4,24,월요일,20,경상사고,0,0,1,0,21,남,10년미만,,승용,비사업용,원동기,진입회전사고,맑음,출퇴근,차대차,정면충돌,신호위반,특별광역시도,강북구청사거리,37.6388985,127.0284305,강북구,
2017,8,12,토요일,22,경상사고,0,0,1,0,35,남,15년이상,,이륜,기타,이륜,일직선사고,맑음,심야,차대차,정면충돌,중앙선침범,특별광역시도,강북구청사거리,37.6388985,127.0284305,강북구,
2017,9,21,목요일,4,경상사고,0,0,1,0,19,남,3년미만,,이륜,기타,보행자,보행횡단사고,맑음,심야,차대사람,보도통행중,데이터없음,특별광역시도,강북구청사거리,37.6388985,127.0284305,강북구,
2017,10,18,수요일,3,경상사고,0,0,1,0,57,남,15년이상,,승용,사업용,기타,진입회전사고,맑음,심야,차대차,측면직각충돌,중앙선침범,특별광역시도,강북구청사거리,37.6388985,127.0284305,강북구,
2017,10,2,월요일,21,경상사고,0,0,1,0,58,남,15년이상,,승용,사업용,보행자,기타사고,맑음,심야,차대사람,차대사람-기타,안전운전불이행,특별광역시도,강북구청사거리,37.6388985,127.0284305,강북구,
2017,12,29,금요일,4,경상사고,0,0,1,0,54,여,15년이상,,승용,비사업용,보행자,기타사고,맑음,심야,차대사람,차대사람-기타,안전운전불이행,특별광역시도,강북구청사거리,37.6388985,127.0284305,강북구,