년도,월,일,요일,시각,사고등급,사망자수,중상자수,경상자수,부상자수,연령,성별,경력,음주,종별,용도,관련자2,사고형태,기상상태,일광상태,사고유형1,사고유형2,법규위반,도로종류,지점명,위도,경도,자치구,
2017,12,25,월요일,22,중상사고,0,1,3,0,19,남,3년미만,,이륜,기타,이륜,진입회전사고,기타,심야,차대차,측면직각충돌,신호위반,특별광역시도,번동사거리,37.6354163,127.0339899,강북구,
2018,2,16,금요일,14,경상사고,0,0,1,1,35,남,15년이상,,승용,비사업용,승용,진입회전사고,맑음,주간,차대차,측면직각충돌,안전거리미확보,특별광역시도,번동사거리,37.6354163,127.0339899,강북구,
2018,3,15,목요일,15,경상사고,0,0,1,0,57,남,15년이상,,승용,사업용,승용,일직선사고,맑음,주간,차대차,추돌(진행중),안전운전불이행,특별광역시도,번동사거리,37.6354163,127.0339899,강북구,
2018,3,28,수요일,23,경상사고,0,0,1,0,69,남,15년이상,,승용,사업용,보행자,보행횡단사고,맑음,심야,차대사람,횡단중,안전운전불이행,특별광역시도,번동사거리,37.6354163,127.0339899,강북구,
2018,4,1,일요일,5,경상사고,0,0,1,0,66,남,15년이상,,승합,사업용,자전거,진입회전사고,맑음,새벽,차대차,측면직각충돌,안전운전불이행,특별광역시도,번동사거리,37.6354163,127.0339899,강북구,
2018,4,29,일요일,16,경상사고,0,0,1,0,61,남,15년이상,,승용,비사업용,승용,진입회전사고,맑음,주간,차대차,측면직각충돌,교차로운행방법위반,특별광역시도,번동사거리,37.6354163,127.0339899,강북구,
2018,8,26,일요일,4,경상사고,0,0,1,0,불명,불명,데이터오류,,기타,기타,기타,진입회전사고,맑음,심야,차대차,차대차-기타,신호위반,특별광역시도,번동사거리,37.6354163,127.0339899,강북구,
2018,8,21,화요일,19,중상사고,0,1,1,0,18,남,1년미만,,이륜,기타,이륜,진입회전사고,흐림,출퇴근,차대차,측면직각충돌,신호위반,특별광역시도,번동사거리,37.6354163,127.0339899,강북구,
2018,8,20,월요일,20,경상사고,0,0,1,1,20,여,데이터오류,,승용,사업용,승용,일직선사고,흐림,출퇴근,차대차,차대차-기타,중앙선침범,특별광역시도,번동사거리,37.6354163,127.0339899,강북구,
2018,8,29,수요일,22,중상사고,0,1,0,0,49,남,15년이상,,승합,비사업용,이륜,일직선사고,비,심야,차대차,정면충돌,안전운전불이행,특별광역시도,번동사거리,37.6354163,127.0339899,강북구,
2018,9,3,월요일,12,부상사고,0,0,0,2,63,남,15년이상,,승용,사업용,화물,일직선사고,맑음,주간,차대차,추돌(진행중),안전거리미확보,특별광역시도,번동사거리,37.6354163,127.0339899,강북구,
2018,9,9,일요일,12,경상사고,0,0,2,0,37,남,15년이상,,승용,비사업용,승용,진입회전사고,흐림,주간,차대차,측면직각충돌,안전거리미확보,특별광역시도,번동사거리,37.6354163,127.0339899,강북구,
2018,9,17,월요일,16,경상사고,0,0,1,0,51,남,15년이상,,승용,비사업용,승용,진입회전사고,맑음,주간,차대차,측면직각충돌,안전거리미확보,특별광역시도,번동사거리,37.6354163,127.0339899,강북구,
2018,10,7,일요일,10,경상사고,0,0,1,0,64,남,10년미만,,승합,비사업용,승합,기타사고,맑음,주간,차대차,차대차-기타,교차로운행방법위반,특별광역시도,번동사거리,37.6354163,127.0339899,강북구,
2018,12,22,토요일,5,경상사고,0,0,1,0,66,남,15년이상,,승용,사업용,보행자,보행횡단사고,맑음,새벽,차대사람,횡단중,안전운전불이행,특별광역시도,번동사거리,37.6354163,127.0339899,강북구,
2018,12,18,화요일,20,경상사고,0,0,2,0,57,남,5년미만,,승용,비사업용,승용,진입회전사고,흐림,출퇴근,차대차,측면직각충돌,안전거리미확보,특별광역시도,번동사거리,37.6354163,127.0339899,강북구,
2019,2,18,월요일,23,경상사고,0,0,1,0,26,여,10년미만,,승용,비사업용,승용,진입회전사고,맑음,심야,차대차,측면직각충돌,안전거리미확보,특별광역시도,번동사거리,37.6354163,127.0339899,강북구,
2019,4,3,수요일,0,경상사고,0,0,3,0,65,남,15년이상,,승용,사업용,승용,진입회전사고,흐림,심야,차대차,측면직각충돌,안전거리미확보,특별광역시도,번동사거리,37.6354163,127.0339899,강북구,
2019,5,3,금요일,20,경상사고,0,0,1,0,45,여,15년이상,,승용,비사업용,승용,진입회전사고,흐림,출퇴근,차대차,측면직각충돌,안전거리미확보,특별광역시도,번동사거리,37.6354163,127.0339899,강북구,
2019,5,6,월요일,21,중상사고,0,1,1,0,20,남,5년미만,,이륜,데이터오류,이륜,진입회전사고,맑음,심야,차대차,차대차-기타,신호위반,특별광역시도,번동사거리,37.6354163,127.0339899,강북구,
2019,5,15,수요일,23,경상사고,0,0,1,0,29,남,15년미만,0,승용,비사업용,승용,기타사고,흐림,심야,차대차,차대차-기타,차로위반,특별광역시도,번동사거리,37.6354163,127.0339899,강북구,
2019,6,18,화요일,0,경상사고,0,0,1,0,33,여,15년미만,,승용,비사업용,이륜,기타사고,흐림,심야,차대차,차대차-기타,안전운전불이행,특별광역시도,번동사거리,37.6354163,127.0339899,강북구,
2019,6,23,일요일,0,경상사고,0,0,1,0,22,남,데이터오류,,이륜,데이터오류,보행자,보행횡단사고,맑음,심야,차대사람,횡단중,안전운전불이행,특별광역시도,번동사거리,37.6354163,127.0339899,강북구,
2019,8,30,금요일,1,중상사고,0,1,0,0,62,남,15년이상,,승용,사업용,이륜,진입회전사고,맑음,심야,차대차,측면직각충돌,안전운전불이행,특별광역시도,번동사거리,37.6354163,127.0339899,강북구,
2019,8,30,금요일,15,경상사고,0,0,2,0,60,남,15년이상,,승용,비사업용,승용,진입회전사고,맑음,주간,차대차,측면직각충돌,안전운전불이행,특별광역시도,번동사거리,37.6354163,127.0339899,강북구,
2019,8,1,목요일,18,경상사고,0,0,3,0,58,여,15년이상,,승용,비사업용,승용,일직선사고,맑음,출퇴근,차대차,추돌(진행중),안전운전불이행,특별광역시도,번동사거리,37.6354163,127.0339899,강북구,
2019,9,10,화요일,1,경상사고,0,0,1,0,54,여,15년이상,,승용,사업용,승용,일직선사고,맑음,심야,차대차,추돌(진행중),안전운전불이행,특별광역시도,번동사거리,37.6354163,127.0339899,강북구,
2019,9,30,월요일,6,경상사고,0,0,1,0,63,남,15년이상,,승용,사업용,기타,기타사고,흐림,새벽,차량단독,차량단독-기타,안전운전불이행,특별광역시도,번동사거리,37.6354163,127.0339899,강북구,
2019,10,2,수요일,5,경상사고,0,0,1,0,58,남,15년이상,,승용,사업용,이륜,기타사고,비,새벽,차대차,차대차-기타,안전거리미확보,특별광역시도,번동사거리,37.6354163,127.0339899,강북구,
2019,10,15,화요일,20,경상사고,0,0,1,0,58,남,15년이상,,승용,비사업용,이륜,진입회전사고,맑음,출퇴근,차대차,정면충돌,신호위반,특별광역시도,번동사거리,37.6354163,127.0339899,강북구,
2019,10,5,토요일,23,경상사고,0,0,1,0,69,남,15년이상,,승용,사업용,이륜,진입회전사고,맑음,심야,차대차,측면직각충돌,안전거리미확보,특별광역시도,번동사거리,37.6354163,127.0339899,강북구,
2019,10,23,수요일,23,사망사고,1,1,0,0,55,남,15년이상,,화물,비사업용,이륜,진입회전사고,흐림,심야,차대차,측면직각충돌,신호위반,특별광역시도,번동사거리,37.6354163,127.0339899,강북구,
2019,11,19,화요일,6,경상사고,0,0,1,0,69,남,15년이상,,승합,비사업용,화물,진입회전사고,맑음,새벽,차대차,측면직각충돌,신호위반,특별광역시도,번동사거리,37.6354163,127.0339899,강북구,
2019,11,21,목요일,19,중상사고,0,1,0,0,46,남,15년이상,,승합,사업용,자전거,진입회전사고,맑음,출퇴근,차대차,측면직각충돌,신호위반,특별광역시도,번동사거리,37.6354163,127.0339899,강북구,
2019,12,13,금요일,5,경상사고,0,0,1,0,73,남,15년이상,,자전거,데이터오류,자전거,진입회전사고,맑음,새벽,차대차,측면직각충돌,신호위반,특별광역시도,번동사거리,37.6354163,127.0339899,강북구,
2017,3,15,수요일,2,중상사고,0,1,1,0,21,남,15년이상,,승용,비사업용,승용,진입회전사고,맑음,심야,차대차,측면직각충돌,중앙선침범,특별광역시도,번동사거리,37.6354163,127.0339899,강북구,
2017,8,14,월요일,0,중상사고,0,1,1,0,26,남,15년이상,,이륜,기타,이륜,진입회전사고,맑음,심야,차대차,정면충돌,신호위반,특별광역시도,번동사거리,37.6354163,127.0339899,강북구,
2017,10,11,수요일,8,경상사고,0,0,1,0,64,남,15년이상,,승용,사업용,승용,일직선사고,비,출퇴근,차대차,추돌(진행중),안전운전불이행,특별광역시도,번동사거리,37.6354163,127.0339899,강북구,
2017,11,28,화요일,17,부상사고,0,0,0,1,66,남,15년이상,,승용,사업용,이륜,진입회전사고,맑음,주간,차대차,측면직각충돌,차로위반,특별광역시도,번동사거리,37.6354163,127.0339899,강북구,
2018,2,11,일요일,22,부상사고,0,0,0,1,61,남,15년이상,,승용,사업용,승용,진입회전사고,맑음,심야,차대차,측면직각충돌,안전운전불이행,특별광역시도,번동사거리,37.6354163,127.0339899,강북구,
2017,1,17,화요일,18,경상사고,0,0,1,0,61,여,15년이상,,승용,비사업용,이륜,진입회전사고,맑음,출퇴근,차대차,차대차-기타,신호위반,특별광역시도,삼양동사거리,37.6194458,127.0210749,강북구,
2017,1,21,토요일,23,부상사고,0,0,0,1,50,남,15년이상,,승합,사업용,승합,진입회전사고,비,심야,차대차,측면직각충돌,교차로운행방법위반,특별광역시도,삼양동사거리,37.6194458,127.0210749,강북구,
2017,2,28,화요일,8,경상사고,0,0,1,0,33,남,15년미만,,승용,비사업용,이륜,진입회전사고,맑음,출퇴근,차대차,측면직각충돌,안전거리미확보,특별광역시도,삼양동사거리,37.6194458,127.0210749,강북구,
2017,3,15,수요일,13,경상사고,0,0,1,0,55,남,15년이상,,승용,사업용,원동기,진입회전사고,맑음,주간,차대차,측면직각충돌,데이터없음,특별광역시도,삼양동사거리,37.6194458,127.0210749,강북구,
2017,3,26,일요일,19,경상사고,0,0,1,0,63,남,15년이상,,승용,사업용,이륜,진입회전사고,맑음,출퇴근,차대차,측면직각충돌,신호위반,특별광역시도,삼양동사거리,37.6194458,127.0210749,강북구,
2017,5,17,수요일,23,중상사고,0,1,0,0,61,남,10년미만,,승용,사업용,이륜,일직선사고,맑음,심야,차대차,정면충돌,교차로운행방법위반,특별광역시도,삼양동사거리,37.6194458,127.0210749,강북구,
2017,6,2,금요일,18,중상사고,0,1,0,0,27,여,1년미만,,승용,비사업용,이륜,진입회전사고,맑음,출퇴근,차대차,측면직각충돌,신호위반,특별광역시도,삼양동사거리,37.6194458,127.0210749,강북구,
2017,7,1,토요일,3,경상사고,0,0,1,0,59,남,15년이상,,승용,사업용,승용,진입회전사고,맑음,심야,차대차,측면직각충돌,안전거리미확보,특별광역시도,삼양동사거리,37.6194458,127.0210749,강북구,
2017,7,25,화요일,9,경상사고,0,0,1,0,54,남,15년이상,,승용,비사업용,승용,진입회전사고,맑음,주간,차대차,측면직각충돌,안전거리미확보,특별광역시도,삼양동사거리,37.6194458,127.0210749,강북구,
2017,7,14,금요일,15,중상사고,0,1,0,0,60,남,15년이상,,승용,사업용,승용,진입회전사고,맑음,주간,차대차,측면직각충돌,안전거리미확보,특별광역시도,삼양동사거리,37.6194458,127.0210749,강북구,
2017,8,14,월요일,19,중상사고,0,1,1,0,61,여,10년미만,,승용,비사업용,보행자,기타사고,비,출퇴근,차대사람,차대사람-기타,안전운전불이행,특별광역시도,삼양동사거리,37.6194458,127.0210749,강북구,
2017,8,31,목요일,20,경상사고,0,0,1,0,54,남,15년미만,,승용,사업용,이륜,진입회전사고,맑음,출퇴근,차대차,측면직각충돌,안전운전불이행,특별광역시도,삼양동사거리,37.6194458,127.0210749,강북구,
2017,9,19,화요일,3,중상사고,0,1,0,0,17,남,1년미만,,이륜,기타,보행자,진입회전사고,맑음,심야,차대사람,횡단중,신호위반,특별광역시도,삼양동사거리,37.6194458,127.0210749,강북구,
2017,11,7,화요일,22,중상사고,0,1,0,0,67,남,15년이상,,이륜,기타,보행자,보행횡단사고,맑음,심야,차대사람,횡단중,보행자보호의무위반,특별광역시도,삼양동사거리,37.6194458,127.0210749,강북구,
2017,12,17,일요일,0,경상사고,0,0,1,0,71,남,15년이상,,승용,사업용,보행자,기타사고,맑음,심야,차대사람,차대사람-기타,보행자보호의무위반,특별광역시도,삼양동사거리,37.6194458,127.0210749,강북구,
2017,12,27,수요일,18,경상사고,0,0,1,0,50,남,15년이상,,승합,사업용,기타,기타사고,맑음,출퇴근,차량단독,차량단독-기타,안전운전불이행,특별광역시도,삼양동사거리,37.6194458,127.0210749,강북구,
2018,3,5,월요일,18,경상사고,0,0,1,0,56,여,15년이상,,승합,비사업용,이륜,진입회전사고,맑음,출퇴근,차대차,정면충돌,신호위반,특별광역시도,삼양동사거리,37.6194458,127.0210749,강북구,
2018,3,4,일요일,20,경상사고,0,0,4,0,58,남,15년이상,,승용,사업용,승용,진입회전사고,비,출퇴근,차대차,정면충돌,신호위반,특별광역시도,삼양동사거리,37.6194458,127.0210749,강북구,
2018,4,28,토요일,15,경상사고,0,0,1,0,55,남,15년이상,,승합,사업용,승합,일직선사고,맑음,주간,차대차,추돌(진행중),안전거리미확보,특별광역시도,삼양동사거리,37.6194458,127.0210749,강북구,
2018,4,30,월요일,17,경상사고,0,0,1,0,61,남,15년미만,,승용,사업용,이륜,진입회전사고,흐림,주간,차대차,측면직각충돌,신호위반,특별광역시도,삼양동사거리,37.6194458,127.0210749,강북구,
2018,6,23,토요일,22,경상사고,0,0,1,0,58,남,15년이상,,승용,비사업용,승용,진입회전사고,맑음,심야,차대차,측면직각충돌,불법유턴,특별광역시도,삼양동사거리,37.6194458,127.0210749,강북구,
2018,7,1,일요일,15,중상사고,0,1,0,0,62,남,15년이상,,승용,사업용,이륜,기타사고,맑음,주간,차대차,차대차-기타,안전운전불이행,특별광역시도,삼양동사거리,37.6194458,127.0210749,강북구,
2018,7,22,일요일,16,경상사고,0,0,1,0,63,남,15년이상,,승용,비사업용,이륜,기타사고,맑음,주간,차대차,차대차-기타,교차로운행방법위반,특별광역시도,삼양동사거리,37.6194458,127.0210749,강북구,
2018,8,2,목요일,17,부상사고,0,0,0,1,56,남,15년이상,,승용,사업용,이륜,기타사고,맑음,주간,차대차,차대차-기타,기타,특별광역시도,삼양동사거리,37.6194458,127.0210749,강북구,
2018,9,9,일요일,9,중상사고,0,1,0,0,20,여,3년미만,,승용,비사업용,이륜,진입회전사고,흐림,주간,차대차,측면직각충돌,신호위반,특별광역시도,삼양동사거리,37.6194458,127.0210749,강북구,
2018,9,10,월요일,9,경상사고,0,0,1,0,61,여,15년이상,,승용,비사업용,승용,진입회전사고,흐림,주간,차대차,측면직각충돌,안전거리미확보,특별광역시도,삼양동사거리,37.6194458,127.0210749,강북구,
2018,10,5,금요일,19,경상사고,0,0,1,0,66,남,15년이상,,승용,비사업용,이륜,진입회전사고,비,출퇴근,차대차,측면직각충돌,중앙선침범,특별광역시도,삼양동사거리,37.6194458,127.0210749,강북구,
2018,11,21,수요일,19,중상사고,0,1,0,0,47,남,데이터오류,,승용,비사업용,이륜,진입회전사고,맑음,출퇴근,차대차,차대차-기타,신호위반,특별광역시도,삼양동사거리,37.6194458,127.0210749,강북구,
2019,1,30,수요일,16,중상사고,0,1,0,0,53,남,15년미만,,화물,비사업용,보행자,보행횡단사고,맑음,주간,차대사람,횡단중,안전운전불이행,특별광역시도,삼양동사거리,37.6194458,127.0210749,강북구,
2019,2,20,수요일,11,경상사고,0,0,2,0,44,남,15년이상,,화물,비사업용,화물,일직선사고,맑음,주간,차대차,추돌(진행중),안전운전불이행,특별광역시도,삼양동사거리,37.6194458,127.0210749,강북구,
2019,4,7,일요일,23,경상사고,0,0,1,0,58,남,15년이상,,승용,비사업용,보행자,기타사고,맑음,심야,차대사람,차대사람-기타,안전운전불이행,특별광역시도,삼양동사거리,37.6194458,127.0210749,강북구,
2019,5,10,금요일,20,중상사고,0,1,0,0,61,남,15년이상,,승용,사업용,보행자,기타사고,맑음,출퇴근,차대사람,차대사람-기타,기타,특별광역시도,삼양동사거리,37.6194458,127.0210749,강북구,
2019,6,1,토요일,12,경상사고,0,0,1,0,47,남,15년이상,,이륜,데이터오류,보행자,기타사고,맑음,주간,차대사람,길가장자리구역통행중,안전운전불이행,특별광역시도,삼양동사거리,37.6194458,127.0210749,강북구,
2019,6,27,목요일,13,경상사고,0,0,1,0,69,남,15년이상,,자전거,데이터오류,자전거,진입회전사고,맑음,주간,차대차,측면직각충돌,중앙선침범,특별광역시도,삼양동사거리,37.6194458,127.0210749,강북구,
2019,7,14,일요일,23,중상사고,0,1,0,0,69,남,15년이상,,승용,사업용,화물,일직선사고,흐림,심야,차대차,추돌(진행중),안전운전불이행,특별광역시도,삼양동사거리,37.6194458,127.0210749,강북구,
2019,9,2,월요일,22,경상사고,0,0,1,0,68,남,15년이상,,승합,사업용,보행자,진입회전사고,맑음,심야,차대사람,횡단중,신호위반,특별광역시도,삼양동사거리,37.6194458,127.0210749,강북구,
2019,10,7,월요일,23,중상사고,0,1,0,0,69,남,15년이상,,승용,사업용,보행자,보행횡단사고,흐림,심야,차대사람,횡단중,안전운전불이행,특별광역시도,삼양동사거리,37.6194458,127.0210749,강북구,
2017,4,18,화요일,19,경상사고,0,0,1,0,56,남,15년이상,,승용,비사업용,이륜,진입회전사고,맑음,출퇴근,차대차,추돌(진행중),신호위반,특별광역시도,삼양시장오거리,37.6250561,127.0179084,강북구,
2017,5,3,수요일,18,중상사고,0,1,0,0,31,남,15년이상,,승용,비사업용,이륜,진입회전사고,맑음,출퇴근,차대차,측면직각충돌,안전운전불이행,특별광역시도,삼양시장오거리,37.6250561,127.0179084,강북구,
2017,6,6,화요일,15,경상사고,0,0,2,0,57,남,15년이상,,화물,비사업용,보행자,보행횡단사고,맑음,주간,차대사람,횡단중,안전운전불이행,특별광역시도,삼양시장오거리,37.6250561,127.0179084,강북구,
2017,6,19,월요일,16,경상사고,0,0,1,0,36,남,15년이상,,승용,비사업용,보행자,보행횡단사고,맑음,주간,차대사람,보도통행중,데이터없음,기타,삼양시장오거리,37.6250561,127.0179084,강북구,
2017,7,9,일요일,14,경상사고,0,0,1,0,불명,불명,데이터오류,,기타,데이터오류,기타,진입회전사고,맑음,주간,차대사람,횡단중,신호위반,특별광역시도,삼양시장오거리,37.6250561,127.0179084,강북구,
2017,8,25,금요일,20,중상사고,0,1,0,0,25,남,5년미만,,승용,비사업용,이륜,일직선사고,맑음,출퇴근,차대차,추돌(진행중),차로위반,특별광역시도,삼양시장오거리,37.6250561,127.0179084,강북구,
2017,10,23,월요일,3,중상사고,0,1,1,0,62,남,15년이상,,승용,사업용,이륜,진입회전사고,맑음,심야,차대차,측면직각충돌,교차로운행방법위반,특별광역시도,삼양시장오거리,37.6250561,127.0179084,강북구,
2017,10,26,목요일,3,경상사고,0,0,1,0,58,남,15년이상,,승용,사업용,보행자,기타사고,맑음,심야,차대사람,차도통행중,안전운전불이행,특별광역시도,삼양시장오거리,37.6250561,127.0179084,강북구,
2018,2,20,화요일,3,경상사고,0,0,1,0,74,남,15년이상,,승용,사업용,승용,진입회전사고,흐림,심야,차대차,측면직각충돌,신호위반,특별광역시도,삼양시장오거리,37.6250561,127.0179084,강북구,
2018,3,4,일요일,10,중상사고,0,1,0,0,52,남,15년이상,,승용,비사업용,보행자,보행횡단사고,맑음,주간,차대사람,횡단중,보행자보호의무위반,특별광역시도,삼양시장오거리,37.6250561,127.0179084,강북구,
2018,4,8,일요일,14,중상사고,0,1,0,0,33,여,15년이상,,승용,비사업용,이륜,진입회전사고,맑음,주간,차대차,측면직각충돌,안전운전불이행,특별광역시도,삼양시장오거리,37.6250561,127.0179084,강북구,
2018,4,4,수요일,23,경상사고,0,0,1,0,46,남,10년미만,,승용,비사업용,이륜,일직선사고,맑음,심야,차대차,정면충돌,안전운전불이행,특별광역시도,삼양시장오거리,37.6250561,127.0179084,강북구,
2018,5,21,월요일,11,경상사고,0,0,2,0,62,남,2년미만,,승용,비사업용,승용,기타사고,맑음,주간,차대차,차대차-기타,안전운전불이행,특별광역시도,삼양시장오거리,37.6250561,127.0179084,강북구,
2018,5,6,일요일,12,경상사고,0,0,3,0,66,남,15년이상,,승용,비사업용,이륜,진입회전사고,맑음,주간,차대차,측면직각충돌,안전거리미확보,특별광역시도,삼양시장오거리,37.6250561,127.0179084,강북구,
2018,6,22,금요일,7,중상사고,0,1,2,0,46,여,15년이상,,승용,비사업용,이륜,진입회전사고,맑음,출퇴근,차대차,측면직각충돌,신호위반,특별광역시도,삼양시장오거리,37.6250561,127.0179084,강북구,
2018,6,28,목요일,15,경상사고,0,0,1,0,55,남,15년이상,,승용,비사업용,이륜,기타사고,흐림,주간,차대차,차대차-기타,안전운전불이행,특별광역시도,삼양시장오거리,37.6250561,127.0179084,강북구,
2018,6,13,수요일,15,경상사고,0,0,1,0,34,남,15년이상,,승용,비사업용,원동기,진입회전사고,맑음,주간,차대차,측면직각충돌,신호위반,특별광역시도,삼양시장오거리,37.6250561,127.0179084,강북구,
2018,6,6,수요일,15,중상사고,0,1,0,0,47,남,15년이상,,승용,비사업용,보행자,보행횡단사고,맑음,주간,차대사람,횡단중,안전운전불이행,특별광역시도,삼양시장오거리,37.6250561,127.0179084,강북구,
2018,7,16,월요일,1,경상사고,0,0,1,0,47,남,15년이상,,승용,비사업용,이륜,일직선사고,맑음,심야,차대차,차대차-기타,중앙선침범,특별광역시도,삼양시장오거리,37.6250561,127.0179084,강북구,
2018,7,6,금요일,18,경상사고,0,0,1,0,24,남,15년이상,,이륜,기타,보행자,진입회전사고,맑음,출퇴근,차대사람,횡단중,신호위반,특별광역시도,삼양시장오거리,37.6250561,127.0179084,강북구,
2018,8,25,토요일,15,중상사고,0,1,0,0,57,남,15년이상,,화물,사업용,이륜,일직선사고,맑음,주간,차대차,추돌(진행중),안전거리미확보,특별광역시도,삼양시장오거리,37.6250561,127.0179084,강북구,
2018,8,13,월요일,20,경상사고,0,0,1,0,62,남,10년미만,,승용,비사업용,이륜,진입회전사고,맑음,출퇴근,차대차,측면직각충돌,안전운전불이행,특별광역시도,삼양시장오거리,37.6250561,127.0179084,강북구,
2018,10,4,목요일,6,경상사고,0,0,1,0,57,남,15년이상,0,승합,사업용,승합,일직선사고,맑음,새벽,차대차,추돌(진행중),안전운전불이행,특별광역시도,삼양시장오거리,37.6250561,127.0179084,강북구,
2018,10,22,월요일,18,경상사고,0,0,1,0,53,남,15년이상,,승용,비사업용,이륜,진입회전사고,흐림,출퇴근,차대차,측면직각충돌,안전운전불이행,특별광역시도,삼양시장오거리,37.6250561,127.0179084,강북구,
2019,3,23,토요일,13,경상사고,0,0,1,0,35,여,10년미만,,승용,비사업용,이륜,기타사고,흐림,주간,차대차,차대차-기타,교차로운행방법위반,특별광역시도,삼양시장오거리,37.6250561,127.0179084,강북구,
2019,4,19,금요일,9,경상사고,0,0,1,0,71,여,15년이상,,승용,비사업용,자전거,기타사고,맑음,주간,차대차,차대차-기타,안전운전불이행,특별광역시도,삼양시장오거리,37.6250561,127.0179084,강북구,
2019,4,26,금요일,11,경상사고,0,0,1,0,61,남,15년이상,,화물,비사업용,보행자,기타사고,맑음,주간,차대사람,차대사람-기타,보행자보호의무위반,특별광역시도,삼양시장오거리,37.6250561,127.0179084,강북구,
2019,5,12,일요일,17,경상사고,0,0,1,0,27,남,15년미만,,승용,사업용,승용,기타사고,맑음,주간,차대차,차대차-기타,안전거리미확보,특별광역시도,삼양시장오거리,37.6250561,127.0179084,강북구,
2019,7,11,목요일,7,경상사고,0,0,1,0,76,남,15년이상,,승용,사업용,이륜,진입회전사고,맑음,출퇴근,차대차,측면직각충돌,직진우회전진행방해,특별광역시도,삼양시장오거리,37.6250561,127.0179084,강북구,
2019,7,1,월요일,12,중상사고,0,1,0,0,23,남,15년이상,,이륜,데이터오류,보행자,보행횡단사고,맑음,주간,차대사람,횡단중,안전운전불이행,특별광역시도,삼양시장오거리,37.6250561,127.0179084,강북구,
2019,7,15,월요일,17,중상사고,0,1,0,0,48,남,10년미만,,승용,사업용,이륜,기타사고,비,주간,차대차,차대차-기타,안전운전불이행,특별광역시도,삼양시장오거리,37.6250561,127.0179084,강북구,
2019,8,1,목요일,8,중상사고,0,1,1,0,57,남,15년이상,,자전거,데이터오류,보행자,진입회전사고,맑음,출퇴근,차대사람,횡단중,신호위반,특별광역시도,삼양시장오거리,37.6250561,127.0179084,강북구,
2019,8,10,토요일,17,경상사고,0,0,1,0,18,남,15년이상,,이륜,데이터오류,보행자,진입회전사고,맑음,주간,차대사람,횡단중,신호위반,특별광역시도,삼양시장오거리,37.6250561,127.0179084,강북구,
2019,11,13,수요일,17,부상사고,0,0,0,1,40,여,15년이상,,승용,비사업용,보행자,보행횡단사고,맑음,주간,차대사람,횡단중,안전운전불이행,특별광역시도,삼양시장오거리,37.6250561,127.0179084,강북구,
2019,11,19,화요일,18,경상사고,0,0,1,0,63,남,15년이상,,화물,비사업용,이륜,진입회전사고,흐림,출퇴근,차대차,측면직각충돌,신호위반,특별광역시도,삼양시장오거리,37.6250561,127.0179084,강북구,
2017,3,6,월요일,18,경상사고,0,0,1,0,68,남,15년이상,,승용,사업용,보행자,기타사고,맑음,출퇴근,차대사람,차대사람-기타,안전운전불이행,특별광역시도,삼양시장오거리,37.6250561,127.0179084,강북구,
2017,6,11,일요일,10,경상사고,0,0,1,0,62,남,15년이상,,승합,사업용,보행자,기타사고,맑음,주간,차대차,차대차-기타,안전운전불이행,특별광역시도,삼양시장오거리,37.6250561,127.0179084,강북구,
2017,7,19,수요일,8,경상사고,0,0,1,0,13,남,15년이상,,자전거,기타,자전거,일직선사고,맑음,출퇴근,차대차,추돌(진행중),안전운전불이행,특별광역시도,삼양시장오거리,37.6250561,127.0179084,강북구,
2018,2,18,일요일,18,경상사고,0,0,1,0,40,남,15년이상,,승합,사업용,보행자,기타사고,맑음,출퇴근,차대사람,차대사람-기타,안전운전불이행,특별광역시도,삼양시장오거리,37.6250561,127.0179084,강북구,
2018,2,2,금요일,23,경상사고,0,0,1,1,39,남,15년이상,,승용,비사업용,승용,일직선사고,맑음,심야,차대차,추돌(진행중),안전거리미확보,특별광역시도,삼양시장오거리,37.6250561,127.0179084,강북구,
2019,11,19,화요일,12,경상사고,0,0,1,0,59,여,15년이상,,승용,비사업용,보행자,기타사고,맑음,주간,차대사람,차도통행중,안전운전불이행,특별광역시도,삼양시장오거리,37.6250561,127.0179084,강북구,
2017,2,22,수요일,5,경상사고,0,0,2,0,72,남,15년미만,,승용,사업용,승용,기타사고,맑음,새벽,차대차,차대차-기타,안전운전불이행,특별광역시도,삼양입구사거리,37.617059,127.028658,강북구,
2017,4,16,일요일,0,중상사고,0,1,0,0,65,남,15년이상,,승용,사업용,보행자,보행횡단사고,맑음,심야,차대사람,횡단중,안전운전불이행,특별광역시도,삼양입구사거리,37.617059,127.028658,강북구,
2017,4,30,일요일,3,중상사고,0,1,1,0,69,남,15년이상,,승용,사업용,승용,일직선사고,맑음,심야,차대차,추돌(진행중),안전거리미확보,특별광역시도,삼양입구사거리,37.617059,127.028658,강북구,
2017,4,1,토요일,7,경상사고,0,0,1,0,58,남,15년이상,,승용,사업용,기타,일직선사고,맑음,출퇴근,차대차,추돌(진행중),안전운전불이행,특별광역시도,삼양입구사거리,37.617059,127.028658,강북구,
2017,4,11,화요일,14,경상사고,0,0,1,0,54,남,15년미만,,승용,비사업용,이륜,진입회전사고,맑음,주간,차대차,측면직각충돌,안전거리미확보,특별광역시도,삼양입구사거리,37.617059,127.028658,강북구,
2017,6,24,토요일,13,경상사고,0,0,1,0,58,남,15년이상,,자전거,기타,자전거,일직선사고,맑음,주간,차대차,차대차-기타,중앙선침범,특별광역시도,삼양입구사거리,37.617059,127.028658,강북구,