년도,월,일,요일,시각,사고등급,사망자수,중상자수,경상자수,부상자수,연령,성별,경력,음주,종별,용도,관련자2,사고형태,기상상태,일광상태,사고유형1,사고유형2,법규위반,도로종류,지점명,위도,경도,자치구,
2017,7,19,수요일,19,경상사고,0,0,1,0,42,남,15년이상,,승용,사업용,이륜,일직선사고,맑음,출퇴근,차대차,추돌(진행중),안전운전불이행,특별광역시도,삼양입구사거리,37.617059,127.028658,강북구,
2017,8,30,수요일,2,경상사고,0,0,3,0,33,남,15년이상,,승용,비사업용,이륜,일직선사고,맑음,심야,차대차,추돌(진행중),안전운전불이행,특별광역시도,삼양입구사거리,37.617059,127.028658,강북구,
2017,9,9,토요일,21,경상사고,0,0,4,0,62,남,15년이상,,승용,사업용,승용,일직선사고,맑음,심야,차대차,추돌(진행중),안전거리미확보,특별광역시도,삼양입구사거리,37.617059,127.028658,강북구,
2017,10,31,화요일,15,중상사고,0,1,0,0,61,남,15년이상,,화물,사업용,이륜,진입회전사고,맑음,주간,차대차,측면직각충돌,교차로운행방법위반,특별광역시도,삼양입구사거리,37.617059,127.028658,강북구,
2018,1,16,화요일,14,부상사고,0,0,0,1,24,남,데이터오류,,승용,비사업용,화물,일직선사고,흐림,주간,차대차,추돌(진행중),안전운전불이행,특별광역시도,삼양입구사거리,37.617059,127.028658,강북구,
2018,2,5,월요일,9,중상사고,0,1,0,0,31,남,15년이상,,화물,비사업용,보행자,보행횡단사고,맑음,주간,차대사람,횡단중,안전운전불이행,특별광역시도,삼양입구사거리,37.617059,127.028658,강북구,
2018,2,19,월요일,19,경상사고,0,0,1,0,43,여,15년미만,,승용,비사업용,승용,진입회전사고,흐림,출퇴근,차대차,측면직각충돌,직진우회전진행방해,특별광역시도,삼양입구사거리,37.617059,127.028658,강북구,
2018,2,20,화요일,22,경상사고,0,0,1,0,55,남,15년이상,,승용,사업용,승합,기타사고,맑음,심야,차대차,차대차-기타,차로위반,특별광역시도,삼양입구사거리,37.617059,127.028658,강북구,
2018,4,16,월요일,8,경상사고,0,0,1,0,59,여,15년이상,,승용,비사업용,승용,진입회전사고,맑음,출퇴근,차대차,측면직각충돌,신호위반,특별광역시도,삼양입구사거리,37.617059,127.028658,강북구,
2018,4,12,목요일,18,경상사고,0,0,1,0,51,남,15년이상,,승용,사업용,승용,기타사고,맑음,출퇴근,차대차,차대차-기타,안전운전불이행,특별광역시도,삼양입구사거리,37.617059,127.028658,강북구,
2018,5,28,월요일,23,경상사고,0,0,2,0,35,여,15년이상,,승용,비사업용,이륜,일직선사고,맑음,심야,차대차,추돌(진행중),안전운전불이행,특별광역시도,삼양입구사거리,37.617059,127.028658,강북구,
2018,7,16,월요일,10,중상사고,0,1,0,0,48,남,15년이상,,승합,비사업용,보행자,보행횡단사고,맑음,주간,차대사람,횡단중,안전운전불이행,특별광역시도,삼양입구사거리,37.617059,127.028658,강북구,
2018,7,31,화요일,13,경상사고,0,0,3,0,47,남,15년이상,,승용,비사업용,승용,진입회전사고,맑음,주간,차대차,측면직각충돌,안전운전불이행,특별광역시도,삼양입구사거리,37.617059,127.028658,강북구,
2018,12,18,화요일,11,경상사고,0,0,1,0,48,여,15년이상,,승용,비사업용,이륜,진입회전사고,맑음,주간,차대차,측면직각충돌,교차로운행방법위반,특별광역시도,삼양입구사거리,37.617059,127.028658,강북구,
2018,12,18,화요일,23,경상사고,0,0,3,0,68,남,15년이상,,승용,사업용,승용,진입회전사고,흐림,심야,차대차,정면충돌,신호위반,특별광역시도,삼양입구사거리,37.617059,127.028658,강북구,
2019,2,21,목요일,6,경상사고,0,0,1,0,44,남,15년이상,,화물,비사업용,이륜,일직선사고,맑음,새벽,차대차,정면충돌,교차로운행방법위반,특별광역시도,삼양입구사거리,37.617059,127.028658,강북구,
2019,4,28,일요일,18,부상사고,0,0,0,1,42,남,15년이상,,이륜,데이터오류,이륜,진입회전사고,맑음,출퇴근,차대차,차대차-기타,신호위반,특별광역시도,삼양입구사거리,37.617059,127.028658,강북구,
2019,6,24,월요일,2,경상사고,0,0,1,0,70,남,15년이상,,승용,사업용,승용,진입회전사고,맑음,심야,차대차,측면직각충돌,안전운전불이행,특별광역시도,삼양입구사거리,37.617059,127.028658,강북구,
2019,6,28,금요일,9,중상사고,0,1,0,0,42,남,15년이상,,화물,비사업용,이륜,일직선사고,맑음,주간,차대차,추돌(진행중),안전운전불이행,특별광역시도,삼양입구사거리,37.617059,127.028658,강북구,
2019,9,23,월요일,3,중상사고,0,1,2,0,53,남,15년이상,,승용,비사업용,승용,기타사고,맑음,심야,차대차,차대차-기타,교차로운행방법위반,특별광역시도,삼양입구사거리,37.617059,127.028658,강북구,
2019,10,24,목요일,22,중상사고,0,1,0,0,60,남,15년이상,,승합,사업용,보행자,기타사고,맑음,심야,차대사람,차도통행중,안전운전불이행,특별광역시도,삼양입구사거리,37.617059,127.028658,강북구,
2017,1,1,일요일,0,중상사고,0,1,6,0,59,남,15년이상,,승용,비사업용,승용,진입회전사고,맑음,심야,차대차,측면직각충돌,신호위반,특별광역시도,삼양입구사거리,37.617059,127.028658,강북구,
2017,2,22,수요일,17,경상사고,0,0,1,0,51,남,3년미만,,승용,비사업용,이륜,기타사고,비,주간,차대차,차대차-기타,안전운전불이행,특별광역시도,삼양입구사거리,37.617059,127.028658,강북구,
2017,8,4,금요일,13,경상사고,0,0,1,0,47,남,15년미만,,승합,사업용,이륜,진입회전사고,맑음,주간,차대차,측면직각충돌,신호위반,특별광역시도,삼양입구사거리,37.617059,127.028658,강북구,
2017,8,30,수요일,17,부상사고,0,0,0,1,20,남,2년미만,,승용,비사업용,승용,진입회전사고,맑음,주간,차대차,측면직각충돌,안전거리미확보,특별광역시도,삼양입구사거리,37.617059,127.028658,강북구,
2017,9,15,금요일,17,경상사고,0,0,1,0,51,남,15년미만,,승합,사업용,승합,진입회전사고,맑음,주간,차대차,차대차-기타,신호위반,특별광역시도,삼양입구사거리,37.617059,127.028658,강북구,
2017,11,2,목요일,17,경상사고,0,0,2,0,43,남,15년이상,,승합,사업용,승합,일직선사고,맑음,주간,차대차,추돌(진행중),안전운전불이행,특별광역시도,삼양입구사거리,37.617059,127.028658,강북구,
2018,2,6,화요일,18,중상사고,0,1,0,0,54,남,15년이상,,승용,비사업용,이륜,진입회전사고,맑음,출퇴근,차대차,측면직각충돌,교차로운행방법위반,특별광역시도,삼양입구사거리,37.617059,127.028658,강북구,
2018,7,16,월요일,15,중상사고,0,1,0,0,66,남,15년이상,,승용,사업용,승용,진입회전사고,맑음,주간,차대차,측면직각충돌,교차로운행방법위반,특별광역시도,삼양입구사거리,37.617059,127.028658,강북구,
2018,8,17,금요일,18,경상사고,0,0,2,0,37,남,15년이상,,승합,비사업용,특수,진입회전사고,맑음,출퇴근,차대차,측면직각충돌,교차로운행방법위반,특별광역시도,삼양입구사거리,37.617059,127.028658,강북구,
2019,5,28,화요일,0,경상사고,0,0,4,0,49,여,15년이상,,승용,비사업용,승용,일직선사고,흐림,심야,차대차,추돌(진행중),안전운전불이행,특별광역시도,삼양입구사거리,37.617059,127.028658,강북구,
2019,5,31,금요일,23,경상사고,0,0,1,0,56,남,15년이상,,승용,사업용,원동기,진입회전사고,맑음,심야,차대차,정면충돌,신호위반,특별광역시도,삼양입구사거리,37.617059,127.028658,강북구,
2019,8,15,목요일,0,경상사고,0,0,3,0,30,남,15년미만,0,승용,비사업용,승용,기타사고,맑음,심야,차대차,차대차-기타,안전운전불이행,특별광역시도,삼양입구사거리,37.617059,127.028658,강북구,
2019,10,10,목요일,19,경상사고,0,0,1,0,46,여,5년미만,,승용,비사업용,이륜,진입회전사고,맑음,출퇴근,차대차,측면직각충돌,안전운전불이행,특별광역시도,삼양입구사거리,37.617059,127.028658,강북구,
2017,1,30,월요일,1,경상사고,0,0,1,0,63,남,15년이상,,승용,사업용,원동기,일직선사고,흐림,심야,차대차,추돌(진행중),안전운전불이행,특별광역시도,삼양입구사거리,37.617059,127.028658,강북구,
2017,1,23,월요일,18,중상사고,0,2,0,0,54,여,15년이상,,승용,비사업용,승용,진입회전사고,기타,출퇴근,차대차,측면직각충돌,안전운전불이행,특별광역시도,삼양입구사거리,37.617059,127.028658,강북구,
2017,1,29,일요일,20,경상사고,0,0,3,0,35,여,15년이상,,승용,사업용,승용,일직선사고,눈,출퇴근,차대차,추돌(진행중),안전운전불이행,특별광역시도,삼양입구사거리,37.617059,127.028658,강북구,
2017,2,19,일요일,4,경상사고,0,0,1,0,23,남,15년이상,,승용,비사업용,승용,진입회전사고,기타,심야,차대차,측면직각충돌,신호위반,특별광역시도,삼양입구사거리,37.617059,127.028658,강북구,
2017,3,18,토요일,1,경상사고,0,0,1,0,49,남,15년미만,,승용,사업용,승용,일직선사고,맑음,심야,차대차,추돌(진행중),안전운전불이행,특별광역시도,삼양입구사거리,37.617059,127.028658,강북구,
2017,4,24,월요일,8,경상사고,0,0,1,0,50,여,15년이상,,승용,비사업용,승합,기타사고,맑음,출퇴근,차대차,차대차-기타,불법유턴,특별광역시도,삼양입구사거리,37.617059,127.028658,강북구,
2017,5,7,일요일,1,경상사고,0,0,11,0,51,남,15년이상,,승용,비사업용,승합,진입회전사고,맑음,심야,차대차,측면직각충돌,안전운전불이행,특별광역시도,삼양입구사거리,37.617059,127.028658,강북구,
2017,5,25,목요일,1,경상사고,0,0,1,0,57,남,15년이상,,승용,사업용,보행자,진입회전사고,흐림,심야,차대사람,횡단중,신호위반,특별광역시도,삼양입구사거리,37.617059,127.028658,강북구,
2017,5,29,월요일,22,부상사고,0,0,0,1,58,남,15년이상,,승용,사업용,이륜,일직선사고,맑음,심야,차대차,추돌(진행중),안전운전불이행,특별광역시도,삼양입구사거리,37.617059,127.028658,강북구,
2017,7,30,일요일,22,경상사고,0,0,1,0,26,남,10년미만,,승합,비사업용,승합,진입회전사고,맑음,심야,차대차,측면직각충돌,신호위반,특별광역시도,삼양입구사거리,37.617059,127.028658,강북구,
2017,8,22,화요일,14,중상사고,0,1,3,3,50,남,15년이상,,승용,비사업용,보행자,진입회전사고,맑음,주간,차대차,측면직각충돌,안전거리미확보,특별광역시도,삼양입구사거리,37.617059,127.028658,강북구,
2017,9,1,금요일,16,경상사고,0,0,2,0,22,남,15년이상,,승용,비사업용,이륜,진입회전사고,맑음,주간,차대차,측면직각충돌,신호위반,특별광역시도,삼양입구사거리,37.617059,127.028658,강북구,
2017,10,24,화요일,15,경상사고,0,0,1,0,57,남,15년이상,,승용,비사업용,승용,기타사고,맑음,주간,차대차,차대차-기타,차로위반,특별광역시도,삼양입구사거리,37.617059,127.028658,강북구,
2017,10,17,화요일,19,경상사고,0,0,5,1,59,남,15년이상,,승합,사업용,이륜,일직선사고,맑음,출퇴근,차대차,추돌(진행중),차로위반,특별광역시도,삼양입구사거리,37.617059,127.028658,강북구,
2017,10,9,월요일,20,중상사고,0,1,0,0,50,남,15년이상,,화물,비사업용,이륜,진입회전사고,맑음,출퇴근,차대차,정면충돌,신호위반,특별광역시도,삼양입구사거리,37.617059,127.028658,강북구,
2017,11,23,목요일,14,중상사고,0,1,0,0,52,남,15년이상,,승용,비사업용,원동기,진입회전사고,맑음,주간,차대차,측면직각충돌,신호위반,특별광역시도,삼양입구사거리,37.617059,127.028658,강북구,
2017,11,13,월요일,17,경상사고,0,0,1,0,62,남,15년이상,,승용,비사업용,이륜,진입회전사고,흐림,주간,차대차,측면직각충돌,안전운전불이행,특별광역시도,삼양입구사거리,37.617059,127.028658,강북구,
2017,12,2,토요일,20,경상사고,0,0,1,0,35,남,15년이상,,승용,비사업용,이륜,진입회전사고,맑음,출퇴근,차대차,추돌(진행중),신호위반,특별광역시도,삼양입구사거리,37.617059,127.028658,강북구,
2018,1,24,수요일,7,중상사고,0,1,0,0,54,여,15년이상,,승용,비사업용,보행자,진입회전사고,맑음,출퇴근,차대사람,횡단중,신호위반,특별광역시도,삼양입구사거리,37.617059,127.028658,강북구,
2018,1,20,토요일,22,중상사고,0,1,0,0,44,여,15년미만,,승용,비사업용,이륜,진입회전사고,맑음,심야,차대차,측면직각충돌,안전운전불이행,특별광역시도,삼양입구사거리,37.617059,127.028658,강북구,
2018,2,6,화요일,1,경상사고,0,0,2,0,62,남,15년이상,,승용,사업용,승용,진입회전사고,흐림,심야,차대차,측면직각충돌,신호위반,특별광역시도,삼양입구사거리,37.617059,127.028658,강북구,
2018,2,25,일요일,5,경상사고,0,0,2,0,58,남,10년미만,,승용,사업용,승용,진입회전사고,맑음,새벽,차대차,측면직각충돌,신호위반,특별광역시도,삼양입구사거리,37.617059,127.028658,강북구,
2018,2,17,토요일,9,경상사고,0,0,2,0,56,남,15년이상,,승용,비사업용,승용,진입회전사고,맑음,주간,차대차,측면직각충돌,교차로운행방법위반,특별광역시도,삼양입구사거리,37.617059,127.028658,강북구,
2018,2,4,일요일,16,중상사고,0,1,0,0,53,남,15년이상,,승합,사업용,승합,기타사고,맑음,주간,차대차,차대차-기타,안전거리미확보,특별광역시도,삼양입구사거리,37.617059,127.028658,강북구,
2018,3,19,월요일,2,경상사고,0,0,1,0,31,남,1년미만,,승용,비사업용,승용,진입회전사고,비,심야,차대차,측면직각충돌,중앙선침범,특별광역시도,삼양입구사거리,37.617059,127.028658,강북구,
2018,3,15,목요일,5,경상사고,0,0,3,0,25,남,10년미만,0,승용,비사업용,화물,일직선사고,비,새벽,차대차,정면충돌,중앙선침범,특별광역시도,삼양입구사거리,37.617059,127.028658,강북구,
2018,4,25,수요일,0,경상사고,0,0,1,0,53,남,15년이상,,화물,비사업용,자전거,진입회전사고,맑음,심야,차대차,측면직각충돌,신호위반,특별광역시도,삼양입구사거리,37.617059,127.028658,강북구,
2018,4,24,화요일,13,경상사고,0,0,1,0,42,남,15년이상,,승합,사업용,이륜,진입회전사고,맑음,주간,차대차,측면직각충돌,신호위반,특별광역시도,삼양입구사거리,37.617059,127.028658,강북구,
2018,5,18,금요일,5,중상사고,0,1,1,0,54,남,15년이상,,화물,사업용,화물,진입회전사고,비,새벽,차대차,정면충돌,신호위반,특별광역시도,삼양입구사거리,37.617059,127.028658,강북구,
2018,5,18,금요일,10,경상사고,0,0,1,0,불명,불명,데이터오류,,기타,기타,기타,기타사고,맑음,주간,차대사람,차대사람-기타,보행자보호의무위반,특별광역시도,삼양입구사거리,37.617059,127.028658,강북구,
2018,5,1,화요일,18,경상사고,0,0,1,0,59,여,15년이상,,승용,비사업용,이륜,진입회전사고,흐림,출퇴근,차대차,측면직각충돌,신호위반,특별광역시도,삼양입구사거리,37.617059,127.028658,강북구,
2018,5,29,화요일,23,경상사고,0,0,1,0,56,남,15년이상,,승합,사업용,기타,기타사고,맑음,심야,차대차,차대차-기타,안전거리미확보,특별광역시도,삼양입구사거리,37.617059,127.028658,강북구,
2018,5,29,화요일,23,경상사고,0,0,1,0,56,남,15년이상,,승합,사업용,기타,기타사고,맑음,심야,차대차,차대차-기타,안전거리미확보,특별광역시도,삼양입구사거리,37.617059,127.028658,강북구,
2018,8,29,수요일,9,중상사고,0,1,0,0,51,남,15년이상,,승용,비사업용,자전거,진입회전사고,흐림,주간,차대차,측면직각충돌,안전운전불이행,특별광역시도,삼양입구사거리,37.617059,127.028658,강북구,
2018,9,12,수요일,12,경상사고,0,0,1,0,24,남,15년이상,,승용,비사업용,이륜,진입회전사고,맑음,주간,차대차,차대차-기타,신호위반,특별광역시도,삼양입구사거리,37.617059,127.028658,강북구,
2018,9,18,화요일,21,경상사고,0,0,1,0,26,남,5년미만,,승용,비사업용,승용,일직선사고,맑음,심야,차대차,추돌(진행중),안전거리미확보,특별광역시도,삼양입구사거리,37.617059,127.028658,강북구,
2018,9,10,월요일,22,중상사고,0,1,1,0,69,남,15년이상,,승합,비사업용,이륜,진입회전사고,맑음,심야,차대차,측면직각충돌,신호위반,특별광역시도,삼양입구사거리,37.617059,127.028658,강북구,
2018,10,16,화요일,0,경상사고,0,0,2,0,55,남,15년이상,,승용,비사업용,승용,진입회전사고,흐림,심야,차대차,정면충돌,신호위반,특별광역시도,삼양입구사거리,37.617059,127.028658,강북구,
2018,10,7,일요일,5,경상사고,0,0,1,0,23,남,데이터오류,,승용,비사업용,승합,일직선사고,맑음,새벽,차대차,차대차-기타,중앙선침범,특별광역시도,삼양입구사거리,37.617059,127.028658,강북구,
2018,10,14,일요일,19,경상사고,0,0,5,0,62,남,15년이상,,승합,사업용,이륜,진입회전사고,맑음,출퇴근,차대차,차대차-기타,신호위반,특별광역시도,삼양입구사거리,37.617059,127.028658,강북구,
2018,11,5,월요일,13,경상사고,0,0,2,0,59,남,15년미만,,승용,비사업용,승용,일직선사고,맑음,주간,차대차,추돌(진행중),안전운전불이행,특별광역시도,삼양입구사거리,37.617059,127.028658,강북구,
2018,11,17,토요일,20,경상사고,0,0,1,0,43,여,15년이상,,승용,비사업용,이륜,진입회전사고,흐림,출퇴근,차대차,측면직각충돌,신호위반,특별광역시도,삼양입구사거리,37.617059,127.028658,강북구,
2018,11,8,목요일,21,경상사고,0,0,1,0,44,남,15년이상,,승용,비사업용,승용,진입회전사고,비,심야,차대차,차대차-기타,신호위반,특별광역시도,삼양입구사거리,37.617059,127.028658,강북구,
2018,11,23,금요일,23,경상사고,0,0,1,0,47,여,15년이상,,승용,비사업용,이륜,진입회전사고,맑음,심야,차대차,정면충돌,신호위반,특별광역시도,삼양입구사거리,37.617059,127.028658,강북구,
2018,12,30,일요일,1,중상사고,0,3,1,0,44,남,15년이상,,승용,사업용,승용,진입회전사고,맑음,심야,차대차,측면직각충돌,신호위반,특별광역시도,삼양입구사거리,37.617059,127.028658,강북구,
2018,12,24,월요일,7,경상사고,0,0,1,0,46,남,15년이상,,승용,비사업용,승용,진입회전사고,맑음,출퇴근,차대차,차대차-기타,신호위반,특별광역시도,삼양입구사거리,37.617059,127.028658,강북구,
2019,1,7,월요일,19,중상사고,0,1,0,0,25,남,10년미만,,승용,비사업용,보행자,기타사고,맑음,출퇴근,차대사람,차도통행중,안전운전불이행,특별광역시도,삼양입구사거리,37.617059,127.028658,강북구,
2019,1,18,금요일,21,경상사고,0,0,1,0,52,여,15년이상,,승용,사업용,승합,기타사고,흐림,심야,차대차,차대차-기타,안전운전불이행,특별광역시도,삼양입구사거리,37.617059,127.028658,강북구,
2019,2,16,토요일,21,경상사고,0,0,3,0,74,남,15년이상,,승용,사업용,승용,진입회전사고,흐림,심야,차대차,정면충돌,신호위반,특별광역시도,삼양입구사거리,37.617059,127.028658,강북구,
2019,3,6,수요일,7,경상사고,0,0,1,0,57,남,15년이상,,승용,비사업용,승용,진입회전사고,맑음,출퇴근,차대차,측면직각충돌,안전거리미확보,특별광역시도,삼양입구사거리,37.617059,127.028658,강북구,
2019,3,4,월요일,17,경상사고,0,0,1,0,34,여,15년이상,,승용,비사업용,화물,일직선사고,맑음,주간,차대차,추돌(진행중),안전운전불이행,특별광역시도,삼양입구사거리,37.617059,127.028658,강북구,
2019,4,21,일요일,0,중상사고,0,1,0,0,17,남,15년이상,,이륜,데이터오류,보행자,진입회전사고,흐림,심야,차대사람,횡단중,신호위반,특별광역시도,삼양입구사거리,37.617059,127.028658,강북구,
2019,4,28,일요일,22,경상사고,0,0,1,0,40,남,15년이상,,승용,비사업용,승용,진입회전사고,흐림,심야,차대차,측면직각충돌,신호위반,특별광역시도,삼양입구사거리,37.617059,127.028658,강북구,
2019,4,4,목요일,23,경상사고,0,0,2,0,55,남,15년이상,,승용,사업용,승용,일직선사고,맑음,심야,차대차,추돌(진행중),안전거리미확보,특별광역시도,삼양입구사거리,37.617059,127.028658,강북구,
2019,5,16,목요일,2,경상사고,0,0,1,0,56,남,15년이상,,화물,비사업용,이륜,진입회전사고,맑음,심야,차대차,측면직각충돌,신호위반,특별광역시도,삼양입구사거리,37.617059,127.028658,강북구,
2019,5,8,수요일,4,경상사고,0,0,1,0,50,여,15년이상,,승용,비사업용,승합,기타사고,맑음,심야,차대차,차대차-기타,안전거리미확보,특별광역시도,삼양입구사거리,37.617059,127.028658,강북구,
2019,5,2,목요일,5,경상사고,0,0,1,0,68,남,15년이상,,승용,사업용,승용,진입회전사고,흐림,새벽,차대차,측면직각충돌,신호위반,특별광역시도,삼양입구사거리,37.617059,127.028658,강북구,
2019,7,25,목요일,2,경상사고,0,0,1,1,57,남,15년이상,,승용,사업용,이륜,진입회전사고,맑음,심야,차대차,측면직각충돌,신호위반,특별광역시도,삼양입구사거리,37.617059,127.028658,강북구,
2019,7,4,목요일,13,경상사고,0,0,1,0,49,여,15년이상,,승용,비사업용,이륜,진입회전사고,맑음,주간,차대차,측면직각충돌,신호위반,특별광역시도,삼양입구사거리,37.617059,127.028658,강북구,
2019,8,7,수요일,1,경상사고,0,0,1,0,49,남,15년이상,,승용,사업용,승용,일직선사고,맑음,심야,차대차,추돌(진행중),안전운전불이행,특별광역시도,삼양입구사거리,37.617059,127.028658,강북구,
2019,8,2,금요일,7,경상사고,0,0,1,0,60,남,15년이상,,승합,사업용,이륜,진입회전사고,맑음,출퇴근,차대차,측면직각충돌,신호위반,특별광역시도,삼양입구사거리,37.617059,127.028658,강북구,
2019,8,6,화요일,10,경상사고,0,0,1,0,39,남,15년이상,,승합,비사업용,승합,일직선사고,맑음,주간,차대차,추돌(진행중),안전운전불이행,특별광역시도,삼양입구사거리,37.617059,127.028658,강북구,
2019,8,26,월요일,13,경상사고,0,0,2,0,57,남,15년이상,,승용,비사업용,승합,진입회전사고,맑음,주간,차대차,측면직각충돌,신호위반,특별광역시도,삼양입구사거리,37.617059,127.028658,강북구,
2019,8,31,토요일,18,경상사고,0,0,2,0,39,여,15년이상,,승용,비사업용,승용,진입회전사고,맑음,출퇴근,차대차,측면직각충돌,안전운전불이행,특별광역시도,삼양입구사거리,37.617059,127.028658,강북구,
2019,10,20,일요일,18,중상사고,0,1,0,0,67,남,15년이상,,승합,사업용,보행자,보행횡단사고,맑음,출퇴근,차대사람,횡단중,안전운전불이행,특별광역시도,삼양입구사거리,37.617059,127.028658,강북구,
2019,11,30,토요일,11,경상사고,0,0,3,0,32,남,5년미만,,승용,비사업용,승용,진입회전사고,맑음,주간,차대차,측면직각충돌,안전거리미확보,특별광역시도,삼양입구사거리,37.617059,127.028658,강북구,
2017,2,10,금요일,17,경상사고,0,0,1,0,46,남,15년이상,,승용,사업용,이륜,진입회전사고,맑음,주간,차대차,측면직각충돌,안전거리미확보,특별광역시도,선거관리위원회,36.6872443,126.8374252,강북구,
2017,5,11,목요일,1,경상사고,0,0,3,0,57,남,15년이상,,승용,사업용,승용,진입회전사고,맑음,심야,차대차,측면직각충돌,안전운전불이행,특별광역시도,선거관리위원회,36.6872443,126.8374252,강북구,
2017,5,24,수요일,18,중상사고,0,1,0,0,33,남,10년미만,,이륜,기타,자전거,일직선사고,맑음,출퇴근,차대차,차대차-기타,중앙선침범,특별광역시도,선거관리위원회,36.6872443,126.8374252,강북구,
2017,5,6,토요일,19,경상사고,0,0,1,0,21,남,3년미만,,승용,비사업용,보행자,기타사고,맑음,출퇴근,차대사람,차대사람-기타,안전운전불이행,특별광역시도,선거관리위원회,36.6872443,126.8374252,강북구,
2017,5,23,화요일,19,경상사고,0,0,1,0,63,남,15년이상,,승용,사업용,이륜,기타사고,비,출퇴근,차대차,차대차-기타,차로위반,특별광역시도,선거관리위원회,36.6872443,126.8374252,강북구,
2017,7,17,월요일,14,경상사고,0,0,1,0,43,남,15년이상,,화물,비사업용,이륜,진입회전사고,맑음,주간,차대차,차대차-기타,신호위반,특별광역시도,선거관리위원회,36.6872443,126.8374252,강북구,
2017,8,6,일요일,21,중상사고,0,1,0,0,56,여,15년이상,,승용,비사업용,원동기,일직선사고,맑음,심야,차대차,정면충돌,교차로운행방법위반,특별광역시도,선거관리위원회,36.6872443,126.8374252,강북구,
2017,9,25,월요일,15,경상사고,0,0,2,0,33,남,15년이상,,승용,비사업용,이륜,기타사고,맑음,주간,차대차,차대차-기타,안전운전불이행,특별광역시도,선거관리위원회,36.6872443,126.8374252,강북구,
2017,9,9,토요일,21,중상사고,0,1,0,0,30,남,3년미만,,승용,비사업용,이륜,진입회전사고,맑음,심야,차대차,정면충돌,신호위반,특별광역시도,선거관리위원회,36.6872443,126.8374252,강북구,
2017,10,18,수요일,21,중상사고,0,1,0,0,65,남,15년이상,,승용,사업용,이륜,진입회전사고,비,심야,차대차,측면직각충돌,신호위반,특별광역시도,선거관리위원회,36.6872443,126.8374252,강북구,
2017,10,13,금요일,23,경상사고,0,0,1,0,65,남,15년이상,,승용,사업용,보행자,보행횡단사고,맑음,심야,차대사람,횡단중,안전운전불이행,특별광역시도,선거관리위원회,36.6872443,126.8374252,강북구,
2017,12,31,일요일,12,중상사고,0,1,0,0,53,남,15년이상,,승용,비사업용,원동기,일직선사고,맑음,주간,차대차,추돌(진행중),안전거리미확보,특별광역시도,선거관리위원회,36.6872443,126.8374252,강북구,
2018,1,31,수요일,18,경상사고,0,0,2,0,55,여,15년이상,,승용,비사업용,이륜,진입회전사고,맑음,출퇴근,차대차,측면직각충돌,안전운전불이행,특별광역시도,선거관리위원회,36.6872443,126.8374252,강북구,
2018,1,2,화요일,23,경상사고,0,0,1,0,60,남,15년이상,,승용,사업용,승용,일직선사고,맑음,심야,차대차,추돌(진행중),안전운전불이행,특별광역시도,선거관리위원회,36.6872443,126.8374252,강북구,
2018,2,26,월요일,16,중상사고,0,1,0,0,31,남,15년이상,,승용,비사업용,보행자,보행횡단사고,맑음,주간,차대사람,보도통행중,기타,특별광역시도,선거관리위원회,36.6872443,126.8374252,강북구,
2018,3,17,토요일,10,경상사고,0,0,1,0,34,남,5년미만,,승용,비사업용,승합,기타사고,맑음,주간,차대차,차대차-기타,교차로운행방법위반,특별광역시도,선거관리위원회,36.6872443,126.8374252,강북구,
2018,3,13,화요일,17,경상사고,0,0,1,0,29,남,10년미만,,승용,비사업용,원동기,진입회전사고,맑음,주간,차대차,측면직각충돌,안전운전불이행,특별광역시도,선거관리위원회,36.6872443,126.8374252,강북구,
2018,7,9,월요일,1,사망사고,1,0,0,0,59,남,15년이상,,승합,사업용,보행자,진입회전사고,맑음,심야,차대사람,횡단중,신호위반,특별광역시도,선거관리위원회,36.6872443,126.8374252,강북구,
2018,9,6,목요일,9,경상사고,0,0,1,0,69,남,15년이상,,승용,비사업용,승용,진입회전사고,맑음,주간,차대차,측면직각충돌,중앙선침범,특별광역시도,선거관리위원회,36.6872443,126.8374252,강북구,
2018,9,28,금요일,16,중상사고,0,1,0,0,59,남,15년이상,,승용,비사업용,이륜,일직선사고,맑음,주간,차대차,차대차-기타,중앙선침범,특별광역시도,선거관리위원회,36.6872443,126.8374252,강북구,
2019,1,25,금요일,10,경상사고,0,0,1,0,48,남,15년이상,,승합,사업용,화물,일직선사고,맑음,주간,차대차,추돌(진행중),안전운전불이행,특별광역시도,선거관리위원회,36.6872443,126.8374252,강북구,
2019,1,28,월요일,13,경상사고,0,0,1,0,26,남,15년이상,,승용,비사업용,자전거,진입회전사고,맑음,주간,차대차,측면직각충돌,안전운전불이행,특별광역시도,선거관리위원회,36.6872443,126.8374252,강북구,
2019,3,27,수요일,6,경상사고,0,0,2,0,29,여,4년미만,0,승용,비사업용,화물,진입회전사고,맑음,새벽,차대차,측면직각충돌,신호위반,특별광역시도,선거관리위원회,36.6872443,126.8374252,강북구,
2019,3,23,토요일,17,경상사고,0,0,3,0,46,남,4년미만,,승용,비사업용,승용,진입회전사고,맑음,주간,차대차,측면직각충돌,교차로운행방법위반,특별광역시도,선거관리위원회,36.6872443,126.8374252,강북구,
2017,1,31,화요일,0,중상사고,0,1,0,0,63,남,15년이상,,승용,사업용,보행자,보행횡단사고,맑음,심야,차대사람,횡단중,안전운전불이행,특별광역시도,성화의료재단대한병원,37.6353804,127.0226767,강북구,