년도,월,일,요일,시각,사고등급,사망자수,중상자수,경상자수,부상자수,연령,성별,경력,음주,종별,용도,관련자2,사고형태,기상상태,일광상태,사고유형1,사고유형2,법규위반,도로종류,지점명,위도,경도,자치구,
2017,1,25,수요일,9,경상사고,0,0,1,0,56,남,10년미만,,승용,비사업용,승용,진입회전사고,맑음,주간,차대차,측면직각충돌,안전운전불이행,특별광역시도,성화의료재단대한병원,37.6353804,127.0226767,강북구,
2017,1,15,일요일,18,경상사고,0,0,1,0,35,남,15년이상,,승용,비사업용,승용,진입회전사고,맑음,출퇴근,차대차,측면직각충돌,신호위반,특별광역시도,성화의료재단대한병원,37.6353804,127.0226767,강북구,
2017,1,2,월요일,20,중상사고,0,1,0,0,65,남,15년이상,,승용,사업용,이륜,진입회전사고,맑음,출퇴근,차대차,차대차-기타,신호위반,특별광역시도,성화의료재단대한병원,37.6353804,127.0226767,강북구,
2017,1,26,목요일,23,경상사고,0,0,1,0,21,남,3년미만,,승용,비사업용,보행자,기타사고,맑음,심야,차대사람,차대사람-기타,안전운전불이행,특별광역시도,성화의료재단대한병원,37.6353804,127.0226767,강북구,
2017,2,25,토요일,6,경상사고,0,0,1,0,57,남,15년이상,,승용,사업용,승용,진입회전사고,맑음,새벽,차대차,측면직각충돌,신호위반,특별광역시도,성화의료재단대한병원,37.6353804,127.0226767,강북구,
2017,2,27,월요일,12,경상사고,0,0,2,0,35,여,15년이상,,승용,비사업용,승용,일직선사고,맑음,주간,차대차,추돌(진행중),안전거리미확보,특별광역시도,성화의료재단대한병원,37.6353804,127.0226767,강북구,
2017,2,1,수요일,21,중상사고,0,1,0,0,33,남,15년이상,,승용,비사업용,원동기,진입회전사고,맑음,심야,차대차,측면직각충돌,신호위반,특별광역시도,성화의료재단대한병원,37.6353804,127.0226767,강북구,
2017,3,3,금요일,15,경상사고,0,0,1,0,42,남,15년이상,,승용,사업용,승용,일직선사고,맑음,주간,차대차,추돌(진행중),안전거리미확보,특별광역시도,성화의료재단대한병원,37.6353804,127.0226767,강북구,
2017,3,28,화요일,18,경상사고,0,0,1,0,67,남,15년이상,,승합,사업용,이륜,진입회전사고,맑음,출퇴근,차대차,측면직각충돌,안전운전불이행,특별광역시도,성화의료재단대한병원,37.6353804,127.0226767,강북구,
2017,4,29,토요일,4,경상사고,0,0,1,0,65,남,15년이상,,승용,사업용,승용,진입회전사고,맑음,심야,차대차,측면직각충돌,신호위반,특별광역시도,성화의료재단대한병원,37.6353804,127.0226767,강북구,
2017,4,23,일요일,5,경상사고,0,0,1,0,50,남,15년미만,,승용,사업용,보행자,기타사고,맑음,새벽,차대사람,차대사람-기타,데이터없음,특별광역시도,성화의료재단대한병원,37.6353804,127.0226767,강북구,
2017,4,1,토요일,21,경상사고,0,0,1,0,64,남,15년이상,,승용,사업용,보행자,진입회전사고,흐림,심야,차대사람,횡단중,신호위반,특별광역시도,성화의료재단대한병원,37.6353804,127.0226767,강북구,
2017,6,17,토요일,4,중상사고,0,1,0,0,35,남,15년이상,0,승용,사업용,이륜,일직선사고,맑음,심야,차대차,정면충돌,중앙선침범,특별광역시도,성화의료재단대한병원,37.6353804,127.0226767,강북구,
2017,7,19,수요일,6,경상사고,0,0,1,0,불명,불명,데이터오류,,기타,데이터오류,기타,진입회전사고,맑음,새벽,차대차,측면직각충돌,데이터없음,특별광역시도,성화의료재단대한병원,37.6353804,127.0226767,강북구,
2017,7,24,월요일,18,경상사고,0,0,1,0,39,남,15년미만,,이륜,기타,이륜,기타사고,맑음,출퇴근,차대차,차대차-기타,안전운전불이행,특별광역시도,성화의료재단대한병원,37.6353804,127.0226767,강북구,
2017,8,15,화요일,0,경상사고,0,0,2,0,56,여,15년이상,,승용,비사업용,승용,일직선사고,맑음,심야,차대차,추돌(진행중),안전거리미확보,특별광역시도,성화의료재단대한병원,37.6353804,127.0226767,강북구,
2017,8,3,목요일,9,경상사고,0,0,2,0,73,남,15년이상,,승용,사업용,승합,진입회전사고,맑음,주간,차대차,측면직각충돌,교차로운행방법위반,특별광역시도,성화의료재단대한병원,37.6353804,127.0226767,강북구,
2017,8,3,목요일,19,경상사고,0,0,1,0,36,여,15년이상,,승용,비사업용,보행자,진입회전사고,맑음,출퇴근,차대사람,횡단중,신호위반,특별광역시도,성화의료재단대한병원,37.6353804,127.0226767,강북구,
2017,9,1,금요일,4,중상사고,0,1,0,0,60,여,15년이상,,승용,비사업용,승용,진입회전사고,맑음,심야,차대차,측면직각충돌,안전거리미확보,특별광역시도,성화의료재단대한병원,37.6353804,127.0226767,강북구,
2017,9,28,목요일,14,경상사고,0,0,1,0,65,남,15년이상,,원동기,기타,원동기,기타사고,맑음,주간,차대차,차대차-기타,안전운전불이행,특별광역시도,성화의료재단대한병원,37.6353804,127.0226767,강북구,
2017,10,13,금요일,2,중상사고,0,2,0,0,58,남,15년이상,,승용,사업용,이륜,진입회전사고,흐림,심야,차대차,측면직각충돌,신호위반,특별광역시도,성화의료재단대한병원,37.6353804,127.0226767,강북구,
2017,10,15,일요일,6,경상사고,0,0,1,0,17,남,15년이상,,원동기,기타,보행자,진입회전사고,맑음,새벽,차대사람,횡단중,신호위반,특별광역시도,성화의료재단대한병원,37.6353804,127.0226767,강북구,
2017,10,30,월요일,8,부상사고,0,0,0,1,62,남,15년이상,,승합,사업용,승합,진입회전사고,맑음,출퇴근,차대차,차대차-기타,신호위반,특별광역시도,성화의료재단대한병원,37.6353804,127.0226767,강북구,
2017,10,25,수요일,20,경상사고,0,0,1,0,59,남,15년이상,,승합,사업용,기타,진입회전사고,흐림,출퇴근,차대차,차대차-기타,신호위반,특별광역시도,성화의료재단대한병원,37.6353804,127.0226767,강북구,
2017,10,21,토요일,20,경상사고,0,0,2,0,29,여,10년미만,,승용,비사업용,승합,기타사고,맑음,출퇴근,차대차,차대차-기타,안전운전불이행,특별광역시도,성화의료재단대한병원,37.6353804,127.0226767,강북구,
2017,12,31,일요일,21,부상사고,0,0,0,1,98,불명,데이터오류,,기타,데이터오류,기타,진입회전사고,흐림,심야,차대차,차대차-기타,신호위반,특별광역시도,성화의료재단대한병원,37.6353804,127.0226767,강북구,
2018,1,17,수요일,8,중상사고,0,1,0,0,69,남,15년이상,,승합,사업용,보행자,진입회전사고,맑음,출퇴근,차대사람,차대사람-기타,신호위반,특별광역시도,성화의료재단대한병원,37.6353804,127.0226767,강북구,
2018,1,22,월요일,13,경상사고,0,0,1,0,55,남,15년이상,,화물,비사업용,이륜,진입회전사고,비,주간,차대차,측면직각충돌,안전운전불이행,특별광역시도,성화의료재단대한병원,37.6353804,127.0226767,강북구,
2018,1,4,목요일,14,경상사고,0,0,1,0,47,남,15년이상,,승용,비사업용,이륜,기타사고,맑음,주간,차대차,차대차-기타,안전운전불이행,특별광역시도,성화의료재단대한병원,37.6353804,127.0226767,강북구,
2018,1,4,목요일,20,경상사고,0,0,1,0,26,남,15년이상,,승용,비사업용,승용,진입회전사고,맑음,출퇴근,차대차,측면직각충돌,신호위반,특별광역시도,성화의료재단대한병원,37.6353804,127.0226767,강북구,
2018,1,25,목요일,21,중상사고,0,4,28,0,56,남,15년이상,,승합,사업용,이륜,진입회전사고,맑음,심야,차대차,차대차-기타,신호위반,특별광역시도,성화의료재단대한병원,37.6353804,127.0226767,강북구,
2018,4,14,토요일,10,경상사고,0,0,1,0,57,남,15년이상,,승용,비사업용,승합,진입회전사고,비,주간,차대차,측면직각충돌,신호위반,특별광역시도,성화의료재단대한병원,37.6353804,127.0226767,강북구,
2018,4,6,금요일,12,중상사고,0,1,2,0,57,남,15년이상,,승합,사업용,이륜,진입회전사고,맑음,주간,차대차,추돌(진행중),신호위반,특별광역시도,성화의료재단대한병원,37.6353804,127.0226767,강북구,
2018,5,16,수요일,5,경상사고,0,0,1,0,58,남,15년이상,,승용,사업용,자전거,기타사고,비,새벽,차대차,차대차-기타,안전운전불이행,특별광역시도,성화의료재단대한병원,37.6353804,127.0226767,강북구,
2018,5,23,수요일,10,경상사고,0,0,1,0,67,남,15년이상,,승용,비사업용,승용,기타사고,맑음,주간,차대차,차대차-기타,안전운전불이행,특별광역시도,성화의료재단대한병원,37.6353804,127.0226767,강북구,
2018,6,16,토요일,2,경상사고,0,0,2,0,56,남,15년이상,,승용,사업용,승용,진입회전사고,맑음,심야,차대차,측면직각충돌,신호위반,특별광역시도,성화의료재단대한병원,37.6353804,127.0226767,강북구,
2018,6,21,목요일,2,경상사고,0,0,3,0,76,남,15년이상,,승용,사업용,승용,진입회전사고,맑음,심야,차대차,측면직각충돌,교차로운행방법위반,특별광역시도,성화의료재단대한병원,37.6353804,127.0226767,강북구,
2018,6,8,금요일,20,중상사고,0,1,0,0,72,남,15년이상,,승용,사업용,승용,진입회전사고,맑음,출퇴근,차대차,측면직각충돌,안전거리미확보,특별광역시도,성화의료재단대한병원,37.6353804,127.0226767,강북구,
2018,8,4,토요일,12,경상사고,0,0,2,0,62,남,15년이상,,승용,사업용,승용,일직선사고,맑음,주간,차대차,추돌(진행중),안전운전불이행,특별광역시도,성화의료재단대한병원,37.6353804,127.0226767,강북구,
2018,9,30,일요일,6,경상사고,0,0,1,0,54,남,15년이상,,승용,비사업용,이륜,진입회전사고,맑음,새벽,차대차,차대차-기타,신호위반,특별광역시도,성화의료재단대한병원,37.6353804,127.0226767,강북구,
2018,9,22,토요일,15,중상사고,0,1,0,0,62,남,15년미만,,승용,사업용,승용,일직선사고,맑음,주간,차대차,추돌(진행중),안전운전불이행,특별광역시도,성화의료재단대한병원,37.6353804,127.0226767,강북구,
2018,10,2,화요일,10,경상사고,0,0,2,0,74,남,15년이상,,승용,사업용,승용,진입회전사고,맑음,주간,차대차,차대차-기타,신호위반,특별광역시도,성화의료재단대한병원,37.6353804,127.0226767,강북구,
2018,11,4,일요일,2,중상사고,0,1,0,1,16,남,15년이상,0,이륜,기타,이륜,진입회전사고,맑음,심야,차대차,측면직각충돌,신호위반,특별광역시도,성화의료재단대한병원,37.6353804,127.0226767,강북구,
2018,12,23,일요일,3,중상사고,0,1,3,0,69,남,15년이상,,승용,사업용,승용,진입회전사고,맑음,심야,차대차,측면직각충돌,신호위반,특별광역시도,성화의료재단대한병원,37.6353804,127.0226767,강북구,
2018,12,14,금요일,6,경상사고,0,0,1,1,68,남,15년이상,,화물,비사업용,화물,진입회전사고,맑음,새벽,차대차,차대차-기타,신호위반,특별광역시도,성화의료재단대한병원,37.6353804,127.0226767,강북구,
2019,1,16,수요일,5,경상사고,0,0,1,0,57,남,15년이상,,승용,비사업용,승용,진입회전사고,맑음,새벽,차대차,정면충돌,신호위반,특별광역시도,성화의료재단대한병원,37.6353804,127.0226767,강북구,
2019,1,2,수요일,17,경상사고,0,0,1,0,65,남,15년이상,,승용,사업용,승용,일직선사고,맑음,주간,차대차,추돌(진행중),안전거리미확보,특별광역시도,성화의료재단대한병원,37.6353804,127.0226767,강북구,
2019,1,29,화요일,22,경상사고,0,0,2,0,33,남,15년이상,,이륜,데이터오류,이륜,진입회전사고,맑음,심야,차대차,측면직각충돌,신호위반,특별광역시도,성화의료재단대한병원,37.6353804,127.0226767,강북구,
2019,2,15,금요일,23,경상사고,0,0,4,0,61,남,15년이상,,승용,사업용,승용,진입회전사고,맑음,심야,차대차,정면충돌,신호위반,특별광역시도,성화의료재단대한병원,37.6353804,127.0226767,강북구,
2019,3,11,월요일,18,경상사고,0,0,1,0,23,남,1년미만,,이륜,데이터오류,이륜,일직선사고,맑음,출퇴근,차대차,추돌(진행중),안전운전불이행,특별광역시도,성화의료재단대한병원,37.6353804,127.0226767,강북구,
2019,4,4,목요일,0,경상사고,0,0,2,0,68,남,15년이상,,승용,사업용,이륜,진입회전사고,맑음,심야,차대차,측면직각충돌,안전운전불이행,특별광역시도,성화의료재단대한병원,37.6353804,127.0226767,강북구,
2019,4,24,수요일,5,중상사고,0,1,0,0,36,남,15년이상,,승용,비사업용,이륜,진입회전사고,맑음,새벽,차대차,측면직각충돌,안전운전불이행,특별광역시도,성화의료재단대한병원,37.6353804,127.0226767,강북구,
2019,4,3,수요일,21,경상사고,0,0,1,0,59,남,15년이상,,승합,사업용,이륜,진입회전사고,흐림,심야,차대차,측면직각충돌,신호위반,특별광역시도,성화의료재단대한병원,37.6353804,127.0226767,강북구,
2019,5,22,수요일,18,중상사고,0,1,1,0,25,남,10년미만,,승용,사업용,이륜,일직선사고,맑음,출퇴근,차대차,추돌(진행중),안전운전불이행,특별광역시도,성화의료재단대한병원,37.6353804,127.0226767,강북구,
2019,6,23,일요일,10,중상사고,0,1,0,0,69,남,15년이상,,승용,사업용,자전거,진입회전사고,맑음,주간,차대차,측면직각충돌,안전운전불이행,특별광역시도,성화의료재단대한병원,37.6353804,127.0226767,강북구,
2019,6,4,화요일,14,중상사고,0,1,0,0,18,남,1년미만,,이륜,데이터오류,보행자,기타사고,맑음,주간,차대사람,차대사람-기타,안전운전불이행,특별광역시도,성화의료재단대한병원,37.6353804,127.0226767,강북구,
2019,6,30,일요일,15,경상사고,0,0,1,0,33,남,5년미만,,승용,사업용,자전거,진입회전사고,맑음,주간,차대차,측면직각충돌,안전운전불이행,특별광역시도,성화의료재단대한병원,37.6353804,127.0226767,강북구,
2019,7,10,수요일,21,경상사고,0,0,1,0,21,남,15년이상,,이륜,데이터오류,보행자,보행횡단사고,비,심야,차대사람,횡단중,안전운전불이행,특별광역시도,성화의료재단대한병원,37.6353804,127.0226767,강북구,
2019,8,14,수요일,0,중상사고,0,2,0,0,61,남,15년이상,,승용,사업용,승용,진입회전사고,맑음,심야,차대차,측면직각충돌,신호위반,특별광역시도,성화의료재단대한병원,37.6353804,127.0226767,강북구,
2019,8,15,목요일,0,경상사고,0,0,1,0,54,남,15년이상,,승합,사업용,기타,기타사고,흐림,심야,차량단독,차량단독-기타,안전운전불이행,특별광역시도,성화의료재단대한병원,37.6353804,127.0226767,강북구,
2019,8,19,월요일,5,경상사고,0,0,4,0,57,남,10년미만,,승합,비사업용,승합,진입회전사고,흐림,새벽,차대차,측면직각충돌,교차로운행방법위반,특별광역시도,성화의료재단대한병원,37.6353804,127.0226767,강북구,
2019,8,12,월요일,13,경상사고,0,0,1,0,37,남,10년미만,,화물,비사업용,이륜,기타사고,비,주간,차대차,차대차-기타,안전운전불이행,특별광역시도,성화의료재단대한병원,37.6353804,127.0226767,강북구,
2019,8,23,금요일,17,경상사고,0,0,1,0,42,남,15년이상,,승합,사업용,승합,진입회전사고,맑음,주간,차대차,차대차-기타,신호위반,특별광역시도,성화의료재단대한병원,37.6353804,127.0226767,강북구,
2019,9,17,화요일,15,경상사고,0,0,1,0,50,남,15년이상,,승용,비사업용,승합,기타사고,맑음,주간,차대차,차대차-기타,안전운전불이행,특별광역시도,성화의료재단대한병원,37.6353804,127.0226767,강북구,
2019,10,1,화요일,15,경상사고,0,0,1,0,31,남,15년미만,,화물,비사업용,화물,일직선사고,맑음,주간,차대차,추돌(진행중),안전운전불이행,특별광역시도,성화의료재단대한병원,37.6353804,127.0226767,강북구,
2019,10,6,일요일,15,경상사고,0,0,1,0,53,남,15년미만,0,이륜,데이터오류,보행자,기타사고,맑음,주간,차대사람,차대사람-기타,안전운전불이행,특별광역시도,성화의료재단대한병원,37.6353804,127.0226767,강북구,
2019,10,27,일요일,15,경상사고,0,0,1,0,69,여,15년이상,,승용,비사업용,이륜,기타사고,맑음,주간,차대차,차대차-기타,안전거리미확보,특별광역시도,성화의료재단대한병원,37.6353804,127.0226767,강북구,
2019,12,18,수요일,18,중상사고,0,1,0,0,33,남,15년이상,,승용,비사업용,이륜,진입회전사고,맑음,출퇴근,차대차,측면직각충돌,안전운전불이행,특별광역시도,성화의료재단대한병원,37.6353804,127.0226767,강북구,
2017,7,20,목요일,13,중상사고,0,1,0,0,49,남,15년이상,,승용,비사업용,보행자,보행횡단사고,맑음,주간,차대사람,횡단중,안전운전불이행,특별광역시도,성화의료재단대한병원,37.6353804,127.0226767,강북구,
2017,7,27,목요일,13,경상사고,0,0,1,0,52,여,15년이상,,승용,비사업용,자전거,일직선사고,맑음,주간,차대차,추돌(진행중),안전운전불이행,특별광역시도,성화의료재단대한병원,37.6353804,127.0226767,강북구,
2017,8,16,수요일,23,중상사고,0,1,0,0,43,남,15년이상,,승용,비사업용,이륜,기타사고,비,심야,차대차,차대차-기타,안전거리미확보,특별광역시도,성화의료재단대한병원,37.6353804,127.0226767,강북구,
2018,4,18,수요일,10,경상사고,0,0,1,0,55,남,15년이상,,승합,사업용,자전거,기타사고,맑음,주간,차대차,차대차-기타,안전운전불이행,특별광역시도,성화의료재단대한병원,37.6353804,127.0226767,강북구,
2018,5,18,금요일,13,경상사고,0,0,1,0,61,남,15년이상,,건설기계,비사업용,건설기계,기타사고,맑음,주간,차대차,차대차-기타,안전운전불이행,특별광역시도,성화의료재단대한병원,37.6353804,127.0226767,강북구,
2018,9,1,토요일,14,경상사고,0,0,1,0,70,남,15년이상,,승용,사업용,승용,일직선사고,맑음,주간,차대차,추돌(진행중),안전운전불이행,특별광역시도,성화의료재단대한병원,37.6353804,127.0226767,강북구,
2019,9,10,화요일,12,경상사고,0,0,1,0,39,남,15년이상,,승용,비사업용,이륜,진입회전사고,맑음,주간,차대차,측면직각충돌,안전운전불이행,특별광역시도,성화의료재단대한병원,37.6353804,127.0226767,강북구,
2019,11,15,금요일,20,경상사고,0,0,1,0,71,남,15년이상,,승용,비사업용,보행자,보행횡단사고,흐림,출퇴근,차대사람,횡단중,안전운전불이행,특별광역시도,성화의료재단대한병원,37.6353804,127.0226767,강북구,
2017,1,24,화요일,9,경상사고,0,0,2,0,67,남,15년이상,,승용,사업용,승용,일직선사고,흐림,주간,차대차,추돌(진행중),안전거리미확보,특별광역시도,성화의료재단대한병원,37.6353804,127.0226767,강북구,
2017,2,23,목요일,13,경상사고,0,0,1,0,55,남,15년이상,,승합,사업용,이륜,진입회전사고,맑음,주간,차대차,측면직각충돌,안전운전불이행,특별광역시도,성화의료재단대한병원,37.6353804,127.0226767,강북구,
2017,4,3,월요일,11,경상사고,0,0,3,0,56,남,15년이상,,화물,비사업용,화물,기타사고,맑음,주간,차대차,차대차-기타,교차로운행방법위반,특별광역시도,성화의료재단대한병원,37.6353804,127.0226767,강북구,
2017,4,22,토요일,11,경상사고,0,0,1,0,52,남,15년이상,,승합,사업용,기타,기타사고,맑음,주간,차량단독,차량단독-기타,데이터없음,특별광역시도,성화의료재단대한병원,37.6353804,127.0226767,강북구,
2017,5,21,일요일,1,경상사고,0,0,2,0,24,남,10년미만,,이륜,기타,보행자,진입회전사고,맑음,심야,차대사람,횡단중,신호위반,특별광역시도,성화의료재단대한병원,37.6353804,127.0226767,강북구,
2017,5,23,화요일,2,중상사고,0,1,0,1,20,남,15년이상,,원동기,기타,기타,기타사고,맑음,심야,차량단독,전도전복,안전운전불이행,특별광역시도,성화의료재단대한병원,37.6353804,127.0226767,강북구,
2017,5,13,토요일,9,경상사고,0,0,1,0,불명,불명,데이터오류,,기타,데이터오류,기타,기타사고,맑음,주간,차대사람,차대사람-기타,안전운전불이행,특별광역시도,성화의료재단대한병원,37.6353804,127.0226767,강북구,
2017,5,9,화요일,20,경상사고,0,0,1,0,22,남,15년이상,,이륜,기타,보행자,진입회전사고,맑음,출퇴근,차대사람,횡단중,신호위반,특별광역시도,성화의료재단대한병원,37.6353804,127.0226767,강북구,
2017,6,17,토요일,4,경상사고,0,0,1,0,71,여,15년이상,,승용,사업용,보행자,보행횡단사고,맑음,심야,차대사람,횡단중,안전운전불이행,특별광역시도,성화의료재단대한병원,37.6353804,127.0226767,강북구,
2017,7,18,화요일,6,경상사고,0,0,1,0,66,남,15년이상,,화물,비사업용,화물,진입회전사고,비,새벽,차대차,추돌(진행중),신호위반,특별광역시도,성화의료재단대한병원,37.6353804,127.0226767,강북구,
2017,7,27,목요일,22,경상사고,0,0,1,0,47,남,15년이상,,승용,비사업용,이륜,일직선사고,맑음,심야,차대차,추돌(진행중),안전운전불이행,특별광역시도,성화의료재단대한병원,37.6353804,127.0226767,강북구,
2017,8,27,일요일,2,경상사고,0,0,3,0,33,남,15년이상,0,승용,비사업용,승용,일직선사고,맑음,심야,차대차,추돌(진행중),안전운전불이행,특별광역시도,성화의료재단대한병원,37.6353804,127.0226767,강북구,
2017,8,1,화요일,9,중상사고,0,1,0,0,61,여,15년이상,,승용,비사업용,보행자,진입회전사고,맑음,주간,차대사람,횡단중,신호위반,특별광역시도,성화의료재단대한병원,37.6353804,127.0226767,강북구,
2017,8,1,화요일,17,경상사고,0,0,3,0,47,여,15년미만,,승용,비사업용,승용,기타사고,맑음,주간,차대차,차대차-기타,교차로운행방법위반,특별광역시도,성화의료재단대한병원,37.6353804,127.0226767,강북구,
2017,8,13,일요일,21,경상사고,0,0,1,0,19,여,1년미만,,승용,비사업용,보행자,기타사고,흐림,심야,차대사람,차도통행중,안전운전불이행,특별광역시도,성화의료재단대한병원,37.6353804,127.0226767,강북구,
2017,9,21,목요일,6,경상사고,0,0,2,0,42,남,15년이상,,건설기계,사업용,건설기계,진입회전사고,맑음,새벽,차대차,측면직각충돌,교차로운행방법위반,특별광역시도,성화의료재단대한병원,37.6353804,127.0226767,강북구,
2017,9,25,월요일,9,경상사고,0,0,1,0,62,남,15년이상,,승용,비사업용,보행자,보행횡단사고,맑음,주간,차대사람,횡단중,안전운전불이행,특별광역시도,성화의료재단대한병원,37.6353804,127.0226767,강북구,
2017,9,25,월요일,16,중상사고,0,2,0,0,46,남,15년이상,,승용,사업용,기타,기타사고,맑음,주간,차량단독,차량단독-기타,데이터없음,특별광역시도,성화의료재단대한병원,37.6353804,127.0226767,강북구,
2017,9,10,일요일,22,경상사고,0,0,1,0,62,남,15년이상,,승용,사업용,원동기,기타사고,비,심야,차대차,차대차-기타,안전운전불이행,특별광역시도,성화의료재단대한병원,37.6353804,127.0226767,강북구,
2017,10,19,목요일,19,경상사고,0,0,1,0,66,남,15년이상,,승용,사업용,화물,진입회전사고,맑음,출퇴근,차대차,측면직각충돌,안전운전불이행,특별광역시도,성화의료재단대한병원,37.6353804,127.0226767,강북구,
2017,12,15,금요일,2,경상사고,0,0,2,0,45,남,15년이상,0,승용,비사업용,승용,일직선사고,맑음,심야,차대차,추돌(진행중),안전운전불이행,특별광역시도,성화의료재단대한병원,37.6353804,127.0226767,강북구,
2018,1,13,토요일,18,경상사고,0,0,1,0,23,남,5년미만,,승용,비사업용,승용,일직선사고,맑음,출퇴근,차대차,추돌(진행중),안전운전불이행,특별광역시도,성화의료재단대한병원,37.6353804,127.0226767,강북구,
2018,2,2,금요일,23,경상사고,0,0,1,0,47,남,15년이상,,승용,사업용,승용,기타사고,맑음,심야,차대차,차대차-기타,안전운전불이행,특별광역시도,성화의료재단대한병원,37.6353804,127.0226767,강북구,
2018,3,4,일요일,2,경상사고,0,0,1,0,50,남,15년이상,,승용,사업용,이륜,진입회전사고,비,심야,차대차,차대차-기타,신호위반,특별광역시도,성화의료재단대한병원,37.6353804,127.0226767,강북구,
2018,3,7,수요일,14,경상사고,0,0,4,0,64,남,15년이상,,승용,사업용,승용,진입회전사고,맑음,주간,차대차,측면직각충돌,안전운전불이행,특별광역시도,성화의료재단대한병원,37.6353804,127.0226767,강북구,
2018,5,13,일요일,4,경상사고,0,0,1,0,33,남,15년미만,0,승용,비사업용,보행자,진입회전사고,흐림,심야,차대사람,차도통행중,신호위반,특별광역시도,성화의료재단대한병원,37.6353804,127.0226767,강북구,
2018,6,20,수요일,4,경상사고,0,0,1,0,35,남,15년미만,0,승용,비사업용,승용,진입회전사고,맑음,심야,차대차,측면직각충돌,안전운전불이행,특별광역시도,성화의료재단대한병원,37.6353804,127.0226767,강북구,
2018,7,15,일요일,0,경상사고,0,0,1,0,25,남,1년미만,,이륜,기타,자전거,진입회전사고,맑음,심야,차대차,차대차-기타,신호위반,특별광역시도,성화의료재단대한병원,37.6353804,127.0226767,강북구,
2018,7,8,일요일,7,중상사고,0,1,0,0,22,남,5년미만,0,승용,사업용,보행자,기타사고,맑음,출퇴근,차대사람,차대사람-기타,안전운전불이행,특별광역시도,성화의료재단대한병원,37.6353804,127.0226767,강북구,
2018,8,23,목요일,23,경상사고,0,0,1,0,58,남,15년이상,,승용,사업용,승용,일직선사고,맑음,심야,차대차,추돌(진행중),안전운전불이행,특별광역시도,성화의료재단대한병원,37.6353804,127.0226767,강북구,
2018,9,2,일요일,17,경상사고,0,0,1,0,불명,불명,데이터오류,,기타,기타,기타,보행횡단사고,맑음,주간,차대사람,횡단중,보행자보호의무위반,특별광역시도,성화의료재단대한병원,37.6353804,127.0226767,강북구,
2018,10,14,일요일,16,경상사고,0,0,1,0,74,남,15년이상,,승용,사업용,보행자,보행횡단사고,맑음,주간,차대사람,횡단중,안전운전불이행,특별광역시도,성화의료재단대한병원,37.6353804,127.0226767,강북구,
2018,12,18,화요일,9,경상사고,0,0,1,0,21,남,4년미만,,승용,비사업용,승용,기타사고,흐림,주간,차대차,차대차-기타,안전거리미확보,특별광역시도,성화의료재단대한병원,37.6353804,127.0226767,강북구,
2018,12,26,수요일,14,경상사고,0,0,2,0,24,남,5년미만,,화물,비사업용,화물,진입회전사고,맑음,주간,차대차,측면직각충돌,안전운전불이행,특별광역시도,성화의료재단대한병원,37.6353804,127.0226767,강북구,
2018,12,3,월요일,23,경상사고,0,0,1,0,58,남,15년이상,,승합,사업용,기타,기타사고,맑음,심야,차량단독,차량단독-기타,안전운전불이행,특별광역시도,성화의료재단대한병원,37.6353804,127.0226767,강북구,
2019,1,5,토요일,5,경상사고,0,0,1,0,33,남,15년이상,0,승용,비사업용,승용,일직선사고,맑음,새벽,차대차,추돌(진행중),안전운전불이행,특별광역시도,성화의료재단대한병원,37.6353804,127.0226767,강북구,
2019,3,30,토요일,18,경상사고,0,0,1,0,55,남,15년미만,,승용,사업용,승용,진입회전사고,비,출퇴근,차대차,측면직각충돌,교차로운행방법위반,특별광역시도,성화의료재단대한병원,37.6353804,127.0226767,강북구,
2019,3,11,월요일,19,경상사고,0,0,4,0,28,남,15년이상,,승용,비사업용,승합,진입회전사고,맑음,출퇴근,차대차,차대차-기타,신호위반,특별광역시도,성화의료재단대한병원,37.6353804,127.0226767,강북구,
2019,3,20,수요일,21,경상사고,0,0,2,0,60,남,15년이상,,승합,사업용,승합,진입회전사고,비,심야,차대차,측면직각충돌,교차로운행방법위반,특별광역시도,성화의료재단대한병원,37.6353804,127.0226767,강북구,
2019,3,9,토요일,22,경상사고,0,0,1,0,27,남,10년미만,,이륜,데이터오류,보행자,진입회전사고,맑음,심야,차대사람,횡단중,신호위반,특별광역시도,성화의료재단대한병원,37.6353804,127.0226767,강북구,
2019,5,12,일요일,0,경상사고,0,0,1,0,불명,불명,데이터오류,,기타,데이터오류,기타,기타사고,맑음,심야,차대사람,차대사람-기타,안전운전불이행,특별광역시도,성화의료재단대한병원,37.6353804,127.0226767,강북구,
2019,6,11,화요일,15,경상사고,0,0,1,0,76,남,15년이상,,승용,사업용,원동기,기타사고,맑음,주간,차대차,차대차-기타,안전운전불이행,특별광역시도,성화의료재단대한병원,37.6353804,127.0226767,강북구,
2019,7,18,목요일,19,부상사고,0,0,0,1,63,남,15년이상,,승용,사업용,승용,진입회전사고,맑음,출퇴근,차대차,측면직각충돌,안전운전불이행,특별광역시도,성화의료재단대한병원,37.6353804,127.0226767,강북구,
2019,8,17,토요일,22,경상사고,0,0,2,0,27,남,10년미만,,승용,비사업용,승용,진입회전사고,맑음,심야,차대차,측면직각충돌,안전운전불이행,특별광역시도,성화의료재단대한병원,37.6353804,127.0226767,강북구,