년도,월,일,요일,시각,사고등급,사망자수,중상자수,경상자수,부상자수,연령,성별,경력,음주,종별,용도,관련자2,사고형태,기상상태,일광상태,사고유형1,사고유형2,법규위반,도로종류,지점명,위도,경도,자치구,
2019,8,30,금요일,23,경상사고,0,0,1,0,27,남,15년이상,,승용,비사업용,보행자,진입회전사고,맑음,심야,차대사람,횡단중,신호위반,특별광역시도,성화의료재단대한병원,37.6353804,127.0226767,강북구,
2019,9,24,화요일,21,경상사고,0,0,1,0,60,남,15년이상,,승합,사업용,기타,기타사고,맑음,심야,차량단독,차량단독-기타,기타,특별광역시도,성화의료재단대한병원,37.6353804,127.0226767,강북구,
2019,10,24,목요일,15,중상사고,0,1,0,0,57,여,15년이상,,승용,비사업용,이륜,진입회전사고,맑음,주간,차대차,측면직각충돌,신호위반,특별광역시도,성화의료재단대한병원,37.6353804,127.0226767,강북구,
2019,11,7,목요일,12,경상사고,0,0,1,0,55,남,15년이상,,승용,사업용,이륜,진입회전사고,맑음,주간,차대차,측면직각충돌,안전운전불이행,특별광역시도,성화의료재단대한병원,37.6353804,127.0226767,강북구,
2019,11,6,수요일,14,경상사고,0,0,2,0,57,남,15년이상,,화물,사업용,화물,진입회전사고,맑음,주간,차대차,측면직각충돌,안전거리미확보,특별광역시도,성화의료재단대한병원,37.6353804,127.0226767,강북구,
2019,11,28,목요일,15,중상사고,0,1,0,0,75,남,15년이상,,승용,비사업용,승용,진입회전사고,맑음,주간,차대차,측면직각충돌,신호위반,특별광역시도,성화의료재단대한병원,37.6353804,127.0226767,강북구,
2019,12,27,금요일,2,경상사고,0,0,1,0,54,남,15년이상,,승용,사업용,기타,진입회전사고,맑음,심야,차대차,측면직각충돌,안전운전불이행,특별광역시도,성화의료재단대한병원,37.6353804,127.0226767,강북구,
2019,12,10,화요일,17,경상사고,0,0,2,0,35,여,15년미만,,승용,비사업용,승용,일직선사고,맑음,주간,차대차,추돌(진행중),안전운전불이행,특별광역시도,성화의료재단대한병원,37.6353804,127.0226767,강북구,
2017,2,27,월요일,13,중상사고,0,6,0,0,83,남,15년이상,,승용,비사업용,보행자,보행횡단사고,맑음,주간,차대사람,보도통행중,데이터없음,특별광역시도,성화의료재단대한병원,37.6353804,127.0226767,강북구,
2017,11,16,목요일,0,경상사고,0,0,1,0,59,남,15년이상,,승용,사업용,원동기,일직선사고,맑음,심야,차대차,추돌(진행중),안전운전불이행,특별광역시도,성화의료재단대한병원,37.6353804,127.0226767,강북구,
2017,11,3,금요일,19,부상사고,0,0,0,1,51,남,15년이상,,승합,사업용,보행자,기타사고,맑음,출퇴근,차대사람,차대사람-기타,안전운전불이행,특별광역시도,성화의료재단대한병원,37.6353804,127.0226767,강북구,
2018,2,1,목요일,19,경상사고,0,0,2,0,26,남,15년이상,,승용,비사업용,승용,일직선사고,흐림,출퇴근,차대차,추돌(진행중),안전거리미확보,특별광역시도,성화의료재단대한병원,37.6353804,127.0226767,강북구,
2019,1,9,수요일,20,경상사고,0,0,1,0,55,남,15년이상,,승합,사업용,보행자,보행횡단사고,맑음,출퇴근,차대사람,횡단중,보행자보호의무위반,특별광역시도,성화의료재단대한병원,37.6353804,127.0226767,강북구,
2019,2,27,수요일,11,경상사고,0,0,1,0,51,남,15년이상,,화물,비사업용,보행자,보행횡단사고,맑음,주간,차대사람,보도통행중,기타,특별광역시도,성화의료재단대한병원,37.6353804,127.0226767,강북구,
2019,3,2,토요일,6,경상사고,0,0,1,0,58,남,4년미만,,승용,사업용,보행자,기타사고,맑음,새벽,차대사람,차대사람-기타,보행자보호의무위반,특별광역시도,성화의료재단대한병원,37.6353804,127.0226767,강북구,
2019,12,14,토요일,12,경상사고,0,0,1,0,52,여,15년이상,,승용,비사업용,승용,일직선사고,맑음,주간,차대차,추돌(진행중),안전운전불이행,특별광역시도,성화의료재단대한병원,37.6353804,127.0226767,강북구,
2017,8,2,수요일,0,경상사고,0,0,2,0,44,여,15년이상,,승용,사업용,승용,진입회전사고,흐림,심야,차대차,측면직각충돌,안전거리미확보,특별광역시도,수유사거리,37.6360827,127.0235464,강북구,
2018,1,12,금요일,13,경상사고,0,0,1,0,62,남,15년이상,,승용,비사업용,이륜,일직선사고,맑음,주간,차대차,추돌(진행중),안전거리미확보,특별광역시도,수유사거리,37.6360827,127.0235464,강북구,
2018,10,24,수요일,18,경상사고,0,0,3,0,62,남,15년이상,,승용,사업용,승용,일직선사고,맑음,출퇴근,차대차,추돌(진행중),안전운전불이행,특별광역시도,수유사거리,37.6360827,127.0235464,강북구,
2019,2,20,수요일,15,중상사고,0,1,0,0,65,남,15년이상,,승용,사업용,기타,기타사고,흐림,주간,차량단독,차량단독-기타,기타,특별광역시도,수유사거리,37.6360827,127.0235464,강북구,
2019,3,31,일요일,0,경상사고,0,0,1,0,62,남,15년이상,,승용,사업용,이륜,진입회전사고,비,심야,차대차,측면직각충돌,기타,특별광역시도,수유사거리,37.6360827,127.0235464,강북구,
2017,7,15,토요일,1,경상사고,0,0,1,0,47,남,15년이상,,승용,사업용,보행자,기타사고,맑음,심야,차대사람,차도통행중,안전운전불이행,특별광역시도,수유역사거리,37.6349103,127.0229092,강북구,
2018,3,9,금요일,19,경상사고,0,0,1,0,57,남,15년이상,,승용,사업용,보행자,보행횡단사고,맑음,출퇴근,차대사람,횡단중,안전운전불이행,특별광역시도,수유역사거리,37.6349103,127.0229092,강북구,
2018,3,27,화요일,21,경상사고,0,0,1,0,51,남,15년이상,,승용,비사업용,원동기,진입회전사고,맑음,심야,차대차,측면직각충돌,안전운전불이행,특별광역시도,수유역사거리,37.6349103,127.0229092,강북구,
2018,7,9,월요일,16,경상사고,0,0,1,0,49,남,15년이상,,승합,사업용,기타,기타사고,맑음,주간,차량단독,차량단독-기타,기타,특별광역시도,수유역사거리,37.6349103,127.0229092,강북구,
2019,1,18,금요일,14,중상사고,0,1,0,0,49,남,15년이상,,승합,사업용,승합,일직선사고,맑음,주간,차대차,추돌(진행중),안전운전불이행,특별광역시도,수유역사거리,37.6349103,127.0229092,강북구,
2019,2,14,목요일,22,경상사고,0,0,1,0,31,남,15년이상,,승합,사업용,보행자,기타사고,맑음,심야,차대사람,차대사람-기타,안전운전불이행,특별광역시도,수유역사거리,37.6349103,127.0229092,강북구,
2019,3,16,토요일,11,경상사고,0,0,1,0,55,남,15년이상,,승합,사업용,보행자,기타사고,맑음,주간,차대사람,차대사람-기타,안전운전불이행,특별광역시도,수유역사거리,37.6349103,127.0229092,강북구,
2019,3,9,토요일,18,경상사고,0,0,2,0,48,남,10년미만,,이륜,데이터오류,이륜,일직선사고,맑음,출퇴근,차대차,추돌(진행중),안전운전불이행,특별광역시도,수유역사거리,37.6349103,127.0229092,강북구,
2019,5,8,수요일,15,중상사고,0,1,0,0,70,남,15년이상,,승용,비사업용,자전거,진입회전사고,맑음,주간,차대차,측면직각충돌,안전운전불이행,특별광역시도,수유역사거리,37.6349103,127.0229092,강북구,
2019,6,20,목요일,2,경상사고,0,0,1,0,70,남,15년이상,,승용,사업용,기타,기타사고,맑음,심야,차량단독,차량단독-기타,안전운전불이행,특별광역시도,수유역사거리,37.6349103,127.0229092,강북구,
2019,7,24,수요일,0,경상사고,0,0,1,0,41,남,10년미만,0,승용,비사업용,승용,일직선사고,흐림,심야,차대차,추돌(진행중),안전운전불이행,특별광역시도,수유역사거리,37.6349103,127.0229092,강북구,
2019,7,4,목요일,21,경상사고,0,0,1,0,62,남,15년이상,,승합,사업용,기타,기타사고,맑음,심야,차량단독,차량단독-기타,기타,특별광역시도,수유역사거리,37.6349103,127.0229092,강북구,
2019,8,15,목요일,12,부상사고,0,0,0,1,80,남,15년이상,,승용,비사업용,이륜,진입회전사고,흐림,주간,차대차,측면직각충돌,안전운전불이행,특별광역시도,수유역사거리,37.6349103,127.0229092,강북구,
2019,9,29,일요일,6,경상사고,0,0,1,0,31,남,15년이상,0,승용,비사업용,승용,진입회전사고,맑음,새벽,차대차,측면직각충돌,안전운전불이행,특별광역시도,수유역사거리,37.6349103,127.0229092,강북구,
2019,9,28,토요일,9,경상사고,0,0,1,0,70,남,15년이상,,승용,사업용,승용,진입회전사고,맑음,주간,차대차,측면직각충돌,안전거리미확보,특별광역시도,수유역사거리,37.6349103,127.0229092,강북구,
2019,9,6,금요일,20,부상사고,0,0,0,1,61,남,15년이상,,승합,사업용,기타,기타사고,맑음,출퇴근,차량단독,차량단독-기타,안전운전불이행,특별광역시도,수유역사거리,37.6349103,127.0229092,강북구,
2019,10,14,월요일,6,중상사고,0,1,0,0,58,남,15년이상,,승합,비사업용,보행자,진입회전사고,맑음,새벽,차대사람,횡단중,신호위반,특별광역시도,수유역사거리,37.6349103,127.0229092,강북구,
2019,10,11,금요일,16,경상사고,0,0,1,0,53,남,15년이상,,승합,사업용,보행자,보행횡단사고,맑음,주간,차대사람,횡단중,안전운전불이행,특별광역시도,수유역사거리,37.6349103,127.0229092,강북구,
2017,1,29,일요일,1,경상사고,0,0,1,0,25,남,10년미만,,승용,비사업용,보행자,기타사고,맑음,심야,차대사람,차도통행중,안전운전불이행,특별광역시도,수유역사거리,37.6349103,127.0229092,강북구,
2017,1,5,목요일,3,중상사고,0,1,0,0,23,남,15년이상,,승용,비사업용,보행자,기타사고,맑음,심야,차대사람,차대사람-기타,안전운전불이행,특별광역시도,수유역사거리,37.6349103,127.0229092,강북구,
2017,1,11,수요일,14,경상사고,0,0,1,0,39,여,15년이상,,승용,비사업용,보행자,보행횡단사고,맑음,주간,차대사람,횡단중,안전운전불이행,특별광역시도,수유역사거리,37.6349103,127.0229092,강북구,
2017,1,5,목요일,16,경상사고,0,0,1,0,70,남,15년이상,,승용,사업용,보행자,기타사고,맑음,주간,차대사람,차도통행중,안전운전불이행,특별광역시도,수유역사거리,37.6349103,127.0229092,강북구,
2017,1,14,토요일,23,경상사고,0,0,1,0,22,남,1년미만,,승용,비사업용,승용,기타사고,맑음,심야,차대차,차대차-기타,안전운전불이행,특별광역시도,수유역사거리,37.6349103,127.0229092,강북구,
2017,2,24,금요일,0,경상사고,0,0,1,0,30,남,데이터오류,,승용,비사업용,승용,일직선사고,맑음,심야,차대차,추돌(진행중),안전운전불이행,특별광역시도,수유역사거리,37.6349103,127.0229092,강북구,
2017,2,18,토요일,2,경상사고,0,0,1,0,63,남,15년이상,,승용,사업용,보행자,기타사고,맑음,심야,차대사람,길가장자리구역통행중,안전운전불이행,특별광역시도,수유역사거리,37.6349103,127.0229092,강북구,
2017,2,17,금요일,7,경상사고,0,0,1,0,30,남,15년미만,,승용,비사업용,보행자,기타사고,맑음,출퇴근,차대사람,차도통행중,안전운전불이행,특별광역시도,수유역사거리,37.6349103,127.0229092,강북구,
2017,2,28,화요일,23,경상사고,0,0,1,0,19,남,4년미만,,승용,비사업용,보행자,기타사고,맑음,심야,차대사람,차대사람-기타,안전운전불이행,특별광역시도,수유역사거리,37.6349103,127.0229092,강북구,
2017,3,15,수요일,0,경상사고,0,0,1,0,35,남,15년이상,,승용,비사업용,보행자,보행횡단사고,맑음,심야,차대사람,횡단중,안전운전불이행,특별광역시도,수유역사거리,37.6349103,127.0229092,강북구,
2017,3,14,화요일,7,경상사고,0,0,1,0,47,남,15년이상,,승합,사업용,보행자,기타사고,맑음,출퇴근,차대사람,차대사람-기타,안전운전불이행,특별광역시도,수유역사거리,37.6349103,127.0229092,강북구,
2017,3,6,월요일,18,경상사고,0,0,1,0,65,남,15년이상,,승용,사업용,보행자,기타사고,맑음,출퇴근,차대사람,길가장자리구역통행중,안전운전불이행,특별광역시도,수유역사거리,37.6349103,127.0229092,강북구,
2017,3,13,월요일,20,중상사고,0,1,0,0,23,남,2년미만,,승용,사업용,보행자,기타사고,맑음,출퇴근,차대사람,차대사람-기타,안전운전불이행,특별광역시도,수유역사거리,37.6349103,127.0229092,강북구,
2017,3,10,금요일,21,경상사고,0,0,1,0,27,남,15년이상,,승용,비사업용,보행자,보행횡단사고,맑음,심야,차대사람,횡단중,안전운전불이행,특별광역시도,수유역사거리,37.6349103,127.0229092,강북구,
2017,4,22,토요일,3,경상사고,0,0,1,0,62,남,15년이상,,승용,사업용,보행자,기타사고,맑음,심야,차대사람,차대사람-기타,안전운전불이행,특별광역시도,수유역사거리,37.6349103,127.0229092,강북구,
2017,4,5,수요일,13,경상사고,0,0,1,0,59,남,15년이상,,승합,사업용,기타,기타사고,맑음,주간,차량단독,차량단독-기타,데이터없음,특별광역시도,수유역사거리,37.6349103,127.0229092,강북구,
2017,5,28,일요일,0,경상사고,0,0,2,0,52,남,15년이상,,승용,비사업용,승용,진입회전사고,맑음,심야,차대차,측면직각충돌,교차로운행방법위반,특별광역시도,수유역사거리,37.6349103,127.0229092,강북구,
2017,5,27,토요일,3,중상사고,0,2,0,0,24,남,10년미만,,원동기,기타,보행자,기타사고,맑음,심야,차대사람,차도통행중,안전운전불이행,특별광역시도,수유역사거리,37.6349103,127.0229092,강북구,
2017,5,28,일요일,5,경상사고,0,0,1,0,25,여,10년미만,0,승용,비사업용,승합,진입회전사고,맑음,새벽,차대차,측면직각충돌,안전거리미확보,특별광역시도,수유역사거리,37.6349103,127.0229092,강북구,
2017,5,11,목요일,15,중상사고,0,1,0,0,65,남,15년이상,,승합,사업용,보행자,기타사고,맑음,주간,차대사람,차대사람-기타,안전운전불이행,특별광역시도,수유역사거리,37.6349103,127.0229092,강북구,
2017,7,12,수요일,7,경상사고,0,0,2,0,48,남,15년이상,,승합,사업용,승합,일직선사고,맑음,출퇴근,차대차,추돌(진행중),안전거리미확보,특별광역시도,수유역사거리,37.6349103,127.0229092,강북구,
2017,7,30,일요일,8,중상사고,0,1,0,0,57,남,15년이상,,승합,사업용,보행자,기타사고,맑음,출퇴근,차대사람,차대사람-기타,데이터없음,특별광역시도,수유역사거리,37.6349103,127.0229092,강북구,
2017,9,27,수요일,10,경상사고,0,0,1,0,67,남,15년이상,,승용,사업용,이륜,진입회전사고,비,주간,차대차,측면직각충돌,교차로운행방법위반,특별광역시도,수유역사거리,37.6349103,127.0229092,강북구,
2017,9,29,금요일,15,중상사고,0,1,0,0,40,남,15년이상,,승합,사업용,보행자,기타사고,맑음,주간,차대사람,차대사람-기타,안전운전불이행,특별광역시도,수유역사거리,37.6349103,127.0229092,강북구,
2017,10,29,일요일,4,경상사고,0,0,1,0,27,여,10년미만,,승합,비사업용,보행자,기타사고,흐림,심야,차대사람,차대사람-기타,안전운전불이행,특별광역시도,수유역사거리,37.6349103,127.0229092,강북구,
2017,10,22,일요일,6,경상사고,0,0,1,0,19,남,15년이상,,승용,비사업용,보행자,기타사고,맑음,새벽,차대사람,차대사람-기타,안전운전불이행,특별광역시도,수유역사거리,37.6349103,127.0229092,강북구,
2017,11,23,목요일,4,경상사고,0,0,1,0,56,남,15년이상,,승용,사업용,보행자,기타사고,맑음,심야,차대사람,차대사람-기타,안전운전불이행,특별광역시도,수유역사거리,37.6349103,127.0229092,강북구,
2017,11,14,화요일,18,경상사고,0,0,1,0,35,남,15년이상,,승용,비사업용,보행자,기타사고,맑음,출퇴근,차대사람,차대사람-기타,안전운전불이행,특별광역시도,수유역사거리,37.6349103,127.0229092,강북구,
2017,12,6,수요일,18,경상사고,0,0,1,0,31,남,10년미만,,승합,사업용,기타,기타사고,맑음,출퇴근,차량단독,차량단독-기타,안전운전불이행,특별광역시도,수유역사거리,37.6349103,127.0229092,강북구,
2018,1,22,월요일,2,중상사고,0,1,0,1,51,남,15년이상,,승용,사업용,승용,일직선사고,맑음,심야,차대차,추돌(진행중),안전거리미확보,특별광역시도,수유역사거리,37.6349103,127.0229092,강북구,
2018,2,23,금요일,1,경상사고,0,0,1,0,64,남,15년이상,,승용,사업용,보행자,보행횡단사고,눈,심야,차대사람,횡단중,안전운전불이행,특별광역시도,수유역사거리,37.6349103,127.0229092,강북구,
2018,2,22,목요일,3,경상사고,0,0,1,0,61,남,15년이상,,승용,사업용,보행자,보행횡단사고,흐림,심야,차대사람,보도통행중,안전운전불이행,특별광역시도,수유역사거리,37.6349103,127.0229092,강북구,
2018,2,3,토요일,20,경상사고,0,0,1,0,22,남,3년미만,,승용,비사업용,승용,기타사고,맑음,출퇴근,차대차,차대차-기타,안전거리미확보,특별광역시도,수유역사거리,37.6349103,127.0229092,강북구,
2018,3,13,화요일,19,경상사고,0,0,1,0,54,남,15년이상,,승합,사업용,기타,기타사고,맑음,출퇴근,차량단독,차량단독-기타,기타,특별광역시도,수유역사거리,37.6349103,127.0229092,강북구,
2018,3,24,토요일,23,경상사고,0,0,1,0,56,여,15년이상,,승용,비사업용,보행자,기타사고,맑음,심야,차대사람,길가장자리구역통행중,안전운전불이행,특별광역시도,수유역사거리,37.6349103,127.0229092,강북구,
2018,5,8,화요일,0,경상사고,0,0,1,0,60,남,15년이상,,승용,비사업용,보행자,기타사고,맑음,심야,차대사람,차대사람-기타,안전운전불이행,특별광역시도,수유역사거리,37.6349103,127.0229092,강북구,
2018,5,27,일요일,1,경상사고,0,0,1,0,20,여,1년미만,,승용,비사업용,보행자,기타사고,맑음,심야,차대사람,차도통행중,안전운전불이행,특별광역시도,수유역사거리,37.6349103,127.0229092,강북구,
2018,5,29,화요일,13,경상사고,0,0,1,0,70,남,15년이상,,승용,사업용,승용,진입회전사고,맑음,주간,차대차,측면직각충돌,안전거리미확보,특별광역시도,수유역사거리,37.6349103,127.0229092,강북구,
2018,7,4,수요일,4,경상사고,0,0,1,0,20,여,15년이상,,승용,사업용,화물,일직선사고,맑음,심야,차대차,추돌(진행중),안전거리미확보,특별광역시도,수유역사거리,37.6349103,127.0229092,강북구,
2018,8,21,화요일,5,중상사고,0,1,0,0,57,남,15년이상,,승용,비사업용,보행자,기타사고,비,새벽,차대사람,길가장자리구역통행중,안전운전불이행,특별광역시도,수유역사거리,37.6349103,127.0229092,강북구,
2018,8,23,목요일,6,중상사고,0,1,0,0,23,남,4년미만,0,이륜,기타,보행자,기타사고,비,새벽,차대사람,길가장자리구역통행중,안전운전불이행,특별광역시도,수유역사거리,37.6349103,127.0229092,강북구,
2018,8,23,목요일,8,경상사고,0,0,1,0,66,남,15년이상,,승용,사업용,승용,일직선사고,맑음,출퇴근,차대차,추돌(진행중),안전운전불이행,특별광역시도,수유역사거리,37.6349103,127.0229092,강북구,
2018,9,7,금요일,1,경상사고,0,0,1,0,64,여,15년이상,,승용,사업용,승용,진입회전사고,맑음,심야,차대차,측면직각충돌,안전운전불이행,특별광역시도,수유역사거리,37.6349103,127.0229092,강북구,
2018,9,4,화요일,19,경상사고,0,0,1,0,51,남,15년이상,,승합,사업용,보행자,기타사고,맑음,출퇴근,차대사람,차대사람-기타,기타,특별광역시도,수유역사거리,37.6349103,127.0229092,강북구,
2018,11,29,목요일,2,경상사고,0,0,1,0,58,남,15년이상,,승용,사업용,보행자,보행횡단사고,맑음,심야,차대사람,횡단중,보행자보호의무위반,특별광역시도,수유역사거리,37.6349103,127.0229092,강북구,
2018,11,18,일요일,9,중상사고,0,1,0,0,63,남,15년이상,,화물,비사업용,보행자,보행횡단사고,맑음,주간,차대사람,횡단중,안전운전불이행,특별광역시도,수유역사거리,37.6349103,127.0229092,강북구,
2018,11,15,목요일,22,경상사고,0,0,1,0,58,남,15년이상,,승합,사업용,보행자,보행횡단사고,맑음,심야,차대사람,보도통행중,안전운전불이행,특별광역시도,수유역사거리,37.6349103,127.0229092,강북구,
2018,12,18,화요일,17,경상사고,0,0,1,0,57,여,4년미만,,승용,비사업용,보행자,기타사고,맑음,주간,차대사람,길가장자리구역통행중,안전운전불이행,특별광역시도,수유역사거리,37.6349103,127.0229092,강북구,
2019,1,14,월요일,2,중상사고,0,1,0,0,73,남,15년이상,,승용,사업용,보행자,진입회전사고,맑음,심야,차대사람,횡단중,신호위반,특별광역시도,수유역사거리,37.6349103,127.0229092,강북구,
2019,1,16,수요일,23,경상사고,0,0,1,0,66,남,15년이상,,승용,사업용,보행자,보행횡단사고,맑음,심야,차대사람,횡단중,보행자보호의무위반,특별광역시도,수유역사거리,37.6349103,127.0229092,강북구,
2019,3,19,화요일,1,중상사고,0,1,0,0,63,남,15년이상,,승용,사업용,보행자,기타사고,맑음,심야,차대사람,차대사람-기타,안전운전불이행,특별광역시도,수유역사거리,37.6349103,127.0229092,강북구,
2019,3,1,금요일,17,경상사고,0,0,1,0,71,남,15년이상,,승용,비사업용,자전거,진입회전사고,맑음,주간,차대차,측면직각충돌,안전운전불이행,특별광역시도,수유역사거리,37.6349103,127.0229092,강북구,
2019,3,29,금요일,17,경상사고,0,0,1,0,57,남,15년이상,,승합,사업용,보행자,기타사고,맑음,주간,차대사람,차대사람-기타,안전운전불이행,특별광역시도,수유역사거리,37.6349103,127.0229092,강북구,
2019,3,13,수요일,18,경상사고,0,0,1,0,56,남,15년이상,,승용,사업용,보행자,기타사고,맑음,출퇴근,차대사람,차도통행중,안전운전불이행,특별광역시도,수유역사거리,37.6349103,127.0229092,강북구,
2019,3,1,금요일,20,경상사고,0,0,1,0,62,남,15년이상,,승용,사업용,기타,기타사고,맑음,출퇴근,차량단독,차량단독-기타,안전운전불이행,특별광역시도,수유역사거리,37.6349103,127.0229092,강북구,
2019,4,19,금요일,0,경상사고,0,0,1,0,46,남,15년미만,,승용,사업용,보행자,기타사고,맑음,심야,차대사람,차대사람-기타,안전운전불이행,특별광역시도,수유역사거리,37.6349103,127.0229092,강북구,
2019,4,11,목요일,16,경상사고,0,0,5,1,56,남,15년이상,,승합,사업용,승합,기타사고,맑음,주간,차대차,차대차-기타,안전운전불이행,특별광역시도,수유역사거리,37.6349103,127.0229092,강북구,
2019,5,8,수요일,16,경상사고,0,0,1,0,19,남,1년미만,,승용,비사업용,보행자,기타사고,맑음,주간,차대사람,차대사람-기타,안전운전불이행,특별광역시도,수유역사거리,37.6349103,127.0229092,강북구,
2019,5,11,토요일,18,경상사고,0,0,1,0,29,남,10년미만,,승용,비사업용,보행자,기타사고,맑음,출퇴근,차대사람,차대사람-기타,안전운전불이행,특별광역시도,수유역사거리,37.6349103,127.0229092,강북구,
2019,6,8,토요일,0,경상사고,0,0,1,0,26,남,10년미만,,승합,비사업용,보행자,기타사고,맑음,심야,차대사람,차대사람-기타,안전운전불이행,특별광역시도,수유역사거리,37.6349103,127.0229092,강북구,
2019,6,16,일요일,0,중상사고,0,1,0,0,36,남,10년미만,,이륜,데이터오류,이륜,진입회전사고,맑음,심야,차대차,측면직각충돌,불법유턴,특별광역시도,수유역사거리,37.6349103,127.0229092,강북구,
2019,6,5,수요일,19,부상사고,0,0,0,1,불명,불명,데이터오류,,기타,데이터오류,기타,기타사고,맑음,출퇴근,차대사람,차대사람-기타,안전운전불이행,특별광역시도,수유역사거리,37.6349103,127.0229092,강북구,
2019,6,15,토요일,22,경상사고,0,0,2,0,61,남,15년미만,,승용,사업용,이륜,진입회전사고,맑음,심야,차대차,측면직각충돌,안전운전불이행,특별광역시도,수유역사거리,37.6349103,127.0229092,강북구,
2019,7,27,토요일,1,중상사고,0,1,1,0,18,남,15년이상,,이륜,데이터오류,이륜,진입회전사고,흐림,심야,차대차,측면직각충돌,중앙선침범,특별광역시도,수유역사거리,37.6349103,127.0229092,강북구,
2019,7,6,토요일,4,경상사고,0,0,1,0,62,남,15년이상,,승용,사업용,보행자,기타사고,맑음,심야,차대사람,차대사람-기타,안전운전불이행,특별광역시도,수유역사거리,37.6349103,127.0229092,강북구,
2019,8,7,수요일,2,경상사고,0,0,1,0,24,남,10년미만,,승용,사업용,승용,일직선사고,맑음,심야,차대차,추돌(진행중),안전운전불이행,특별광역시도,수유역사거리,37.6349103,127.0229092,강북구,
2019,8,23,금요일,3,경상사고,0,0,1,0,23,남,3년미만,,이륜,데이터오류,보행자,기타사고,맑음,심야,차대사람,차대사람-기타,안전운전불이행,특별광역시도,수유역사거리,37.6349103,127.0229092,강북구,
2019,8,4,일요일,19,경상사고,0,0,1,0,77,남,15년이상,,승용,사업용,보행자,기타사고,맑음,출퇴근,차대사람,차도통행중,안전운전불이행,특별광역시도,수유역사거리,37.6349103,127.0229092,강북구,
2019,8,24,토요일,22,경상사고,0,0,2,0,66,남,15년이상,,승용,사업용,승합,진입회전사고,맑음,심야,차대차,측면직각충돌,신호위반,특별광역시도,수유역사거리,37.6349103,127.0229092,강북구,
2019,8,27,화요일,23,부상사고,0,0,0,1,53,여,15년이상,,승용,비사업용,승용,기타사고,맑음,심야,차대차,차대차-기타,안전운전불이행,특별광역시도,수유역사거리,37.6349103,127.0229092,강북구,
2019,10,25,금요일,21,중상사고,0,1,0,0,46,남,1년미만,,이륜,데이터오류,기타,진입회전사고,맑음,심야,차대차,추돌(진행중),신호위반,특별광역시도,수유역사거리,37.6349103,127.0229092,강북구,
2019,11,9,토요일,0,경상사고,0,0,1,0,62,남,15년이상,,승용,사업용,보행자,기타사고,맑음,심야,차대사람,차도통행중,안전운전불이행,특별광역시도,수유역사거리,37.6349103,127.0229092,강북구,
2019,11,20,수요일,12,경상사고,0,0,1,0,65,남,15년이상,,화물,비사업용,보행자,진입회전사고,맑음,주간,차대사람,길가장자리구역통행중,신호위반,특별광역시도,수유역사거리,37.6349103,127.0229092,강북구,
2019,11,12,화요일,22,경상사고,0,0,2,0,67,남,15년이상,,승용,사업용,보행자,진입회전사고,맑음,심야,차대차,측면직각충돌,신호위반,특별광역시도,수유역사거리,37.6349103,127.0229092,강북구,
2019,12,21,토요일,19,경상사고,0,0,1,0,65,남,15년이상,,승용,비사업용,보행자,기타사고,맑음,출퇴근,차대사람,차대사람-기타,안전운전불이행,특별광역시도,수유역사거리,37.6349103,127.0229092,강북구,
2017,3,31,금요일,2,경상사고,0,0,1,0,62,남,15년이상,,승용,사업용,승용,진입회전사고,맑음,심야,차대차,측면직각충돌,안전거리미확보,특별광역시도,가양3-5단지,37.5636996,126.8545094,강서구,
2017,4,7,금요일,22,경상사고,0,0,1,0,55,남,15년이상,,승용,사업용,승용,기타사고,맑음,심야,차대차,차대차-기타,안전운전불이행,특별광역시도,가양3-5단지,37.5636996,126.8545094,강서구,
2017,5,25,목요일,19,경상사고,0,0,1,0,38,남,15년이상,,승용,비사업용,자전거,진입회전사고,맑음,출퇴근,차대차,측면직각충돌,안전운전불이행,특별광역시도,가양3-5단지,37.5636996,126.8545094,강서구,
2017,7,21,금요일,11,부상사고,0,0,0,2,34,남,15년이상,,화물,비사업용,보행자,보행횡단사고,맑음,주간,차대사람,횡단중,보행자보호의무위반,특별광역시도,가양3-5단지,37.5636996,126.8545094,강서구,
2017,7,28,금요일,12,경상사고,0,0,2,0,51,남,15년이상,,승용,비사업용,보행자,보행횡단사고,맑음,주간,차대사람,횡단중,안전운전불이행,특별광역시도,가양3-5단지,37.5636996,126.8545094,강서구,
2017,9,9,토요일,18,중상사고,0,2,0,0,24,남,5년미만,,이륜,기타,보행자,보행횡단사고,맑음,출퇴근,차대사람,횡단중,안전운전불이행,특별광역시도,가양3-5단지,37.5636996,126.8545094,강서구,
2017,10,13,금요일,0,부상사고,0,0,0,1,32,남,15년이상,,화물,비사업용,이륜,진입회전사고,흐림,심야,차대차,측면직각충돌,중앙선침범,특별광역시도,가양3-5단지,37.5636996,126.8545094,강서구,
2017,11,20,월요일,8,경상사고,0,0,1,0,65,여,데이터오류,,승용,비사업용,승용,일직선사고,맑음,출퇴근,차대차,추돌(진행중),안전운전불이행,특별광역시도,가양3-5단지,37.5636996,126.8545094,강서구,