년도,월,일,요일,시각,사고등급,사망자수,중상자수,경상자수,부상자수,연령,성별,경력,음주,종별,용도,관련자2,사고형태,기상상태,일광상태,사고유형1,사고유형2,법규위반,도로종류,지점명,위도,경도,자치구,
2017,12,2,토요일,16,중상사고,0,1,2,0,78,남,15년이상,,승용,비사업용,승용,진입회전사고,맑음,주간,차대차,측면직각충돌,신호위반,특별광역시도,가양3-5단지,37.5636996,126.8545094,강서구,
2018,1,22,월요일,21,중상사고,0,1,0,0,38,남,15년미만,,승용,비사업용,이륜,일직선사고,맑음,심야,차대차,차대차-기타,중앙선침범,특별광역시도,가양3-5단지,37.5636996,126.8545094,강서구,
2018,2,3,토요일,21,경상사고,0,0,1,0,69,남,15년이상,,승용,사업용,이륜,기타사고,맑음,심야,차대차,차대차-기타,안전운전불이행,특별광역시도,가양3-5단지,37.5636996,126.8545094,강서구,
2018,6,27,수요일,0,부상사고,0,0,0,1,65,남,15년이상,,승용,사업용,이륜,기타사고,비,심야,차대차,차대차-기타,안전운전불이행,기타,가양3-5단지,37.5636996,126.8545094,강서구,
2018,6,3,일요일,17,경상사고,0,0,1,0,58,남,15년이상,,승용,비사업용,승용,진입회전사고,맑음,주간,차대차,측면직각충돌,안전운전불이행,특별광역시도,가양3-5단지,37.5636996,126.8545094,강서구,
2018,8,9,목요일,7,중상사고,0,1,1,0,46,여,15년미만,0,승용,비사업용,이륜,진입회전사고,맑음,출퇴근,차대차,측면직각충돌,신호위반,특별광역시도,가양3-5단지,37.5636996,126.8545094,강서구,
2018,11,17,토요일,23,중상사고,0,1,0,0,34,남,15년이상,0,승용,비사업용,이륜,진입회전사고,맑음,심야,차대차,측면직각충돌,신호위반,특별광역시도,가양3-5단지,37.5636996,126.8545094,강서구,
2018,12,15,토요일,8,경상사고,0,0,1,0,42,남,15년이상,,이륜,기타,기타,기타사고,맑음,출퇴근,차대차,차대차-기타,안전운전불이행,특별광역시도,가양3-5단지,37.5636996,126.8545094,강서구,
2019,1,19,토요일,15,중상사고,0,1,0,0,74,남,15년이상,,승용,사업용,승합,기타사고,맑음,주간,차대차,차대차-기타,안전거리미확보,특별광역시도,가양3-5단지,37.5636996,126.8545094,강서구,
2019,2,18,월요일,20,부상사고,0,0,0,1,76,여,15년이상,,승용,비사업용,승용,일직선사고,맑음,출퇴근,차대차,차대차-기타,중앙선침범,특별광역시도,가양3-5단지,37.5636996,126.8545094,강서구,
2019,5,5,일요일,0,경상사고,0,0,1,0,42,남,15년이상,,승용,비사업용,이륜,진입회전사고,맑음,심야,차대차,차대차-기타,신호위반,특별광역시도,가양3-5단지,37.5636996,126.8545094,강서구,
2019,6,3,월요일,0,중상사고,0,1,0,0,72,남,15년이상,,승용,사업용,승용,진입회전사고,맑음,심야,차대차,측면직각충돌,신호위반,특별광역시도,가양3-5단지,37.5636996,126.8545094,강서구,
2019,7,29,월요일,0,부상사고,0,0,0,1,64,남,10년미만,,승용,사업용,보행자,기타사고,맑음,심야,차대사람,차대사람-기타,기타,기타,가양3-5단지,37.5636996,126.8545094,강서구,
2019,8,27,화요일,12,경상사고,0,0,1,0,78,남,15년이상,,자전거,데이터오류,보행자,기타사고,맑음,주간,차대사람,차대사람-기타,안전운전불이행,특별광역시도,가양3-5단지,37.5636996,126.8545094,강서구,
2019,10,3,목요일,4,중상사고,0,1,0,0,66,남,15년이상,,화물,비사업용,보행자,기타사고,비,심야,차대사람,차대사람-기타,안전운전불이행,특별광역시도,가양3-5단지,37.5636996,126.8545094,강서구,
2019,12,14,토요일,15,중상사고,0,1,0,0,65,남,15년이상,,승용,비사업용,보행자,보행횡단사고,맑음,주간,차대사람,횡단중,안전운전불이행,특별광역시도,가양3-5단지,37.5636996,126.8545094,강서구,
2019,12,28,토요일,20,중상사고,0,1,0,0,54,남,15년이상,,승용,사업용,이륜,기타사고,흐림,출퇴근,차대차,차대차-기타,안전운전불이행,기타,가양3-5단지,37.5636996,126.8545094,강서구,
2017,1,14,토요일,1,경상사고,0,0,1,0,41,남,15년이상,0,승용,비사업용,승용,일직선사고,맑음,심야,차대차,추돌(진행중),안전운전불이행,특별광역시도,가양아파트사거리,37.5619,126.855886,강서구,
2017,1,17,화요일,9,중상사고,0,1,1,0,61,남,15년이상,,승용,비사업용,승용,진입회전사고,맑음,주간,차대차,측면직각충돌,신호위반,특별광역시도,가양아파트사거리,37.5619,126.855886,강서구,
2017,1,24,화요일,16,경상사고,0,0,1,0,68,남,15년이상,,승용,비사업용,승용,일직선사고,맑음,주간,차대차,추돌(진행중),안전운전불이행,특별광역시도,가양아파트사거리,37.5619,126.855886,강서구,
2017,5,13,토요일,22,경상사고,0,0,1,0,64,남,15년이상,,승용,사업용,승용,진입회전사고,맑음,심야,차대차,측면직각충돌,안전거리미확보,특별광역시도,가양아파트사거리,37.5619,126.855886,강서구,
2017,7,21,금요일,22,경상사고,0,0,1,0,44,여,15년이상,,승용,비사업용,자전거,기타사고,맑음,심야,차대차,차대차-기타,안전운전불이행,특별광역시도,가양아파트사거리,37.5619,126.855886,강서구,
2017,11,7,화요일,8,경상사고,0,0,1,0,45,남,15년이상,,승용,사업용,승용,진입회전사고,맑음,출퇴근,차대차,측면직각충돌,신호위반,특별광역시도,가양아파트사거리,37.5619,126.855886,강서구,
2017,12,15,금요일,1,경상사고,0,0,1,0,64,남,15년이상,0,승용,사업용,승용,일직선사고,맑음,심야,차대차,추돌(진행중),안전운전불이행,특별광역시도,가양아파트사거리,37.5619,126.855886,강서구,
2017,12,2,토요일,12,중상사고,0,2,1,0,52,남,15년이상,,승용,사업용,승용,일직선사고,맑음,주간,차대차,추돌(진행중),안전거리미확보,특별광역시도,가양아파트사거리,37.5619,126.855886,강서구,
2018,3,13,화요일,20,중상사고,0,1,0,0,34,남,15년이상,,승용,사업용,이륜,진입회전사고,맑음,출퇴근,차대차,측면직각충돌,신호위반,특별광역시도,가양아파트사거리,37.5619,126.855886,강서구,
2018,4,23,월요일,7,경상사고,0,0,1,0,68,남,15년이상,,승합,사업용,승합,진입회전사고,비,출퇴근,차대차,측면직각충돌,신호위반,특별광역시도,가양아파트사거리,37.5619,126.855886,강서구,
2018,5,15,화요일,19,경상사고,0,0,2,0,47,남,15년이상,,승용,비사업용,승용,진입회전사고,맑음,출퇴근,차대차,측면직각충돌,신호위반,특별광역시도,가양아파트사거리,37.5619,126.855886,강서구,
2018,6,4,월요일,2,중상사고,0,1,0,0,49,여,15년이상,,승용,비사업용,승용,진입회전사고,맑음,심야,차대차,차대차-기타,신호위반,기타,가양아파트사거리,37.5619,126.855886,강서구,
2018,9,28,금요일,0,중상사고,0,2,0,0,41,여,데이터오류,0,승용,비사업용,화물,진입회전사고,맑음,심야,차대차,차대차-기타,신호위반,특별광역시도,가양아파트사거리,37.5619,126.855886,강서구,
2018,10,23,화요일,14,경상사고,0,0,1,0,22,남,데이터오류,0,승용,사업용,승합,일직선사고,맑음,주간,차대차,추돌(진행중),안전운전불이행,특별광역시도,가양아파트사거리,37.5619,126.855886,강서구,
2018,11,14,수요일,14,중상사고,0,1,0,0,58,남,15년이상,,승용,사업용,화물,진입회전사고,맑음,주간,차대차,측면직각충돌,신호위반,특별광역시도,가양아파트사거리,37.5619,126.855886,강서구,
2019,3,28,목요일,8,중상사고,0,1,0,0,63,남,15년이상,,승용,사업용,기타,기타사고,맑음,출퇴근,차대차,차대차-기타,안전운전불이행,특별광역시도,가양아파트사거리,37.5619,126.855886,강서구,
2019,5,3,금요일,17,경상사고,0,0,3,0,52,남,15년미만,,승합,사업용,화물,진입회전사고,맑음,주간,차대차,측면직각충돌,신호위반,특별광역시도,가양아파트사거리,37.5619,126.855886,강서구,
2019,9,25,수요일,17,경상사고,0,0,1,0,57,남,15년미만,,승합,사업용,승합,기타사고,맑음,주간,차대차,차대차-기타,안전운전불이행,특별광역시도,가양아파트사거리,37.5619,126.855886,강서구,
2019,10,31,목요일,13,중상사고,0,1,0,0,45,여,15년이상,,승용,사업용,이륜,진입회전사고,맑음,주간,차대차,측면직각충돌,신호위반,기타,가양아파트사거리,37.5619,126.855886,강서구,
2019,11,19,화요일,11,경상사고,0,0,4,0,62,남,15년이상,,승용,비사업용,승용,진입회전사고,맑음,주간,차대차,측면직각충돌,신호위반,특별광역시도,가양아파트사거리,37.5619,126.855886,강서구,
2019,11,1,금요일,14,중상사고,0,1,0,0,61,남,15년이상,,승용,사업용,보행자,보행횡단사고,맑음,주간,차대사람,횡단중,보행자보호의무위반,특별광역시도,가양아파트사거리,37.5619,126.855886,강서구,
2019,12,5,목요일,9,경상사고,0,0,1,0,29,남,15년이상,,승용,비사업용,승용,진입회전사고,맑음,주간,차대차,차대차-기타,신호위반,특별광역시도,가양아파트사거리,37.5619,126.855886,강서구,
2019,12,4,수요일,10,경상사고,0,0,1,0,63,남,15년이상,,승용,비사업용,승용,진입회전사고,맑음,주간,차대차,차대차-기타,신호위반,특별광역시도,가양아파트사거리,37.5619,126.855886,강서구,
2017,1,24,화요일,4,경상사고,0,0,2,0,36,남,15년미만,0,승용,사업용,승용,일직선사고,맑음,심야,차대차,추돌(진행중),안전운전불이행,특별광역시도,강서경찰서부근삼거리,35.1164478,128.9065202,강서구,
2017,1,6,금요일,12,경상사고,0,0,3,0,49,여,15년이상,,승용,사업용,승용,진입회전사고,맑음,주간,차대차,측면직각충돌,신호위반,특별광역시도,강서경찰서부근삼거리,35.1164478,128.9065202,강서구,
2017,2,22,수요일,4,경상사고,0,0,1,0,48,남,15년이상,,승용,사업용,승용,기타사고,맑음,심야,차대차,차대차-기타,안전거리미확보,특별광역시도,강서경찰서부근삼거리,35.1164478,128.9065202,강서구,
2017,2,27,월요일,22,사망사고,1,0,0,0,56,남,15년이상,,승합,사업용,보행자,기타사고,맑음,심야,차대사람,차도통행중,안전운전불이행,특별광역시도,강서경찰서부근삼거리,35.1164478,128.9065202,강서구,
2017,3,18,토요일,1,경상사고,0,0,1,0,56,남,15년이상,,승용,사업용,보행자,기타사고,맑음,심야,차대사람,차도통행중,안전운전불이행,특별광역시도,강서경찰서부근삼거리,35.1164478,128.9065202,강서구,
2017,4,28,금요일,0,경상사고,0,0,1,0,66,남,15년이상,,승용,비사업용,보행자,기타사고,맑음,심야,차대사람,차도통행중,안전운전불이행,특별광역시도,강서경찰서부근삼거리,35.1164478,128.9065202,강서구,
2017,4,8,토요일,23,경상사고,0,0,3,0,52,남,10년미만,,승용,사업용,승용,일직선사고,맑음,심야,차대차,추돌(진행중),안전거리미확보,기타,강서경찰서부근삼거리,35.1164478,128.9065202,강서구,
2017,5,20,토요일,0,경상사고,0,0,2,0,36,남,15년이상,,승용,비사업용,보행자,기타사고,맑음,심야,차대사람,차도통행중,안전운전불이행,특별광역시도,강서경찰서부근삼거리,35.1164478,128.9065202,강서구,
2017,5,27,토요일,10,경상사고,0,0,3,0,62,남,15년이상,,승용,사업용,승용,진입회전사고,맑음,주간,차대차,측면직각충돌,신호위반,특별광역시도,강서경찰서부근삼거리,35.1164478,128.9065202,강서구,
2017,5,13,토요일,17,중상사고,0,1,0,0,39,남,10년미만,,승용,비사업용,보행자,보행횡단사고,맑음,주간,차대사람,횡단중,보행자보호의무위반,기타,강서경찰서부근삼거리,35.1164478,128.9065202,강서구,
2017,7,2,일요일,0,경상사고,0,0,1,0,30,남,1년미만,0,승용,비사업용,승용,기타사고,흐림,심야,차대차,차대차-기타,안전운전불이행,특별광역시도,강서경찰서부근삼거리,35.1164478,128.9065202,강서구,
2017,9,11,월요일,3,경상사고,0,0,1,0,25,남,15년이상,0,승용,비사업용,승용,진입회전사고,맑음,심야,차대차,측면직각충돌,신호위반,특별광역시도,강서경찰서부근삼거리,35.1164478,128.9065202,강서구,
2018,1,6,토요일,5,경상사고,0,0,1,0,60,남,15년이상,,승용,사업용,자전거,진입회전사고,맑음,새벽,차대차,차대차-기타,신호위반,특별광역시도,강서경찰서부근삼거리,35.1164478,128.9065202,강서구,
2018,4,7,토요일,3,중상사고,0,1,0,0,72,여,15년이상,,승용,사업용,보행자,보행횡단사고,맑음,심야,차대사람,횡단중,보행자보호의무위반,특별광역시도,강서경찰서부근삼거리,35.1164478,128.9065202,강서구,
2018,4,30,월요일,17,경상사고,0,0,1,0,29,남,10년미만,,승용,비사업용,승합,기타사고,맑음,주간,차대차,차대차-기타,안전거리미확보,기타,강서경찰서부근삼거리,35.1164478,128.9065202,강서구,
2018,5,12,토요일,12,중상사고,0,1,0,0,57,여,15년이상,,승용,비사업용,승용,진입회전사고,비,주간,차대차,측면직각충돌,안전거리미확보,특별광역시도,강서경찰서부근삼거리,35.1164478,128.9065202,강서구,
2018,5,31,목요일,20,경상사고,0,0,1,0,22,여,3년미만,,승용,비사업용,이륜,진입회전사고,맑음,출퇴근,차대차,측면직각충돌,중앙선침범,특별광역시도,강서경찰서부근삼거리,35.1164478,128.9065202,강서구,
2018,6,22,금요일,17,중상사고,0,1,0,0,48,남,15년이상,,승합,사업용,보행자,기타사고,맑음,주간,차대사람,차도통행중,보행자보호의무위반,특별광역시도,강서경찰서부근삼거리,35.1164478,128.9065202,강서구,
2018,7,1,일요일,5,중상사고,0,1,0,0,24,남,데이터오류,,이륜,기타,보행자,기타사고,비,새벽,차대사람,차대사람-기타,안전운전불이행,특별광역시도,강서경찰서부근삼거리,35.1164478,128.9065202,강서구,
2018,7,12,목요일,21,경상사고,0,0,1,0,64,남,15년이상,,승용,비사업용,승용,진입회전사고,맑음,심야,차대차,측면직각충돌,안전운전불이행,특별광역시도,강서경찰서부근삼거리,35.1164478,128.9065202,강서구,
2018,8,23,목요일,21,경상사고,0,0,1,0,45,남,15년이상,,승용,비사업용,이륜,기타사고,비,심야,차대차,차대차-기타,안전거리미확보,특별광역시도,강서경찰서부근삼거리,35.1164478,128.9065202,강서구,
2018,8,1,수요일,23,경상사고,0,0,1,0,61,남,15년이상,,승용,비사업용,보행자,기타사고,맑음,심야,차대사람,차대사람-기타,안전운전불이행,특별광역시도,강서경찰서부근삼거리,35.1164478,128.9065202,강서구,
2018,10,21,일요일,12,부상사고,0,0,0,1,36,여,15년이상,,승용,비사업용,이륜,진입회전사고,맑음,주간,차대차,차대차-기타,신호위반,특별광역시도,강서경찰서부근삼거리,35.1164478,128.9065202,강서구,
2019,2,13,수요일,7,경상사고,0,0,2,0,27,남,10년미만,0,승용,비사업용,화물,일직선사고,맑음,출퇴근,차대차,추돌(진행중),안전운전불이행,특별광역시도,강서경찰서부근삼거리,35.1164478,128.9065202,강서구,
2019,5,23,목요일,22,경상사고,0,0,1,0,23,남,데이터오류,0,승용,비사업용,승용,기타사고,맑음,심야,차대차,차대차-기타,차로위반,특별광역시도,강서경찰서부근삼거리,35.1164478,128.9065202,강서구,
2019,6,3,월요일,0,경상사고,0,0,1,0,36,남,3년미만,0,승용,비사업용,승용,진입회전사고,흐림,심야,차대차,측면직각충돌,안전운전불이행,특별광역시도,강서경찰서부근삼거리,35.1164478,128.9065202,강서구,
2019,6,12,수요일,23,경상사고,0,0,1,0,28,남,10년미만,,승용,비사업용,보행자,보행횡단사고,맑음,심야,차대사람,횡단중,안전운전불이행,기타,강서경찰서부근삼거리,35.1164478,128.9065202,강서구,
2019,7,8,월요일,23,중상사고,0,1,0,0,62,남,10년미만,,승용,사업용,보행자,기타사고,맑음,심야,차대사람,차대사람-기타,안전운전불이행,특별광역시도,강서경찰서부근삼거리,35.1164478,128.9065202,강서구,
2019,8,22,목요일,2,경상사고,0,0,2,0,56,남,15년이상,,승용,사업용,승합,진입회전사고,맑음,심야,차대차,측면직각충돌,안전거리미확보,특별광역시도,강서경찰서부근삼거리,35.1164478,128.9065202,강서구,
2019,9,5,목요일,0,경상사고,0,0,1,0,40,여,15년이상,,승용,비사업용,승용,진입회전사고,흐림,심야,차대차,측면직각충돌,신호위반,기타,강서경찰서부근삼거리,35.1164478,128.9065202,강서구,
2019,10,25,금요일,1,경상사고,0,0,1,0,25,남,4년미만,,승용,비사업용,승용,진입회전사고,맑음,심야,차대차,측면직각충돌,안전운전불이행,특별광역시도,강서경찰서부근삼거리,35.1164478,128.9065202,강서구,
2019,10,8,화요일,8,경상사고,0,0,1,0,불명,불명,데이터오류,,기타,데이터오류,기타,기타사고,맑음,출퇴근,차대차,차대차-기타,안전운전불이행,특별광역시도,강서경찰서부근삼거리,35.1164478,128.9065202,강서구,
2019,11,12,화요일,9,경상사고,0,0,2,1,32,남,15년이상,,승용,비사업용,승용,진입회전사고,맑음,주간,차대차,측면직각충돌,신호위반,기타,강서경찰서부근삼거리,35.1164478,128.9065202,강서구,
2019,11,9,토요일,11,중상사고,0,1,0,0,39,남,15년이상,,승용,비사업용,이륜,진입회전사고,맑음,주간,차대차,측면직각충돌,신호위반,특별광역시도,강서경찰서부근삼거리,35.1164478,128.9065202,강서구,
2017,1,9,월요일,8,경상사고,0,0,2,0,60,여,15년이상,,승용,비사업용,승용,일직선사고,맑음,출퇴근,차대차,추돌(진행중),안전운전불이행,특별광역시도,강서구청입구,37.553168,126.849862,강서구,
2017,1,5,목요일,18,경상사고,0,0,1,0,48,남,15년이상,0,승용,비사업용,승용,일직선사고,맑음,출퇴근,차대차,추돌(진행중),안전운전불이행,특별광역시도,강서구청입구,37.553168,126.849862,강서구,
2017,4,20,목요일,1,경상사고,0,0,1,0,48,남,15년이상,,승합,사업용,이륜,진입회전사고,맑음,심야,차대차,측면직각충돌,신호위반,특별광역시도,강서구청입구,37.553168,126.849862,강서구,
2017,4,29,토요일,13,중상사고,0,1,1,0,68,남,15년이상,,승용,사업용,승합,진입회전사고,맑음,주간,차대차,측면직각충돌,중앙선침범,특별광역시도,강서구청입구,37.553168,126.849862,강서구,
2017,4,24,월요일,22,경상사고,0,0,1,0,33,남,15년미만,0,승용,비사업용,승용,기타사고,맑음,심야,차대차,차대차-기타,안전운전불이행,특별광역시도,강서구청입구,37.553168,126.849862,강서구,
2017,4,4,화요일,23,경상사고,0,0,4,0,45,여,15년이상,0,승용,비사업용,승합,진입회전사고,맑음,심야,차대차,측면직각충돌,신호위반,특별광역시도,강서구청입구,37.553168,126.849862,강서구,
2017,8,17,목요일,0,중상사고,0,1,1,0,37,남,데이터오류,,승용,비사업용,승용,일직선사고,맑음,심야,차대차,추돌(진행중),데이터없음,특별광역시도,강서구청입구,37.553168,126.849862,강서구,
2017,9,19,화요일,5,경상사고,0,0,3,0,64,남,15년이상,,승용,비사업용,승용,진입회전사고,맑음,새벽,차대차,측면직각충돌,안전운전불이행,특별광역시도,강서구청입구,37.553168,126.849862,강서구,
2017,9,4,월요일,20,경상사고,0,0,2,0,66,남,15년이상,,화물,사업용,화물,진입회전사고,맑음,출퇴근,차대차,측면직각충돌,차로위반,특별광역시도,강서구청입구,37.553168,126.849862,강서구,
2017,10,30,월요일,10,경상사고,0,0,1,0,56,남,15년이상,,승용,사업용,승용,일직선사고,맑음,주간,차대차,추돌(진행중),안전거리미확보,특별광역시도,강서구청입구,37.553168,126.849862,강서구,
2017,10,10,화요일,19,중상사고,0,1,6,0,59,여,15년미만,,승용,비사업용,승합,진입회전사고,맑음,출퇴근,차대차,차대차-기타,신호위반,특별광역시도,강서구청입구,37.553168,126.849862,강서구,
2018,1,31,수요일,10,경상사고,0,0,1,0,30,남,10년미만,,승합,비사업용,승합,진입회전사고,맑음,주간,차대차,측면직각충돌,차로위반,특별광역시도,강서구청입구,37.553168,126.849862,강서구,
2018,2,7,수요일,2,경상사고,0,0,2,0,50,남,15년이상,,승용,사업용,승용,진입회전사고,흐림,심야,차대차,측면직각충돌,안전운전불이행,특별광역시도,강서구청입구,37.553168,126.849862,강서구,
2018,2,12,월요일,21,경상사고,0,0,2,0,55,남,15년이상,0,승용,비사업용,승용,일직선사고,맑음,심야,차대차,추돌(진행중),안전운전불이행,특별광역시도,강서구청입구,37.553168,126.849862,강서구,
2018,3,1,목요일,0,경상사고,0,0,1,1,57,남,10년미만,,승용,사업용,승용,일직선사고,맑음,심야,차대차,추돌(진행중),안전운전불이행,특별광역시도,강서구청입구,37.553168,126.849862,강서구,
2018,3,26,월요일,1,중상사고,0,1,0,0,59,남,15년이상,,승용,사업용,승용,진입회전사고,맑음,심야,차대차,측면직각충돌,신호위반,특별광역시도,강서구청입구,37.553168,126.849862,강서구,
2018,4,15,일요일,5,경상사고,0,0,2,0,36,남,데이터오류,0,승용,비사업용,승용,진입회전사고,맑음,새벽,차대차,측면직각충돌,안전운전불이행,특별광역시도,강서구청입구,37.553168,126.849862,강서구,
2018,5,9,수요일,20,중상사고,0,1,0,0,41,남,15년이상,,승합,사업용,이륜,진입회전사고,흐림,출퇴근,차대차,측면직각충돌,신호위반,특별광역시도,강서구청입구,37.553168,126.849862,강서구,
2018,6,6,수요일,7,경상사고,0,0,2,0,27,남,10년미만,0,승용,비사업용,화물,진입회전사고,맑음,출퇴근,차대차,측면직각충돌,안전운전불이행,특별광역시도,강서구청입구,37.553168,126.849862,강서구,
2018,6,9,토요일,20,중상사고,0,2,2,2,26,여,15년이상,,승용,비사업용,승용,진입회전사고,비,출퇴근,차대차,측면직각충돌,교차로운행방법위반,특별광역시도,강서구청입구,37.553168,126.849862,강서구,
2018,7,5,목요일,10,경상사고,0,0,1,0,57,남,15년이상,,승용,사업용,자전거,진입회전사고,맑음,주간,차대차,측면직각충돌,불법유턴,특별광역시도,강서구청입구,37.553168,126.849862,강서구,
2018,7,16,월요일,17,경상사고,0,0,1,0,41,남,15년이상,,승용,비사업용,승용,진입회전사고,맑음,주간,차대차,측면직각충돌,신호위반,특별광역시도,강서구청입구,37.553168,126.849862,강서구,
2018,9,2,일요일,17,부상사고,0,0,0,1,55,남,15년이상,,승용,비사업용,이륜,진입회전사고,맑음,주간,차대차,측면직각충돌,신호위반,특별광역시도,강서구청입구,37.553168,126.849862,강서구,
2018,9,17,월요일,22,중상사고,0,1,3,0,59,남,15년이상,,승용,비사업용,승용,진입회전사고,맑음,심야,차대차,측면직각충돌,신호위반,특별광역시도,강서구청입구,37.553168,126.849862,강서구,
2018,9,25,화요일,23,중상사고,0,1,0,0,28,남,15년이상,,승용,비사업용,이륜,진입회전사고,맑음,심야,차대차,측면직각충돌,신호위반,특별광역시도,강서구청입구,37.553168,126.849862,강서구,
2018,10,3,수요일,13,부상사고,0,0,0,3,35,여,15년이상,,승용,비사업용,이륜,진입회전사고,맑음,주간,차대차,측면직각충돌,신호위반,특별광역시도,강서구청입구,37.553168,126.849862,강서구,
2018,10,20,토요일,14,경상사고,0,0,1,0,62,남,15년미만,,화물,비사업용,화물,기타사고,맑음,주간,차대차,차대차-기타,안전운전불이행,특별광역시도,강서구청입구,37.553168,126.849862,강서구,
2019,2,19,화요일,21,경상사고,0,0,3,0,53,남,15년이상,,화물,사업용,화물,기타사고,맑음,심야,차대차,차대차-기타,안전거리미확보,특별광역시도,강서구청입구,37.553168,126.849862,강서구,
2019,3,20,수요일,8,경상사고,0,0,1,0,53,남,15년이상,,승합,사업용,화물,진입회전사고,맑음,출퇴근,차대차,측면직각충돌,신호위반,특별광역시도,강서구청입구,37.553168,126.849862,강서구,
2019,3,8,금요일,14,경상사고,0,0,3,1,35,남,15년이상,,승용,비사업용,승용,진입회전사고,맑음,주간,차대차,측면직각충돌,안전운전불이행,특별광역시도,강서구청입구,37.553168,126.849862,강서구,
2019,3,20,수요일,14,중상사고,0,1,0,0,70,남,15년이상,,승용,사업용,자전거,진입회전사고,비,주간,차대차,측면직각충돌,안전운전불이행,특별광역시도,강서구청입구,37.553168,126.849862,강서구,
2019,3,23,토요일,22,경상사고,0,0,4,0,25,남,10년미만,,승합,사업용,승합,기타사고,맑음,심야,차대차,차대차-기타,안전운전불이행,특별광역시도,강서구청입구,37.553168,126.849862,강서구,
2019,4,6,토요일,12,경상사고,0,0,1,0,70,남,15년이상,,승용,사업용,보행자,기타사고,맑음,주간,차대사람,차대사람-기타,기타,특별광역시도,강서구청입구,37.553168,126.849862,강서구,
2019,4,30,화요일,15,경상사고,0,0,1,0,74,남,15년이상,,승용,사업용,원동기,진입회전사고,맑음,주간,차대차,측면직각충돌,신호위반,특별광역시도,강서구청입구,37.553168,126.849862,강서구,
2019,4,14,일요일,21,경상사고,0,0,2,0,32,남,15년이상,0,승용,비사업용,승용,일직선사고,맑음,심야,차대차,추돌(진행중),안전운전불이행,특별광역시도,강서구청입구,37.553168,126.849862,강서구,
2019,6,24,월요일,12,경상사고,0,0,2,0,40,여,15년미만,,승용,비사업용,승용,진입회전사고,맑음,주간,차대차,측면직각충돌,안전운전불이행,특별광역시도,강서구청입구,37.553168,126.849862,강서구,
2019,8,28,수요일,9,경상사고,0,0,1,0,63,남,15년이상,,승용,사업용,승용,진입회전사고,맑음,주간,차대차,측면직각충돌,안전거리미확보,특별광역시도,강서구청입구,37.553168,126.849862,강서구,
2019,8,12,월요일,19,중상사고,0,1,0,0,52,여,15년이상,,승용,비사업용,승용,진입회전사고,비,출퇴근,차대차,측면직각충돌,신호위반,특별광역시도,강서구청입구,37.553168,126.849862,강서구,
2019,9,30,월요일,19,경상사고,0,0,1,0,60,남,15년이상,,승용,사업용,이륜,일직선사고,맑음,출퇴근,차대차,추돌(진행중),안전운전불이행,기타,강서구청입구,37.553168,126.849862,강서구,
2019,10,3,목요일,3,경상사고,0,0,3,0,72,남,15년이상,,승용,사업용,승용,진입회전사고,흐림,심야,차대차,측면직각충돌,안전거리미확보,특별광역시도,강서구청입구,37.553168,126.849862,강서구,
2019,10,3,목요일,12,경상사고,0,0,1,1,60,남,15년이상,,승용,사업용,이륜,기타사고,맑음,주간,차대차,차대차-기타,안전운전불이행,기타,강서구청입구,37.553168,126.849862,강서구,
2019,11,9,토요일,0,중상사고,0,1,0,0,69,남,15년이상,,승용,사업용,승용,진입회전사고,흐림,심야,차대차,측면직각충돌,신호위반,특별광역시도,강서구청입구,37.553168,126.849862,강서구,
2019,11,30,토요일,2,중상사고,0,1,0,0,29,남,15년이상,0,승용,비사업용,자전거,진입회전사고,맑음,심야,차대차,측면직각충돌,안전운전불이행,특별광역시도,강서구청입구,37.553168,126.849862,강서구,
2019,11,17,일요일,18,경상사고,0,0,2,0,48,남,15년이상,,승용,비사업용,승용,일직선사고,비,출퇴근,차대차,추돌(진행중),안전운전불이행,특별광역시도,강서구청입구,37.553168,126.849862,강서구,
2019,12,29,일요일,13,중상사고,0,1,0,0,50,남,15년이상,,승용,비사업용,이륜,진입회전사고,맑음,주간,차대차,차대차-기타,신호위반,특별광역시도,강서구청입구,37.553168,126.849862,강서구,
2017,2,15,수요일,8,경상사고,0,0,1,0,48,남,15년이상,,승용,사업용,승용,기타사고,맑음,출퇴근,차대차,차대차-기타,안전운전불이행,특별광역시도,강서구청입구,37.553168,126.849862,강서구,
2017,3,21,화요일,7,경상사고,0,0,1,0,56,남,15년이상,,승용,비사업용,승용,기타사고,맑음,출퇴근,차대차,차대차-기타,안전운전불이행,특별광역시도,강서구청입구,37.553168,126.849862,강서구,
2017,3,13,월요일,21,경상사고,0,0,1,0,43,여,15년이상,,승용,비사업용,화물,기타사고,맑음,심야,차대차,차대차-기타,직진우회전진행방해,특별광역시도,강서구청입구,37.553168,126.849862,강서구,
2017,3,14,화요일,21,중상사고,0,1,0,0,40,남,15년이상,,승합,사업용,보행자,기타사고,맑음,심야,차대사람,차대사람-기타,데이터없음,특별광역시도,강서구청입구,37.553168,126.849862,강서구,
2017,5,1,월요일,18,경상사고,0,0,3,1,34,남,15년이상,,승용,비사업용,승용,진입회전사고,맑음,출퇴근,차대차,측면직각충돌,안전거리미확보,특별광역시도,강서구청입구,37.553168,126.849862,강서구,
2017,6,4,일요일,16,중상사고,0,1,0,1,39,남,15년미만,,이륜,기타,이륜,진입회전사고,맑음,주간,차대차,측면직각충돌,신호위반,특별광역시도,강서구청입구,37.553168,126.849862,강서구,