년도,월,일,요일,시각,사고등급,사망자수,중상자수,경상자수,부상자수,연령,성별,경력,음주,종별,용도,관련자2,사고형태,기상상태,일광상태,사고유형1,사고유형2,법규위반,도로종류,지점명,위도,경도,자치구,
2017,7,19,수요일,16,중상사고,0,1,0,0,49,여,15년이상,,승용,비사업용,보행자,보행횡단사고,맑음,주간,차대사람,보도통행중,보행자보호의무위반,특별광역시도,강서구청입구,37.553168,126.849862,강서구,
2018,1,18,목요일,5,중상사고,0,1,1,0,50,남,10년미만,,승합,사업용,승합,진입회전사고,맑음,새벽,차대차,측면직각충돌,안전운전불이행,특별광역시도,강서구청입구,37.553168,126.849862,강서구,
2018,2,13,화요일,3,중상사고,0,1,1,0,50,남,15년이상,0,승용,비사업용,승용,일직선사고,맑음,심야,차대차,추돌(진행중),안전운전불이행,특별광역시도,강서구청입구,37.553168,126.849862,강서구,
2018,2,10,토요일,4,중상사고,0,1,0,0,29,남,15년미만,,승용,비사업용,보행자,기타사고,맑음,심야,차대사람,차대사람-기타,안전운전불이행,특별광역시도,강서구청입구,37.553168,126.849862,강서구,
2018,5,12,토요일,20,경상사고,0,0,1,0,48,남,4년미만,,승용,비사업용,승용,진입회전사고,비,출퇴근,차대차,측면직각충돌,안전거리미확보,특별광역시도,강서구청입구,37.553168,126.849862,강서구,
2018,8,31,금요일,15,부상사고,0,0,0,1,26,남,15년이상,,승용,비사업용,자전거,기타사고,맑음,주간,차대차,차대차-기타,안전운전불이행,특별광역시도,강서구청입구,37.553168,126.849862,강서구,
2018,8,25,토요일,21,중상사고,0,8,17,3,63,남,15년이상,,승합,사업용,이륜,일직선사고,흐림,심야,차대차,차대차-기타,중앙선침범,특별광역시도,강서구청입구,37.553168,126.849862,강서구,
2018,12,22,토요일,5,경상사고,0,0,1,0,61,남,15년이상,,승합,사업용,기타,기타사고,맑음,새벽,차량단독,차량단독-기타,안전운전불이행,특별광역시도,강서구청입구,37.553168,126.849862,강서구,
2018,12,17,월요일,16,중상사고,0,1,3,0,60,남,15년이상,,승용,비사업용,승합,진입회전사고,맑음,주간,차대차,측면직각충돌,차로위반,특별광역시도,강서구청입구,37.553168,126.849862,강서구,
2018,12,19,수요일,19,경상사고,0,0,1,0,42,남,15년이상,,승용,비사업용,승용,진입회전사고,맑음,출퇴근,차대차,측면직각충돌,안전운전불이행,특별광역시도,강서구청입구,37.553168,126.849862,강서구,
2019,6,9,일요일,20,경상사고,0,0,1,0,불명,불명,데이터오류,,기타,데이터오류,기타,보행횡단사고,맑음,출퇴근,차대사람,횡단중,안전운전불이행,특별광역시도,강서구청입구,37.553168,126.849862,강서구,
2019,10,5,토요일,14,중상사고,0,1,0,0,81,남,15년이상,,화물,비사업용,이륜,진입회전사고,맑음,주간,차대차,측면직각충돌,안전거리미확보,특별광역시도,강서구청입구,37.553168,126.849862,강서구,
2019,11,19,화요일,20,중상사고,0,1,0,0,53,남,15년이상,,승용,비사업용,이륜,진입회전사고,맑음,출퇴근,차대차,측면직각충돌,안전운전불이행,특별광역시도,강서구청입구,37.553168,126.849862,강서구,
2019,11,19,화요일,23,중상사고,0,1,0,0,43,여,15년이상,,승용,사업용,이륜,진입회전사고,맑음,심야,차대차,측면직각충돌,안전운전불이행,특별광역시도,강서구청입구,37.553168,126.849862,강서구,
2019,11,25,월요일,23,경상사고,0,0,3,0,34,남,15년미만,,승용,비사업용,승용,진입회전사고,맑음,심야,차대차,측면직각충돌,안전운전불이행,특별광역시도,강서구청입구,37.553168,126.849862,강서구,
2017,1,18,수요일,9,경상사고,0,0,1,0,28,남,15년이상,,화물,비사업용,화물,일직선사고,맑음,주간,차대차,추돌(진행중),안전운전불이행,특별광역시도,강서그랜드아이파크앞사거리,37.5546451,126.8511767,강서구,
2017,2,15,수요일,11,경상사고,0,0,6,0,45,남,15년이상,,승용,비사업용,승용,일직선사고,맑음,주간,차대차,추돌(진행중),안전거리미확보,특별광역시도,강서그랜드아이파크앞사거리,37.5546451,126.8511767,강서구,
2017,4,22,토요일,13,경상사고,0,0,1,0,45,남,15년이상,,승용,비사업용,승용,진입회전사고,맑음,주간,차대차,측면직각충돌,안전운전불이행,기타,강서그랜드아이파크앞사거리,37.5546451,126.8511767,강서구,
2017,4,27,목요일,17,경상사고,0,0,1,0,73,남,15년이상,,승용,비사업용,승용,일직선사고,맑음,주간,차대차,추돌(진행중),안전운전불이행,특별광역시도,강서그랜드아이파크앞사거리,37.5546451,126.8511767,강서구,
2017,5,18,목요일,14,부상사고,0,0,0,1,43,남,15년이상,,건설기계,사업용,건설기계,진입회전사고,맑음,주간,차대차,측면직각충돌,안전운전불이행,특별광역시도,강서그랜드아이파크앞사거리,37.5546451,126.8511767,강서구,
2017,6,4,일요일,19,경상사고,0,0,1,0,49,남,15년이상,,승용,비사업용,원동기,기타사고,맑음,출퇴근,차대차,차대차-기타,안전거리미확보,특별광역시도,강서그랜드아이파크앞사거리,37.5546451,126.8511767,강서구,
2017,7,24,월요일,5,경상사고,0,0,1,0,44,남,15년이상,,승용,비사업용,승용,진입회전사고,맑음,새벽,차대차,측면직각충돌,안전거리미확보,특별광역시도,강서그랜드아이파크앞사거리,37.5546451,126.8511767,강서구,
2017,7,4,화요일,12,중상사고,0,1,0,0,27,남,15년이상,,화물,사업용,보행자,보행횡단사고,맑음,주간,차대사람,횡단중,보행자보호의무위반,특별광역시도,강서그랜드아이파크앞사거리,37.5546451,126.8511767,강서구,
2017,8,14,월요일,21,경상사고,0,0,1,0,37,여,15년이상,,승용,비사업용,승용,진입회전사고,맑음,심야,차대차,측면직각충돌,직진우회전진행방해,특별광역시도,강서그랜드아이파크앞사거리,37.5546451,126.8511767,강서구,
2017,9,27,수요일,7,경상사고,0,0,1,0,36,남,15년이상,,승용,비사업용,자전거,진입회전사고,맑음,출퇴근,차대차,측면직각충돌,안전운전불이행,특별광역시도,강서그랜드아이파크앞사거리,37.5546451,126.8511767,강서구,
2017,9,22,금요일,12,경상사고,0,0,1,0,44,남,10년미만,,승용,비사업용,이륜,일직선사고,맑음,주간,차대차,차대차-기타,중앙선침범,특별광역시도,강서그랜드아이파크앞사거리,37.5546451,126.8511767,강서구,
2017,9,7,목요일,13,경상사고,0,0,1,0,47,남,15년이상,,화물,비사업용,이륜,진입회전사고,맑음,주간,차대차,측면직각충돌,안전운전불이행,특별광역시도,강서그랜드아이파크앞사거리,37.5546451,126.8511767,강서구,
2017,10,23,월요일,15,경상사고,0,0,1,0,56,여,15년이상,,승용,비사업용,이륜,진입회전사고,맑음,주간,차대차,측면직각충돌,안전운전불이행,특별광역시도,강서그랜드아이파크앞사거리,37.5546451,126.8511767,강서구,
2018,1,20,토요일,8,경상사고,0,0,1,0,63,남,15년이상,,승용,사업용,승용,진입회전사고,맑음,출퇴근,차대차,측면직각충돌,직진우회전진행방해,특별광역시도,강서그랜드아이파크앞사거리,37.5546451,126.8511767,강서구,
2018,1,2,화요일,10,경상사고,0,0,1,0,34,남,15년미만,,승용,사업용,승용,진입회전사고,맑음,주간,차대차,측면직각충돌,직진우회전진행방해,특별광역시도,강서그랜드아이파크앞사거리,37.5546451,126.8511767,강서구,
2018,1,12,금요일,16,경상사고,0,0,1,0,42,남,15년이상,,화물,비사업용,화물,진입회전사고,맑음,주간,차대차,측면직각충돌,직진우회전진행방해,특별광역시도,강서그랜드아이파크앞사거리,37.5546451,126.8511767,강서구,
2018,4,23,월요일,19,경상사고,0,0,2,0,55,남,10년미만,,승용,사업용,승용,진입회전사고,비,출퇴근,차대차,측면직각충돌,직진우회전진행방해,특별광역시도,강서그랜드아이파크앞사거리,37.5546451,126.8511767,강서구,
2018,5,30,수요일,0,경상사고,0,0,2,0,40,여,15년이상,,승용,비사업용,승용,진입회전사고,맑음,심야,차대차,측면직각충돌,안전운전불이행,특별광역시도,강서그랜드아이파크앞사거리,37.5546451,126.8511767,강서구,
2018,7,8,일요일,16,경상사고,0,0,1,0,55,여,15년이상,,승용,비사업용,보행자,보행횡단사고,맑음,주간,차대사람,횡단중,보행자보호의무위반,특별광역시도,강서그랜드아이파크앞사거리,37.5546451,126.8511767,강서구,
2018,9,18,화요일,2,경상사고,0,0,2,0,25,남,4년미만,0,승용,비사업용,승용,진입회전사고,맑음,심야,차대차,측면직각충돌,안전운전불이행,특별광역시도,강서그랜드아이파크앞사거리,37.5546451,126.8511767,강서구,
2018,9,20,목요일,15,경상사고,0,0,1,0,53,남,10년미만,,승용,비사업용,보행자,기타사고,맑음,주간,차대사람,차대사람-기타,기타,특별광역시도,강서그랜드아이파크앞사거리,37.5546451,126.8511767,강서구,
2018,10,6,토요일,9,경상사고,0,0,1,0,64,남,15년이상,,승용,사업용,승용,기타사고,비,주간,차대차,차대차-기타,안전거리미확보,특별광역시도,강서그랜드아이파크앞사거리,37.5546451,126.8511767,강서구,
2018,12,11,화요일,17,경상사고,0,0,1,0,38,남,15년이상,,승용,사업용,보행자,기타사고,맑음,주간,차대사람,차도통행중,교차로운행방법위반,특별광역시도,강서그랜드아이파크앞사거리,37.5546451,126.8511767,강서구,
2019,3,9,토요일,11,중상사고,0,1,0,0,61,남,15년이상,,승용,사업용,이륜,진입회전사고,맑음,주간,차대차,측면직각충돌,안전운전불이행,기타,강서그랜드아이파크앞사거리,37.5546451,126.8511767,강서구,
2019,3,2,토요일,12,경상사고,0,0,1,0,26,남,10년미만,,승용,비사업용,승용,진입회전사고,맑음,주간,차대차,측면직각충돌,안전거리미확보,특별광역시도,강서그랜드아이파크앞사거리,37.5546451,126.8511767,강서구,
2019,4,11,목요일,8,경상사고,0,0,1,0,51,남,15년이상,,승용,사업용,승용,기타사고,맑음,출퇴근,차대차,차대차-기타,안전운전불이행,특별광역시도,강서그랜드아이파크앞사거리,37.5546451,126.8511767,강서구,
2019,9,15,일요일,15,중상사고,0,1,0,0,46,남,10년미만,,승용,비사업용,이륜,진입회전사고,맑음,주간,차대차,측면직각충돌,안전거리미확보,특별광역시도,강서그랜드아이파크앞사거리,37.5546451,126.8511767,강서구,
2019,10,10,목요일,17,경상사고,0,0,1,0,52,남,15년이상,,승합,사업용,승합,진입회전사고,맑음,주간,차대차,측면직각충돌,안전거리미확보,기타,강서그랜드아이파크앞사거리,37.5546451,126.8511767,강서구,
2019,11,20,수요일,0,경상사고,0,0,1,0,53,여,15년이상,,승용,비사업용,승용,기타사고,맑음,심야,차대차,차대차-기타,교차로운행방법위반,특별광역시도,강서그랜드아이파크앞사거리,37.5546451,126.8511767,강서구,
2019,11,22,금요일,9,부상사고,0,0,0,1,46,남,15년이상,,승용,비사업용,자전거,진입회전사고,맑음,주간,차대차,측면직각충돌,안전운전불이행,특별광역시도,강서그랜드아이파크앞사거리,37.5546451,126.8511767,강서구,
2019,12,7,토요일,6,중상사고,0,1,0,0,59,남,15년이상,,승용,비사업용,이륜,기타사고,맑음,새벽,차대차,차대차-기타,안전운전불이행,특별광역시도,강서그랜드아이파크앞사거리,37.5546451,126.8511767,강서구,
2019,12,26,목요일,7,경상사고,0,0,2,0,47,남,15년이상,,승용,비사업용,화물,일직선사고,흐림,출퇴근,차대차,추돌(진행중),안전거리미확보,특별광역시도,강서그랜드아이파크앞사거리,37.5546451,126.8511767,강서구,
2019,12,31,화요일,10,경상사고,0,0,1,0,38,여,15년미만,,승용,비사업용,승용,일직선사고,맑음,주간,차대차,추돌(진행중),안전운전불이행,특별광역시도,강서그랜드아이파크앞사거리,37.5546451,126.8511767,강서구,
2017,6,27,화요일,18,경상사고,0,0,1,0,52,남,데이터오류,,승용,비사업용,승용,진입회전사고,맑음,출퇴근,차대차,측면직각충돌,신호위반,특별광역시도,강서그랜드아이파크앞사거리,37.5546451,126.8511767,강서구,
2018,1,22,월요일,10,중상사고,0,1,1,0,48,남,15년이상,,승합,사업용,이륜,진입회전사고,맑음,주간,차대차,측면직각충돌,신호위반,특별광역시도,강서그랜드아이파크앞사거리,37.5546451,126.8511767,강서구,
2018,1,18,목요일,17,경상사고,0,0,1,0,35,남,15년이상,,승합,사업용,이륜,진입회전사고,맑음,주간,차대차,차대차-기타,신호위반,특별광역시도,강서그랜드아이파크앞사거리,37.5546451,126.8511767,강서구,
2018,2,2,금요일,20,중상사고,0,1,0,0,48,남,15년이상,,승합,사업용,원동기,진입회전사고,맑음,출퇴근,차대차,측면직각충돌,신호위반,특별광역시도,강서그랜드아이파크앞사거리,37.5546451,126.8511767,강서구,
2018,2,7,수요일,23,경상사고,0,0,3,0,62,남,15년이상,,승용,사업용,승합,진입회전사고,맑음,심야,차대차,측면직각충돌,신호위반,특별광역시도,강서그랜드아이파크앞사거리,37.5546451,126.8511767,강서구,
2018,3,18,일요일,14,중상사고,0,1,2,0,63,남,15년이상,,승합,사업용,이륜,진입회전사고,맑음,주간,차대차,차대차-기타,신호위반,특별광역시도,강서그랜드아이파크앞사거리,37.5546451,126.8511767,강서구,
2018,6,24,일요일,7,경상사고,0,0,1,0,42,남,15년이상,,승용,비사업용,승용,일직선사고,맑음,출퇴근,차대차,추돌(진행중),안전운전불이행,특별광역시도,강서그랜드아이파크앞사거리,37.5546451,126.8511767,강서구,
2018,6,4,월요일,14,중상사고,0,1,0,0,55,남,15년이상,,승용,비사업용,이륜,진입회전사고,맑음,주간,차대차,측면직각충돌,안전운전불이행,특별광역시도,강서그랜드아이파크앞사거리,37.5546451,126.8511767,강서구,
2018,8,9,목요일,10,경상사고,0,0,1,0,56,남,15년이상,,승합,비사업용,승합,일직선사고,맑음,주간,차대차,추돌(진행중),안전운전불이행,특별광역시도,강서그랜드아이파크앞사거리,37.5546451,126.8511767,강서구,
2018,11,21,수요일,20,경상사고,0,0,2,0,44,여,3년미만,,승용,비사업용,승용,진입회전사고,맑음,출퇴근,차대차,측면직각충돌,신호위반,특별광역시도,강서그랜드아이파크앞사거리,37.5546451,126.8511767,강서구,
2019,2,4,월요일,6,경상사고,0,0,1,0,51,남,15년이상,,승합,사업용,기타,진입회전사고,맑음,새벽,차대차,측면직각충돌,신호위반,특별광역시도,강서그랜드아이파크앞사거리,37.5546451,126.8511767,강서구,
2019,3,24,일요일,13,경상사고,0,0,1,0,70,남,15년이상,,승합,사업용,이륜,기타사고,맑음,주간,차대차,차대차-기타,안전운전불이행,특별광역시도,강서그랜드아이파크앞사거리,37.5546451,126.8511767,강서구,
2019,4,19,금요일,21,경상사고,0,0,1,0,64,남,15년이상,,승합,사업용,이륜,진입회전사고,맑음,심야,차대차,측면직각충돌,신호위반,특별광역시도,강서그랜드아이파크앞사거리,37.5546451,126.8511767,강서구,
2019,7,3,수요일,7,경상사고,0,0,1,0,60,여,15년이상,,승용,비사업용,승용,진입회전사고,맑음,출퇴근,차대차,측면직각충돌,신호위반,특별광역시도,강서그랜드아이파크앞사거리,37.5546451,126.8511767,강서구,
2019,7,3,수요일,9,중상사고,0,1,1,0,69,남,15년이상,,승용,사업용,승용,진입회전사고,맑음,주간,차대차,측면직각충돌,신호위반,특별광역시도,강서그랜드아이파크앞사거리,37.5546451,126.8511767,강서구,
2019,8,21,수요일,7,경상사고,0,0,1,0,46,남,15년이상,,승합,사업용,승합,기타사고,맑음,출퇴근,차대차,차대차-기타,안전거리미확보,특별광역시도,강서그랜드아이파크앞사거리,37.5546451,126.8511767,강서구,
2019,9,22,일요일,9,중상사고,0,2,2,0,29,남,10년미만,,승용,비사업용,승용,진입회전사고,흐림,주간,차대차,측면직각충돌,신호위반,특별광역시도,강서그랜드아이파크앞사거리,37.5546451,126.8511767,강서구,
2019,9,14,토요일,19,중상사고,0,1,0,0,58,남,15년이상,,승합,사업용,이륜,진입회전사고,흐림,출퇴근,차대차,측면직각충돌,신호위반,기타,강서그랜드아이파크앞사거리,37.5546451,126.8511767,강서구,
2019,10,11,금요일,15,중상사고,0,1,1,0,48,남,15년이상,,승용,비사업용,원동기,진입회전사고,맑음,주간,차대차,측면직각충돌,신호위반,특별광역시도,강서그랜드아이파크앞사거리,37.5546451,126.8511767,강서구,
2019,12,27,금요일,10,경상사고,0,0,1,0,78,남,15년이상,,승용,사업용,승용,일직선사고,맑음,주간,차대차,추돌(진행중),안전운전불이행,특별광역시도,강서그랜드아이파크앞사거리,37.5546451,126.8511767,강서구,
2017,1,18,수요일,14,경상사고,0,0,1,0,61,남,15년이상,,승합,사업용,승합,일직선사고,맑음,주간,차대차,정면충돌,안전거리미확보,특별광역시도,개화사거리,37.578346,126.799927,강서구,
2017,3,18,토요일,19,경상사고,0,0,1,0,61,남,15년이상,,승용,비사업용,승용,기타사고,맑음,출퇴근,차대차,차대차-기타,안전운전불이행,특별광역시도,개화사거리,37.578346,126.799927,강서구,
2017,5,21,일요일,1,중상사고,0,1,0,0,58,남,15년이상,,화물,비사업용,화물,진입회전사고,맑음,심야,차대차,측면직각충돌,신호위반,특별광역시도,개화사거리,37.578346,126.799927,강서구,
2017,6,15,목요일,17,중상사고,0,1,0,0,39,여,15년이상,,승용,비사업용,승용,진입회전사고,맑음,주간,차대차,측면직각충돌,신호위반,특별광역시도,개화사거리,37.578346,126.799927,강서구,
2017,7,12,수요일,11,중상사고,0,2,1,0,73,남,15년이상,,승용,비사업용,화물,일직선사고,맑음,주간,차대차,정면충돌,안전운전불이행,특별광역시도,개화사거리,37.578346,126.799927,강서구,
2017,7,1,토요일,18,경상사고,0,0,2,1,38,남,15년미만,,화물,비사업용,화물,진입회전사고,맑음,출퇴근,차대차,측면직각충돌,안전거리미확보,특별광역시도,개화사거리,37.578346,126.799927,강서구,
2017,10,13,금요일,7,경상사고,0,0,1,0,57,남,15년이상,,승용,사업용,승용,일직선사고,맑음,출퇴근,차대차,추돌(진행중),안전운전불이행,특별광역시도,개화사거리,37.578346,126.799927,강서구,
2017,10,25,수요일,14,중상사고,0,1,2,0,57,남,15년이상,,승용,비사업용,승용,일직선사고,맑음,주간,차대차,차대차-기타,중앙선침범,특별광역시도,개화사거리,37.578346,126.799927,강서구,
2018,2,25,일요일,1,경상사고,0,0,2,0,31,남,3년미만,0,승용,비사업용,승용,진입회전사고,맑음,심야,차대차,차대차-기타,신호위반,특별광역시도,개화사거리,37.578346,126.799927,강서구,
2018,3,13,화요일,18,중상사고,0,1,0,0,48,남,15년이상,,화물,비사업용,이륜,진입회전사고,맑음,출퇴근,차대차,차대차-기타,신호위반,특별광역시도,개화사거리,37.578346,126.799927,강서구,
2018,4,21,토요일,1,경상사고,0,0,1,0,29,남,10년미만,,승용,비사업용,승용,기타사고,맑음,심야,차대차,차대차-기타,안전운전불이행,기타,개화사거리,37.578346,126.799927,강서구,
2018,5,19,토요일,4,중상사고,0,1,0,0,32,남,10년미만,0,승용,비사업용,승용,진입회전사고,맑음,심야,차대차,측면직각충돌,신호위반,특별광역시도,개화사거리,37.578346,126.799927,강서구,
2018,6,28,목요일,4,경상사고,0,0,2,0,61,남,15년이상,,승용,사업용,화물,진입회전사고,맑음,심야,차대차,측면직각충돌,신호위반,특별광역시도,개화사거리,37.578346,126.799927,강서구,
2018,7,3,화요일,8,경상사고,0,0,1,0,52,남,15년이상,,승용,비사업용,승용,진입회전사고,맑음,출퇴근,차대차,측면직각충돌,안전운전불이행,특별광역시도,개화사거리,37.578346,126.799927,강서구,
2018,8,20,월요일,16,경상사고,0,0,1,0,74,남,15년이상,,승용,비사업용,승용,진입회전사고,맑음,주간,차대차,측면직각충돌,안전거리미확보,특별광역시도,개화사거리,37.578346,126.799927,강서구,
2018,10,24,수요일,5,경상사고,0,0,1,0,47,남,15년이상,,승용,사업용,기타,기타사고,맑음,새벽,차량단독,차량단독-기타,기타,특별광역시도,개화사거리,37.578346,126.799927,강서구,
2018,10,26,금요일,6,경상사고,0,0,1,0,65,남,15년이상,,승용,사업용,승용,기타사고,맑음,새벽,차대차,차대차-기타,교차로운행방법위반,특별광역시도,개화사거리,37.578346,126.799927,강서구,
2018,10,11,목요일,12,경상사고,0,0,2,0,52,남,5년미만,,승합,사업용,건설기계,기타사고,맑음,주간,차대차,차대차-기타,안전거리미확보,특별광역시도,개화사거리,37.578346,126.799927,강서구,
2018,10,19,금요일,12,경상사고,0,0,1,0,45,남,데이터오류,,승용,비사업용,승용,진입회전사고,맑음,주간,차대차,정면충돌,신호위반,특별광역시도,개화사거리,37.578346,126.799927,강서구,
2018,11,4,일요일,15,경상사고,0,0,2,0,64,남,15년이상,,승용,비사업용,승용,일직선사고,맑음,주간,차대차,추돌(진행중),안전거리미확보,특별광역시도,개화사거리,37.578346,126.799927,강서구,
2019,1,27,일요일,14,중상사고,0,1,0,0,57,남,15년이상,,승용,비사업용,이륜,진입회전사고,맑음,주간,차대차,측면직각충돌,신호위반,특별광역시도,개화사거리,37.578346,126.799927,강서구,
2019,1,3,목요일,16,중상사고,0,1,0,0,44,남,15년이상,,건설기계,사업용,건설기계,진입회전사고,맑음,주간,차대차,측면직각충돌,신호위반,특별광역시도,개화사거리,37.578346,126.799927,강서구,
2019,3,28,목요일,13,중상사고,0,1,7,0,57,남,15년이상,,승용,사업용,승용,일직선사고,맑음,주간,차대차,추돌(진행중),안전운전불이행,특별광역시도,개화사거리,37.578346,126.799927,강서구,
2019,5,27,월요일,19,경상사고,0,0,2,0,64,남,15년이상,,승합,사업용,화물,일직선사고,맑음,출퇴근,차대차,추돌(진행중),안전거리미확보,특별광역시도,개화사거리,37.578346,126.799927,강서구,
2019,8,30,금요일,23,경상사고,0,0,1,0,51,남,15년이상,,승합,사업용,승합,진입회전사고,맑음,심야,차대차,측면직각충돌,안전운전불이행,특별광역시도,개화사거리,37.578346,126.799927,강서구,
2019,9,15,일요일,19,경상사고,0,0,1,0,43,남,5년미만,,승합,사업용,승합,진입회전사고,기타,출퇴근,차대차,측면직각충돌,안전거리미확보,기타,개화사거리,37.578346,126.799927,강서구,
2019,11,10,일요일,3,경상사고,0,0,1,0,65,여,15년이상,,승용,비사업용,승용,진입회전사고,흐림,심야,차대차,추돌(진행중),신호위반,기타,개화사거리,37.578346,126.799927,강서구,
2019,11,23,토요일,12,경상사고,0,0,1,0,63,여,15년이상,,승용,비사업용,승합,진입회전사고,맑음,주간,차대차,측면직각충돌,신호위반,특별광역시도,개화사거리,37.578346,126.799927,강서구,
2019,12,26,목요일,22,중상사고,0,1,2,0,51,남,15년미만,0,승용,비사업용,승용,일직선사고,흐림,심야,차대차,정면충돌,중앙선침범,특별광역시도,개화사거리,37.578346,126.799927,강서구,
2017,3,22,수요일,7,경상사고,0,0,2,0,31,남,10년미만,,건설기계,사업용,건설기계,진입회전사고,맑음,출퇴근,차대차,추돌(진행중),신호위반,특별광역시도,개화역사거리,37.578464,126.796992,강서구,
2017,4,8,토요일,10,중상사고,0,1,0,0,49,남,15년미만,,승합,사업용,기타,기타사고,맑음,주간,차량단독,차량단독-기타,데이터없음,특별광역시도,개화역사거리,37.578464,126.796992,강서구,
2017,8,8,화요일,22,경상사고,0,0,1,0,62,남,3년미만,,화물,사업용,화물,일직선사고,흐림,심야,차대차,추돌(진행중),안전운전불이행,특별광역시도,개화역사거리,37.578464,126.796992,강서구,
2017,9,6,수요일,14,경상사고,0,0,1,0,66,남,15년이상,0,승용,비사업용,승용,일직선사고,맑음,주간,차대차,추돌(진행중),안전운전불이행,특별광역시도,개화역사거리,37.578464,126.796992,강서구,
2017,10,6,금요일,11,경상사고,0,0,1,0,52,남,10년미만,,승합,사업용,보행자,기타사고,맑음,주간,차대사람,차대사람-기타,안전운전불이행,특별광역시도,개화역사거리,37.578464,126.796992,강서구,
2017,10,11,수요일,22,중상사고,0,1,0,0,57,여,15년이상,,승합,사업용,기타,기타사고,맑음,심야,차량단독,차량단독-기타,데이터없음,특별광역시도,개화역사거리,37.578464,126.796992,강서구,
2018,1,13,토요일,1,경상사고,0,0,1,0,35,남,15년이상,,승용,비사업용,승용,진입회전사고,맑음,심야,차대차,측면직각충돌,신호위반,특별광역시도,개화역사거리,37.578464,126.796992,강서구,
2018,1,12,금요일,3,사망사고,1,0,0,0,59,남,15년이상,,승용,비사업용,보행자,기타사고,맑음,심야,차대사람,차도통행중,안전운전불이행,특별광역시도,개화역사거리,37.578464,126.796992,강서구,
2018,2,25,일요일,18,경상사고,0,0,2,0,51,남,15년이상,,승용,비사업용,승용,진입회전사고,맑음,출퇴근,차대차,측면직각충돌,안전운전불이행,특별광역시도,개화역사거리,37.578464,126.796992,강서구,
2018,3,18,일요일,1,중상사고,0,1,1,0,52,남,15년이상,0,승용,비사업용,승용,일직선사고,맑음,심야,차대차,추돌(진행중),안전운전불이행,특별광역시도,개화역사거리,37.578464,126.796992,강서구,
2018,4,12,목요일,8,경상사고,0,0,1,0,64,남,15년이상,,승용,사업용,승용,일직선사고,맑음,출퇴근,차대차,추돌(진행중),안전운전불이행,특별광역시도,개화역사거리,37.578464,126.796992,강서구,
2018,5,1,화요일,0,경상사고,0,0,2,0,31,남,15년미만,,승용,비사업용,승용,일직선사고,맑음,심야,차대차,추돌(진행중),안전운전불이행,특별광역시도,개화역사거리,37.578464,126.796992,강서구,
2018,6,2,토요일,11,경상사고,0,0,1,0,58,여,15년이상,,승합,사업용,기타,기타사고,맑음,주간,차량단독,차량단독-기타,안전운전불이행,특별광역시도,개화역사거리,37.578464,126.796992,강서구,
2019,1,18,금요일,22,경상사고,0,0,4,0,47,남,15년이상,,승합,사업용,기타,기타사고,흐림,심야,차량단독,차량단독-기타,안전운전불이행,특별광역시도,개화역사거리,37.578464,126.796992,강서구,
2019,2,20,수요일,19,경상사고,0,0,1,0,50,남,15년이상,,승합,사업용,기타,기타사고,흐림,출퇴근,차량단독,차량단독-기타,안전운전불이행,특별광역시도,개화역사거리,37.578464,126.796992,강서구,
2019,4,24,수요일,1,경상사고,0,0,2,0,70,남,15년이상,,승용,사업용,승용,일직선사고,비,심야,차대차,추돌(진행중),안전운전불이행,기타,개화역사거리,37.578464,126.796992,강서구,
2019,9,11,수요일,14,중상사고,0,1,1,0,37,남,15년미만,,이륜,데이터오류,이륜,기타사고,맑음,주간,차대차,차대차-기타,안전거리미확보,특별광역시도,개화역사거리,37.578464,126.796992,강서구,
2019,10,9,수요일,20,중상사고,0,1,2,0,37,남,10년미만,,화물,비사업용,이륜,진입회전사고,맑음,출퇴근,차대차,측면직각충돌,신호위반,특별광역시도,개화역사거리,37.578464,126.796992,강서구,
2019,12,9,월요일,16,경상사고,0,0,1,0,51,남,15년이상,,승합,사업용,기타,기타사고,기타,주간,차량단독,차량단독-기타,안전운전불이행,특별광역시도,개화역사거리,37.578464,126.796992,강서구,
2019,12,16,월요일,20,경상사고,0,0,1,0,25,남,1년미만,,화물,비사업용,화물,일직선사고,흐림,출퇴근,차대차,추돌(진행중),안전운전불이행,특별광역시도,개화역사거리,37.578464,126.796992,강서구,
2017,1,28,토요일,9,경상사고,0,0,3,0,57,남,15년이상,,승용,비사업용,승용,진입회전사고,맑음,주간,차대차,정면충돌,신호위반,특별광역시도,김포공항입구사거리,37.56026,126.802334,강서구,
2017,3,6,월요일,21,경상사고,0,0,1,0,39,남,15년이상,,승합,사업용,승합,기타사고,맑음,심야,차대차,차대차-기타,안전운전불이행,특별광역시도,김포공항입구사거리,37.56026,126.802334,강서구,
2017,8,1,화요일,0,경상사고,0,0,2,0,27,남,10년미만,0,승용,사업용,승용,일직선사고,맑음,심야,차대차,추돌(진행중),안전거리미확보,특별광역시도,김포공항입구사거리,37.56026,126.802334,강서구,
2017,8,5,토요일,3,경상사고,0,0,1,0,42,남,15년이상,,승용,사업용,승용,진입회전사고,맑음,심야,차대차,측면직각충돌,신호위반,특별광역시도,김포공항입구사거리,37.56026,126.802334,강서구,
2018,3,4,일요일,13,경상사고,0,0,2,0,58,남,15년이상,,승합,사업용,승합,기타사고,맑음,주간,차대차,차대차-기타,교차로운행방법위반,특별광역시도,김포공항입구사거리,37.56026,126.802334,강서구,