년도,월,일,요일,시각,사고등급,사망자수,중상자수,경상자수,부상자수,연령,성별,경력,음주,종별,용도,관련자2,사고형태,기상상태,일광상태,사고유형1,사고유형2,법규위반,도로종류,지점명,위도,경도,자치구,
2018,4,18,수요일,8,경상사고,0,0,1,0,61,남,15년이상,,승합,사업용,승합,기타사고,맑음,출퇴근,차대차,차대차-기타,안전운전불이행,특별광역시도,김포공항입구사거리,37.56026,126.802334,강서구,
2018,4,29,일요일,13,경상사고,0,0,2,0,28,남,10년미만,,승합,사업용,승합,기타사고,맑음,주간,차대차,차대차-기타,교차로운행방법위반,특별광역시도,김포공항입구사거리,37.56026,126.802334,강서구,
2018,7,20,금요일,16,경상사고,0,0,1,0,61,남,15년이상,,승용,비사업용,자전거,진입회전사고,맑음,주간,차대차,측면직각충돌,안전운전불이행,특별광역시도,김포공항입구사거리,37.56026,126.802334,강서구,
2018,8,2,목요일,7,경상사고,0,0,1,0,54,남,15년이상,,승합,사업용,기타,기타사고,맑음,출퇴근,차대차,차대차-기타,안전운전불이행,특별광역시도,김포공항입구사거리,37.56026,126.802334,강서구,
2018,9,29,토요일,10,중상사고,0,1,6,0,68,남,15년미만,,승용,비사업용,승합,진입회전사고,맑음,주간,차대차,차대차-기타,신호위반,특별광역시도,김포공항입구사거리,37.56026,126.802334,강서구,
2018,9,1,토요일,15,경상사고,0,0,1,0,27,남,10년미만,,승용,비사업용,원동기,진입회전사고,맑음,주간,차대차,차대차-기타,신호위반,특별광역시도,김포공항입구사거리,37.56026,126.802334,강서구,
2018,9,20,목요일,18,경상사고,0,0,1,0,55,남,15년이상,,승합,비사업용,이륜,진입회전사고,맑음,출퇴근,차대차,차대차-기타,신호위반,특별광역시도,김포공항입구사거리,37.56026,126.802334,강서구,
2018,9,20,목요일,20,경상사고,0,0,1,0,67,남,15년이상,,승용,사업용,승용,진입회전사고,맑음,출퇴근,차대차,측면직각충돌,차로위반,특별광역시도,김포공항입구사거리,37.56026,126.802334,강서구,
2018,10,6,토요일,4,중상사고,0,1,0,0,57,남,15년이상,,승용,사업용,보행자,보행횡단사고,비,심야,차대사람,횡단중,보행자보호의무위반,특별광역시도,김포공항입구사거리,37.56026,126.802334,강서구,
2018,11,12,월요일,7,중상사고,0,1,0,0,70,남,15년이상,,승용,사업용,승용,기타사고,맑음,출퇴근,차대차,차대차-기타,안전운전불이행,특별광역시도,김포공항입구사거리,37.56026,126.802334,강서구,
2018,11,8,목요일,11,경상사고,0,0,4,0,33,여,15년이상,,승용,비사업용,승용,기타사고,맑음,주간,차대차,차대차-기타,안전운전불이행,특별광역시도,김포공항입구사거리,37.56026,126.802334,강서구,
2018,11,12,월요일,15,경상사고,0,0,1,0,44,남,15년이상,,승합,사업용,보행자,기타사고,맑음,주간,차대사람,차대사람-기타,교차로운행방법위반,특별광역시도,김포공항입구사거리,37.56026,126.802334,강서구,
2018,12,23,일요일,16,경상사고,0,0,2,0,58,남,15년이상,,승합,사업용,승합,진입회전사고,맑음,주간,차대차,측면직각충돌,안전운전불이행,특별광역시도,김포공항입구사거리,37.56026,126.802334,강서구,
2018,12,15,토요일,19,경상사고,0,0,3,0,59,남,10년미만,,승합,사업용,승합,진입회전사고,맑음,출퇴근,차대차,측면직각충돌,교차로운행방법위반,특별광역시도,김포공항입구사거리,37.56026,126.802334,강서구,
2019,1,16,수요일,0,경상사고,0,0,1,0,48,남,15년이상,,승용,비사업용,승용,진입회전사고,맑음,심야,차대차,측면직각충돌,안전운전불이행,특별광역시도,김포공항입구사거리,37.56026,126.802334,강서구,
2019,2,25,월요일,12,경상사고,0,0,1,0,55,남,15년이상,,승합,사업용,승합,일직선사고,맑음,주간,차대차,추돌(진행중),안전거리미확보,특별광역시도,김포공항입구사거리,37.56026,126.802334,강서구,
2019,3,19,화요일,5,경상사고,0,0,2,0,73,남,15년이상,,승용,사업용,승용,진입회전사고,맑음,새벽,차대차,측면직각충돌,신호위반,특별광역시도,김포공항입구사거리,37.56026,126.802334,강서구,
2019,4,25,목요일,12,경상사고,0,0,1,0,49,남,15년이상,,승합,사업용,승합,일직선사고,흐림,주간,차대차,추돌(진행중),과속,특별광역시도,김포공항입구사거리,37.56026,126.802334,강서구,
2019,5,25,토요일,6,경상사고,0,0,3,0,62,남,15년이상,,승용,사업용,승용,진입회전사고,맑음,새벽,차대차,측면직각충돌,신호위반,특별광역시도,김포공항입구사거리,37.56026,126.802334,강서구,
2019,9,28,토요일,11,경상사고,0,0,2,0,47,남,15년이상,,승합,사업용,승합,진입회전사고,맑음,주간,차대차,차대차-기타,신호위반,특별광역시도,김포공항입구사거리,37.56026,126.802334,강서구,
2019,10,19,토요일,1,부상사고,0,0,0,1,30,남,10년미만,0,승용,비사업용,기타,단독사고,맑음,심야,차량단독,공작물추돌,안전운전불이행,특별광역시도,김포공항입구사거리,37.56026,126.802334,강서구,
2019,10,12,토요일,4,경상사고,0,0,1,0,38,남,15년이상,0,승용,비사업용,승용,일직선사고,맑음,심야,차대차,추돌(진행중),안전운전불이행,특별광역시도,김포공항입구사거리,37.56026,126.802334,강서구,
2019,10,10,목요일,6,경상사고,0,0,2,0,55,남,10년미만,,승합,사업용,화물,진입회전사고,맑음,새벽,차대차,측면직각충돌,신호위반,특별광역시도,김포공항입구사거리,37.56026,126.802334,강서구,
2019,10,18,금요일,13,중상사고,0,1,0,0,34,여,15년이상,,승용,비사업용,자전거,기타사고,맑음,주간,차대차,차대차-기타,안전운전불이행,특별광역시도,김포공항입구사거리,37.56026,126.802334,강서구,
2017,5,11,목요일,10,경상사고,0,0,2,0,47,남,15년미만,,건설기계,사업용,건설기계,진입회전사고,맑음,주간,차대차,측면직각충돌,차로위반,특별광역시도,김포공항입구사거리,37.56026,126.802334,강서구,
2018,4,6,금요일,10,중상사고,0,1,0,0,60,남,15년이상,,승합,사업용,기타,기타사고,맑음,주간,차량단독,차량단독-기타,기타,특별광역시도,김포공항입구사거리,37.56026,126.802334,강서구,
2018,10,23,화요일,8,경상사고,0,0,2,0,28,남,5년미만,0,승용,비사업용,승용,일직선사고,맑음,출퇴근,차대차,추돌(진행중),안전운전불이행,특별광역시도,김포공항입구사거리,37.56026,126.802334,강서구,
2018,11,24,토요일,22,경상사고,0,0,2,0,28,남,10년미만,0,승용,비사업용,승용,진입회전사고,맑음,심야,차대차,차대차-기타,신호위반,특별광역시도,김포공항입구사거리,37.56026,126.802334,강서구,
2019,3,20,수요일,23,경상사고,0,0,1,0,61,남,15년이상,,승용,비사업용,승용,진입회전사고,비,심야,차대차,측면직각충돌,안전운전불이행,특별광역시도,김포공항입구사거리,37.56026,126.802334,강서구,
2019,8,16,금요일,1,중상사고,0,1,1,0,74,남,10년미만,0,승용,비사업용,승용,일직선사고,맑음,심야,차대차,추돌(진행중),안전운전불이행,특별광역시도,김포공항입구사거리,37.56026,126.802334,강서구,
2019,10,21,월요일,14,경상사고,0,0,1,0,54,남,15년이상,,승합,사업용,기타,진입회전사고,맑음,주간,차량단독,차량단독-기타,신호위반,특별광역시도,김포공항입구사거리,37.56026,126.802334,강서구,
2019,12,12,목요일,6,경상사고,0,0,2,0,63,남,15년이상,,승용,사업용,승용,진입회전사고,맑음,새벽,차대차,측면직각충돌,신호위반,특별광역시도,김포공항입구사거리,37.56026,126.802334,강서구,
2017,1,15,일요일,0,경상사고,0,0,8,0,24,남,10년미만,0,승용,비사업용,승용,일직선사고,맑음,심야,차대차,추돌(진행중),안전운전불이행,특별광역시도,까치산역사거리,37.5317675,126.8467055,강서구,
2017,1,22,일요일,6,경상사고,0,0,1,0,52,남,15년이상,,승용,비사업용,승용,진입회전사고,맑음,새벽,차대차,측면직각충돌,신호위반,특별광역시도,까치산역사거리,37.5317675,126.8467055,강서구,
2017,1,14,토요일,13,부상사고,0,0,0,1,41,남,15년이상,,승용,비사업용,원동기,진입회전사고,맑음,주간,차대차,측면직각충돌,안전운전불이행,특별광역시도,까치산역사거리,37.5317675,126.8467055,강서구,
2017,1,25,수요일,15,경상사고,0,0,2,0,55,남,15년이상,,건설기계,사업용,건설기계,기타사고,맑음,주간,차대차,차대차-기타,안전거리미확보,특별광역시도,까치산역사거리,37.5317675,126.8467055,강서구,
2017,2,27,월요일,10,중상사고,0,1,1,0,27,남,15년미만,0,승용,비사업용,승용,기타사고,맑음,주간,차대차,차대차-기타,안전운전불이행,특별광역시도,까치산역사거리,37.5317675,126.8467055,강서구,
2017,2,22,수요일,23,경상사고,0,0,1,0,65,남,15년이상,,승용,사업용,원동기,기타사고,맑음,심야,차대차,차대차-기타,안전운전불이행,특별광역시도,까치산역사거리,37.5317675,126.8467055,강서구,
2017,4,20,목요일,1,경상사고,0,0,1,0,46,남,10년미만,,화물,비사업용,보행자,보행횡단사고,맑음,심야,차대사람,횡단중,보행자보호의무위반,특별광역시도,까치산역사거리,37.5317675,126.8467055,강서구,
2017,5,7,일요일,13,경상사고,0,0,2,0,39,남,15년이상,,승용,사업용,승용,진입회전사고,맑음,주간,차대차,측면직각충돌,안전거리미확보,특별광역시도,까치산역사거리,37.5317675,126.8467055,강서구,
2017,6,8,목요일,18,경상사고,0,0,1,0,66,남,15년이상,,승용,사업용,승용,일직선사고,맑음,출퇴근,차대차,추돌(진행중),안전운전불이행,특별광역시도,까치산역사거리,37.5317675,126.8467055,강서구,
2017,6,20,화요일,19,경상사고,0,0,1,0,27,여,15년이상,,승용,비사업용,이륜,진입회전사고,맑음,출퇴근,차대차,차대차-기타,신호위반,특별광역시도,까치산역사거리,37.5317675,126.8467055,강서구,
2017,7,15,토요일,20,중상사고,0,1,0,0,63,남,15년이상,,승용,비사업용,보행자,보행횡단사고,비,출퇴근,차대사람,보도통행중,데이터없음,특별광역시도,까치산역사거리,37.5317675,126.8467055,강서구,
2017,8,18,금요일,12,경상사고,0,0,1,0,46,남,5년미만,,승용,비사업용,승용,일직선사고,맑음,주간,차대차,추돌(진행중),안전운전불이행,특별광역시도,까치산역사거리,37.5317675,126.8467055,강서구,
2017,8,18,금요일,18,경상사고,0,0,2,0,56,남,15년이상,,화물,비사업용,이륜,진입회전사고,맑음,출퇴근,차대차,측면직각충돌,신호위반,특별광역시도,까치산역사거리,37.5317675,126.8467055,강서구,
2017,8,7,월요일,23,경상사고,0,0,1,2,36,남,15년이상,0,승용,비사업용,승용,일직선사고,맑음,심야,차대차,추돌(진행중),안전운전불이행,특별광역시도,까치산역사거리,37.5317675,126.8467055,강서구,
2017,9,3,일요일,7,중상사고,0,1,2,0,39,남,10년미만,0,승용,비사업용,승용,일직선사고,맑음,출퇴근,차대차,추돌(진행중),안전운전불이행,특별광역시도,까치산역사거리,37.5317675,126.8467055,강서구,
2017,9,3,일요일,10,중상사고,0,2,0,0,29,남,10년미만,,승용,사업용,승용,진입회전사고,맑음,주간,차대차,정면충돌,신호위반,특별광역시도,까치산역사거리,37.5317675,126.8467055,강서구,
2017,9,25,월요일,15,경상사고,0,0,1,0,18,남,3년미만,,이륜,기타,이륜,진입회전사고,맑음,주간,차대차,측면직각충돌,신호위반,특별광역시도,까치산역사거리,37.5317675,126.8467055,강서구,
2017,11,9,목요일,20,중상사고,0,1,0,0,22,남,1년미만,,이륜,기타,보행자,보행횡단사고,맑음,출퇴근,차대사람,보도통행중,보행자보호의무위반,특별광역시도,까치산역사거리,37.5317675,126.8467055,강서구,
2018,1,3,수요일,2,중상사고,0,1,2,0,28,남,3년미만,,승용,사업용,이륜,진입회전사고,맑음,심야,차대차,측면직각충돌,신호위반,특별광역시도,까치산역사거리,37.5317675,126.8467055,강서구,
2018,1,3,수요일,13,경상사고,0,0,3,3,64,남,15년이상,,승용,사업용,승용,일직선사고,맑음,주간,차대차,추돌(진행중),안전운전불이행,특별광역시도,까치산역사거리,37.5317675,126.8467055,강서구,
2018,2,4,일요일,10,경상사고,0,0,1,0,37,남,15년미만,,승용,비사업용,승용,기타사고,맑음,주간,차대차,차대차-기타,안전운전불이행,특별광역시도,까치산역사거리,37.5317675,126.8467055,강서구,
2018,3,18,일요일,21,경상사고,0,0,3,0,66,남,15년이상,,승용,사업용,승합,일직선사고,비,심야,차대차,추돌(진행중),안전거리미확보,특별광역시도,까치산역사거리,37.5317675,126.8467055,강서구,
2018,3,29,목요일,23,경상사고,0,0,2,0,24,남,15년이상,,승용,비사업용,승용,진입회전사고,맑음,심야,차대차,측면직각충돌,안전거리미확보,특별광역시도,까치산역사거리,37.5317675,126.8467055,강서구,
2018,8,16,목요일,0,경상사고,0,0,2,0,61,남,15년이상,,화물,사업용,원동기,기타사고,맑음,심야,차대차,차대차-기타,안전운전불이행,특별광역시도,까치산역사거리,37.5317675,126.8467055,강서구,
2018,8,27,월요일,5,부상사고,0,0,0,1,39,남,15년이상,,승용,비사업용,이륜,기타사고,맑음,새벽,차대차,차대차-기타,안전운전불이행,특별광역시도,까치산역사거리,37.5317675,126.8467055,강서구,
2018,8,10,금요일,20,중상사고,0,1,0,0,62,남,15년이상,,승용,사업용,원동기,일직선사고,맑음,출퇴근,차대차,차대차-기타,중앙선침범,특별광역시도,까치산역사거리,37.5317675,126.8467055,강서구,
2018,11,20,화요일,17,경상사고,0,0,2,0,32,남,15년미만,,승용,비사업용,승용,진입회전사고,맑음,주간,차대차,차대차-기타,신호위반,특별광역시도,까치산역사거리,37.5317675,126.8467055,강서구,
2019,1,24,목요일,12,경상사고,0,0,1,0,59,남,15년이상,,화물,비사업용,원동기,진입회전사고,맑음,주간,차대차,차대차-기타,신호위반,특별광역시도,까치산역사거리,37.5317675,126.8467055,강서구,
2019,3,5,화요일,5,경상사고,0,0,1,0,62,여,15년이상,,승용,비사업용,기타,일직선사고,맑음,새벽,차대차,추돌(진행중),안전운전불이행,특별광역시도,까치산역사거리,37.5317675,126.8467055,강서구,
2019,5,16,목요일,9,경상사고,0,0,1,0,60,남,15년이상,,승용,사업용,이륜,기타사고,맑음,주간,차대차,차대차-기타,안전운전불이행,기타,까치산역사거리,37.5317675,126.8467055,강서구,
2019,6,26,수요일,11,경상사고,0,0,1,0,61,남,15년이상,,승용,사업용,승용,일직선사고,맑음,주간,차대차,추돌(진행중),안전운전불이행,특별광역시도,까치산역사거리,37.5317675,126.8467055,강서구,
2019,6,25,화요일,20,경상사고,0,0,1,0,64,남,15년이상,,승용,사업용,이륜,진입회전사고,맑음,출퇴근,차대차,측면직각충돌,신호위반,특별광역시도,까치산역사거리,37.5317675,126.8467055,강서구,
2019,8,27,화요일,1,경상사고,0,0,1,0,51,남,10년미만,,승용,사업용,승용,진입회전사고,비,심야,차대차,측면직각충돌,안전거리미확보,특별광역시도,까치산역사거리,37.5317675,126.8467055,강서구,
2019,8,20,화요일,15,경상사고,0,0,1,0,불명,불명,데이터오류,,기타,데이터오류,기타,기타사고,맑음,주간,차대차,차대차-기타,안전거리미확보,특별광역시도,까치산역사거리,37.5317675,126.8467055,강서구,
2019,10,6,일요일,14,경상사고,0,0,2,0,51,남,15년이상,,승용,사업용,화물,진입회전사고,맑음,주간,차대차,측면직각충돌,교차로운행방법위반,특별광역시도,까치산역사거리,37.5317675,126.8467055,강서구,
2019,11,26,화요일,4,중상사고,0,1,0,0,30,남,10년미만,,이륜,데이터오류,이륜,기타사고,맑음,심야,차대차,차대차-기타,안전운전불이행,특별광역시도,까치산역사거리,37.5317675,126.8467055,강서구,
2019,12,28,토요일,9,중상사고,0,1,0,0,64,남,15년이상,,승용,사업용,이륜,기타사고,맑음,주간,차대차,차대차-기타,안전운전불이행,특별광역시도,까치산역사거리,37.5317675,126.8467055,강서구,
2017,1,27,금요일,17,부상사고,0,0,0,1,69,남,15년이상,,승용,사업용,원동기,진입회전사고,흐림,주간,차대차,정면충돌,신호위반,특별광역시도,등촌역삼거리,37.5512414,126.8645132,강서구,
2017,3,18,토요일,2,경상사고,0,0,1,0,16,남,1년미만,,원동기,기타,원동기,일직선사고,맑음,심야,차대차,추돌(진행중),안전거리미확보,특별광역시도,등촌역삼거리,37.5512414,126.8645132,강서구,
2017,3,21,화요일,6,중상사고,0,1,0,0,65,남,15년이상,,승용,비사업용,보행자,보행횡단사고,맑음,새벽,차대사람,횡단중,보행자보호의무위반,특별광역시도,등촌역삼거리,37.5512414,126.8645132,강서구,
2017,4,19,수요일,21,경상사고,0,0,1,0,54,남,15년이상,,승용,사업용,자전거,진입회전사고,맑음,심야,차대차,측면직각충돌,안전운전불이행,기타,등촌역삼거리,37.5512414,126.8645132,강서구,
2017,7,21,금요일,17,경상사고,0,0,2,0,66,여,15년이상,,승용,비사업용,승용,기타사고,맑음,주간,차대차,차대차-기타,안전운전불이행,특별광역시도,등촌역삼거리,37.5512414,126.8645132,강서구,
2017,8,9,수요일,23,중상사고,0,1,0,0,49,남,15년이상,,승합,사업용,이륜,진입회전사고,맑음,심야,차대차,측면직각충돌,신호위반,특별광역시도,등촌역삼거리,37.5512414,126.8645132,강서구,
2017,9,3,일요일,15,중상사고,0,1,0,0,55,남,15년이상,,승합,사업용,이륜,진입회전사고,맑음,주간,차대차,측면직각충돌,신호위반,특별광역시도,등촌역삼거리,37.5512414,126.8645132,강서구,
2017,12,19,화요일,8,중상사고,0,1,0,0,41,여,15년이상,,승용,비사업용,보행자,보행횡단사고,맑음,출퇴근,차대사람,횡단중,보행자보호의무위반,특별광역시도,등촌역삼거리,37.5512414,126.8645132,강서구,
2017,12,6,수요일,13,경상사고,0,0,1,0,54,남,15년이상,,승용,사업용,승용,일직선사고,맑음,주간,차대차,추돌(진행중),안전운전불이행,특별광역시도,등촌역삼거리,37.5512414,126.8645132,강서구,
2017,12,4,월요일,13,중상사고,0,1,0,0,60,남,15년이상,,승용,비사업용,보행자,보행횡단사고,맑음,주간,차대사람,횡단중,안전운전불이행,특별광역시도,등촌역삼거리,37.5512414,126.8645132,강서구,
2017,12,16,토요일,22,경상사고,0,0,2,3,39,남,15년이상,,승용,사업용,승합,진입회전사고,맑음,심야,차대차,측면직각충돌,안전운전불이행,특별광역시도,등촌역삼거리,37.5512414,126.8645132,강서구,
2018,1,10,수요일,22,경상사고,0,0,1,0,69,남,15년이상,,승용,사업용,기타,기타사고,맑음,심야,차량단독,차량단독-기타,안전운전불이행,특별광역시도,등촌역삼거리,37.5512414,126.8645132,강서구,
2018,2,15,목요일,0,경상사고,0,0,2,0,42,남,15년이상,,승용,비사업용,승용,일직선사고,맑음,심야,차대차,추돌(진행중),안전운전불이행,특별광역시도,등촌역삼거리,37.5512414,126.8645132,강서구,
2018,2,1,목요일,6,경상사고,0,0,1,0,26,남,15년이상,0,승용,비사업용,승합,진입회전사고,맑음,새벽,차대차,측면직각충돌,안전운전불이행,특별광역시도,등촌역삼거리,37.5512414,126.8645132,강서구,
2018,2,8,목요일,21,경상사고,0,0,1,0,54,남,4년미만,,승합,사업용,원동기,진입회전사고,맑음,심야,차대차,측면직각충돌,신호위반,특별광역시도,등촌역삼거리,37.5512414,126.8645132,강서구,
2018,4,21,토요일,15,경상사고,0,0,1,0,26,남,5년미만,,승용,비사업용,승용,기타사고,맑음,주간,차대차,차대차-기타,안전운전불이행,특별광역시도,등촌역삼거리,37.5512414,126.8645132,강서구,
2018,4,27,금요일,20,경상사고,0,0,1,0,41,남,15년이상,,승합,사업용,원동기,진입회전사고,맑음,출퇴근,차대차,측면직각충돌,신호위반,특별광역시도,등촌역삼거리,37.5512414,126.8645132,강서구,
2018,4,18,수요일,22,중상사고,0,1,0,0,48,남,15년이상,,승합,사업용,이륜,진입회전사고,맑음,심야,차대차,측면직각충돌,신호위반,특별광역시도,등촌역삼거리,37.5512414,126.8645132,강서구,
2018,6,14,목요일,19,중상사고,0,2,5,1,50,남,15년이상,,승합,사업용,승합,진입회전사고,비,출퇴근,차대차,정면충돌,신호위반,특별광역시도,등촌역삼거리,37.5512414,126.8645132,강서구,
2018,8,17,금요일,6,중상사고,0,1,0,0,57,남,15년이상,,승합,사업용,이륜,진입회전사고,맑음,새벽,차대차,측면직각충돌,신호위반,특별광역시도,등촌역삼거리,37.5512414,126.8645132,강서구,
2018,9,17,월요일,16,중상사고,0,1,0,0,36,남,15년이상,,승합,사업용,이륜,진입회전사고,맑음,주간,차대차,측면직각충돌,신호위반,특별광역시도,등촌역삼거리,37.5512414,126.8645132,강서구,
2018,9,24,월요일,18,경상사고,0,0,3,0,54,남,15년이상,,승합,사업용,화물,진입회전사고,맑음,출퇴근,차대차,차대차-기타,신호위반,특별광역시도,등촌역삼거리,37.5512414,126.8645132,강서구,
2018,10,19,금요일,0,경상사고,0,0,2,0,61,남,15년이상,,승용,사업용,승용,진입회전사고,맑음,심야,차대차,측면직각충돌,교차로운행방법위반,특별광역시도,등촌역삼거리,37.5512414,126.8645132,강서구,
2018,11,2,금요일,15,경상사고,0,0,2,0,43,남,15년미만,,승용,비사업용,승용,기타사고,맑음,주간,차대차,차대차-기타,교차로운행방법위반,특별광역시도,등촌역삼거리,37.5512414,126.8645132,강서구,
2019,1,2,수요일,20,경상사고,0,0,1,0,29,남,15년이상,,승용,비사업용,승합,진입회전사고,맑음,출퇴근,차대차,차대차-기타,신호위반,특별광역시도,등촌역삼거리,37.5512414,126.8645132,강서구,
2019,2,23,토요일,14,경상사고,0,0,1,0,55,남,15년이상,,승합,사업용,이륜,진입회전사고,맑음,주간,차대차,추돌(진행중),신호위반,기타,등촌역삼거리,37.5512414,126.8645132,강서구,
2019,2,17,일요일,19,경상사고,0,0,1,0,45,남,15년이상,,승용,비사업용,원동기,기타사고,흐림,출퇴근,차대차,차대차-기타,안전운전불이행,특별광역시도,등촌역삼거리,37.5512414,126.8645132,강서구,
2019,6,11,화요일,15,경상사고,0,0,1,1,39,여,15년이상,,승용,비사업용,승용,진입회전사고,맑음,주간,차대차,측면직각충돌,안전거리미확보,기타,등촌역삼거리,37.5512414,126.8645132,강서구,
2019,6,10,월요일,19,경상사고,0,0,1,0,54,남,15년이상,,승합,사업용,기타,진입회전사고,맑음,출퇴근,차대차,차대차-기타,신호위반,특별광역시도,등촌역삼거리,37.5512414,126.8645132,강서구,
2019,11,5,화요일,6,경상사고,0,0,1,0,56,남,15년이상,,건설기계,사업용,건설기계,진입회전사고,흐림,새벽,차대차,측면직각충돌,안전운전불이행,특별광역시도,등촌역삼거리,37.5512414,126.8645132,강서구,
2019,12,23,월요일,10,경상사고,0,0,1,0,68,남,15년이상,,승용,사업용,승용,기타사고,맑음,주간,차대차,차대차-기타,안전거리미확보,특별광역시도,등촌역삼거리,37.5512414,126.8645132,강서구,
2019,12,31,화요일,10,경상사고,0,0,1,0,66,남,15년이상,,승합,사업용,승합,일직선사고,맑음,주간,차대차,추돌(진행중),안전운전불이행,특별광역시도,등촌역삼거리,37.5512414,126.8645132,강서구,
2017,2,27,월요일,13,중상사고,0,1,0,0,57,남,15년이상,,승용,사업용,이륜,일직선사고,맑음,주간,차대차,추돌(진행중),안전운전불이행,특별광역시도,마곡역부근사거리,37.5619185,126.826919,강서구,
2017,3,26,일요일,8,중상사고,0,1,0,0,40,여,15년이상,,승용,비사업용,원동기,진입회전사고,맑음,출퇴근,차대차,측면직각충돌,안전거리미확보,특별광역시도,마곡역부근사거리,37.5619185,126.826919,강서구,
2017,6,4,일요일,5,중상사고,0,1,0,0,25,남,10년미만,0,이륜,기타,기타,기타사고,맑음,새벽,차량단독,전도전복,안전운전불이행,특별광역시도,마곡역부근사거리,37.5619185,126.826919,강서구,
2017,7,20,목요일,7,중상사고,0,1,0,0,61,남,15년이상,,승합,비사업용,보행자,보행횡단사고,맑음,출퇴근,차대사람,횡단중,안전운전불이행,특별광역시도,마곡역부근사거리,37.5619185,126.826919,강서구,
2017,9,7,목요일,23,경상사고,0,0,1,0,61,남,15년이상,,승용,비사업용,자전거,진입회전사고,흐림,심야,차대차,측면직각충돌,안전운전불이행,특별광역시도,마곡역부근사거리,37.5619185,126.826919,강서구,
2017,10,11,수요일,2,중상사고,0,1,0,0,25,남,15년이상,0,승용,비사업용,이륜,진입회전사고,비,심야,차대차,차대차-기타,신호위반,특별광역시도,마곡역부근사거리,37.5619185,126.826919,강서구,
2017,10,18,수요일,6,중상사고,0,1,0,0,43,남,15년이상,,승용,비사업용,이륜,진입회전사고,맑음,새벽,차대차,측면직각충돌,안전운전불이행,특별광역시도,마곡역부근사거리,37.5619185,126.826919,강서구,
2017,10,13,금요일,7,중상사고,0,1,0,0,56,남,15년이상,,승용,비사업용,원동기,진입회전사고,맑음,출퇴근,차대차,측면직각충돌,신호위반,특별광역시도,마곡역부근사거리,37.5619185,126.826919,강서구,
2017,10,8,일요일,19,부상사고,0,0,0,1,49,남,15년이상,,승합,사업용,이륜,진입회전사고,맑음,출퇴근,차대차,측면직각충돌,신호위반,특별광역시도,마곡역부근사거리,37.5619185,126.826919,강서구,
2017,10,12,목요일,23,중상사고,0,1,0,0,62,남,15년이상,,승합,사업용,보행자,보행횡단사고,맑음,심야,차대사람,횡단중,안전운전불이행,특별광역시도,마곡역부근사거리,37.5619185,126.826919,강서구,
2017,11,8,수요일,7,중상사고,0,1,0,0,64,남,15년이상,,승합,사업용,자전거,기타사고,맑음,출퇴근,차대차,차대차-기타,안전운전불이행,특별광역시도,마곡역부근사거리,37.5619185,126.826919,강서구,
2017,12,9,토요일,12,중상사고,0,1,0,0,51,남,15년이상,,승합,사업용,이륜,진입회전사고,맑음,주간,차대차,측면직각충돌,신호위반,특별광역시도,마곡역부근사거리,37.5619185,126.826919,강서구,
2018,2,13,화요일,16,경상사고,0,0,2,0,46,여,15년이상,,승용,비사업용,승용,진입회전사고,맑음,주간,차대차,측면직각충돌,신호위반,특별광역시도,마곡역부근사거리,37.5619185,126.826919,강서구,
2018,2,7,수요일,20,경상사고,0,0,1,0,39,남,15년이상,,이륜,기타,자전거,기타사고,맑음,출퇴근,차대차,차대차-기타,안전운전불이행,특별광역시도,마곡역부근사거리,37.5619185,126.826919,강서구,
2018,2,7,수요일,22,경상사고,0,0,1,0,51,남,15년이상,,승용,비사업용,이륜,진입회전사고,맑음,심야,차대차,측면직각충돌,신호위반,특별광역시도,마곡역부근사거리,37.5619185,126.826919,강서구,
2018,5,14,월요일,7,중상사고,0,1,4,0,56,남,15년이상,,승합,사업용,승합,진입회전사고,맑음,출퇴근,차대차,차대차-기타,신호위반,특별광역시도,마곡역부근사거리,37.5619185,126.826919,강서구,
2018,8,19,일요일,9,경상사고,0,0,1,0,26,남,15년이상,0,승용,비사업용,승용,일직선사고,맑음,주간,차대차,추돌(진행중),안전운전불이행,특별광역시도,마곡역부근사거리,37.5619185,126.826919,강서구,
2018,8,21,화요일,16,사망사고,1,1,1,0,41,남,15년이상,,승합,비사업용,보행자,진입회전사고,맑음,주간,차대차,측면직각충돌,신호위반,특별광역시도,마곡역부근사거리,37.5619185,126.826919,강서구,
2018,8,8,수요일,18,중상사고,0,1,0,0,30,남,15년이상,,승용,비사업용,이륜,진입회전사고,맑음,출퇴근,차대차,측면직각충돌,신호위반,특별광역시도,마곡역부근사거리,37.5619185,126.826919,강서구,
2018,10,28,일요일,5,중상사고,0,1,0,0,67,남,15년이상,,승용,사업용,자전거,기타사고,맑음,새벽,차대차,차대차-기타,안전운전불이행,특별광역시도,마곡역부근사거리,37.5619185,126.826919,강서구,
2019,1,4,금요일,1,경상사고,0,0,2,0,68,남,15년이상,,승용,사업용,승용,진입회전사고,맑음,심야,차대차,차대차-기타,신호위반,특별광역시도,마곡역부근사거리,37.5619185,126.826919,강서구,
2019,3,23,토요일,1,경상사고,0,0,4,0,44,남,15년미만,,승용,비사업용,원동기,일직선사고,맑음,심야,차대차,추돌(진행중),안전운전불이행,특별광역시도,마곡역부근사거리,37.5619185,126.826919,강서구,