년도,월,일,요일,시각,사고등급,사망자수,중상자수,경상자수,부상자수,연령,성별,경력,음주,종별,용도,관련자2,사고형태,기상상태,일광상태,사고유형1,사고유형2,법규위반,도로종류,지점명,위도,경도,자치구,
2017,1,1,일요일,2,경상사고,0,0,1,0,40,남,5년미만,0,승용,비사업용,승용,일직선사고,맑음,심야,차대차,추돌(진행중),안전운전불이행,특별광역시도,현대그린아파트사거리,37.4887954,127.0392435,강서구,
2017,1,23,월요일,14,경상사고,0,0,1,0,59,남,15년이상,,승용,비사업용,원동기,진입회전사고,맑음,주간,차대차,측면직각충돌,중앙선침범,특별광역시도,현대그린아파트사거리,37.4887954,127.0392435,강서구,
2017,3,11,토요일,10,경상사고,0,0,1,0,불명,불명,데이터오류,,기타,데이터오류,기타,보행횡단사고,맑음,주간,차대사람,횡단중,안전운전불이행,특별광역시도,현대그린아파트사거리,37.4887954,127.0392435,강서구,
2017,3,28,화요일,10,경상사고,0,0,1,0,불명,불명,데이터오류,,기타,데이터오류,기타,보행횡단사고,맑음,주간,차대사람,보도통행중,안전운전불이행,특별광역시도,현대그린아파트사거리,37.4887954,127.0392435,강서구,
2017,3,5,일요일,19,경상사고,0,0,1,0,35,남,15년미만,,승용,비사업용,자전거,기타사고,비,출퇴근,차대차,차대차-기타,안전운전불이행,특별광역시도,현대그린아파트사거리,37.4887954,127.0392435,강서구,
2017,4,13,목요일,14,경상사고,0,0,1,1,54,남,15년이상,0,화물,비사업용,화물,일직선사고,맑음,주간,차대차,추돌(진행중),안전운전불이행,특별광역시도,현대그린아파트사거리,37.4887954,127.0392435,강서구,
2017,5,26,금요일,15,경상사고,0,0,1,0,59,남,15년이상,,승용,사업용,원동기,기타사고,맑음,주간,차대차,차대차-기타,데이터없음,특별광역시도,현대그린아파트사거리,37.4887954,127.0392435,강서구,
2017,7,2,일요일,4,경상사고,0,0,1,0,74,남,15년이상,,승용,사업용,승용,진입회전사고,비,심야,차대차,측면직각충돌,신호위반,특별광역시도,현대그린아파트사거리,37.4887954,127.0392435,강서구,
2017,7,5,수요일,20,중상사고,0,1,4,1,56,남,15년이상,,승용,사업용,승용,진입회전사고,맑음,출퇴근,차대차,측면직각충돌,신호위반,특별광역시도,현대그린아파트사거리,37.4887954,127.0392435,강서구,
2017,9,10,일요일,18,경상사고,0,0,1,0,65,여,15년이상,,화물,비사업용,이륜,진입회전사고,흐림,출퇴근,차대차,차대차-기타,신호위반,특별광역시도,현대그린아파트사거리,37.4887954,127.0392435,강서구,
2017,9,12,화요일,23,경상사고,0,0,1,0,37,남,15년이상,0,승용,비사업용,보행자,진입회전사고,맑음,심야,차대사람,횡단중,신호위반,특별광역시도,현대그린아파트사거리,37.4887954,127.0392435,강서구,
2017,10,31,화요일,13,부상사고,0,0,0,1,58,여,15년이상,,승용,비사업용,이륜,진입회전사고,맑음,주간,차대차,측면직각충돌,안전운전불이행,특별광역시도,현대그린아파트사거리,37.4887954,127.0392435,강서구,
2017,10,23,월요일,21,중상사고,0,1,1,0,51,남,15년이상,,승용,사업용,보행자,진입회전사고,맑음,심야,차대사람,횡단중,신호위반,특별광역시도,현대그린아파트사거리,37.4887954,127.0392435,강서구,
2017,11,4,토요일,12,경상사고,0,0,1,0,74,남,15년이상,,승용,비사업용,보행자,보행횡단사고,맑음,주간,차대사람,보도통행중,데이터없음,특별광역시도,현대그린아파트사거리,37.4887954,127.0392435,강서구,
2017,12,2,토요일,1,부상사고,0,0,0,1,53,남,15년이상,,승용,사업용,이륜,진입회전사고,맑음,심야,차대차,측면직각충돌,안전거리미확보,특별광역시도,현대그린아파트사거리,37.4887954,127.0392435,강서구,
2017,12,26,화요일,14,경상사고,0,0,1,1,58,남,15년이상,,화물,사업용,이륜,진입회전사고,맑음,주간,차대차,측면직각충돌,중앙선침범,특별광역시도,현대그린아파트사거리,37.4887954,127.0392435,강서구,
2018,1,20,토요일,2,경상사고,0,0,1,0,53,남,15년이상,,승용,사업용,승용,진입회전사고,맑음,심야,차대차,측면직각충돌,안전거리미확보,특별광역시도,현대그린아파트사거리,37.4887954,127.0392435,강서구,
2018,1,7,일요일,12,경상사고,0,0,2,0,17,남,2년미만,,이륜,기타,이륜,진입회전사고,흐림,주간,차대차,측면직각충돌,신호위반,특별광역시도,현대그린아파트사거리,37.4887954,127.0392435,강서구,
2018,1,11,목요일,15,경상사고,0,0,1,0,41,여,15년이상,,승용,비사업용,승용,진입회전사고,맑음,주간,차대차,측면직각충돌,안전거리미확보,특별광역시도,현대그린아파트사거리,37.4887954,127.0392435,강서구,
2018,6,22,금요일,16,경상사고,0,0,1,0,28,남,15년미만,,승용,비사업용,이륜,일직선사고,맑음,주간,차대차,추돌(진행중),안전운전불이행,특별광역시도,현대그린아파트사거리,37.4887954,127.0392435,강서구,
2018,6,19,화요일,19,중상사고,0,1,0,0,45,여,15년이상,,승용,비사업용,보행자,기타사고,맑음,출퇴근,차대사람,차대사람-기타,안전운전불이행,특별광역시도,현대그린아파트사거리,37.4887954,127.0392435,강서구,
2018,7,28,토요일,0,중상사고,0,1,1,3,34,남,5년미만,0,승용,비사업용,승합,일직선사고,맑음,심야,차대차,추돌(진행중),안전운전불이행,특별광역시도,현대그린아파트사거리,37.4887954,127.0392435,강서구,
2018,7,24,화요일,23,경상사고,0,0,1,0,56,남,15년미만,,승용,사업용,이륜,진입회전사고,흐림,심야,차대차,차대차-기타,신호위반,특별광역시도,현대그린아파트사거리,37.4887954,127.0392435,강서구,
2018,8,14,화요일,2,부상사고,0,0,0,1,57,남,15년이상,,승용,사업용,이륜,진입회전사고,흐림,심야,차대차,측면직각충돌,신호위반,특별광역시도,현대그린아파트사거리,37.4887954,127.0392435,강서구,
2018,8,4,토요일,8,경상사고,0,0,1,0,70,남,15년이상,,승용,사업용,이륜,진입회전사고,맑음,출퇴근,차대차,측면직각충돌,신호위반,특별광역시도,현대그린아파트사거리,37.4887954,127.0392435,강서구,
2018,8,5,일요일,14,경상사고,0,0,1,0,32,남,10년미만,,승용,비사업용,이륜,기타사고,맑음,주간,차대차,차대차-기타,안전운전불이행,특별광역시도,현대그린아파트사거리,37.4887954,127.0392435,강서구,
2018,9,15,토요일,12,중상사고,0,1,0,0,40,남,4년미만,0,승용,비사업용,승용,진입회전사고,흐림,주간,차대차,측면직각충돌,안전운전불이행,특별광역시도,현대그린아파트사거리,37.4887954,127.0392435,강서구,
2018,10,10,수요일,2,경상사고,0,0,1,0,48,남,15년미만,0,승용,사업용,승용,일직선사고,맑음,심야,차대차,추돌(진행중),안전운전불이행,특별광역시도,현대그린아파트사거리,37.4887954,127.0392435,강서구,
2018,10,14,일요일,8,경상사고,0,0,1,0,27,남,15년미만,0,승용,비사업용,화물,일직선사고,맑음,출퇴근,차대차,추돌(진행중),안전운전불이행,특별광역시도,현대그린아파트사거리,37.4887954,127.0392435,강서구,
2018,10,6,토요일,20,경상사고,0,0,1,0,60,남,15년이상,,승용,사업용,이륜,기타사고,맑음,출퇴근,차대차,차대차-기타,안전운전불이행,특별광역시도,현대그린아파트사거리,37.4887954,127.0392435,강서구,
2018,11,15,목요일,21,중상사고,0,1,2,0,34,여,2년미만,,승용,비사업용,이륜,기타사고,맑음,심야,차대차,차대차-기타,안전운전불이행,특별광역시도,현대그린아파트사거리,37.4887954,127.0392435,강서구,
2018,12,8,토요일,4,중상사고,0,1,0,0,60,남,15년이상,,승용,사업용,보행자,보행횡단사고,맑음,심야,차대사람,횡단중,안전운전불이행,특별광역시도,현대그린아파트사거리,37.4887954,127.0392435,강서구,
2018,12,21,금요일,7,경상사고,0,0,1,0,39,여,15년이상,,승용,비사업용,보행자,보행횡단사고,맑음,출퇴근,차대사람,횡단중,안전운전불이행,특별광역시도,현대그린아파트사거리,37.4887954,127.0392435,강서구,
2019,1,13,일요일,5,경상사고,0,0,1,0,60,남,15년이상,,승용,사업용,보행자,기타사고,맑음,새벽,차대사람,차대사람-기타,안전운전불이행,특별광역시도,현대그린아파트사거리,37.4887954,127.0392435,강서구,
2019,1,8,화요일,9,경상사고,0,0,1,0,56,여,15년이상,,승용,사업용,승용,진입회전사고,맑음,주간,차대차,측면직각충돌,안전운전불이행,특별광역시도,현대그린아파트사거리,37.4887954,127.0392435,강서구,
2019,2,23,토요일,4,경상사고,0,0,1,0,47,남,15년미만,,화물,비사업용,자전거,일직선사고,흐림,심야,차대차,차대차-기타,중앙선침범,특별광역시도,현대그린아파트사거리,37.4887954,127.0392435,강서구,
2019,2,7,목요일,19,경상사고,0,0,2,0,57,여,15년이상,,승용,비사업용,승용,진입회전사고,맑음,출퇴근,차대차,측면직각충돌,교차로운행방법위반,특별광역시도,현대그린아파트사거리,37.4887954,127.0392435,강서구,
2019,3,22,금요일,13,경상사고,0,0,1,0,23,남,10년미만,,이륜,데이터오류,이륜,기타사고,맑음,주간,차대차,차대차-기타,안전운전불이행,특별광역시도,현대그린아파트사거리,37.4887954,127.0392435,강서구,
2019,3,2,토요일,20,경상사고,0,0,1,0,75,여,15년이상,,승용,사업용,이륜,진입회전사고,맑음,출퇴근,차대차,측면직각충돌,안전운전불이행,특별광역시도,현대그린아파트사거리,37.4887954,127.0392435,강서구,
2019,4,17,수요일,0,경상사고,0,0,1,0,27,남,15년이상,,승용,사업용,이륜,진입회전사고,맑음,심야,차대차,차대차-기타,신호위반,특별광역시도,현대그린아파트사거리,37.4887954,127.0392435,강서구,
2019,4,5,금요일,7,경상사고,0,0,1,0,25,여,2년미만,,승용,비사업용,이륜,진입회전사고,맑음,출퇴근,차대차,측면직각충돌,안전거리미확보,특별광역시도,현대그린아파트사거리,37.4887954,127.0392435,강서구,
2019,4,20,토요일,23,경상사고,0,0,2,0,28,남,15년이상,,이륜,데이터오류,이륜,진입회전사고,비,심야,차대차,측면직각충돌,신호위반,특별광역시도,현대그린아파트사거리,37.4887954,127.0392435,강서구,
2019,5,11,토요일,22,경상사고,0,0,1,0,40,여,1년미만,,승용,비사업용,승용,진입회전사고,맑음,심야,차대차,측면직각충돌,신호위반,특별광역시도,현대그린아파트사거리,37.4887954,127.0392435,강서구,
2019,6,7,금요일,17,경상사고,0,0,1,0,63,남,10년미만,,승용,사업용,이륜,기타사고,맑음,주간,차대차,차대차-기타,교차로운행방법위반,특별광역시도,현대그린아파트사거리,37.4887954,127.0392435,강서구,
2019,6,8,토요일,18,경상사고,0,0,1,0,53,남,15년이상,,승용,사업용,이륜,진입회전사고,맑음,출퇴근,차대차,측면직각충돌,안전운전불이행,특별광역시도,현대그린아파트사거리,37.4887954,127.0392435,강서구,
2019,8,29,목요일,1,경상사고,0,0,1,0,34,남,15년이상,0,승용,사업용,승용,진입회전사고,맑음,심야,차대차,측면직각충돌,신호위반,기타,현대그린아파트사거리,37.4887954,127.0392435,강서구,
2019,8,8,목요일,21,경상사고,0,0,1,0,73,남,데이터오류,,자전거,데이터오류,보행자,보행횡단사고,맑음,심야,차대사람,횡단중,보행자보호의무위반,특별광역시도,현대그린아파트사거리,37.4887954,127.0392435,강서구,
2019,9,9,월요일,16,경상사고,0,0,1,0,65,남,15년이상,,승용,사업용,승용,진입회전사고,맑음,주간,차대차,측면직각충돌,신호위반,특별광역시도,현대그린아파트사거리,37.4887954,127.0392435,강서구,
2019,10,18,금요일,0,경상사고,0,0,1,0,72,남,15년이상,,승용,사업용,이륜,진입회전사고,맑음,심야,차대차,측면직각충돌,신호위반,특별광역시도,현대그린아파트사거리,37.4887954,127.0392435,강서구,
2019,10,8,화요일,1,경상사고,0,0,1,0,48,남,10년미만,,승합,비사업용,보행자,기타사고,맑음,심야,차대사람,차대사람-기타,안전운전불이행,특별광역시도,현대그린아파트사거리,37.4887954,127.0392435,강서구,
2019,10,19,토요일,19,중상사고,0,1,0,0,24,남,5년미만,,이륜,데이터오류,이륜,진입회전사고,맑음,출퇴근,차대차,차대차-기타,신호위반,기타,현대그린아파트사거리,37.4887954,127.0392435,강서구,
2019,11,26,화요일,1,중상사고,0,1,0,0,28,남,10년미만,0,승용,비사업용,승용,일직선사고,맑음,심야,차대차,추돌(진행중),안전거리미확보,특별광역시도,현대그린아파트사거리,37.4887954,127.0392435,강서구,
2019,11,2,토요일,18,경상사고,0,0,1,0,52,남,15년이상,,승용,사업용,보행자,기타사고,맑음,출퇴근,차대사람,차대사람-기타,안전운전불이행,특별광역시도,현대그린아파트사거리,37.4887954,127.0392435,강서구,
2019,12,1,일요일,18,경상사고,0,0,1,0,42,남,10년미만,,승용,비사업용,이륜,진입회전사고,비,출퇴근,차대차,측면직각충돌,중앙선침범,특별광역시도,현대그린아파트사거리,37.4887954,127.0392435,강서구,
2017,8,13,일요일,21,경상사고,0,0,1,0,26,여,5년미만,,자전거,기타,보행자,보행횡단사고,기타,심야,차대사람,횡단중,데이터없음,특별광역시도,현대그린아파트사거리,37.4887954,127.0392435,강서구,
2017,11,15,수요일,9,경상사고,0,0,1,0,73,남,15년이상,,승용,사업용,승용,진입회전사고,맑음,주간,차대차,측면직각충돌,안전거리미확보,특별광역시도,현대그린아파트사거리,37.4887954,127.0392435,강서구,
2018,8,23,목요일,0,경상사고,0,0,2,0,34,남,데이터오류,,승용,비사업용,보행자,보행횡단사고,맑음,심야,차대사람,횡단중,안전운전불이행,특별광역시도,현대그린아파트사거리,37.4887954,127.0392435,강서구,
2018,8,29,수요일,0,경상사고,0,0,1,0,58,남,15년이상,,승용,사업용,보행자,진입회전사고,맑음,심야,차대사람,횡단중,신호위반,특별광역시도,현대그린아파트사거리,37.4887954,127.0392435,강서구,
2018,10,23,화요일,21,경상사고,0,0,1,0,44,남,15년이상,,승용,비사업용,이륜,진입회전사고,맑음,심야,차대차,측면직각충돌,중앙선침범,특별광역시도,현대그린아파트사거리,37.4887954,127.0392435,강서구,
2018,11,28,수요일,3,중상사고,0,2,0,0,20,남,4년미만,0,승용,비사업용,승용,일직선사고,맑음,심야,차대차,추돌(진행중),안전운전불이행,특별광역시도,현대그린아파트사거리,37.4887954,127.0392435,강서구,
2019,10,11,금요일,1,부상사고,0,0,0,1,55,남,15년이상,,자전거,데이터오류,자전거,기타사고,맑음,심야,차대차,차대차-기타,안전운전불이행,특별광역시도,현대그린아파트사거리,37.4887954,127.0392435,강서구,
2017,3,18,토요일,18,경상사고,0,0,1,0,57,여,15년이상,,승용,비사업용,승용,진입회전사고,맑음,출퇴근,차대차,측면직각충돌,안전운전불이행,특별광역시도,현대그린아파트사거리,37.4887954,127.0392435,강서구,
2017,8,26,토요일,15,경상사고,0,0,3,0,72,남,15년이상,,승용,사업용,승용,일직선사고,맑음,주간,차대차,추돌(진행중),안전운전불이행,특별광역시도,현대그린아파트사거리,37.4887954,127.0392435,강서구,
2018,3,16,금요일,21,중상사고,0,1,0,0,51,여,15년이상,,승용,비사업용,승용,기타사고,맑음,심야,차대차,차대차-기타,안전거리미확보,특별광역시도,현대그린아파트사거리,37.4887954,127.0392435,강서구,
2018,5,4,금요일,19,경상사고,0,0,2,0,61,남,15년이상,,화물,비사업용,화물,진입회전사고,맑음,출퇴근,차대차,측면직각충돌,안전거리미확보,특별광역시도,현대그린아파트사거리,37.4887954,127.0392435,강서구,
2018,7,7,토요일,17,경상사고,0,0,1,0,68,남,15년이상,,승용,사업용,자전거,기타사고,맑음,주간,차대차,차대차-기타,안전거리미확보,특별광역시도,현대그린아파트사거리,37.4887954,127.0392435,강서구,
2018,9,17,월요일,12,경상사고,0,0,1,0,35,여,15년미만,,승용,비사업용,이륜,진입회전사고,맑음,주간,차대차,측면직각충돌,중앙선침범,특별광역시도,현대그린아파트사거리,37.4887954,127.0392435,강서구,
2019,3,9,토요일,7,중상사고,0,1,1,0,63,남,15년이상,,승용,사업용,승용,진입회전사고,맑음,출퇴근,차대차,측면직각충돌,중앙선침범,특별광역시도,현대그린아파트사거리,37.4887954,127.0392435,강서구,
2019,3,31,일요일,12,중상사고,0,1,1,0,49,남,15년이상,,승합,사업용,승합,기타사고,맑음,주간,차대차,차대차-기타,안전운전불이행,특별광역시도,현대그린아파트사거리,37.4887954,127.0392435,강서구,
2019,3,25,월요일,13,경상사고,0,0,2,0,67,남,15년이상,,승용,사업용,승용,일직선사고,맑음,주간,차대차,추돌(진행중),안전운전불이행,특별광역시도,현대그린아파트사거리,37.4887954,127.0392435,강서구,
2019,3,15,금요일,17,경상사고,0,0,2,0,52,여,15년이상,,승용,비사업용,승용,일직선사고,맑음,주간,차대차,추돌(진행중),안전운전불이행,특별광역시도,현대그린아파트사거리,37.4887954,127.0392435,강서구,
2019,8,12,월요일,5,경상사고,0,0,1,0,71,남,15년이상,,승용,비사업용,보행자,보행횡단사고,비,새벽,차대사람,횡단중,안전운전불이행,특별광역시도,현대그린아파트사거리,37.4887954,127.0392435,강서구,
2017,4,4,화요일,22,경상사고,0,0,1,0,46,남,15년이상,,승용,비사업용,원동기,진입회전사고,맑음,심야,차대차,측면직각충돌,직진우회전진행방해,특별광역시도,현대그린아파트사거리,37.4887954,127.0392435,강서구,
2017,6,15,목요일,14,중상사고,0,1,0,0,35,여,15년이상,,승용,비사업용,이륜,기타사고,맑음,주간,차대차,차대차-기타,안전운전불이행,특별광역시도,현대그린아파트사거리,37.4887954,127.0392435,강서구,
2017,7,28,금요일,2,중상사고,0,1,0,0,46,남,15년이상,,화물,사업용,보행자,보행횡단사고,비,심야,차대사람,횡단중,안전운전불이행,특별광역시도,현대그린아파트사거리,37.4887954,127.0392435,강서구,
2017,8,19,토요일,9,경상사고,0,0,1,0,24,여,1년미만,,승용,비사업용,승용,진입회전사고,맑음,주간,차대차,측면직각충돌,안전거리미확보,특별광역시도,현대그린아파트사거리,37.4887954,127.0392435,강서구,
2017,9,11,월요일,5,중상사고,0,1,0,0,62,남,15년이상,,화물,비사업용,보행자,기타사고,비,새벽,차대사람,차도통행중,안전운전불이행,특별광역시도,현대그린아파트사거리,37.4887954,127.0392435,강서구,
2017,10,30,월요일,6,중상사고,0,1,0,0,56,남,15년이상,,화물,비사업용,자전거,진입회전사고,맑음,새벽,차대차,측면직각충돌,중앙선침범,특별광역시도,현대그린아파트사거리,37.4887954,127.0392435,강서구,
2017,10,12,목요일,15,경상사고,0,0,3,0,35,남,2년미만,,승용,비사업용,승용,일직선사고,맑음,주간,차대차,추돌(진행중),안전운전불이행,특별광역시도,현대그린아파트사거리,37.4887954,127.0392435,강서구,
2018,3,5,월요일,17,경상사고,0,0,1,0,52,남,15년이상,,승용,비사업용,화물,진입회전사고,맑음,주간,차대차,측면직각충돌,안전거리미확보,특별광역시도,현대그린아파트사거리,37.4887954,127.0392435,강서구,
2018,6,19,화요일,18,경상사고,0,0,1,0,62,남,15년이상,,승용,사업용,원동기,진입회전사고,맑음,출퇴근,차대차,측면직각충돌,안전운전불이행,특별광역시도,현대그린아파트사거리,37.4887954,127.0392435,강서구,
2018,10,17,수요일,12,경상사고,0,0,2,0,54,남,15년이상,,승용,사업용,승용,일직선사고,맑음,주간,차대차,추돌(진행중),안전거리미확보,기타,현대그린아파트사거리,37.4887954,127.0392435,강서구,
2018,11,17,토요일,20,경상사고,0,0,1,0,56,남,15년이상,,승용,사업용,이륜,진입회전사고,맑음,출퇴근,차대차,측면직각충돌,안전운전불이행,특별광역시도,현대그린아파트사거리,37.4887954,127.0392435,강서구,
2018,12,20,목요일,15,경상사고,0,0,1,0,35,남,15년이상,,이륜,기타,보행자,진입회전사고,맑음,주간,차대사람,횡단중,신호위반,특별광역시도,현대그린아파트사거리,37.4887954,127.0392435,강서구,
2019,5,21,화요일,13,경상사고,0,0,1,0,73,남,15년이상,,승용,비사업용,자전거,기타사고,맑음,주간,차대차,차대차-기타,교차로운행방법위반,특별광역시도,현대그린아파트사거리,37.4887954,127.0392435,강서구,
2019,7,21,일요일,10,중상사고,0,1,0,0,71,남,15년이상,,승용,사업용,이륜,기타사고,비,주간,차대차,차대차-기타,기타,특별광역시도,현대그린아파트사거리,37.4887954,127.0392435,강서구,
2019,9,11,수요일,11,중상사고,0,1,0,0,69,남,4년미만,,승용,사업용,보행자,기타사고,맑음,주간,차대사람,차대사람-기타,안전운전불이행,특별광역시도,현대그린아파트사거리,37.4887954,127.0392435,강서구,
2019,9,19,목요일,19,중상사고,0,1,1,0,58,남,15년이상,,화물,비사업용,화물,진입회전사고,맑음,출퇴근,차대차,측면직각충돌,차로위반,특별광역시도,현대그린아파트사거리,37.4887954,127.0392435,강서구,
2017,8,13,일요일,21,경상사고,0,0,1,0,26,여,5년미만,,자전거,기타,보행자,보행횡단사고,기타,심야,차대사람,횡단중,데이터없음,특별광역시도,현대그린아파트사거리,37.4887954,127.0392435,강서구,
2017,11,15,수요일,9,경상사고,0,0,1,0,73,남,15년이상,,승용,사업용,승용,진입회전사고,맑음,주간,차대차,측면직각충돌,안전거리미확보,특별광역시도,현대그린아파트사거리,37.4887954,127.0392435,강서구,
2018,8,23,목요일,0,경상사고,0,0,2,0,34,남,데이터오류,,승용,비사업용,보행자,보행횡단사고,맑음,심야,차대사람,횡단중,안전운전불이행,특별광역시도,현대그린아파트사거리,37.4887954,127.0392435,강서구,
2018,8,29,수요일,0,경상사고,0,0,1,0,58,남,15년이상,,승용,사업용,보행자,진입회전사고,맑음,심야,차대사람,횡단중,신호위반,특별광역시도,현대그린아파트사거리,37.4887954,127.0392435,강서구,
2018,10,23,화요일,21,경상사고,0,0,1,0,44,남,15년이상,,승용,비사업용,이륜,진입회전사고,맑음,심야,차대차,측면직각충돌,중앙선침범,특별광역시도,현대그린아파트사거리,37.4887954,127.0392435,강서구,
2018,11,28,수요일,3,중상사고,0,2,0,0,20,남,4년미만,0,승용,비사업용,승용,일직선사고,맑음,심야,차대차,추돌(진행중),안전운전불이행,특별광역시도,현대그린아파트사거리,37.4887954,127.0392435,강서구,
2019,10,11,금요일,1,부상사고,0,0,0,1,55,남,15년이상,,자전거,데이터오류,자전거,기타사고,맑음,심야,차대차,차대차-기타,안전운전불이행,특별광역시도,현대그린아파트사거리,37.4887954,127.0392435,강서구,
2017,1,5,목요일,18,경상사고,0,0,3,0,60,남,15년이상,,승용,비사업용,승용,진입회전사고,맑음,출퇴근,차대차,측면직각충돌,교차로운행방법위반,특별광역시도,화곡역앞사거리,37.5416187,126.8403726,강서구,
2017,3,6,월요일,20,경상사고,0,0,1,0,52,남,15년이상,,승합,사업용,승합,일직선사고,맑음,출퇴근,차대차,추돌(진행중),안전운전불이행,특별광역시도,화곡역앞사거리,37.5416187,126.8403726,강서구,
2017,6,14,수요일,15,경상사고,0,0,1,0,24,남,데이터오류,,승용,사업용,승용,진입회전사고,맑음,주간,차대차,측면직각충돌,중앙선침범,특별광역시도,화곡역앞사거리,37.5416187,126.8403726,강서구,
2017,7,6,목요일,4,중상사고,0,1,1,0,50,남,3년미만,,승합,비사업용,승합,진입회전사고,맑음,심야,차대차,측면직각충돌,교차로운행방법위반,특별광역시도,화곡역앞사거리,37.5416187,126.8403726,강서구,
2017,8,18,금요일,13,경상사고,0,0,1,0,39,남,15년이상,,승용,비사업용,승용,일직선사고,맑음,주간,차대차,추돌(진행중),안전운전불이행,특별광역시도,화곡역앞사거리,37.5416187,126.8403726,강서구,
2017,9,14,목요일,17,부상사고,0,0,0,1,42,남,15년이상,,승용,비사업용,이륜,진입회전사고,맑음,주간,차대차,측면직각충돌,중앙선침범,특별광역시도,화곡역앞사거리,37.5416187,126.8403726,강서구,
2017,10,20,금요일,2,경상사고,0,0,5,0,51,남,15년이상,,승용,사업용,승용,일직선사고,맑음,심야,차대차,추돌(진행중),안전운전불이행,특별광역시도,화곡역앞사거리,37.5416187,126.8403726,강서구,
2017,10,31,화요일,20,중상사고,0,1,0,0,63,남,15년이상,,승용,사업용,이륜,진입회전사고,맑음,출퇴근,차대차,측면직각충돌,신호위반,특별광역시도,화곡역앞사거리,37.5416187,126.8403726,강서구,
2017,10,31,화요일,21,경상사고,0,0,2,0,55,남,15년이상,,승합,사업용,승합,기타사고,맑음,심야,차대차,차대차-기타,교차로운행방법위반,특별광역시도,화곡역앞사거리,37.5416187,126.8403726,강서구,
2017,11,10,금요일,1,경상사고,0,0,1,0,59,남,2년미만,0,승용,비사업용,승용,진입회전사고,맑음,심야,차대차,측면직각충돌,안전운전불이행,특별광역시도,화곡역앞사거리,37.5416187,126.8403726,강서구,
2017,12,16,토요일,22,경상사고,0,0,1,0,56,남,15년이상,,승용,사업용,원동기,기타사고,맑음,심야,차대차,차대차-기타,안전운전불이행,특별광역시도,화곡역앞사거리,37.5416187,126.8403726,강서구,
2018,1,9,화요일,12,경상사고,0,0,1,0,68,남,15년이상,,승용,사업용,보행자,기타사고,맑음,주간,차대사람,차대사람-기타,보행자보호의무위반,특별광역시도,화곡역앞사거리,37.5416187,126.8403726,강서구,
2018,1,10,수요일,20,경상사고,0,0,1,0,57,남,10년미만,,승용,사업용,원동기,기타사고,맑음,출퇴근,차대차,차대차-기타,안전운전불이행,특별광역시도,화곡역앞사거리,37.5416187,126.8403726,강서구,
2018,2,21,수요일,19,경상사고,0,0,4,0,55,남,15년이상,0,승용,비사업용,승용,일직선사고,맑음,출퇴근,차대차,추돌(진행중),안전운전불이행,특별광역시도,화곡역앞사거리,37.5416187,126.8403726,강서구,
2018,3,6,화요일,15,경상사고,0,0,1,0,59,남,15년이상,,승용,비사업용,승합,기타사고,맑음,주간,차대차,차대차-기타,안전거리미확보,특별광역시도,화곡역앞사거리,37.5416187,126.8403726,강서구,
2018,4,26,목요일,1,경상사고,0,0,1,0,55,남,3년미만,,승용,사업용,승용,일직선사고,맑음,심야,차대차,추돌(진행중),안전운전불이행,특별광역시도,화곡역앞사거리,37.5416187,126.8403726,강서구,
2018,4,24,화요일,5,경상사고,0,0,13,2,31,남,15년이상,,승합,사업용,기타,단독사고,비,새벽,차량단독,공작물추돌,신호위반,특별광역시도,화곡역앞사거리,37.5416187,126.8403726,강서구,
2018,5,4,금요일,14,경상사고,0,0,1,0,52,여,15년이상,,승용,비사업용,이륜,기타사고,맑음,주간,차대차,차대차-기타,기타,특별광역시도,화곡역앞사거리,37.5416187,126.8403726,강서구,
2018,5,27,일요일,18,부상사고,0,0,0,1,13,남,데이터오류,,자전거,기타,보행자,보행횡단사고,맑음,출퇴근,차대사람,보도통행중,안전운전불이행,특별광역시도,화곡역앞사거리,37.5416187,126.8403726,강서구,
2018,6,12,화요일,2,중상사고,0,1,0,0,71,남,15년이상,,승용,사업용,보행자,보행횡단사고,비,심야,차대사람,횡단중,안전운전불이행,특별광역시도,화곡역앞사거리,37.5416187,126.8403726,강서구,
2018,6,21,목요일,11,경상사고,0,0,2,0,36,여,15년이상,,승용,비사업용,화물,진입회전사고,맑음,주간,차대차,측면직각충돌,안전거리미확보,특별광역시도,화곡역앞사거리,37.5416187,126.8403726,강서구,
2018,9,29,토요일,14,경상사고,0,0,3,0,62,남,15년이상,,승용,사업용,승용,일직선사고,맑음,주간,차대차,추돌(진행중),안전운전불이행,기타,화곡역앞사거리,37.5416187,126.8403726,강서구,
2018,10,22,월요일,12,경상사고,0,0,1,0,57,남,15년이상,,승용,사업용,승용,일직선사고,맑음,주간,차대차,추돌(진행중),안전운전불이행,특별광역시도,화곡역앞사거리,37.5416187,126.8403726,강서구,
2018,12,9,일요일,1,경상사고,0,0,1,0,67,남,15년이상,,승용,사업용,승용,진입회전사고,흐림,심야,차대차,측면직각충돌,안전운전불이행,특별광역시도,화곡역앞사거리,37.5416187,126.8403726,강서구,
2019,2,3,일요일,13,경상사고,0,0,1,0,70,남,15년이상,,승용,사업용,승합,일직선사고,비,주간,차대차,추돌(진행중),안전운전불이행,특별광역시도,화곡역앞사거리,37.5416187,126.8403726,강서구,
2019,3,24,일요일,0,경상사고,0,0,1,0,62,남,15년이상,,승합,사업용,승합,진입회전사고,맑음,심야,차대차,측면직각충돌,교차로운행방법위반,특별광역시도,화곡역앞사거리,37.5416187,126.8403726,강서구,