년도,월,일,요일,시각,사고등급,사망자수,중상자수,경상자수,부상자수,연령,성별,경력,음주,종별,용도,관련자2,사고형태,기상상태,일광상태,사고유형1,사고유형2,법규위반,도로종류,지점명,위도,경도,자치구,
2019,3,8,금요일,10,중상사고,0,1,0,0,44,남,15년이상,,승합,사업용,보행자,기타사고,맑음,주간,차대사람,차대사람-기타,안전운전불이행,특별광역시도,화곡역앞사거리,37.5416187,126.8403726,강서구,
2019,4,8,월요일,17,중상사고,0,1,0,0,67,남,15년이상,,화물,사업용,화물,진입회전사고,맑음,주간,차대차,측면직각충돌,교차로운행방법위반,특별광역시도,화곡역앞사거리,37.5416187,126.8403726,강서구,
2019,5,21,화요일,0,경상사고,0,0,1,0,55,남,15년이상,,승용,사업용,보행자,기타사고,흐림,심야,차대사람,차대사람-기타,안전운전불이행,특별광역시도,화곡역앞사거리,37.5416187,126.8403726,강서구,
2019,6,16,일요일,12,경상사고,0,0,1,0,67,남,15년이상,,승용,비사업용,이륜,진입회전사고,맑음,주간,차대차,측면직각충돌,안전운전불이행,특별광역시도,화곡역앞사거리,37.5416187,126.8403726,강서구,
2019,6,12,수요일,12,경상사고,0,0,1,0,70,남,15년이상,,승합,사업용,보행자,기타사고,맑음,주간,차대사람,차대사람-기타,안전운전불이행,특별광역시도,화곡역앞사거리,37.5416187,126.8403726,강서구,
2019,6,26,수요일,19,경상사고,0,0,2,0,58,남,15년이상,,승용,사업용,승용,일직선사고,맑음,출퇴근,차대차,추돌(진행중),안전운전불이행,특별광역시도,화곡역앞사거리,37.5416187,126.8403726,강서구,
2019,6,24,월요일,22,부상사고,0,0,0,1,39,남,15년이상,,승합,비사업용,이륜,진입회전사고,맑음,심야,차대차,측면직각충돌,안전운전불이행,특별광역시도,화곡역앞사거리,37.5416187,126.8403726,강서구,
2019,8,18,일요일,5,경상사고,0,0,1,0,20,남,15년이상,0,승용,비사업용,이륜,진입회전사고,흐림,새벽,차대차,정면충돌,신호위반,기타,화곡역앞사거리,37.5416187,126.8403726,강서구,
2019,8,25,일요일,20,경상사고,0,0,1,0,48,남,15년이상,,승합,사업용,자전거,진입회전사고,흐림,출퇴근,차대차,측면직각충돌,안전운전불이행,기타,화곡역앞사거리,37.5416187,126.8403726,강서구,
2019,9,17,화요일,2,경상사고,0,0,1,0,54,남,15년이상,,승용,사업용,원동기,기타사고,맑음,심야,차대차,차대차-기타,안전운전불이행,특별광역시도,화곡역앞사거리,37.5416187,126.8403726,강서구,
2019,9,16,월요일,4,경상사고,0,0,2,0,54,남,15년이상,,승용,사업용,승용,진입회전사고,흐림,심야,차대차,측면직각충돌,안전운전불이행,특별광역시도,화곡역앞사거리,37.5416187,126.8403726,강서구,
2019,10,11,금요일,18,경상사고,0,0,1,0,50,남,15년이상,,화물,비사업용,화물,진입회전사고,맑음,출퇴근,차대차,측면직각충돌,안전거리미확보,특별광역시도,화곡역앞사거리,37.5416187,126.8403726,강서구,
2019,11,8,금요일,13,경상사고,0,0,1,0,61,여,15년이상,,승용,비사업용,승용,일직선사고,맑음,주간,차대차,추돌(진행중),안전운전불이행,특별광역시도,화곡역앞사거리,37.5416187,126.8403726,강서구,
2019,12,20,금요일,0,경상사고,0,0,3,0,45,남,15년이상,,승용,비사업용,승합,진입회전사고,기타,심야,차대차,측면직각충돌,안전운전불이행,특별광역시도,화곡역앞사거리,37.5416187,126.8403726,강서구,
2017,1,27,금요일,0,중상사고,0,1,0,0,51,남,15년이상,,승용,사업용,보행자,보행횡단사고,비,심야,차대사람,횡단중,안전운전불이행,특별광역시도,가야위드안사거리,37.4864345,126.930166,관악구,
2017,1,18,수요일,2,경상사고,0,0,1,0,68,남,15년이상,,승용,사업용,승용,일직선사고,맑음,심야,차대차,추돌(진행중),안전운전불이행,특별광역시도,가야위드안사거리,37.4864345,126.930166,관악구,
2017,1,12,목요일,3,경상사고,0,0,1,0,58,남,15년이상,,승용,사업용,보행자,보행횡단사고,맑음,심야,차대사람,횡단중,안전운전불이행,특별광역시도,가야위드안사거리,37.4864345,126.930166,관악구,
2017,4,2,일요일,5,경상사고,0,0,1,0,66,남,15년이상,,승용,사업용,승용,기타사고,맑음,새벽,차대차,차대차-기타,안전운전불이행,특별광역시도,가야위드안사거리,37.4864345,126.930166,관악구,
2017,5,23,화요일,4,경상사고,0,0,1,0,65,남,15년이상,,승용,사업용,승용,일직선사고,맑음,심야,차대차,정면충돌,안전운전불이행,특별광역시도,가야위드안사거리,37.4864345,126.930166,관악구,
2017,6,9,금요일,10,경상사고,0,0,1,0,71,남,15년이상,,승용,사업용,승용,진입회전사고,맑음,주간,차대차,정면충돌,신호위반,특별광역시도,가야위드안사거리,37.4864345,126.930166,관악구,
2017,6,15,목요일,18,경상사고,0,0,1,0,59,남,15년이상,,승합,사업용,기타,기타사고,맑음,출퇴근,차량단독,차량단독-기타,데이터없음,특별광역시도,가야위드안사거리,37.4864345,126.930166,관악구,
2017,7,23,일요일,17,부상사고,0,0,0,1,38,남,15년이상,,승합,사업용,이륜,기타사고,맑음,주간,차대차,차대차-기타,안전운전불이행,특별광역시도,가야위드안사거리,37.4864345,126.930166,관악구,
2017,8,15,화요일,2,중상사고,0,1,0,0,33,남,15년이상,,승용,사업용,보행자,보행횡단사고,맑음,심야,차대사람,횡단중,안전운전불이행,특별광역시도,가야위드안사거리,37.4864345,126.930166,관악구,
2017,8,26,토요일,19,부상사고,0,0,0,1,41,남,15년미만,,승용,사업용,이륜,기타사고,맑음,출퇴근,차대차,차대차-기타,데이터없음,특별광역시도,가야위드안사거리,37.4864345,126.930166,관악구,
2017,9,11,월요일,5,중상사고,0,1,0,0,60,남,15년이상,,승용,사업용,원동기,일직선사고,비,새벽,차대차,정면충돌,중앙선침범,특별광역시도,가야위드안사거리,37.4864345,126.930166,관악구,
2017,9,22,금요일,15,중상사고,0,1,0,0,64,남,15년이상,,승용,비사업용,보행자,보행횡단사고,맑음,주간,차대사람,횡단중,보행자보호의무위반,특별광역시도,가야위드안사거리,37.4864345,126.930166,관악구,
2017,11,17,금요일,9,중상사고,0,1,0,0,52,남,15년이상,,승합,사업용,보행자,보행횡단사고,맑음,주간,차대사람,보도통행중,안전운전불이행,특별광역시도,가야위드안사거리,37.4864345,126.930166,관악구,
2017,12,22,금요일,0,경상사고,0,0,1,0,28,남,15년이상,0,승용,비사업용,승용,일직선사고,맑음,심야,차대차,추돌(진행중),안전운전불이행,특별광역시도,가야위드안사거리,37.4864345,126.930166,관악구,
2017,12,24,일요일,6,부상사고,0,0,0,2,64,남,15년미만,,승용,사업용,승용,진입회전사고,기타,새벽,차대차,측면직각충돌,안전거리미확보,기타,가야위드안사거리,37.4864345,126.930166,관악구,
2018,1,2,화요일,19,중상사고,0,1,0,0,69,남,15년이상,,승용,비사업용,이륜,진입회전사고,맑음,출퇴근,차대차,측면직각충돌,직진우회전진행방해,특별광역시도,가야위드안사거리,37.4864345,126.930166,관악구,
2018,2,14,수요일,1,경상사고,0,0,1,0,36,남,2년미만,,승합,비사업용,이륜,진입회전사고,맑음,심야,차대차,측면직각충돌,안전운전불이행,특별광역시도,가야위드안사거리,37.4864345,126.930166,관악구,
2018,2,3,토요일,1,부상사고,0,0,0,1,61,남,15년이상,,승용,사업용,이륜,진입회전사고,맑음,심야,차대차,측면직각충돌,안전거리미확보,특별광역시도,가야위드안사거리,37.4864345,126.930166,관악구,
2018,2,3,토요일,6,중상사고,0,1,0,0,59,남,15년미만,,승용,사업용,승용,기타사고,맑음,새벽,차대차,차대차-기타,안전운전불이행,특별광역시도,가야위드안사거리,37.4864345,126.930166,관악구,
2018,3,7,수요일,0,경상사고,0,0,1,0,36,여,15년이상,,승용,비사업용,보행자,보행횡단사고,맑음,심야,차대사람,횡단중,보행자보호의무위반,특별광역시도,가야위드안사거리,37.4864345,126.930166,관악구,
2018,4,3,화요일,5,경상사고,0,0,1,0,25,남,4년미만,,승용,비사업용,승합,일직선사고,맑음,새벽,차대차,추돌(진행중),안전운전불이행,기타,가야위드안사거리,37.4864345,126.930166,관악구,
2018,6,22,금요일,19,부상사고,0,0,0,1,23,남,1년미만,,이륜,기타,보행자,보행횡단사고,맑음,출퇴근,차대사람,보도통행중,보행자보호의무위반,특별광역시도,가야위드안사거리,37.4864345,126.930166,관악구,
2018,7,22,일요일,18,경상사고,0,0,1,0,34,여,15년이상,,승용,비사업용,보행자,기타사고,맑음,출퇴근,차대사람,차대사람-기타,안전운전불이행,특별광역시도,가야위드안사거리,37.4864345,126.930166,관악구,
2018,8,11,토요일,2,경상사고,0,0,1,0,62,남,15년이상,,승용,사업용,승용,일직선사고,맑음,심야,차대차,추돌(진행중),안전운전불이행,특별광역시도,가야위드안사거리,37.4864345,126.930166,관악구,
2018,8,14,화요일,17,경상사고,0,0,1,0,65,남,15년이상,,승합,비사업용,화물,진입회전사고,맑음,주간,차대차,측면직각충돌,안전거리미확보,특별광역시도,가야위드안사거리,37.4864345,126.930166,관악구,
2018,12,22,토요일,19,경상사고,0,0,1,0,31,남,10년미만,,승용,비사업용,승용,진입회전사고,맑음,출퇴근,차대차,측면직각충돌,안전거리미확보,특별광역시도,가야위드안사거리,37.4864345,126.930166,관악구,
2018,12,16,일요일,21,경상사고,0,0,1,0,43,남,15년이상,,승용,사업용,승용,진입회전사고,맑음,심야,차대차,측면직각충돌,차로위반,기타,가야위드안사거리,37.4864345,126.930166,관악구,
2019,5,10,금요일,13,경상사고,0,0,1,0,60,남,15년이상,,승용,비사업용,보행자,기타사고,맑음,주간,차대사람,차도통행중,안전운전불이행,기타,가야위드안사거리,37.4864345,126.930166,관악구,
2019,6,26,수요일,7,경상사고,0,0,1,0,75,남,15년이상,,승용,비사업용,승용,진입회전사고,맑음,출퇴근,차대차,측면직각충돌,안전거리미확보,기타,가야위드안사거리,37.4864345,126.930166,관악구,
2019,7,12,금요일,17,경상사고,0,0,1,0,59,남,15년이상,,화물,비사업용,화물,진입회전사고,맑음,주간,차대차,측면직각충돌,안전거리미확보,특별광역시도,가야위드안사거리,37.4864345,126.930166,관악구,
2019,8,24,토요일,13,중상사고,0,1,0,0,55,남,5년미만,,승합,사업용,승합,진입회전사고,맑음,주간,차대차,측면직각충돌,안전거리미확보,특별광역시도,가야위드안사거리,37.4864345,126.930166,관악구,
2019,9,5,목요일,17,경상사고,0,0,1,0,63,남,15년이상,,승용,사업용,이륜,진입회전사고,흐림,주간,차대차,측면직각충돌,안전운전불이행,특별광역시도,가야위드안사거리,37.4864345,126.930166,관악구,
2019,10,3,목요일,5,중상사고,0,2,0,0,28,남,15년이상,,승용,비사업용,보행자,일직선사고,비,새벽,차대사람,차대사람-기타,중앙선침범,기타,가야위드안사거리,37.4864345,126.930166,관악구,
2019,11,13,수요일,13,경상사고,0,0,1,0,51,남,15년이상,,승합,사업용,승합,진입회전사고,맑음,주간,차대차,측면직각충돌,안전거리미확보,특별광역시도,가야위드안사거리,37.4864345,126.930166,관악구,
2017,3,9,목요일,4,중상사고,0,1,1,1,18,남,3년미만,,승용,사업용,화물,일직선사고,흐림,심야,차대차,차대차-기타,중앙선침범,특별광역시도,관악구청앞삼거리,37.4781285,126.9515024,관악구,
2017,3,16,목요일,13,경상사고,0,0,2,0,69,여,15년이상,,승용,비사업용,승용,진입회전사고,맑음,주간,차대차,측면직각충돌,교차로운행방법위반,특별광역시도,관악구청앞삼거리,37.4781285,126.9515024,관악구,
2017,5,28,일요일,0,경상사고,0,0,2,0,75,남,15년이상,,승용,사업용,원동기,진입회전사고,맑음,심야,차대차,정면충돌,신호위반,특별광역시도,관악구청앞삼거리,37.4781285,126.9515024,관악구,
2017,5,10,수요일,4,중상사고,0,1,0,0,34,여,15년이상,,승용,사업용,승용,진입회전사고,맑음,심야,차대차,정면충돌,신호위반,특별광역시도,관악구청앞삼거리,37.4781285,126.9515024,관악구,
2017,6,26,월요일,19,경상사고,0,0,1,0,37,남,15년이상,,승용,비사업용,화물,진입회전사고,맑음,출퇴근,차대차,측면직각충돌,안전거리미확보,특별광역시도,관악구청앞삼거리,37.4781285,126.9515024,관악구,
2017,7,9,일요일,20,경상사고,0,0,2,0,43,남,15년이상,,승용,비사업용,승용,일직선사고,비,출퇴근,차대차,추돌(진행중),안전거리미확보,특별광역시도,관악구청앞삼거리,37.4781285,126.9515024,관악구,
2017,8,17,목요일,9,중상사고,0,1,0,0,26,남,5년미만,,이륜,기타,보행자,진입회전사고,맑음,주간,차대사람,횡단중,신호위반,특별광역시도,관악구청앞삼거리,37.4781285,126.9515024,관악구,
2017,11,19,일요일,0,중상사고,0,1,1,1,64,남,15년이상,,승용,사업용,승용,일직선사고,맑음,심야,차대차,추돌(진행중),안전운전불이행,특별광역시도,관악구청앞삼거리,37.4781285,126.9515024,관악구,
2017,11,19,일요일,1,중상사고,0,1,1,1,64,남,15년이상,,승용,사업용,승용,일직선사고,맑음,심야,차대차,추돌(진행중),안전운전불이행,특별광역시도,관악구청앞삼거리,37.4781285,126.9515024,관악구,
2017,11,18,토요일,3,중상사고,0,1,0,0,49,남,15년이상,,승용,사업용,이륜,진입회전사고,맑음,심야,차대차,측면직각충돌,안전거리미확보,특별광역시도,관악구청앞삼거리,37.4781285,126.9515024,관악구,
2018,1,13,토요일,0,경상사고,0,0,1,0,불명,불명,데이터오류,,기타,기타,기타,기타사고,눈,심야,차대차,차대차-기타,차로위반,특별광역시도,관악구청앞삼거리,37.4781285,126.9515024,관악구,
2018,5,13,일요일,4,경상사고,0,0,1,0,39,여,15년이상,0,승용,비사업용,승합,일직선사고,비,심야,차대차,추돌(진행중),안전운전불이행,기타,관악구청앞삼거리,37.4781285,126.9515024,관악구,
2018,5,3,목요일,8,경상사고,0,0,2,0,70,여,15년이상,,승용,비사업용,승용,진입회전사고,맑음,출퇴근,차대차,측면직각충돌,안전운전불이행,특별광역시도,관악구청앞삼거리,37.4781285,126.9515024,관악구,
2018,5,17,목요일,23,경상사고,0,0,1,0,76,남,15년이상,,승용,사업용,보행자,보행횡단사고,맑음,심야,차대사람,횡단중,보행자보호의무위반,특별광역시도,관악구청앞삼거리,37.4781285,126.9515024,관악구,
2018,9,7,금요일,1,경상사고,0,0,4,0,27,남,10년미만,,승용,비사업용,승용,일직선사고,비,심야,차대차,추돌(진행중),안전운전불이행,특별광역시도,관악구청앞삼거리,37.4781285,126.9515024,관악구,
2018,9,7,금요일,12,경상사고,0,0,1,0,70,남,15년이상,,승용,사업용,이륜,진입회전사고,맑음,주간,차대차,측면직각충돌,교차로운행방법위반,특별광역시도,관악구청앞삼거리,37.4781285,126.9515024,관악구,
2018,9,13,목요일,19,경상사고,0,0,1,0,58,남,15년이상,,승용,사업용,승용,일직선사고,맑음,출퇴근,차대차,추돌(진행중),안전운전불이행,기타,관악구청앞삼거리,37.4781285,126.9515024,관악구,
2018,10,5,금요일,16,경상사고,0,0,1,0,40,남,15년이상,,승용,비사업용,건설기계,진입회전사고,맑음,주간,차대차,측면직각충돌,안전운전불이행,특별광역시도,관악구청앞삼거리,37.4781285,126.9515024,관악구,
2018,10,18,목요일,17,경상사고,0,0,2,0,18,남,3년미만,,승용,사업용,승용,일직선사고,맑음,주간,차대차,추돌(진행중),안전운전불이행,특별광역시도,관악구청앞삼거리,37.4781285,126.9515024,관악구,
2018,12,4,화요일,4,경상사고,0,0,1,0,불명,불명,데이터오류,,기타,기타,기타,보행횡단사고,비,심야,차대사람,횡단중,보행자보호의무위반,특별광역시도,관악구청앞삼거리,37.4781285,126.9515024,관악구,
2018,12,5,수요일,23,경상사고,0,0,1,0,24,여,5년미만,,승용,비사업용,이륜,진입회전사고,맑음,심야,차대차,측면직각충돌,신호위반,특별광역시도,관악구청앞삼거리,37.4781285,126.9515024,관악구,
2019,3,13,수요일,19,중상사고,0,1,0,0,27,남,1년미만,,승용,비사업용,보행자,기타사고,맑음,출퇴근,차대사람,차대사람-기타,안전운전불이행,특별광역시도,관악구청앞삼거리,37.4781285,126.9515024,관악구,
2019,3,20,수요일,20,경상사고,0,0,1,0,62,남,15년이상,,승용,비사업용,보행자,진입회전사고,비,출퇴근,차대사람,횡단중,신호위반,기타,관악구청앞삼거리,37.4781285,126.9515024,관악구,
2019,3,18,월요일,21,경상사고,0,0,1,0,65,남,15년이상,,승용,사업용,승용,일직선사고,맑음,심야,차대차,추돌(진행중),불법유턴,특별광역시도,관악구청앞삼거리,37.4781285,126.9515024,관악구,
2019,4,2,화요일,23,경상사고,0,0,1,0,50,남,10년미만,,승용,비사업용,이륜,일직선사고,맑음,심야,차대차,정면충돌,교차로운행방법위반,특별광역시도,관악구청앞삼거리,37.4781285,126.9515024,관악구,
2019,6,29,토요일,1,경상사고,0,0,1,0,57,남,15년이상,,승용,사업용,보행자,보행횡단사고,비,심야,차대사람,횡단중,안전운전불이행,기타,관악구청앞삼거리,37.4781285,126.9515024,관악구,
2019,6,6,목요일,19,경상사고,0,0,1,0,56,여,15년이상,,승용,비사업용,이륜,일직선사고,비,출퇴근,차대차,추돌(진행중),안전운전불이행,특별광역시도,관악구청앞삼거리,37.4781285,126.9515024,관악구,
2019,7,23,화요일,15,중상사고,0,1,0,0,74,남,15년이상,,승용,사업용,이륜,기타사고,맑음,주간,차대차,차대차-기타,기타,특별광역시도,관악구청앞삼거리,37.4781285,126.9515024,관악구,
2019,8,22,목요일,6,중상사고,0,1,0,0,52,남,15년이상,,화물,비사업용,자전거,진입회전사고,맑음,새벽,차대차,측면직각충돌,신호위반,특별광역시도,관악구청앞삼거리,37.4781285,126.9515024,관악구,
2019,8,3,토요일,14,경상사고,0,0,1,0,24,남,3년미만,,승용,사업용,보행자,기타사고,맑음,주간,차대사람,차대사람-기타,안전운전불이행,특별광역시도,관악구청앞삼거리,37.4781285,126.9515024,관악구,
2019,10,12,토요일,5,중상사고,0,1,0,0,59,남,15년이상,,화물,사업용,이륜,기타사고,맑음,새벽,차대차,차대차-기타,안전운전불이행,특별광역시도,관악구청앞삼거리,37.4781285,126.9515024,관악구,
2019,11,15,금요일,11,경상사고,0,0,1,0,32,남,15년미만,,승용,비사업용,이륜,진입회전사고,맑음,주간,차대차,차대차-기타,신호위반,기타,관악구청앞삼거리,37.4781285,126.9515024,관악구,
2019,11,26,화요일,21,경상사고,0,0,1,0,41,남,15년이상,,승합,사업용,기타,기타사고,맑음,심야,차량단독,차량단독-기타,기타,특별광역시도,관악구청앞삼거리,37.4781285,126.9515024,관악구,
2019,12,23,월요일,1,부상사고,0,0,0,1,43,남,15년이상,0,이륜,데이터오류,보행자,기타사고,비,심야,차대사람,길가장자리구역통행중,안전운전불이행,특별광역시도,관악구청앞삼거리,37.4781285,126.9515024,관악구,
2017,1,12,목요일,8,경상사고,0,0,2,0,19,남,5년미만,,승용,비사업용,이륜,진입회전사고,맑음,출퇴근,차대차,정면충돌,신호위반,특별광역시도,관악센추리타워앞,37.482476,126.941574,관악구,
2017,7,15,토요일,3,경상사고,0,0,2,0,62,남,15년이상,,승용,사업용,승용,일직선사고,맑음,심야,차대차,추돌(진행중),안전운전불이행,특별광역시도,관악센추리타워앞,37.482476,126.941574,관악구,
2017,8,12,토요일,13,경상사고,0,0,1,0,65,남,15년이상,,승용,사업용,이륜,기타사고,맑음,주간,차대차,차대차-기타,안전운전불이행,특별광역시도,관악센추리타워앞,37.482476,126.941574,관악구,
2017,8,23,수요일,18,경상사고,0,0,1,0,불명,불명,데이터오류,,기타,데이터오류,기타,기타사고,맑음,출퇴근,차대사람,차대사람-기타,안전운전불이행,특별광역시도,관악센추리타워앞,37.482476,126.941574,관악구,
2017,11,22,수요일,11,경상사고,0,0,1,0,30,남,15년미만,,이륜,기타,보행자,보행횡단사고,맑음,주간,차대사람,횡단중,안전운전불이행,특별광역시도,관악센추리타워앞,37.482476,126.941574,관악구,
2017,12,26,화요일,10,경상사고,0,0,1,0,29,남,15년이상,,승용,비사업용,보행자,진입회전사고,맑음,주간,차대사람,횡단중,신호위반,특별광역시도,관악센추리타워앞,37.482476,126.941574,관악구,
2018,2,22,목요일,13,중상사고,0,1,0,0,45,여,10년미만,,승용,비사업용,보행자,기타사고,맑음,주간,차대사람,차대사람-기타,안전운전불이행,특별광역시도,관악센추리타워앞,37.482476,126.941574,관악구,
2018,2,8,목요일,14,중상사고,0,1,0,0,29,남,15년미만,,승용,비사업용,보행자,보행횡단사고,맑음,주간,차대사람,횡단중,보행자보호의무위반,특별광역시도,관악센추리타워앞,37.482476,126.941574,관악구,
2018,3,18,일요일,11,경상사고,0,0,1,0,50,여,15년이상,,승용,비사업용,승용,진입회전사고,맑음,주간,차대차,측면직각충돌,안전거리미확보,특별광역시도,관악센추리타워앞,37.482476,126.941574,관악구,
2018,4,16,월요일,8,경상사고,0,0,1,0,69,남,15년이상,,승합,사업용,보행자,보행횡단사고,맑음,출퇴근,차대사람,보도통행중,안전운전불이행,특별광역시도,관악센추리타워앞,37.482476,126.941574,관악구,
2018,4,3,화요일,9,경상사고,0,0,2,0,27,남,10년미만,,승용,비사업용,이륜,진입회전사고,흐림,주간,차대차,추돌(진행중),신호위반,특별광역시도,관악센추리타워앞,37.482476,126.941574,관악구,
2018,4,29,일요일,15,경상사고,0,0,3,0,32,남,15년미만,,승용,비사업용,승용,기타사고,맑음,주간,차대차,차대차-기타,안전운전불이행,특별광역시도,관악센추리타워앞,37.482476,126.941574,관악구,
2018,5,5,토요일,0,경상사고,0,0,1,0,34,남,15년이상,,원동기,기타,원동기,진입회전사고,맑음,심야,차대차,측면직각충돌,중앙선침범,특별광역시도,관악센추리타워앞,37.482476,126.941574,관악구,
2018,7,21,토요일,19,경상사고,0,0,1,0,32,남,데이터오류,0,승용,비사업용,승용,일직선사고,맑음,출퇴근,차대차,추돌(진행중),안전운전불이행,특별광역시도,관악센추리타워앞,37.482476,126.941574,관악구,
2018,7,3,화요일,21,중상사고,0,1,0,0,44,여,15년이상,,승용,비사업용,보행자,기타사고,맑음,심야,차대사람,차대사람-기타,안전운전불이행,특별광역시도,관악센추리타워앞,37.482476,126.941574,관악구,
2018,8,15,수요일,8,경상사고,0,0,1,0,27,남,15년미만,0,승용,비사업용,보행자,일직선사고,맑음,출퇴근,차대차,차대차-기타,중앙선침범,특별광역시도,관악센추리타워앞,37.482476,126.941574,관악구,
2018,8,2,목요일,19,경상사고,0,0,1,0,53,남,15년미만,,승용,비사업용,이륜,진입회전사고,맑음,출퇴근,차대차,측면직각충돌,신호위반,특별광역시도,관악센추리타워앞,37.482476,126.941574,관악구,
2018,9,8,토요일,9,경상사고,0,0,1,0,59,남,15년이상,,승용,비사업용,승용,일직선사고,맑음,주간,차대차,추돌(진행중),차로위반,특별광역시도,관악센추리타워앞,37.482476,126.941574,관악구,
2018,9,14,금요일,18,중상사고,0,1,0,0,29,남,15년이상,,승용,비사업용,보행자,보행횡단사고,맑음,출퇴근,차대사람,횡단중,안전운전불이행,특별광역시도,관악센추리타워앞,37.482476,126.941574,관악구,
2018,9,2,일요일,19,경상사고,0,0,2,0,36,남,15년이상,,승용,비사업용,기타,일직선사고,맑음,출퇴근,차대차,추돌(진행중),안전운전불이행,특별광역시도,관악센추리타워앞,37.482476,126.941574,관악구,
2018,11,15,목요일,16,경상사고,0,0,1,0,73,남,15년이상,,승용,비사업용,이륜,진입회전사고,맑음,주간,차대차,측면직각충돌,안전운전불이행,기타,관악센추리타워앞,37.482476,126.941574,관악구,
2019,6,25,화요일,6,중상사고,0,1,0,0,26,남,15년이상,,이륜,데이터오류,보행자,진입회전사고,맑음,새벽,차대사람,횡단중,신호위반,기타,관악센추리타워앞,37.482476,126.941574,관악구,
2019,6,26,수요일,8,중상사고,0,1,0,0,49,남,15년이상,,승용,사업용,보행자,진입회전사고,맑음,출퇴근,차대사람,횡단중,신호위반,기타,관악센추리타워앞,37.482476,126.941574,관악구,
2019,6,28,금요일,12,경상사고,0,0,1,0,36,여,15년이상,,승용,비사업용,보행자,기타사고,맑음,주간,차대사람,차대사람-기타,안전운전불이행,특별광역시도,관악센추리타워앞,37.482476,126.941574,관악구,
2019,6,22,토요일,18,경상사고,0,0,1,0,22,남,4년미만,,승용,사업용,승용,일직선사고,맑음,출퇴근,차대차,추돌(진행중),안전거리미확보,특별광역시도,관악센추리타워앞,37.482476,126.941574,관악구,
2019,7,23,화요일,13,경상사고,0,0,1,0,36,남,15년이상,,화물,비사업용,화물,진입회전사고,맑음,주간,차대차,측면직각충돌,안전운전불이행,특별광역시도,관악센추리타워앞,37.482476,126.941574,관악구,
2019,8,12,월요일,7,경상사고,0,0,1,0,46,남,15년이상,,승용,비사업용,보행자,보행횡단사고,비,출퇴근,차대사람,횡단중,안전운전불이행,특별광역시도,관악센추리타워앞,37.482476,126.941574,관악구,
2019,8,8,목요일,12,경상사고,0,0,1,0,35,남,15년이상,,승용,비사업용,승용,진입회전사고,맑음,주간,차대차,측면직각충돌,안전운전불이행,특별광역시도,관악센추리타워앞,37.482476,126.941574,관악구,
2019,8,12,월요일,21,경상사고,0,0,1,0,35,남,15년이상,,승용,비사업용,보행자,진입회전사고,비,심야,차대사람,차대사람-기타,신호위반,특별광역시도,관악센추리타워앞,37.482476,126.941574,관악구,
2019,11,21,목요일,15,경상사고,0,0,1,0,27,여,10년미만,,승용,비사업용,화물,기타사고,맑음,주간,차대차,차대차-기타,안전운전불이행,기타,관악센추리타워앞,37.482476,126.941574,관악구,
2017,1,27,금요일,11,부상사고,0,0,0,1,67,남,15년이상,,승용,비사업용,보행자,보행횡단사고,맑음,주간,차대사람,횡단중,안전운전불이행,특별광역시도,국일빌딩앞삼거리,37.5594034,126.9262983,관악구,
2017,2,21,화요일,5,경상사고,0,0,1,0,57,남,15년이상,,승용,사업용,승용,기타사고,맑음,새벽,차대차,차대차-기타,안전운전불이행,특별광역시도,국일빌딩앞삼거리,37.5594034,126.9262983,관악구,
2017,3,29,수요일,0,경상사고,0,0,4,0,27,남,15년이상,0,승용,비사업용,승용,일직선사고,맑음,심야,차대차,정면충돌,안전운전불이행,특별광역시도,국일빌딩앞삼거리,37.5594034,126.9262983,관악구,
2017,3,13,월요일,4,경상사고,0,0,2,0,62,남,15년이상,,승용,사업용,승용,일직선사고,맑음,심야,차대차,정면충돌,차로위반,특별광역시도,국일빌딩앞삼거리,37.5594034,126.9262983,관악구,
2017,4,26,수요일,11,중상사고,0,1,0,0,49,남,15년이상,,승용,사업용,승용,일직선사고,맑음,주간,차대차,추돌(진행중),안전운전불이행,특별광역시도,국일빌딩앞삼거리,37.5594034,126.9262983,관악구,
2017,5,24,수요일,21,경상사고,0,0,1,0,44,남,15년이상,,승합,사업용,보행자,기타사고,맑음,심야,차대사람,차대사람-기타,데이터없음,특별광역시도,국일빌딩앞삼거리,37.5594034,126.9262983,관악구,
2017,5,14,일요일,22,경상사고,0,0,1,0,47,남,15년이상,,승합,사업용,보행자,보행횡단사고,맑음,심야,차대사람,횡단중,안전운전불이행,특별광역시도,국일빌딩앞삼거리,37.5594034,126.9262983,관악구,
2017,7,10,월요일,5,중상사고,0,1,0,0,49,남,15년이상,,이륜,기타,보행자,보행횡단사고,비,새벽,차대사람,횡단중,안전운전불이행,특별광역시도,국일빌딩앞삼거리,37.5594034,126.9262983,관악구,
2017,9,20,수요일,0,경상사고,0,0,1,0,67,남,15년이상,,승용,사업용,승용,진입회전사고,맑음,심야,차대차,측면직각충돌,안전거리미확보,특별광역시도,국일빌딩앞삼거리,37.5594034,126.9262983,관악구,
2017,11,12,일요일,23,경상사고,0,0,1,0,25,남,15년이상,0,승용,비사업용,승용,일직선사고,맑음,심야,차대차,추돌(진행중),안전운전불이행,특별광역시도,국일빌딩앞삼거리,37.5594034,126.9262983,관악구,
2018,2,8,목요일,6,경상사고,0,0,1,0,불명,불명,데이터오류,,기타,기타,기타,일직선사고,맑음,새벽,차대차,추돌(진행중),안전운전불이행,특별광역시도,국일빌딩앞삼거리,37.5594034,126.9262983,관악구,