년도,월,일,요일,시각,사고등급,사망자수,중상자수,경상자수,부상자수,연령,성별,경력,음주,종별,용도,관련자2,사고형태,기상상태,일광상태,사고유형1,사고유형2,법규위반,도로종류,지점명,위도,경도,자치구,
2018,3,23,금요일,10,경상사고,0,0,1,0,40,남,15년이상,,승합,비사업용,승합,진입회전사고,맑음,주간,차대차,측면직각충돌,차로위반,특별광역시도,국일빌딩앞삼거리,37.5594034,126.9262983,관악구,
2018,5,21,월요일,3,중상사고,0,1,0,0,62,남,15년이상,,승용,사업용,이륜,일직선사고,기타,심야,차대차,추돌(진행중),안전운전불이행,기타,국일빌딩앞삼거리,37.5594034,126.9262983,관악구,
2018,5,19,토요일,11,부상사고,0,0,0,1,55,여,15년이상,,승용,비사업용,승용,일직선사고,맑음,주간,차대차,추돌(진행중),안전운전불이행,기타,국일빌딩앞삼거리,37.5594034,126.9262983,관악구,
2018,5,18,금요일,14,중상사고,0,1,0,0,69,남,15년이상,,승용,비사업용,이륜,진입회전사고,맑음,주간,차대차,측면직각충돌,차로위반,특별광역시도,국일빌딩앞삼거리,37.5594034,126.9262983,관악구,
2018,6,30,토요일,10,경상사고,0,0,1,0,27,여,3년미만,,승용,비사업용,이륜,기타사고,맑음,주간,차대차,차대차-기타,안전운전불이행,특별광역시도,국일빌딩앞삼거리,37.5594034,126.9262983,관악구,
2018,8,19,일요일,2,경상사고,0,0,1,0,불명,불명,데이터오류,,기타,기타,기타,기타사고,맑음,심야,차대차,차대차-기타,기타,특별광역시도,국일빌딩앞삼거리,37.5594034,126.9262983,관악구,
2018,8,29,수요일,14,경상사고,0,0,1,0,38,남,10년미만,,승용,사업용,보행자,보행횡단사고,맑음,주간,차대사람,횡단중,안전운전불이행,특별광역시도,국일빌딩앞삼거리,37.5594034,126.9262983,관악구,
2018,8,23,목요일,22,중상사고,0,1,1,0,16,남,15년이상,,이륜,기타,보행자,보행횡단사고,맑음,심야,차대사람,횡단중,안전운전불이행,특별광역시도,국일빌딩앞삼거리,37.5594034,126.9262983,관악구,
2018,11,8,목요일,3,경상사고,0,0,2,0,63,남,15년이상,,승용,사업용,승용,일직선사고,맑음,심야,차대차,추돌(진행중),안전운전불이행,특별광역시도,국일빌딩앞삼거리,37.5594034,126.9262983,관악구,
2018,11,14,수요일,6,중상사고,0,1,0,0,74,남,15년이상,,승용,사업용,승용,일직선사고,맑음,새벽,차대차,추돌(진행중),안전운전불이행,특별광역시도,국일빌딩앞삼거리,37.5594034,126.9262983,관악구,
2018,12,16,일요일,1,경상사고,0,0,1,0,45,남,데이터오류,,승합,비사업용,보행자,기타사고,맑음,심야,차대사람,차대사람-기타,안전운전불이행,특별광역시도,국일빌딩앞삼거리,37.5594034,126.9262983,관악구,
2019,1,1,화요일,5,경상사고,0,0,2,1,61,남,15년이상,,승용,사업용,승용,일직선사고,맑음,새벽,차대차,추돌(진행중),안전운전불이행,특별광역시도,국일빌딩앞삼거리,37.5594034,126.9262983,관악구,
2019,1,19,토요일,20,중상사고,0,1,0,0,43,남,15년이상,,승용,사업용,이륜,진입회전사고,맑음,출퇴근,차대차,차대차-기타,신호위반,특별광역시도,국일빌딩앞삼거리,37.5594034,126.9262983,관악구,
2019,1,20,일요일,20,경상사고,0,0,1,0,46,남,15년이상,,승합,사업용,기타,기타사고,맑음,출퇴근,차량단독,차량단독-기타,기타,특별광역시도,국일빌딩앞삼거리,37.5594034,126.9262983,관악구,
2019,2,6,수요일,0,경상사고,0,0,1,0,27,남,15년이상,0,승용,비사업용,이륜,일직선사고,맑음,심야,차대차,차대차-기타,중앙선침범,특별광역시도,국일빌딩앞삼거리,37.5594034,126.9262983,관악구,
2019,4,13,토요일,2,경상사고,0,0,1,0,58,남,15년이상,,승용,사업용,이륜,진입회전사고,맑음,심야,차대차,측면직각충돌,차로위반,특별광역시도,국일빌딩앞삼거리,37.5594034,126.9262983,관악구,
2019,9,18,수요일,3,경상사고,0,0,1,0,64,남,15년이상,,승용,사업용,보행자,기타사고,맑음,심야,차대사람,차도통행중,안전운전불이행,특별광역시도,국일빌딩앞삼거리,37.5594034,126.9262983,관악구,
2019,9,9,월요일,8,경상사고,0,0,1,0,59,남,15년이상,,건설기계,사업용,건설기계,일직선사고,맑음,출퇴근,차대차,추돌(진행중),안전거리미확보,특별광역시도,국일빌딩앞삼거리,37.5594034,126.9262983,관악구,
2019,9,14,토요일,15,중상사고,0,1,0,0,65,남,15년이상,,화물,비사업용,보행자,보행횡단사고,비,주간,차대사람,횡단중,안전운전불이행,특별광역시도,국일빌딩앞삼거리,37.5594034,126.9262983,관악구,
2019,10,15,화요일,22,경상사고,0,0,1,0,18,남,15년이상,,이륜,데이터오류,보행자,진입회전사고,맑음,심야,차대사람,횡단중,신호위반,특별광역시도,국일빌딩앞삼거리,37.5594034,126.9262983,관악구,
2017,2,18,토요일,6,중상사고,0,1,0,0,73,남,15년이상,,화물,사업용,보행자,보행횡단사고,맑음,새벽,차대사람,횡단중,안전운전불이행,특별광역시도,까치고개교차로,37.4738365,126.9952854,관악구,
2017,2,8,수요일,21,경상사고,0,0,2,0,64,남,15년이상,,승용,사업용,화물,진입회전사고,맑음,심야,차대차,정면충돌,신호위반,특별광역시도,까치고개교차로,37.4738365,126.9952854,관악구,
2017,4,27,목요일,14,경상사고,0,0,1,0,37,여,15년미만,,승용,비사업용,이륜,일직선사고,맑음,주간,차대차,정면충돌,데이터없음,특별광역시도,까치고개교차로,37.4738365,126.9952854,관악구,
2017,6,29,목요일,0,경상사고,0,0,1,0,57,남,15년이상,,승용,사업용,기타,단독사고,맑음,심야,차량단독,공작물추돌,안전운전불이행,특별광역시도,까치고개교차로,37.4738365,126.9952854,관악구,
2017,7,23,일요일,13,중상사고,0,1,0,0,37,남,15년이상,,승합,사업용,원동기,기타사고,흐림,주간,차대차,차대차-기타,안전거리미확보,특별광역시도,까치고개교차로,37.4738365,126.9952854,관악구,
2017,8,10,목요일,6,중상사고,0,1,0,0,62,남,15년이상,,화물,사업용,보행자,보행횡단사고,맑음,새벽,차대사람,횡단중,안전운전불이행,특별광역시도,까치고개교차로,37.4738365,126.9952854,관악구,
2017,9,19,화요일,21,경상사고,0,0,1,0,62,남,15년이상,,승용,사업용,승용,일직선사고,맑음,심야,차대차,추돌(진행중),안전거리미확보,특별광역시도,까치고개교차로,37.4738365,126.9952854,관악구,
2018,3,30,금요일,7,중상사고,0,1,0,0,45,여,15년이상,,승용,비사업용,승용,진입회전사고,맑음,출퇴근,차대차,측면직각충돌,신호위반,특별광역시도,까치고개교차로,37.4738365,126.9952854,관악구,
2018,6,3,일요일,6,중상사고,0,1,0,0,63,남,15년이상,,승용,사업용,보행자,기타사고,맑음,새벽,차대사람,차대사람-기타,안전거리미확보,특별광역시도,까치고개교차로,37.4738365,126.9952854,관악구,
2018,7,24,화요일,8,경상사고,0,0,2,0,70,남,15년이상,,승용,사업용,승용,진입회전사고,맑음,출퇴근,차대차,측면직각충돌,안전운전불이행,특별광역시도,까치고개교차로,37.4738365,126.9952854,관악구,
2018,7,7,토요일,10,경상사고,0,0,1,0,34,남,15년이상,,승용,비사업용,이륜,진입회전사고,맑음,주간,차대차,정면충돌,신호위반,특별광역시도,까치고개교차로,37.4738365,126.9952854,관악구,
2018,7,6,금요일,22,경상사고,0,0,2,0,60,남,15년이상,,승용,사업용,이륜,진입회전사고,맑음,심야,차대차,차대차-기타,신호위반,특별광역시도,까치고개교차로,37.4738365,126.9952854,관악구,
2018,8,6,월요일,2,중상사고,0,1,0,0,29,남,데이터오류,,원동기,기타,기타,기타사고,맑음,심야,차량단독,차량단독-기타,안전운전불이행,특별광역시도,까치고개교차로,37.4738365,126.9952854,관악구,
2018,12,31,월요일,1,경상사고,0,0,1,0,50,남,15년이상,,승용,사업용,승용,일직선사고,맑음,심야,차대차,추돌(진행중),안전운전불이행,기타,까치고개교차로,37.4738365,126.9952854,관악구,
2019,3,21,목요일,14,경상사고,0,0,1,0,35,남,10년미만,,승용,비사업용,승합,기타사고,맑음,주간,차대차,차대차-기타,기타,특별광역시도,까치고개교차로,37.4738365,126.9952854,관악구,
2019,4,6,토요일,6,중상사고,0,1,0,0,72,남,15년이상,,승용,사업용,이륜,진입회전사고,맑음,새벽,차대차,측면직각충돌,안전운전불이행,기타,까치고개교차로,37.4738365,126.9952854,관악구,
2019,4,9,화요일,21,중상사고,0,1,0,0,35,남,10년미만,,승용,비사업용,이륜,진입회전사고,비,심야,차대차,측면직각충돌,신호위반,기타,까치고개교차로,37.4738365,126.9952854,관악구,
2019,4,28,일요일,21,중상사고,0,2,3,0,27,남,15년미만,,승용,사업용,승합,일직선사고,맑음,심야,차대차,추돌(진행중),중앙선침범,특별광역시도,까치고개교차로,37.4738365,126.9952854,관악구,
2019,6,11,화요일,22,경상사고,0,0,1,0,19,남,4년미만,,이륜,데이터오류,보행자,기타사고,맑음,심야,차대사람,차대사람-기타,안전운전불이행,기타,까치고개교차로,37.4738365,126.9952854,관악구,
2019,9,5,목요일,8,경상사고,0,0,1,0,33,남,15년미만,,승용,비사업용,이륜,진입회전사고,흐림,출퇴근,차대차,측면직각충돌,안전거리미확보,특별광역시도,까치고개교차로,37.4738365,126.9952854,관악구,
2019,9,28,토요일,12,경상사고,0,0,1,0,31,남,10년미만,,승용,사업용,화물,진입회전사고,맑음,주간,차대차,측면직각충돌,신호위반,특별광역시도,까치고개교차로,37.4738365,126.9952854,관악구,
2019,10,28,월요일,9,중상사고,0,1,0,0,70,남,15년이상,,승합,사업용,기타,기타사고,맑음,주간,차량단독,차량단독-기타,안전운전불이행,특별광역시도,까치고개교차로,37.4738365,126.9952854,관악구,
2019,12,3,화요일,15,경상사고,0,0,1,0,82,남,15년이상,,승용,사업용,보행자,진입회전사고,맑음,주간,차대사람,횡단중,신호위반,특별광역시도,까치고개교차로,37.4738365,126.9952854,관악구,
2017,1,5,목요일,18,중상사고,0,2,1,0,61,남,15년이상,,승용,사업용,승용,기타사고,맑음,출퇴근,차대차,차대차-기타,안전거리미확보,특별광역시도,낙성대역4번출구,37.477117,126.963418,관악구,
2017,1,3,화요일,23,중상사고,0,1,0,0,32,남,15년이상,,승용,비사업용,원동기,일직선사고,맑음,심야,차대차,정면충돌,안전거리미확보,특별광역시도,낙성대역4번출구,37.477117,126.963418,관악구,
2017,2,22,수요일,6,경상사고,0,0,1,0,54,남,15년이상,,승용,사업용,보행자,진입회전사고,맑음,새벽,차대사람,횡단중,신호위반,특별광역시도,낙성대역4번출구,37.477117,126.963418,관악구,
2017,3,31,금요일,2,경상사고,0,0,1,0,55,남,10년미만,,승용,사업용,승용,일직선사고,맑음,심야,차대차,추돌(진행중),안전운전불이행,특별광역시도,낙성대역4번출구,37.477117,126.963418,관악구,
2017,4,21,금요일,3,경상사고,0,0,2,0,69,남,15년이상,,승용,사업용,화물,일직선사고,맑음,심야,차대차,정면충돌,안전거리미확보,특별광역시도,낙성대역4번출구,37.477117,126.963418,관악구,
2017,4,19,수요일,11,중상사고,0,1,0,0,70,남,15년이상,,승용,비사업용,보행자,진입회전사고,맑음,주간,차대사람,횡단중,신호위반,특별광역시도,낙성대역4번출구,37.477117,126.963418,관악구,
2017,10,29,일요일,2,중상사고,0,1,1,0,61,남,15년이상,,승용,사업용,원동기,진입회전사고,맑음,심야,차대차,차대차-기타,신호위반,특별광역시도,낙성대역4번출구,37.477117,126.963418,관악구,
2017,10,24,화요일,14,경상사고,0,0,2,0,53,여,15년이상,,승용,비사업용,승용,진입회전사고,맑음,주간,차대차,측면직각충돌,안전거리미확보,특별광역시도,낙성대역4번출구,37.477117,126.963418,관악구,
2018,3,16,금요일,19,중상사고,0,1,0,0,35,남,15년이상,,승용,비사업용,기타,기타사고,맑음,출퇴근,차대차,차대차-기타,안전거리미확보,특별광역시도,낙성대역4번출구,37.477117,126.963418,관악구,
2018,5,24,목요일,0,중상사고,0,1,1,0,69,남,15년이상,,승용,사업용,승용,기타사고,맑음,심야,차대차,차대차-기타,안전거리미확보,특별광역시도,낙성대역4번출구,37.477117,126.963418,관악구,
2018,10,7,일요일,4,중상사고,0,1,0,0,62,남,15년이상,,승용,사업용,보행자,기타사고,맑음,심야,차대사람,차도통행중,안전운전불이행,특별광역시도,낙성대역4번출구,37.477117,126.963418,관악구,
2018,10,6,토요일,8,중상사고,0,1,0,0,20,남,15년이상,0,승용,비사업용,승용,일직선사고,비,출퇴근,차대차,추돌(진행중),안전운전불이행,특별광역시도,낙성대역4번출구,37.477117,126.963418,관악구,
2018,10,6,토요일,12,경상사고,0,0,1,0,26,여,10년미만,,승용,비사업용,승용,진입회전사고,비,주간,차대차,측면직각충돌,안전운전불이행,특별광역시도,낙성대역4번출구,37.477117,126.963418,관악구,
2018,10,18,목요일,19,경상사고,0,0,1,0,46,여,1년미만,,승용,비사업용,승용,일직선사고,기타,출퇴근,차대차,정면충돌,안전운전불이행,특별광역시도,낙성대역4번출구,37.477117,126.963418,관악구,
2018,11,14,수요일,8,경상사고,0,0,1,0,64,남,15년이상,,승용,비사업용,승용,진입회전사고,맑음,출퇴근,차대차,측면직각충돌,차로위반,특별광역시도,낙성대역4번출구,37.477117,126.963418,관악구,
2018,11,25,일요일,14,경상사고,0,0,1,0,28,남,데이터오류,,자전거,기타,보행자,기타사고,맑음,주간,차대사람,차대사람-기타,안전운전불이행,특별광역시도,낙성대역4번출구,37.477117,126.963418,관악구,
2019,1,22,화요일,7,중상사고,0,1,0,0,57,여,15년이상,,승용,사업용,보행자,보행횡단사고,맑음,출퇴근,차대사람,횡단중,보행자보호의무위반,기타,낙성대역4번출구,37.477117,126.963418,관악구,
2019,2,6,수요일,16,경상사고,0,0,1,0,65,남,15년이상,,승용,사업용,승용,진입회전사고,맑음,주간,차대차,측면직각충돌,안전거리미확보,특별광역시도,낙성대역4번출구,37.477117,126.963418,관악구,
2019,3,15,금요일,15,중상사고,0,1,0,0,51,남,10년미만,,화물,비사업용,이륜,기타사고,맑음,주간,차대차,차대차-기타,안전운전불이행,기타,낙성대역4번출구,37.477117,126.963418,관악구,
2019,4,11,목요일,12,경상사고,0,0,1,0,29,여,1년미만,,승용,비사업용,승용,일직선사고,맑음,주간,차대차,추돌(진행중),안전운전불이행,특별광역시도,낙성대역4번출구,37.477117,126.963418,관악구,
2019,6,10,월요일,1,중상사고,0,2,0,0,35,여,10년미만,,승용,비사업용,승용,진입회전사고,맑음,심야,차대차,측면직각충돌,차로위반,특별광역시도,낙성대역4번출구,37.477117,126.963418,관악구,
2019,6,19,수요일,6,경상사고,0,0,1,0,31,남,3년미만,0,승용,비사업용,화물,일직선사고,맑음,새벽,차대차,추돌(진행중),안전운전불이행,특별광역시도,낙성대역4번출구,37.477117,126.963418,관악구,
2019,7,4,목요일,16,경상사고,0,0,2,0,47,남,15년이상,,화물,비사업용,이륜,일직선사고,맑음,주간,차대차,추돌(진행중),차로위반,특별광역시도,낙성대역4번출구,37.477117,126.963418,관악구,
2019,7,10,수요일,23,중상사고,0,1,0,0,24,남,15년이상,,승용,비사업용,이륜,진입회전사고,비,심야,차대차,정면충돌,신호위반,기타,낙성대역4번출구,37.477117,126.963418,관악구,
2019,10,15,화요일,1,중상사고,0,1,0,0,30,남,15년이상,0,승용,비사업용,승용,진입회전사고,맑음,심야,차대차,측면직각충돌,안전운전불이행,기타,낙성대역4번출구,37.477117,126.963418,관악구,
2019,11,15,금요일,1,중상사고,0,1,0,0,56,남,15년이상,,승용,사업용,승용,진입회전사고,맑음,심야,차대차,측면직각충돌,안전거리미확보,특별광역시도,낙성대역4번출구,37.477117,126.963418,관악구,
2017,2,20,월요일,23,경상사고,0,0,1,0,61,남,15년이상,,승합,사업용,이륜,일직선사고,맑음,심야,차대차,추돌(진행중),교차로운행방법위반,특별광역시도,난곡사거리,37.481794,126.9145059,관악구,
2017,4,21,금요일,16,경상사고,0,0,1,0,55,남,15년이상,,승용,비사업용,이륜,진입회전사고,맑음,주간,차대차,측면직각충돌,안전거리미확보,특별광역시도,난곡사거리,37.481794,126.9145059,관악구,
2017,5,29,월요일,5,중상사고,0,1,0,0,48,남,15년이상,,승용,비사업용,보행자,보행횡단사고,맑음,새벽,차대사람,횡단중,안전운전불이행,특별광역시도,난곡사거리,37.481794,126.9145059,관악구,
2017,5,10,수요일,8,중상사고,0,1,0,0,46,남,15년이상,,화물,비사업용,이륜,진입회전사고,맑음,출퇴근,차대차,측면직각충돌,신호위반,특별광역시도,난곡사거리,37.481794,126.9145059,관악구,
2017,5,8,월요일,9,경상사고,0,0,2,0,60,남,15년이상,,화물,사업용,화물,진입회전사고,맑음,주간,차대차,측면직각충돌,교차로운행방법위반,특별광역시도,난곡사거리,37.481794,126.9145059,관악구,
2017,5,16,화요일,11,경상사고,0,0,1,0,61,남,15년이상,,승용,사업용,이륜,진입회전사고,맑음,주간,차대차,측면직각충돌,안전운전불이행,특별광역시도,난곡사거리,37.481794,126.9145059,관악구,
2017,7,2,일요일,0,경상사고,0,0,1,0,49,남,15년미만,,승용,사업용,승용,일직선사고,비,심야,차대차,추돌(진행중),안전운전불이행,특별광역시도,난곡사거리,37.481794,126.9145059,관악구,
2017,7,1,토요일,18,경상사고,0,0,1,0,27,남,15년이상,,이륜,기타,보행자,기타사고,맑음,출퇴근,차대사람,차도통행중,안전운전불이행,특별광역시도,난곡사거리,37.481794,126.9145059,관악구,
2017,10,19,목요일,1,중상사고,0,1,0,0,25,남,4년미만,0,승용,비사업용,이륜,일직선사고,맑음,심야,차대차,추돌(진행중),안전운전불이행,특별광역시도,난곡사거리,37.481794,126.9145059,관악구,
2017,10,30,월요일,13,경상사고,0,0,2,0,51,남,15년이상,,승합,사업용,이륜,진입회전사고,맑음,주간,차대차,차대차-기타,신호위반,특별광역시도,난곡사거리,37.481794,126.9145059,관악구,
2017,11,16,목요일,14,경상사고,0,0,1,0,56,남,15년이상,,승용,비사업용,자전거,기타사고,맑음,주간,차대차,차대차-기타,안전운전불이행,특별광역시도,난곡사거리,37.481794,126.9145059,관악구,
2018,1,10,수요일,1,경상사고,0,0,1,0,62,남,15년이상,,승용,사업용,이륜,진입회전사고,맑음,심야,차대차,측면직각충돌,안전운전불이행,특별광역시도,난곡사거리,37.481794,126.9145059,관악구,
2018,1,13,토요일,14,경상사고,0,0,1,0,70,남,15년이상,,승용,사업용,승합,진입회전사고,기타,주간,차대차,측면직각충돌,안전거리미확보,특별광역시도,난곡사거리,37.481794,126.9145059,관악구,
2018,5,3,목요일,2,경상사고,0,0,1,0,42,남,15년이상,0,승용,비사업용,화물,일직선사고,흐림,심야,차대차,정면충돌,중앙선침범,특별광역시도,난곡사거리,37.481794,126.9145059,관악구,
2018,5,8,화요일,14,중상사고,0,1,0,0,49,남,15년이상,,승합,비사업용,이륜,진입회전사고,맑음,주간,차대차,측면직각충돌,신호위반,특별광역시도,난곡사거리,37.481794,126.9145059,관악구,
2018,6,18,월요일,16,중상사고,0,1,0,0,49,여,15년이상,,승합,비사업용,이륜,진입회전사고,맑음,주간,차대차,측면직각충돌,신호위반,특별광역시도,난곡사거리,37.481794,126.9145059,관악구,
2018,6,8,금요일,22,경상사고,0,0,1,0,28,여,15년이상,,승용,비사업용,이륜,진입회전사고,맑음,심야,차대차,측면직각충돌,신호위반,특별광역시도,난곡사거리,37.481794,126.9145059,관악구,
2018,8,1,수요일,10,경상사고,0,0,1,0,39,남,3년미만,,승합,비사업용,승합,진입회전사고,맑음,주간,차대차,측면직각충돌,안전운전불이행,특별광역시도,난곡사거리,37.481794,126.9145059,관악구,
2018,8,28,화요일,17,경상사고,0,0,1,0,63,남,15년미만,,승용,사업용,이륜,진입회전사고,비,주간,차대차,측면직각충돌,신호위반,기타,난곡사거리,37.481794,126.9145059,관악구,
2018,8,2,목요일,20,경상사고,0,0,3,0,50,남,15년이상,,승합,사업용,이륜,진입회전사고,기타,출퇴근,차대차,측면직각충돌,신호위반,특별광역시도,난곡사거리,37.481794,126.9145059,관악구,
2018,10,30,화요일,0,경상사고,0,0,1,0,53,남,15년이상,,승용,사업용,기타,기타사고,맑음,심야,차량단독,차량단독-기타,직진우회전진행방해,특별광역시도,난곡사거리,37.481794,126.9145059,관악구,
2018,12,1,토요일,9,중상사고,0,1,0,0,64,남,15년미만,,승용,비사업용,보행자,일직선사고,맑음,주간,차대사람,차대사람-기타,중앙선침범,특별광역시도,난곡사거리,37.481794,126.9145059,관악구,
2019,2,4,월요일,1,경상사고,0,0,1,0,64,남,15년미만,,승용,사업용,승용,일직선사고,기타,심야,차대차,추돌(진행중),안전운전불이행,특별광역시도,난곡사거리,37.481794,126.9145059,관악구,
2019,2,17,일요일,3,경상사고,0,0,1,0,71,남,15년이상,,승용,사업용,이륜,진입회전사고,맑음,심야,차대차,측면직각충돌,신호위반,기타,난곡사거리,37.481794,126.9145059,관악구,
2019,3,29,금요일,4,중상사고,0,1,0,0,28,남,10년미만,0,승용,비사업용,승용,일직선사고,맑음,심야,차대차,정면충돌,안전운전불이행,기타,난곡사거리,37.481794,126.9145059,관악구,
2019,3,21,목요일,7,경상사고,0,0,1,0,26,남,10년미만,,승용,비사업용,승합,진입회전사고,맑음,출퇴근,차대차,측면직각충돌,차로위반,특별광역시도,난곡사거리,37.481794,126.9145059,관악구,
2019,4,7,일요일,19,중상사고,0,1,0,0,74,남,15년이상,,승용,비사업용,보행자,보행횡단사고,맑음,출퇴근,차대사람,횡단중,안전운전불이행,특별광역시도,난곡사거리,37.481794,126.9145059,관악구,
2019,4,18,목요일,19,경상사고,0,0,1,0,50,여,15년미만,,승용,비사업용,보행자,기타사고,맑음,출퇴근,차대사람,차대사람-기타,안전운전불이행,특별광역시도,난곡사거리,37.481794,126.9145059,관악구,
2019,5,2,목요일,23,경상사고,0,0,1,0,45,남,15년이상,,이륜,데이터오류,기타,기타사고,맑음,심야,차대차,차대차-기타,안전거리미확보,특별광역시도,난곡사거리,37.481794,126.9145059,관악구,
2019,6,28,금요일,21,부상사고,0,0,0,1,78,남,15년이상,,승용,사업용,이륜,기타사고,기타,심야,차대차,차대차-기타,안전거리미확보,특별광역시도,난곡사거리,37.481794,126.9145059,관악구,
2019,8,16,금요일,11,경상사고,0,0,2,0,65,남,15년이상,,승합,사업용,기타,기타사고,맑음,주간,차량단독,차량단독-기타,안전운전불이행,특별광역시도,난곡사거리,37.481794,126.9145059,관악구,
2019,9,11,수요일,0,중상사고,0,1,0,0,47,남,15년이상,,승용,사업용,보행자,기타사고,맑음,심야,차대사람,차도통행중,안전운전불이행,특별광역시도,난곡사거리,37.481794,126.9145059,관악구,
2019,9,23,월요일,14,경상사고,0,0,1,0,40,남,15년이상,,승용,비사업용,보행자,기타사고,맑음,주간,차대사람,차도통행중,안전운전불이행,기타,난곡사거리,37.481794,126.9145059,관악구,
2019,9,28,토요일,22,경상사고,0,0,2,0,50,남,15년이상,,승용,비사업용,이륜,일직선사고,맑음,심야,차대차,추돌(진행중),안전운전불이행,기타,난곡사거리,37.481794,126.9145059,관악구,
2019,10,18,금요일,8,중상사고,0,1,0,0,33,여,15년이상,,승용,비사업용,이륜,일직선사고,맑음,출퇴근,차대차,추돌(진행중),안전운전불이행,특별광역시도,난곡사거리,37.481794,126.9145059,관악구,
2019,10,9,수요일,16,중상사고,0,2,0,0,60,여,15년이상,,승용,사업용,승용,진입회전사고,맑음,주간,차대차,측면직각충돌,신호위반,특별광역시도,난곡사거리,37.481794,126.9145059,관악구,
2019,11,8,금요일,4,경상사고,0,0,1,0,30,남,15년이상,0,승용,비사업용,승용,기타사고,맑음,심야,차대차,차대차-기타,안전거리미확보,기타,난곡사거리,37.481794,126.9145059,관악구,
2019,11,30,토요일,7,경상사고,0,0,1,0,30,남,10년미만,0,승용,비사업용,승용,일직선사고,맑음,출퇴근,차대차,정면충돌,안전운전불이행,기타,난곡사거리,37.481794,126.9145059,관악구,
2019,12,21,토요일,0,중상사고,0,3,2,0,29,남,15년이상,0,승용,비사업용,승용,일직선사고,맑음,심야,차대차,정면충돌,안전운전불이행,특별광역시도,난곡사거리,37.481794,126.9145059,관악구,
2017,6,14,수요일,17,경상사고,0,0,1,0,63,남,15년이상,,승합,사업용,자전거,기타사고,맑음,주간,차대차,차대차-기타,안전운전불이행,특별광역시도,난곡사거리,37.481794,126.9145059,관악구,
2017,9,17,일요일,2,중상사고,0,1,0,0,56,남,15년이상,,이륜,기타,보행자,기타사고,맑음,심야,차대사람,차대사람-기타,안전운전불이행,특별광역시도,난곡사거리,37.481794,126.9145059,관악구,
2018,2,13,화요일,0,경상사고,0,0,2,0,36,남,15년이상,0,승용,사업용,승용,일직선사고,흐림,심야,차대차,추돌(진행중),안전운전불이행,특별광역시도,난곡사거리,37.481794,126.9145059,관악구,
2018,6,24,일요일,20,경상사고,0,0,1,0,51,남,10년미만,,승용,사업용,화물,일직선사고,맑음,출퇴근,차대차,추돌(진행중),안전운전불이행,특별광역시도,난곡사거리,37.481794,126.9145059,관악구,
2019,4,26,금요일,16,경상사고,0,0,2,0,38,남,15년이상,,승합,사업용,승합,진입회전사고,맑음,주간,차대차,측면직각충돌,안전운전불이행,특별광역시도,난곡사거리,37.481794,126.9145059,관악구,
2017,2,22,수요일,2,경상사고,0,0,1,0,57,남,15년미만,,승용,사업용,이륜,진입회전사고,맑음,심야,차대차,측면직각충돌,안전운전불이행,특별광역시도,당곡사거리,37.488823,126.92868,관악구,
2017,6,6,화요일,0,경상사고,0,0,1,0,66,남,15년이상,,승용,사업용,보행자,기타사고,맑음,심야,차대사람,차대사람-기타,안전운전불이행,특별광역시도,당곡사거리,37.488823,126.92868,관악구,
2017,6,12,월요일,9,경상사고,0,0,1,0,57,남,15년이상,,승합,사업용,승합,일직선사고,맑음,주간,차대차,추돌(진행중),안전거리미확보,특별광역시도,당곡사거리,37.488823,126.92868,관악구,
2017,7,2,일요일,9,경상사고,0,0,3,0,42,남,15년이상,0,승용,비사업용,승용,일직선사고,비,주간,차대차,추돌(진행중),안전운전불이행,특별광역시도,당곡사거리,37.488823,126.92868,관악구,
2017,11,8,수요일,5,중상사고,0,1,0,0,69,남,10년미만,,승용,사업용,보행자,진입회전사고,맑음,새벽,차대사람,횡단중,신호위반,특별광역시도,당곡사거리,37.488823,126.92868,관악구,
2018,2,8,목요일,13,중상사고,0,1,0,0,51,남,15년미만,0,승용,비사업용,승용,일직선사고,기타,주간,차대차,추돌(진행중),안전거리미확보,기타,당곡사거리,37.488823,126.92868,관악구,
2018,3,2,금요일,21,중상사고,0,1,0,0,65,남,15년이상,,승용,비사업용,이륜,진입회전사고,맑음,심야,차대차,차대차-기타,신호위반,특별광역시도,당곡사거리,37.488823,126.92868,관악구,
2018,6,10,일요일,7,중상사고,0,1,2,0,35,남,15년미만,,승용,비사업용,승합,진입회전사고,맑음,출퇴근,차대차,측면직각충돌,차로위반,특별광역시도,당곡사거리,37.488823,126.92868,관악구,
2018,6,10,일요일,13,경상사고,0,0,1,0,63,남,15년이상,,승용,사업용,이륜,진입회전사고,맑음,주간,차대차,측면직각충돌,차로위반,특별광역시도,당곡사거리,37.488823,126.92868,관악구,
2018,8,31,금요일,21,경상사고,0,0,1,0,25,남,15년이상,,승용,비사업용,이륜,일직선사고,맑음,심야,차대차,추돌(진행중),안전운전불이행,특별광역시도,당곡사거리,37.488823,126.92868,관악구,
2018,12,7,금요일,0,경상사고,0,0,1,0,60,남,15년이상,,승용,사업용,기타,단독사고,맑음,심야,차량단독,공작물추돌,안전운전불이행,기타,당곡사거리,37.488823,126.92868,관악구,
2018,12,30,일요일,17,중상사고,0,1,0,0,59,남,15년이상,,승용,사업용,보행자,진입회전사고,맑음,주간,차대사람,횡단중,신호위반,기타,당곡사거리,37.488823,126.92868,관악구,