년도,월,일,요일,시각,사고등급,사망자수,중상자수,경상자수,부상자수,연령,성별,경력,음주,종별,용도,관련자2,사고형태,기상상태,일광상태,사고유형1,사고유형2,법규위반,도로종류,지점명,위도,경도,자치구,
2017,2,23,목요일,23,경상사고,0,0,1,0,59,남,15년이상,,승용,사업용,원동기,진입회전사고,맑음,심야,차대차,정면충돌,신호위반,특별광역시도,서울대입구역사거리,37.4804979,126.9527182,관악구,
2017,4,17,월요일,5,경상사고,0,0,1,0,58,남,15년이상,,승용,비사업용,보행자,기타사고,맑음,새벽,차대사람,차대사람-기타,안전운전불이행,특별광역시도,서울대입구역사거리,37.4804979,126.9527182,관악구,
2017,6,10,토요일,17,중상사고,0,1,1,0,57,남,15년이상,,승용,사업용,승용,진입회전사고,맑음,주간,차대차,측면직각충돌,직진우회전진행방해,특별광역시도,서울대입구역사거리,37.4804979,126.9527182,관악구,
2017,7,23,일요일,13,중상사고,0,1,0,0,64,남,15년이상,,승용,사업용,승용,진입회전사고,맑음,주간,차대차,정면충돌,신호위반,특별광역시도,서울대입구역사거리,37.4804979,126.9527182,관악구,
2017,8,22,화요일,9,중상사고,0,1,0,0,32,여,15년이상,,승용,비사업용,이륜,진입회전사고,맑음,주간,차대차,측면직각충돌,교차로운행방법위반,특별광역시도,서울대입구역사거리,37.4804979,126.9527182,관악구,
2017,8,30,수요일,23,경상사고,0,0,2,0,66,남,15년이상,,승용,사업용,승용,기타사고,맑음,심야,차대차,차대차-기타,안전운전불이행,특별광역시도,서울대입구역사거리,37.4804979,126.9527182,관악구,
2017,9,8,금요일,8,경상사고,0,0,2,0,45,여,15년미만,,승용,비사업용,승용,일직선사고,맑음,출퇴근,차대차,추돌(진행중),안전거리미확보,특별광역시도,서울대입구역사거리,37.4804979,126.9527182,관악구,
2017,10,9,월요일,3,경상사고,0,0,1,0,47,남,2년미만,,승용,비사업용,기타,진입회전사고,맑음,심야,차대차,측면직각충돌,차로위반,특별광역시도,서울대입구역사거리,37.4804979,126.9527182,관악구,
2018,1,13,토요일,20,경상사고,0,0,1,0,32,남,15년이상,,승용,비사업용,이륜,진입회전사고,맑음,출퇴근,차대차,측면직각충돌,안전거리미확보,특별광역시도,서울대입구역사거리,37.4804979,126.9527182,관악구,
2018,2,26,월요일,17,경상사고,0,0,1,0,52,남,15년이상,,승용,비사업용,보행자,진입회전사고,맑음,주간,차대사람,차대사람-기타,신호위반,특별광역시도,서울대입구역사거리,37.4804979,126.9527182,관악구,
2018,4,22,일요일,7,경상사고,0,0,1,0,28,여,15년이상,0,승용,비사업용,승용,일직선사고,비,출퇴근,차대차,추돌(진행중),안전운전불이행,특별광역시도,서울대입구역사거리,37.4804979,126.9527182,관악구,
2018,4,29,일요일,11,경상사고,0,0,1,0,56,남,15년이상,,화물,비사업용,화물,진입회전사고,맑음,주간,차대차,측면직각충돌,교차로운행방법위반,기타,서울대입구역사거리,37.4804979,126.9527182,관악구,
2018,4,23,월요일,16,중상사고,0,1,0,0,54,남,2년미만,,승용,비사업용,이륜,진입회전사고,비,주간,차대차,차대차-기타,신호위반,특별광역시도,서울대입구역사거리,37.4804979,126.9527182,관악구,
2018,7,12,목요일,6,경상사고,0,0,1,0,59,남,15년이상,,승합,사업용,보행자,기타사고,맑음,새벽,차대사람,차대사람-기타,안전운전불이행,특별광역시도,서울대입구역사거리,37.4804979,126.9527182,관악구,
2018,7,22,일요일,15,중상사고,0,1,0,0,61,남,15년이상,,화물,사업용,이륜,진입회전사고,맑음,주간,차대차,차대차-기타,신호위반,기타,서울대입구역사거리,37.4804979,126.9527182,관악구,
2018,8,31,금요일,10,경상사고,0,0,1,1,28,남,10년미만,,화물,사업용,화물,일직선사고,맑음,주간,차대차,추돌(진행중),안전거리미확보,특별광역시도,서울대입구역사거리,37.4804979,126.9527182,관악구,
2018,10,2,화요일,6,중상사고,0,1,1,0,32,남,15년미만,0,승용,비사업용,승용,일직선사고,맑음,새벽,차대차,추돌(진행중),안전운전불이행,특별광역시도,서울대입구역사거리,37.4804979,126.9527182,관악구,
2018,11,17,토요일,3,중상사고,0,2,1,0,57,남,15년이상,,승용,사업용,이륜,진입회전사고,맑음,심야,차대차,측면직각충돌,신호위반,기타,서울대입구역사거리,37.4804979,126.9527182,관악구,
2018,12,31,월요일,0,중상사고,0,1,0,0,61,여,15년이상,,승용,사업용,이륜,진입회전사고,맑음,심야,차대차,측면직각충돌,교차로운행방법위반,특별광역시도,서울대입구역사거리,37.4804979,126.9527182,관악구,
2018,12,23,일요일,20,중상사고,0,1,0,0,54,남,15년미만,,승용,비사업용,보행자,기타사고,맑음,출퇴근,차대사람,차대사람-기타,안전운전불이행,특별광역시도,서울대입구역사거리,37.4804979,126.9527182,관악구,
2019,1,4,금요일,12,경상사고,0,0,1,0,28,남,10년미만,,승용,비사업용,승용,진입회전사고,맑음,주간,차대차,측면직각충돌,차로위반,특별광역시도,서울대입구역사거리,37.4804979,126.9527182,관악구,
2019,4,6,토요일,1,경상사고,0,0,1,0,53,여,15년이상,,승용,비사업용,승용,진입회전사고,맑음,심야,차대차,측면직각충돌,차로위반,특별광역시도,서울대입구역사거리,37.4804979,126.9527182,관악구,
2019,4,26,금요일,1,경상사고,0,0,1,0,61,남,15년이상,,승용,사업용,보행자,보행횡단사고,맑음,심야,차대사람,횡단중,안전운전불이행,기타,서울대입구역사거리,37.4804979,126.9527182,관악구,
2019,4,13,토요일,5,중상사고,0,1,0,0,58,남,15년이상,,승용,비사업용,보행자,진입회전사고,맑음,새벽,차대사람,횡단중,신호위반,특별광역시도,서울대입구역사거리,37.4804979,126.9527182,관악구,
2019,4,12,금요일,17,경상사고,0,0,2,0,62,남,15년이상,,승합,사업용,이륜,기타사고,맑음,주간,차대차,차대차-기타,안전운전불이행,특별광역시도,서울대입구역사거리,37.4804979,126.9527182,관악구,
2019,5,15,수요일,23,경상사고,0,0,1,0,49,남,15년미만,,승용,비사업용,이륜,기타사고,기타,심야,차대차,차대차-기타,안전운전불이행,특별광역시도,서울대입구역사거리,37.4804979,126.9527182,관악구,
2019,6,1,토요일,18,경상사고,0,0,1,0,79,남,15년이상,,승용,비사업용,승용,진입회전사고,맑음,출퇴근,차대차,차대차-기타,신호위반,특별광역시도,서울대입구역사거리,37.4804979,126.9527182,관악구,
2019,7,7,일요일,9,중상사고,0,1,0,0,73,남,15년이상,,승용,비사업용,보행자,진입회전사고,맑음,주간,차대사람,횡단중,신호위반,특별광역시도,서울대입구역사거리,37.4804979,126.9527182,관악구,
2019,7,6,토요일,9,경상사고,0,0,1,0,61,남,15년이상,,승용,비사업용,이륜,진입회전사고,맑음,주간,차대차,측면직각충돌,안전거리미확보,특별광역시도,서울대입구역사거리,37.4804979,126.9527182,관악구,
2019,7,4,목요일,13,경상사고,0,0,3,0,59,남,15년이상,,승용,비사업용,승용,진입회전사고,맑음,주간,차대차,측면직각충돌,교차로운행방법위반,특별광역시도,서울대입구역사거리,37.4804979,126.9527182,관악구,
2019,8,9,금요일,16,경상사고,0,0,1,0,36,여,15년이상,,승용,비사업용,승용,진입회전사고,맑음,주간,차대차,측면직각충돌,차로위반,특별광역시도,서울대입구역사거리,37.4804979,126.9527182,관악구,
2019,8,21,수요일,17,경상사고,0,0,1,0,58,여,15년이상,,승용,비사업용,승용,진입회전사고,맑음,주간,차대차,차대차-기타,신호위반,특별광역시도,서울대입구역사거리,37.4804979,126.9527182,관악구,
2019,9,3,화요일,0,경상사고,0,0,1,0,57,남,15년이상,,승용,사업용,승용,기타사고,맑음,심야,차대차,차대차-기타,교차로운행방법위반,특별광역시도,서울대입구역사거리,37.4804979,126.9527182,관악구,
2019,9,24,화요일,4,중상사고,0,2,1,0,72,남,15년이상,,승합,비사업용,승합,진입회전사고,맑음,심야,차대차,측면직각충돌,신호위반,특별광역시도,서울대입구역사거리,37.4804979,126.9527182,관악구,
2019,10,20,일요일,15,경상사고,0,0,2,0,47,여,15년이상,,승용,비사업용,승용,진입회전사고,맑음,주간,차대차,차대차-기타,신호위반,특별광역시도,서울대입구역사거리,37.4804979,126.9527182,관악구,
2019,10,3,목요일,22,경상사고,0,0,1,0,54,남,15년미만,,승용,사업용,이륜,기타사고,맑음,심야,차대차,차대차-기타,안전운전불이행,특별광역시도,서울대입구역사거리,37.4804979,126.9527182,관악구,
2019,11,26,화요일,18,경상사고,0,0,1,0,51,남,15년이상,,승용,사업용,승용,진입회전사고,맑음,출퇴근,차대차,측면직각충돌,안전거리미확보,특별광역시도,서울대입구역사거리,37.4804979,126.9527182,관악구,
2017,1,3,화요일,21,경상사고,0,0,1,0,39,남,15년이상,0,승용,비사업용,승용,기타사고,맑음,심야,차대차,차대차-기타,안전운전불이행,특별광역시도,서울대입구역사거리,37.4804979,126.9527182,관악구,
2017,3,26,일요일,3,중상사고,0,1,1,0,45,남,15년미만,,이륜,기타,보행자,보행횡단사고,맑음,심야,차대사람,횡단중,안전운전불이행,특별광역시도,서울대입구역사거리,37.4804979,126.9527182,관악구,
2017,5,20,토요일,14,경상사고,0,0,1,0,60,남,15년이상,,승용,비사업용,승합,기타사고,맑음,주간,차대차,차대차-기타,안전거리미확보,특별광역시도,서울대입구역사거리,37.4804979,126.9527182,관악구,
2017,5,14,일요일,15,중상사고,0,1,0,0,37,남,15년이상,,승합,사업용,이륜,기타사고,맑음,주간,차대차,차대차-기타,안전운전불이행,특별광역시도,서울대입구역사거리,37.4804979,126.9527182,관악구,
2017,5,10,수요일,18,경상사고,0,0,1,0,64,여,15년이상,,승용,비사업용,이륜,기타사고,맑음,출퇴근,차대차,차대차-기타,안전운전불이행,특별광역시도,서울대입구역사거리,37.4804979,126.9527182,관악구,
2017,5,2,화요일,21,경상사고,0,0,1,0,54,남,15년미만,,이륜,기타,이륜,진입회전사고,맑음,심야,차대차,차대차-기타,신호위반,특별광역시도,서울대입구역사거리,37.4804979,126.9527182,관악구,
2017,8,9,수요일,23,경상사고,0,0,1,0,30,남,15년이상,0,승용,비사업용,보행자,보행횡단사고,비,심야,차대사람,보도통행중,데이터없음,특별광역시도,서울대입구역사거리,37.4804979,126.9527182,관악구,
2017,9,8,금요일,1,경상사고,0,0,1,0,68,여,15년이상,,승합,비사업용,승합,진입회전사고,맑음,심야,차대차,정면충돌,신호위반,특별광역시도,서울대입구역사거리,37.4804979,126.9527182,관악구,
2017,11,15,수요일,17,경상사고,0,0,1,0,59,남,15년이상,,화물,비사업용,화물,진입회전사고,맑음,주간,차대차,차대차-기타,신호위반,특별광역시도,서울대입구역사거리,37.4804979,126.9527182,관악구,
2018,2,24,토요일,13,부상사고,0,0,0,1,불명,불명,데이터오류,,기타,기타,기타,기타사고,맑음,주간,차대사람,길가장자리구역통행중,안전운전불이행,기타,서울대입구역사거리,37.4804979,126.9527182,관악구,
2018,2,12,월요일,14,중상사고,0,1,0,0,59,남,15년이상,,승용,사업용,승용,진입회전사고,맑음,주간,차대차,측면직각충돌,안전거리미확보,특별광역시도,서울대입구역사거리,37.4804979,126.9527182,관악구,
2018,2,10,토요일,19,경상사고,0,0,1,0,47,남,15년이상,,승용,비사업용,승용,진입회전사고,기타,출퇴근,차대차,측면직각충돌,안전운전불이행,기타,서울대입구역사거리,37.4804979,126.9527182,관악구,
2018,6,11,월요일,7,경상사고,0,0,1,0,23,남,5년미만,,승용,비사업용,승용,진입회전사고,맑음,출퇴근,차대차,측면직각충돌,안전거리미확보,특별광역시도,서울대입구역사거리,37.4804979,126.9527182,관악구,
2018,7,18,수요일,11,경상사고,0,0,1,0,35,남,15년미만,,화물,사업용,보행자,기타사고,맑음,주간,차대사람,길가장자리구역통행중,안전운전불이행,기타,서울대입구역사거리,37.4804979,126.9527182,관악구,
2018,8,4,토요일,9,중상사고,0,1,1,0,41,남,15년이상,,승용,비사업용,이륜,진입회전사고,맑음,주간,차대차,측면직각충돌,신호위반,특별광역시도,서울대입구역사거리,37.4804979,126.9527182,관악구,
2018,8,17,금요일,18,경상사고,0,0,1,0,42,남,15년미만,,승합,사업용,승합,일직선사고,맑음,출퇴근,차대차,추돌(진행중),직진우회전진행방해,특별광역시도,서울대입구역사거리,37.4804979,126.9527182,관악구,
2018,9,21,금요일,23,중상사고,0,1,1,0,29,남,10년미만,0,승용,비사업용,승용,진입회전사고,맑음,심야,차대차,측면직각충돌,안전운전불이행,특별광역시도,서울대입구역사거리,37.4804979,126.9527182,관악구,
2018,10,29,월요일,18,경상사고,0,0,1,0,40,여,15년미만,,승용,비사업용,승용,진입회전사고,맑음,출퇴근,차대차,측면직각충돌,안전거리미확보,특별광역시도,서울대입구역사거리,37.4804979,126.9527182,관악구,
2018,11,5,월요일,11,경상사고,0,0,2,0,45,남,15년미만,,화물,사업용,화물,일직선사고,맑음,주간,차대차,추돌(진행중),안전운전불이행,특별광역시도,서울대입구역사거리,37.4804979,126.9527182,관악구,
2018,11,4,일요일,13,경상사고,0,0,1,0,41,남,15년이상,,승용,비사업용,승용,진입회전사고,맑음,주간,차대차,측면직각충돌,안전거리미확보,특별광역시도,서울대입구역사거리,37.4804979,126.9527182,관악구,
2018,11,29,목요일,15,경상사고,0,0,1,0,56,남,10년미만,,승용,비사업용,승용,진입회전사고,맑음,주간,차대차,측면직각충돌,차로위반,특별광역시도,서울대입구역사거리,37.4804979,126.9527182,관악구,
2018,12,11,화요일,3,경상사고,0,0,3,0,43,여,15년이상,,승용,비사업용,이륜,진입회전사고,맑음,심야,차대차,측면직각충돌,신호위반,기타,서울대입구역사거리,37.4804979,126.9527182,관악구,
2018,12,10,월요일,21,경상사고,0,0,1,0,38,남,15년이상,,승합,사업용,화물,진입회전사고,맑음,심야,차대차,측면직각충돌,차로위반,특별광역시도,서울대입구역사거리,37.4804979,126.9527182,관악구,
2018,12,25,화요일,21,경상사고,0,0,1,0,57,남,15년이상,,승용,사업용,승용,일직선사고,맑음,심야,차대차,추돌(진행중),안전거리미확보,특별광역시도,서울대입구역사거리,37.4804979,126.9527182,관악구,
2019,3,29,금요일,16,경상사고,0,0,1,0,19,남,3년미만,,승용,사업용,승용,기타사고,맑음,주간,차대차,차대차-기타,안전운전불이행,특별광역시도,서울대입구역사거리,37.4804979,126.9527182,관악구,
2019,3,29,금요일,22,경상사고,0,0,1,0,26,남,1년미만,,승용,비사업용,보행자,기타사고,맑음,심야,차대사람,차도통행중,안전운전불이행,특별광역시도,서울대입구역사거리,37.4804979,126.9527182,관악구,
2019,4,11,목요일,3,중상사고,0,1,0,0,54,남,15년이상,,승용,사업용,보행자,기타사고,맑음,심야,차대사람,차도통행중,안전운전불이행,특별광역시도,서울대입구역사거리,37.4804979,126.9527182,관악구,
2019,4,28,일요일,12,부상사고,0,0,0,1,52,남,15년이상,,승합,사업용,이륜,진입회전사고,맑음,주간,차대차,차대차-기타,신호위반,기타,서울대입구역사거리,37.4804979,126.9527182,관악구,
2019,5,26,일요일,12,중상사고,0,1,3,0,64,남,15년이상,,승용,비사업용,승용,진입회전사고,맑음,주간,차대차,정면충돌,신호위반,특별광역시도,서울대입구역사거리,37.4804979,126.9527182,관악구,
2019,6,6,목요일,13,경상사고,0,0,1,0,79,남,15년이상,,승용,비사업용,이륜,기타사고,맑음,주간,차대차,차대차-기타,안전운전불이행,기타,서울대입구역사거리,37.4804979,126.9527182,관악구,
2019,6,7,금요일,13,경상사고,0,0,1,0,57,남,3년미만,,화물,사업용,화물,진입회전사고,맑음,주간,차대차,측면직각충돌,안전운전불이행,기타,서울대입구역사거리,37.4804979,126.9527182,관악구,
2019,8,22,목요일,15,경상사고,0,0,1,0,65,남,15년이상,,승용,비사업용,승합,진입회전사고,맑음,주간,차대차,측면직각충돌,신호위반,특별광역시도,서울대입구역사거리,37.4804979,126.9527182,관악구,
2019,9,28,토요일,10,경상사고,0,0,1,0,43,남,15년이상,,승용,비사업용,이륜,기타사고,맑음,주간,차대차,차대차-기타,안전거리미확보,특별광역시도,서울대입구역사거리,37.4804979,126.9527182,관악구,
2019,9,30,월요일,22,경상사고,0,0,1,0,30,남,15년이상,,승합,비사업용,이륜,진입회전사고,맑음,심야,차대차,측면직각충돌,신호위반,특별광역시도,서울대입구역사거리,37.4804979,126.9527182,관악구,
2019,10,7,월요일,16,경상사고,0,0,1,0,46,남,15년이상,,승합,사업용,승합,진입회전사고,맑음,주간,차대차,측면직각충돌,안전거리미확보,특별광역시도,서울대입구역사거리,37.4804979,126.9527182,관악구,
2019,11,30,토요일,13,부상사고,0,0,0,1,53,여,15년이상,,승용,비사업용,보행자,보행횡단사고,맑음,주간,차대사람,횡단중,보행자보호의무위반,특별광역시도,서울대입구역사거리,37.4804979,126.9527182,관악구,
2019,11,15,금요일,16,경상사고,0,0,1,0,56,남,15년이상,,승용,비사업용,이륜,진입회전사고,비,주간,차대차,추돌(진행중),신호위반,특별광역시도,서울대입구역사거리,37.4804979,126.9527182,관악구,
2017,1,10,화요일,11,경상사고,0,0,1,1,51,남,15년이상,,승용,사업용,승합,기타사고,맑음,주간,차대차,차대차-기타,안전거리미확보,특별광역시도,서울대입구역사거리,37.4804979,126.9527182,관악구,
2017,9,3,일요일,0,부상사고,0,0,0,1,25,남,10년미만,,승용,비사업용,보행자,기타사고,맑음,심야,차대사람,차도통행중,안전운전불이행,특별광역시도,서울대입구역사거리,37.4804979,126.9527182,관악구,
2018,5,31,목요일,8,경상사고,0,0,1,0,49,남,15년미만,,승용,사업용,승용,일직선사고,맑음,출퇴근,차대차,추돌(진행중),안전운전불이행,특별광역시도,서울대입구역사거리,37.4804979,126.9527182,관악구,
2018,6,1,금요일,1,경상사고,0,0,1,0,53,여,15년이상,,승용,비사업용,승용,진입회전사고,맑음,심야,차대차,측면직각충돌,차로위반,특별광역시도,서울대입구역사거리,37.4804979,126.9527182,관악구,
2018,12,25,화요일,1,경상사고,0,0,1,0,24,남,15년이상,,승용,비사업용,자전거,기타사고,맑음,심야,차대차,차대차-기타,불법유턴,특별광역시도,서울대입구역사거리,37.4804979,126.9527182,관악구,
2019,4,15,월요일,20,경상사고,0,0,1,0,53,남,15년이상,,승용,사업용,자전거,진입회전사고,맑음,출퇴근,차대차,측면직각충돌,불법유턴,특별광역시도,서울대입구역사거리,37.4804979,126.9527182,관악구,
2019,7,24,수요일,13,경상사고,0,0,1,0,61,남,15년이상,,승용,사업용,승용,진입회전사고,비,주간,차대차,측면직각충돌,신호위반,특별광역시도,서울대입구역사거리,37.4804979,126.9527182,관악구,
2019,8,1,목요일,22,중상사고,0,1,0,0,60,여,15년이상,,승용,비사업용,이륜,진입회전사고,맑음,심야,차대차,차대차-기타,신호위반,특별광역시도,서울대입구역사거리,37.4804979,126.9527182,관악구,
2017,5,16,화요일,1,경상사고,0,0,2,0,38,남,15년이상,,승용,비사업용,승용,일직선사고,맑음,심야,차대차,정면충돌,안전운전불이행,기타,서울미술고삼거리,37.476492,126.965607,관악구,
2017,5,7,일요일,17,부상사고,0,0,0,1,24,남,2년미만,,승용,비사업용,이륜,기타사고,맑음,주간,차대차,차대차-기타,안전운전불이행,특별광역시도,서울미술고삼거리,37.476492,126.965607,관악구,
2017,6,26,월요일,7,경상사고,0,0,1,0,58,남,15년이상,,승용,비사업용,보행자,기타사고,맑음,출퇴근,차대사람,차대사람-기타,안전운전불이행,특별광역시도,서울미술고삼거리,37.476492,126.965607,관악구,
2017,6,21,수요일,23,경상사고,0,0,2,0,47,남,2년미만,,승용,비사업용,이륜,진입회전사고,맑음,심야,차대차,차대차-기타,신호위반,특별광역시도,서울미술고삼거리,37.476492,126.965607,관악구,
2017,8,20,일요일,8,경상사고,0,0,3,0,26,남,15년이상,0,승용,비사업용,화물,일직선사고,흐림,출퇴근,차대차,추돌(진행중),안전운전불이행,특별광역시도,서울미술고삼거리,37.476492,126.965607,관악구,
2018,1,25,목요일,10,경상사고,0,0,1,0,56,남,15년이상,,승용,사업용,화물,일직선사고,맑음,주간,차대차,추돌(진행중),안전운전불이행,특별광역시도,서울미술고삼거리,37.476492,126.965607,관악구,
2018,3,6,화요일,23,경상사고,0,0,2,0,35,남,15년이상,0,승용,비사업용,승용,일직선사고,맑음,심야,차대차,추돌(진행중),안전거리미확보,특별광역시도,서울미술고삼거리,37.476492,126.965607,관악구,
2018,4,13,금요일,21,중상사고,0,1,0,0,16,남,1년미만,,이륜,기타,보행자,진입회전사고,맑음,심야,차대사람,횡단중,신호위반,특별광역시도,서울미술고삼거리,37.476492,126.965607,관악구,
2018,5,12,토요일,11,경상사고,0,0,1,0,60,남,1년미만,,승용,사업용,승용,일직선사고,기타,주간,차대차,추돌(진행중),안전운전불이행,기타,서울미술고삼거리,37.476492,126.965607,관악구,
2018,6,23,토요일,22,중상사고,0,1,1,0,24,남,2년미만,,이륜,기타,이륜,진입회전사고,맑음,심야,차대차,측면직각충돌,신호위반,특별광역시도,서울미술고삼거리,37.476492,126.965607,관악구,
2018,7,26,목요일,2,중상사고,0,1,0,0,28,남,15년이상,0,이륜,기타,기타,단독사고,맑음,심야,차량단독,공작물추돌,안전운전불이행,특별광역시도,서울미술고삼거리,37.476492,126.965607,관악구,
2018,7,31,화요일,14,중상사고,0,1,0,0,39,남,15년이상,,승용,사업용,승용,일직선사고,맑음,주간,차대차,추돌(진행중),안전거리미확보,특별광역시도,서울미술고삼거리,37.476492,126.965607,관악구,
2018,8,16,목요일,14,경상사고,0,0,1,0,65,남,15년미만,,승용,비사업용,승용,기타사고,맑음,주간,차대차,차대차-기타,안전운전불이행,특별광역시도,서울미술고삼거리,37.476492,126.965607,관악구,
2018,9,5,수요일,6,경상사고,0,0,1,0,39,남,15년이상,,승용,사업용,승용,진입회전사고,맑음,새벽,차대차,측면직각충돌,차로위반,특별광역시도,서울미술고삼거리,37.476492,126.965607,관악구,
2018,12,13,목요일,0,중상사고,0,1,2,0,36,남,15년이상,0,승용,비사업용,승용,일직선사고,맑음,심야,차대차,추돌(진행중),기타,특별광역시도,서울미술고삼거리,37.476492,126.965607,관악구,
2018,12,1,토요일,2,중상사고,0,1,0,0,60,남,15년이상,,승용,사업용,보행자,보행횡단사고,맑음,심야,차대사람,횡단중,안전운전불이행,특별광역시도,서울미술고삼거리,37.476492,126.965607,관악구,
2018,12,19,수요일,15,경상사고,0,0,1,0,30,남,15년미만,,승용,비사업용,화물,일직선사고,맑음,주간,차대차,추돌(진행중),안전거리미확보,특별광역시도,서울미술고삼거리,37.476492,126.965607,관악구,
2019,1,14,월요일,3,경상사고,0,0,1,0,65,남,15년이상,,승용,사업용,승용,진입회전사고,맑음,심야,차대차,측면직각충돌,안전거리미확보,특별광역시도,서울미술고삼거리,37.476492,126.965607,관악구,
2019,1,30,수요일,4,중상사고,0,1,0,0,67,남,15년이상,,승용,사업용,보행자,보행횡단사고,기타,심야,차대사람,횡단중,안전운전불이행,특별광역시도,서울미술고삼거리,37.476492,126.965607,관악구,
2019,2,10,일요일,0,중상사고,0,1,0,0,63,남,15년이상,,승용,사업용,보행자,보행횡단사고,맑음,심야,차대사람,횡단중,안전운전불이행,특별광역시도,서울미술고삼거리,37.476492,126.965607,관악구,
2019,2,21,목요일,23,경상사고,0,0,1,0,불명,불명,데이터오류,,기타,데이터오류,기타,진입회전사고,맑음,심야,차대사람,횡단중,신호위반,특별광역시도,서울미술고삼거리,37.476492,126.965607,관악구,
2019,5,3,금요일,7,중상사고,0,1,0,0,46,남,15년이상,,승용,비사업용,보행자,기타사고,맑음,출퇴근,차대사람,차대사람-기타,보행자보호의무위반,특별광역시도,서울미술고삼거리,37.476492,126.965607,관악구,
2019,5,30,목요일,19,부상사고,0,0,0,1,47,남,15년이상,,승용,사업용,승용,일직선사고,맑음,출퇴근,차대차,추돌(진행중),안전운전불이행,특별광역시도,서울미술고삼거리,37.476492,126.965607,관악구,
2019,6,6,목요일,4,경상사고,0,0,1,0,49,남,4년미만,0,승용,비사업용,승용,기타사고,맑음,심야,차대차,차대차-기타,안전운전불이행,특별광역시도,서울미술고삼거리,37.476492,126.965607,관악구,
2019,8,30,금요일,16,중상사고,0,1,0,0,28,여,3년미만,,승용,비사업용,보행자,보행횡단사고,맑음,주간,차대사람,보도통행중,안전운전불이행,특별광역시도,서울미술고삼거리,37.476492,126.965607,관악구,
2019,11,11,월요일,8,경상사고,0,0,1,0,69,남,15년이상,,승합,사업용,승합,기타사고,맑음,출퇴근,차대차,차대차-기타,안전운전불이행,특별광역시도,서울미술고삼거리,37.476492,126.965607,관악구,
2019,12,23,월요일,22,중상사고,0,2,0,0,70,남,15년이상,,승용,사업용,이륜,기타사고,맑음,심야,차대차,차대차-기타,안전거리미확보,특별광역시도,서울미술고삼거리,37.476492,126.965607,관악구,
2017,1,5,목요일,3,경상사고,0,0,1,0,31,여,15년이상,0,승용,비사업용,승용,일직선사고,맑음,심야,차대차,정면충돌,안전운전불이행,특별광역시도,신대방역,37.487519,126.913282,관악구,
2017,1,19,목요일,10,중상사고,0,1,0,0,54,남,15년이상,,승용,비사업용,원동기,진입회전사고,맑음,주간,차대차,정면충돌,신호위반,특별광역시도,신대방역,37.487519,126.913282,관악구,
2017,1,15,일요일,21,경상사고,0,0,1,0,48,남,15년이상,,승합,사업용,보행자,기타사고,맑음,심야,차대사람,차대사람-기타,안전운전불이행,특별광역시도,신대방역,37.487519,126.913282,관악구,
2017,2,12,일요일,20,중상사고,0,1,0,0,56,여,15년이상,,승용,비사업용,승용,진입회전사고,맑음,출퇴근,차대차,정면충돌,신호위반,특별광역시도,신대방역,37.487519,126.913282,관악구,
2017,4,25,화요일,16,부상사고,0,0,0,1,64,남,15년이상,,승합,사업용,승합,기타사고,맑음,주간,차대차,차대차-기타,안전운전불이행,특별광역시도,신대방역,37.487519,126.913282,관악구,
2017,5,15,월요일,12,경상사고,0,0,1,1,13,남,15년이상,,자전거,기타,자전거,일직선사고,맑음,주간,차대차,정면충돌,안전운전불이행,특별광역시도,신대방역,37.487519,126.913282,관악구,
2017,7,8,토요일,0,중상사고,0,3,2,1,70,남,15년이상,,승용,사업용,승용,진입회전사고,맑음,심야,차대차,정면충돌,신호위반,특별광역시도,신대방역,37.487519,126.913282,관악구,
2017,7,30,일요일,17,경상사고,0,0,1,0,54,남,15년미만,,화물,비사업용,이륜,일직선사고,맑음,주간,차대차,정면충돌,데이터없음,특별광역시도,신대방역,37.487519,126.913282,관악구,
2017,10,30,월요일,2,부상사고,0,0,0,1,64,남,15년이상,,승용,사업용,보행자,진입회전사고,맑음,심야,차대사람,횡단중,신호위반,특별광역시도,신대방역,37.487519,126.913282,관악구,
2017,10,7,토요일,23,경상사고,0,0,1,0,53,남,15년이상,,승용,사업용,승용,일직선사고,맑음,심야,차대차,추돌(진행중),안전운전불이행,특별광역시도,신대방역,37.487519,126.913282,관악구,
2017,11,15,수요일,0,중상사고,0,1,0,0,57,남,15년이상,,승용,사업용,승용,진입회전사고,맑음,심야,차대차,차대차-기타,신호위반,특별광역시도,신대방역,37.487519,126.913282,관악구,
2017,12,23,토요일,19,부상사고,0,0,0,1,35,남,15년미만,,승용,비사업용,이륜,일직선사고,기타,출퇴근,차대차,추돌(진행중),안전운전불이행,기타,신대방역,37.487519,126.913282,관악구,
2018,2,25,일요일,0,중상사고,0,2,2,0,27,여,4년미만,,승용,비사업용,이륜,기타사고,맑음,심야,차대차,차대차-기타,기타,특별광역시도,신대방역,37.487519,126.913282,관악구,
2018,2,9,금요일,13,경상사고,0,0,1,0,42,여,15년이상,,승용,비사업용,승용,기타사고,맑음,주간,차대차,차대차-기타,교차로운행방법위반,특별광역시도,신대방역,37.487519,126.913282,관악구,