년도,월,일,요일,시각,사고등급,사망자수,중상자수,경상자수,부상자수,연령,성별,경력,음주,종별,용도,관련자2,사고형태,기상상태,일광상태,사고유형1,사고유형2,법규위반,도로종류,지점명,위도,경도,자치구,
2019,12,24,화요일,19,경상사고,0,0,1,0,59,남,15년이상,,승합,사업용,승합,기타사고,맑음,출퇴근,차대차,차대차-기타,차로위반,특별광역시도,양지병원앞삼거리,37.4842166,126.9325109,관악구,
2017,2,4,토요일,16,중상사고,0,1,0,0,20,남,2년미만,,승용,사업용,승용,일직선사고,맑음,주간,차대차,추돌(진행중),안전거리미확보,특별광역시도,원당초앞사거리,37.48011,126.955763,관악구,
2017,3,18,토요일,11,경상사고,0,0,1,0,66,여,15년이상,,승용,비사업용,승용,진입회전사고,맑음,주간,차대차,측면직각충돌,안전운전불이행,특별광역시도,원당초앞사거리,37.48011,126.955763,관악구,
2017,5,23,화요일,1,중상사고,0,1,1,0,32,남,10년미만,0,승용,비사업용,승용,진입회전사고,맑음,심야,차대차,측면직각충돌,신호위반,특별광역시도,원당초앞사거리,37.48011,126.955763,관악구,
2017,5,24,수요일,19,경상사고,0,0,6,0,31,남,15년미만,,승용,비사업용,승용,기타사고,맑음,출퇴근,차대차,차대차-기타,안전운전불이행,특별광역시도,원당초앞사거리,37.48011,126.955763,관악구,
2017,6,23,금요일,16,경상사고,0,0,1,0,48,여,15년이상,,승용,비사업용,이륜,기타사고,맑음,주간,차대차,차대차-기타,안전운전불이행,특별광역시도,원당초앞사거리,37.48011,126.955763,관악구,
2017,6,13,화요일,21,중상사고,0,1,0,0,71,남,15년이상,,승용,사업용,이륜,기타사고,맑음,심야,차대차,차대차-기타,데이터없음,특별광역시도,원당초앞사거리,37.48011,126.955763,관악구,
2017,7,22,토요일,17,경상사고,0,0,1,0,48,남,15년미만,,승용,비사업용,승용,진입회전사고,맑음,주간,차대차,측면직각충돌,교차로운행방법위반,특별광역시도,원당초앞사거리,37.48011,126.955763,관악구,
2017,7,11,화요일,23,경상사고,0,0,1,0,불명,불명,데이터오류,,기타,데이터오류,기타,보행횡단사고,흐림,심야,차대사람,횡단중,안전운전불이행,특별광역시도,원당초앞사거리,37.48011,126.955763,관악구,
2017,9,16,토요일,2,경상사고,0,0,1,0,25,남,10년미만,,승용,비사업용,승용,진입회전사고,맑음,심야,차대차,측면직각충돌,차로위반,특별광역시도,원당초앞사거리,37.48011,126.955763,관악구,
2017,9,28,목요일,21,경상사고,0,0,2,0,47,남,15년이상,,승용,사업용,이륜,진입회전사고,맑음,심야,차대차,측면직각충돌,교차로운행방법위반,특별광역시도,원당초앞사거리,37.48011,126.955763,관악구,
2017,11,28,화요일,16,경상사고,0,0,1,0,51,남,10년미만,,화물,비사업용,보행자,기타사고,맑음,주간,차대사람,차대사람-기타,안전운전불이행,특별광역시도,원당초앞사거리,37.48011,126.955763,관악구,
2018,1,30,화요일,6,중상사고,0,1,0,0,55,남,15년이상,,승용,사업용,보행자,진입회전사고,맑음,새벽,차대사람,횡단중,신호위반,특별광역시도,원당초앞사거리,37.48011,126.955763,관악구,
2018,2,4,일요일,1,중상사고,0,1,1,0,57,남,15년이상,,승용,사업용,승용,일직선사고,맑음,심야,차대차,추돌(진행중),안전운전불이행,특별광역시도,원당초앞사거리,37.48011,126.955763,관악구,
2018,2,2,금요일,16,경상사고,0,0,1,0,58,남,15년이상,,승용,비사업용,이륜,일직선사고,흐림,주간,차대차,추돌(진행중),안전거리미확보,특별광역시도,원당초앞사거리,37.48011,126.955763,관악구,
2018,4,3,화요일,15,경상사고,0,0,2,0,28,남,15년이상,,화물,비사업용,화물,일직선사고,맑음,주간,차대차,추돌(진행중),안전거리미확보,특별광역시도,원당초앞사거리,37.48011,126.955763,관악구,
2018,5,26,토요일,3,중상사고,0,1,2,0,57,남,15년이상,,승용,사업용,승용,일직선사고,맑음,심야,차대차,추돌(진행중),안전운전불이행,기타,원당초앞사거리,37.48011,126.955763,관악구,
2018,5,9,수요일,15,중상사고,0,1,0,0,58,남,15년이상,,승용,사업용,보행자,보행횡단사고,맑음,주간,차대사람,횡단중,안전운전불이행,특별광역시도,원당초앞사거리,37.48011,126.955763,관악구,
2018,5,12,토요일,22,경상사고,0,0,1,0,40,남,15년이상,,승용,사업용,승용,일직선사고,맑음,심야,차대차,추돌(진행중),직진우회전진행방해,특별광역시도,원당초앞사거리,37.48011,126.955763,관악구,
2018,8,28,화요일,21,중상사고,0,5,3,1,25,여,10년미만,,승용,비사업용,승용,진입회전사고,비,심야,차대차,추돌(진행중),신호위반,기타,원당초앞사거리,37.48011,126.955763,관악구,
2018,10,25,목요일,23,중상사고,0,1,0,0,66,남,15년이상,,승용,사업용,이륜,진입회전사고,맑음,심야,차대차,측면직각충돌,차로위반,특별광역시도,원당초앞사거리,37.48011,126.955763,관악구,
2018,11,16,금요일,5,중상사고,0,1,3,0,29,여,15년이상,0,승용,비사업용,승합,진입회전사고,맑음,새벽,차대차,측면직각충돌,안전운전불이행,특별광역시도,원당초앞사거리,37.48011,126.955763,관악구,
2019,2,18,월요일,2,경상사고,0,0,1,0,26,남,데이터오류,,승용,사업용,승용,진입회전사고,맑음,심야,차대차,추돌(진행중),신호위반,특별광역시도,원당초앞사거리,37.48011,126.955763,관악구,
2019,3,14,목요일,0,중상사고,0,1,0,0,58,여,15년이상,,승용,사업용,기타,단독사고,맑음,심야,차량단독,공작물추돌,안전운전불이행,특별광역시도,원당초앞사거리,37.48011,126.955763,관악구,
2019,4,5,금요일,15,경상사고,0,0,1,0,63,여,15년이상,,승용,비사업용,승용,진입회전사고,맑음,주간,차대차,측면직각충돌,안전거리미확보,특별광역시도,원당초앞사거리,37.48011,126.955763,관악구,
2019,5,2,목요일,14,경상사고,0,0,2,0,38,남,15년미만,,승용,비사업용,승용,진입회전사고,맑음,주간,차대차,측면직각충돌,안전거리미확보,특별광역시도,원당초앞사거리,37.48011,126.955763,관악구,
2019,5,20,월요일,18,경상사고,0,0,1,0,18,남,1년미만,,이륜,데이터오류,보행자,보행횡단사고,맑음,출퇴근,차대사람,횡단중,보행자보호의무위반,특별광역시도,원당초앞사거리,37.48011,126.955763,관악구,
2019,5,18,토요일,23,경상사고,0,0,2,0,64,남,15년이상,,승용,사업용,승합,진입회전사고,맑음,심야,차대차,측면직각충돌,신호위반,특별광역시도,원당초앞사거리,37.48011,126.955763,관악구,
2019,6,17,월요일,10,경상사고,0,0,1,0,80,남,15년이상,,승용,사업용,보행자,기타사고,맑음,주간,차대사람,차대사람-기타,안전운전불이행,특별광역시도,원당초앞사거리,37.48011,126.955763,관악구,
2019,7,31,수요일,21,경상사고,0,0,1,0,58,남,15년이상,,화물,비사업용,화물,진입회전사고,비,심야,차대차,측면직각충돌,안전운전불이행,특별광역시도,원당초앞사거리,37.48011,126.955763,관악구,
2019,8,8,목요일,11,중상사고,0,1,0,0,67,남,15년이상,,승용,사업용,자전거,진입회전사고,맑음,주간,차대차,측면직각충돌,신호위반,특별광역시도,원당초앞사거리,37.48011,126.955763,관악구,
2019,9,9,월요일,8,경상사고,0,0,1,0,39,여,15년미만,,승용,비사업용,승용,진입회전사고,맑음,출퇴근,차대차,측면직각충돌,교차로운행방법위반,기타,원당초앞사거리,37.48011,126.955763,관악구,
2019,10,18,금요일,0,경상사고,0,0,3,0,58,남,15년이상,,승용,비사업용,승용,진입회전사고,맑음,심야,차대차,측면직각충돌,안전거리미확보,특별광역시도,원당초앞사거리,37.48011,126.955763,관악구,
2019,11,2,토요일,5,경상사고,0,0,1,0,63,남,15년이상,,승용,사업용,보행자,보행횡단사고,맑음,새벽,차대사람,횡단중,안전운전불이행,특별광역시도,원당초앞사거리,37.48011,126.955763,관악구,
2019,12,12,목요일,11,경상사고,0,0,1,0,52,여,15년이상,,승용,비사업용,승용,일직선사고,맑음,주간,차대차,추돌(진행중),안전운전불이행,특별광역시도,원당초앞사거리,37.48011,126.955763,관악구,
2017,4,21,금요일,11,중상사고,0,1,0,0,29,남,15년이상,,화물,비사업용,보행자,보행횡단사고,맑음,주간,차대사람,횡단중,안전운전불이행,특별광역시도,청암인터그린타워앞삼거리,37.482408,126.929888,관악구,
2017,4,12,수요일,14,경상사고,0,0,1,0,66,남,15년이상,,승용,비사업용,승용,기타사고,맑음,주간,차대차,차대차-기타,안전운전불이행,특별광역시도,청암인터그린타워앞삼거리,37.482408,126.929888,관악구,
2017,4,6,목요일,14,부상사고,0,0,0,1,43,남,15년미만,,화물,사업용,보행자,기타사고,맑음,주간,차대사람,길가장자리구역통행중,안전운전불이행,특별광역시도,청암인터그린타워앞삼거리,37.482408,126.929888,관악구,
2017,6,4,일요일,16,부상사고,0,0,0,1,42,남,15년이상,,승용,비사업용,이륜,기타사고,맑음,주간,차대차,차대차-기타,차로위반,특별광역시도,청암인터그린타워앞삼거리,37.482408,126.929888,관악구,
2017,7,13,목요일,19,경상사고,0,0,1,0,40,남,15년이상,,승용,비사업용,승용,진입회전사고,맑음,출퇴근,차대차,측면직각충돌,안전거리미확보,특별광역시도,청암인터그린타워앞삼거리,37.482408,126.929888,관악구,
2017,7,20,목요일,19,경상사고,0,0,1,0,16,남,1년미만,,원동기,기타,보행자,보행횡단사고,맑음,출퇴근,차대사람,보도통행중,데이터없음,기타,청암인터그린타워앞삼거리,37.482408,126.929888,관악구,
2017,9,26,화요일,21,중상사고,0,2,0,0,19,남,3년미만,,이륜,기타,보행자,보행횡단사고,맑음,심야,차대사람,횡단중,안전운전불이행,특별광역시도,청암인터그린타워앞삼거리,37.482408,126.929888,관악구,
2017,10,13,금요일,21,경상사고,0,0,1,0,24,남,10년미만,,이륜,기타,보행자,보행횡단사고,맑음,심야,차대사람,횡단중,안전운전불이행,특별광역시도,청암인터그린타워앞삼거리,37.482408,126.929888,관악구,
2017,11,3,금요일,5,경상사고,0,0,1,0,43,남,15년이상,,승합,비사업용,보행자,보행횡단사고,맑음,새벽,차대사람,횡단중,안전운전불이행,특별광역시도,청암인터그린타워앞삼거리,37.482408,126.929888,관악구,
2017,11,5,일요일,16,경상사고,0,0,1,0,33,남,15년미만,,승용,비사업용,보행자,기타사고,맑음,주간,차대사람,차도통행중,안전운전불이행,특별광역시도,청암인터그린타워앞삼거리,37.482408,126.929888,관악구,
2017,11,13,월요일,18,부상사고,0,0,0,1,74,남,15년이상,,승용,사업용,이륜,기타사고,맑음,출퇴근,차대차,차대차-기타,안전운전불이행,특별광역시도,청암인터그린타워앞삼거리,37.482408,126.929888,관악구,
2017,12,2,토요일,14,경상사고,0,0,1,0,32,남,15년미만,,승용,비사업용,승용,일직선사고,맑음,주간,차대차,추돌(진행중),안전운전불이행,특별광역시도,청암인터그린타워앞삼거리,37.482408,126.929888,관악구,
2018,2,4,일요일,10,경상사고,0,0,1,0,38,여,15년미만,,승용,비사업용,보행자,기타사고,기타,주간,차대사람,길가장자리구역통행중,안전운전불이행,기타,청암인터그린타워앞삼거리,37.482408,126.929888,관악구,
2018,2,26,월요일,15,경상사고,0,0,2,0,26,남,10년미만,,승용,비사업용,이륜,진입회전사고,맑음,주간,차대차,측면직각충돌,안전운전불이행,특별광역시도,청암인터그린타워앞삼거리,37.482408,126.929888,관악구,
2018,3,9,금요일,8,중상사고,0,2,0,0,48,남,15년이상,,승용,비사업용,이륜,기타사고,맑음,출퇴근,차대차,차대차-기타,기타,특별광역시도,청암인터그린타워앞삼거리,37.482408,126.929888,관악구,
2018,3,17,토요일,14,중상사고,0,1,0,0,26,남,10년미만,,승용,비사업용,자전거,진입회전사고,맑음,주간,차대차,측면직각충돌,교차로운행방법위반,특별광역시도,청암인터그린타워앞삼거리,37.482408,126.929888,관악구,
2018,5,25,금요일,5,경상사고,0,0,1,0,30,남,4년미만,,화물,비사업용,화물,진입회전사고,맑음,새벽,차대차,측면직각충돌,중앙선침범,특별광역시도,청암인터그린타워앞삼거리,37.482408,126.929888,관악구,
2018,5,13,일요일,10,경상사고,0,0,1,0,54,남,15년미만,,승용,비사업용,승용,일직선사고,맑음,주간,차대차,추돌(진행중),안전거리미확보,특별광역시도,청암인터그린타워앞삼거리,37.482408,126.929888,관악구,
2018,6,22,금요일,14,경상사고,0,0,1,0,41,남,10년미만,,이륜,기타,이륜,진입회전사고,맑음,주간,차대차,측면직각충돌,중앙선침범,특별광역시도,청암인터그린타워앞삼거리,37.482408,126.929888,관악구,
2018,6,23,토요일,16,경상사고,0,0,1,0,49,남,데이터오류,,이륜,기타,이륜,진입회전사고,맑음,주간,차대차,측면직각충돌,안전운전불이행,특별광역시도,청암인터그린타워앞삼거리,37.482408,126.929888,관악구,
2018,7,4,수요일,23,중상사고,0,1,4,1,59,남,15년이상,,승용,사업용,승용,일직선사고,맑음,심야,차대차,추돌(진행중),안전운전불이행,특별광역시도,청암인터그린타워앞삼거리,37.482408,126.929888,관악구,
2018,9,7,금요일,19,부상사고,0,0,0,1,불명,불명,데이터오류,,기타,기타,기타,기타사고,기타,출퇴근,차대차,차대차-기타,안전운전불이행,기타,청암인터그린타워앞삼거리,37.482408,126.929888,관악구,
2018,10,23,화요일,1,경상사고,0,0,1,0,불명,불명,데이터오류,,기타,기타,기타,진입회전사고,맑음,심야,차대차,차대차-기타,신호위반,특별광역시도,청암인터그린타워앞삼거리,37.482408,126.929888,관악구,
2018,10,31,수요일,21,부상사고,0,0,0,1,57,남,15년이상,,승합,사업용,보행자,기타사고,맑음,심야,차대사람,차대사람-기타,기타,특별광역시도,청암인터그린타워앞삼거리,37.482408,126.929888,관악구,
2019,2,17,일요일,23,경상사고,0,0,2,0,47,남,15년이상,0,승용,비사업용,이륜,일직선사고,맑음,심야,차대차,추돌(진행중),안전운전불이행,특별광역시도,청암인터그린타워앞삼거리,37.482408,126.929888,관악구,
2019,5,6,월요일,19,중상사고,0,1,0,0,50,여,15년이상,,승용,비사업용,보행자,기타사고,맑음,출퇴근,차대사람,길가장자리구역통행중,안전운전불이행,특별광역시도,청암인터그린타워앞삼거리,37.482408,126.929888,관악구,
2019,5,17,금요일,20,경상사고,0,0,1,0,18,남,1년미만,,이륜,데이터오류,이륜,일직선사고,맑음,출퇴근,차대차,정면충돌,교차로운행방법위반,특별광역시도,청암인터그린타워앞삼거리,37.482408,126.929888,관악구,
2019,7,27,토요일,13,경상사고,0,0,2,0,40,남,15년미만,,이륜,데이터오류,이륜,진입회전사고,맑음,주간,차대차,측면직각충돌,중앙선침범,특별광역시도,청암인터그린타워앞삼거리,37.482408,126.929888,관악구,
2019,8,12,월요일,15,경상사고,0,0,1,0,53,남,15년이상,,승용,비사업용,보행자,보행횡단사고,비,주간,차대사람,횡단중,안전운전불이행,특별광역시도,청암인터그린타워앞삼거리,37.482408,126.929888,관악구,
2019,9,1,일요일,1,부상사고,0,0,0,1,69,남,15년이상,,승용,사업용,이륜,기타사고,맑음,심야,차대차,차대차-기타,안전운전불이행,특별광역시도,청암인터그린타워앞삼거리,37.482408,126.929888,관악구,
2019,10,25,금요일,16,중상사고,0,1,0,0,25,남,15년이상,,이륜,데이터오류,원동기,일직선사고,맑음,주간,차대차,차대차-기타,중앙선침범,기타,청암인터그린타워앞삼거리,37.482408,126.929888,관악구,
2019,10,27,일요일,16,경상사고,0,0,2,0,29,남,15년미만,,이륜,데이터오류,이륜,진입회전사고,맑음,주간,차대차,측면직각충돌,차로위반,특별광역시도,청암인터그린타워앞삼거리,37.482408,126.929888,관악구,
2019,11,28,목요일,10,중상사고,0,1,0,0,47,남,15년이상,,특수,사업용,보행자,보행횡단사고,맑음,주간,차대사람,횡단중,안전운전불이행,특별광역시도,청암인터그린타워앞삼거리,37.482408,126.929888,관악구,
2017,2,22,수요일,8,경상사고,0,0,1,0,67,남,15년이상,,승용,사업용,이륜,진입회전사고,맑음,출퇴근,차대차,측면직각충돌,안전거리미확보,특별광역시도,현대시장입구교차로,37.4865718,126.9465582,관악구,
2017,2,18,토요일,20,경상사고,0,0,1,0,34,여,15년이상,,승용,비사업용,이륜,일직선사고,맑음,출퇴근,차대차,정면충돌,안전거리미확보,특별광역시도,현대시장입구교차로,37.4865718,126.9465582,관악구,
2017,7,11,화요일,3,중상사고,0,1,1,0,30,남,데이터오류,0,원동기,기타,보행자,보행횡단사고,흐림,심야,차대사람,횡단중,안전운전불이행,특별광역시도,현대시장입구교차로,37.4865718,126.9465582,관악구,
2017,8,23,수요일,4,경상사고,0,0,1,0,63,남,15년이상,,승용,사업용,화물,일직선사고,맑음,심야,차대차,추돌(진행중),안전거리미확보,특별광역시도,현대시장입구교차로,37.4865718,126.9465582,관악구,
2017,8,29,화요일,7,경상사고,0,0,2,0,24,남,10년미만,,승용,비사업용,승용,진입회전사고,맑음,출퇴근,차대차,측면직각충돌,안전거리미확보,특별광역시도,현대시장입구교차로,37.4865718,126.9465582,관악구,
2017,8,12,토요일,10,경상사고,0,0,1,0,31,남,15년이상,0,승용,비사업용,승용,일직선사고,맑음,주간,차대차,정면충돌,안전운전불이행,특별광역시도,현대시장입구교차로,37.4865718,126.9465582,관악구,
2017,11,24,금요일,19,경상사고,0,0,1,0,62,남,15년이상,,승용,비사업용,승용,일직선사고,맑음,출퇴근,차대차,추돌(진행중),안전운전불이행,특별광역시도,현대시장입구교차로,37.4865718,126.9465582,관악구,
2018,2,5,월요일,11,경상사고,0,0,1,0,69,남,10년미만,,승용,비사업용,보행자,보행횡단사고,맑음,주간,차대사람,횡단중,안전운전불이행,특별광역시도,현대시장입구교차로,37.4865718,126.9465582,관악구,
2018,3,16,금요일,1,경상사고,0,0,2,0,41,남,15년이상,0,승용,비사업용,승용,일직선사고,흐림,심야,차대차,추돌(진행중),안전운전불이행,특별광역시도,현대시장입구교차로,37.4865718,126.9465582,관악구,
2018,4,6,금요일,8,경상사고,0,0,1,0,42,남,10년미만,,승용,비사업용,승합,기타사고,맑음,출퇴근,차대차,차대차-기타,안전운전불이행,특별광역시도,현대시장입구교차로,37.4865718,126.9465582,관악구,
2018,6,16,토요일,13,경상사고,0,0,1,0,65,남,15년이상,,승용,사업용,승용,일직선사고,맑음,주간,차대차,추돌(진행중),안전거리미확보,특별광역시도,현대시장입구교차로,37.4865718,126.9465582,관악구,
2018,6,22,금요일,20,중상사고,0,1,0,0,51,남,15년이상,,승용,사업용,이륜,진입회전사고,맑음,출퇴근,차대차,측면직각충돌,안전운전불이행,특별광역시도,현대시장입구교차로,37.4865718,126.9465582,관악구,
2018,7,31,화요일,18,경상사고,0,0,1,0,76,남,15년이상,,승용,사업용,승용,진입회전사고,맑음,출퇴근,차대차,측면직각충돌,차로위반,특별광역시도,현대시장입구교차로,37.4865718,126.9465582,관악구,
2018,7,2,월요일,19,경상사고,0,0,1,0,45,남,15년이상,,승용,비사업용,승용,기타사고,비,출퇴근,차대차,차대차-기타,안전운전불이행,특별광역시도,현대시장입구교차로,37.4865718,126.9465582,관악구,
2018,8,20,월요일,19,부상사고,0,0,0,1,59,남,15년이상,,승합,사업용,보행자,기타사고,맑음,출퇴근,차대사람,차대사람-기타,안전운전불이행,특별광역시도,현대시장입구교차로,37.4865718,126.9465582,관악구,
2018,11,18,일요일,0,부상사고,0,0,0,1,29,여,5년미만,,승용,비사업용,승용,일직선사고,맑음,심야,차대차,추돌(진행중),안전거리미확보,특별광역시도,현대시장입구교차로,37.4865718,126.9465582,관악구,
2018,11,1,목요일,2,경상사고,0,0,1,0,57,남,15년이상,,승용,사업용,이륜,일직선사고,맑음,심야,차대차,추돌(진행중),안전거리미확보,특별광역시도,현대시장입구교차로,37.4865718,126.9465582,관악구,
2018,11,11,일요일,13,경상사고,0,0,1,0,53,남,15년이상,,화물,비사업용,이륜,기타사고,맑음,주간,차대차,차대차-기타,안전거리미확보,특별광역시도,현대시장입구교차로,37.4865718,126.9465582,관악구,
2018,12,8,토요일,13,경상사고,0,0,1,0,58,남,15년이상,,승용,비사업용,승용,진입회전사고,맑음,주간,차대차,측면직각충돌,안전운전불이행,특별광역시도,현대시장입구교차로,37.4865718,126.9465582,관악구,
2019,1,31,목요일,2,경상사고,0,0,2,0,54,남,15년이상,0,승용,비사업용,승용,진입회전사고,맑음,심야,차대차,측면직각충돌,차로위반,특별광역시도,현대시장입구교차로,37.4865718,126.9465582,관악구,
2019,2,23,토요일,11,중상사고,0,1,0,0,65,여,15년이상,,승용,비사업용,이륜,진입회전사고,맑음,주간,차대차,측면직각충돌,신호위반,특별광역시도,현대시장입구교차로,37.4865718,126.9465582,관악구,
2019,4,13,토요일,1,경상사고,0,0,1,0,42,남,10년미만,,승용,비사업용,보행자,기타사고,맑음,심야,차대사람,차대사람-기타,안전운전불이행,특별광역시도,현대시장입구교차로,37.4865718,126.9465582,관악구,
2019,5,16,목요일,19,경상사고,0,0,1,0,62,남,15년이상,,화물,비사업용,이륜,일직선사고,맑음,출퇴근,차대차,추돌(진행중),안전운전불이행,특별광역시도,현대시장입구교차로,37.4865718,126.9465582,관악구,
2019,6,25,화요일,19,중상사고,0,1,0,0,56,남,15년이상,,승용,비사업용,보행자,기타사고,맑음,출퇴근,차대사람,길가장자리구역통행중,안전운전불이행,특별광역시도,현대시장입구교차로,37.4865718,126.9465582,관악구,
2019,7,12,금요일,18,경상사고,0,0,2,0,64,남,15년이상,,승용,비사업용,승용,진입회전사고,맑음,출퇴근,차대차,측면직각충돌,안전운전불이행,특별광역시도,현대시장입구교차로,37.4865718,126.9465582,관악구,
2019,7,12,금요일,21,경상사고,0,0,1,0,45,남,15년미만,,이륜,데이터오류,이륜,진입회전사고,맑음,심야,차대차,측면직각충돌,차로위반,특별광역시도,현대시장입구교차로,37.4865718,126.9465582,관악구,
2019,11,4,월요일,13,부상사고,0,0,0,1,60,남,15년이상,,건설기계,사업용,건설기계,일직선사고,맑음,주간,차대차,추돌(진행중),안전운전불이행,특별광역시도,현대시장입구교차로,37.4865718,126.9465582,관악구,
2019,11,10,일요일,18,경상사고,0,0,1,0,70,남,4년미만,,승용,비사업용,보행자,기타사고,맑음,출퇴근,차대사람,차대사람-기타,안전운전불이행,기타,현대시장입구교차로,37.4865718,126.9465582,관악구,
2019,12,5,목요일,2,경상사고,0,0,1,0,26,남,10년미만,,승용,사업용,기타,단독사고,맑음,심야,차량단독,공작물추돌,안전운전불이행,기타,현대시장입구교차로,37.4865718,126.9465582,관악구,
2019,12,15,일요일,22,경상사고,0,0,2,0,59,남,15년이상,,승합,비사업용,승합,진입회전사고,맑음,심야,차대차,측면직각충돌,안전운전불이행,특별광역시도,현대시장입구교차로,37.4865718,126.9465582,관악구,
2017,1,16,월요일,9,경상사고,0,0,1,0,46,남,15년이상,,화물,사업용,화물,진입회전사고,맑음,주간,차대차,측면직각충돌,안전운전불이행,특별광역시도,KT서울북부마케팅단앞,37.5371364,127.0887607,광진구,
2017,2,20,월요일,9,경상사고,0,0,2,0,56,남,10년미만,,승용,사업용,승용,진입회전사고,맑음,주간,차대차,측면직각충돌,안전운전불이행,특별광역시도,KT서울북부마케팅단앞,37.5371364,127.0887607,광진구,
2017,2,21,화요일,20,부상사고,0,0,0,2,59,남,15년이상,,승용,사업용,승용,기타사고,맑음,출퇴근,차대차,차대차-기타,안전운전불이행,특별광역시도,KT서울북부마케팅단앞,37.5371364,127.0887607,광진구,
2017,3,31,금요일,22,경상사고,0,0,1,0,47,남,15년이상,,승용,사업용,원동기,진입회전사고,맑음,심야,차대차,측면직각충돌,신호위반,특별광역시도,KT서울북부마케팅단앞,37.5371364,127.0887607,광진구,
2017,5,8,월요일,17,중상사고,0,1,0,0,72,남,15년미만,,이륜,기타,이륜,일직선사고,맑음,주간,차대차,추돌(진행중),안전거리미확보,특별광역시도,KT서울북부마케팅단앞,37.5371364,127.0887607,광진구,
2017,5,19,금요일,18,경상사고,0,0,1,0,36,남,15년미만,,승용,비사업용,원동기,진입회전사고,맑음,출퇴근,차대차,측면직각충돌,교차로운행방법위반,특별광역시도,KT서울북부마케팅단앞,37.5371364,127.0887607,광진구,
2018,3,30,금요일,22,경상사고,0,0,1,0,57,남,15년이상,,승용,사업용,이륜,기타사고,맑음,심야,차대차,차대차-기타,안전운전불이행,특별광역시도,KT서울북부마케팅단앞,37.5371364,127.0887607,광진구,
2018,4,9,월요일,1,중상사고,0,1,0,0,63,남,15년이상,,승용,사업용,보행자,보행횡단사고,맑음,심야,차대사람,횡단중,안전운전불이행,특별광역시도,KT서울북부마케팅단앞,37.5371364,127.0887607,광진구,
2018,5,16,수요일,1,중상사고,0,1,1,0,39,남,15년이상,,승용,사업용,이륜,진입회전사고,맑음,심야,차대차,측면직각충돌,신호위반,특별광역시도,KT서울북부마케팅단앞,37.5371364,127.0887607,광진구,
2018,5,22,화요일,15,경상사고,0,0,1,0,42,남,15년이상,,원동기,기타,보행자,보행횡단사고,비,주간,차대사람,횡단중,보행자보호의무위반,특별광역시도,KT서울북부마케팅단앞,37.5371364,127.0887607,광진구,
2018,10,6,토요일,0,중상사고,0,1,1,0,27,남,10년미만,0,승용,비사업용,승용,일직선사고,비,심야,차대차,추돌(진행중),안전운전불이행,특별광역시도,KT서울북부마케팅단앞,37.5371364,127.0887607,광진구,
2018,10,17,수요일,19,경상사고,0,0,2,1,47,남,15년이상,,승용,비사업용,승용,진입회전사고,맑음,출퇴근,차대차,측면직각충돌,교차로운행방법위반,특별광역시도,KT서울북부마케팅단앞,37.5371364,127.0887607,광진구,
2018,11,27,화요일,14,경상사고,0,0,2,0,19,남,데이터오류,,승용,비사업용,원동기,진입회전사고,맑음,주간,차대차,측면직각충돌,안전운전불이행,특별광역시도,KT서울북부마케팅단앞,37.5371364,127.0887607,광진구,
2018,11,30,금요일,20,경상사고,0,0,1,0,29,남,10년미만,,승용,비사업용,승용,진입회전사고,맑음,출퇴근,차대차,측면직각충돌,안전운전불이행,특별광역시도,KT서울북부마케팅단앞,37.5371364,127.0887607,광진구,
2019,5,13,월요일,16,중상사고,0,1,0,0,71,남,15년이상,,승합,비사업용,자전거,진입회전사고,맑음,주간,차대차,측면직각충돌,신호위반,특별광역시도,KT서울북부마케팅단앞,37.5371364,127.0887607,광진구,
2019,7,17,수요일,15,경상사고,0,0,1,0,42,남,15년이상,,화물,비사업용,자전거,기타사고,맑음,주간,차대차,차대차-기타,안전운전불이행,특별광역시도,KT서울북부마케팅단앞,37.5371364,127.0887607,광진구,
2019,9,7,토요일,9,중상사고,0,1,0,0,47,여,15년이상,,승합,비사업용,이륜,진입회전사고,맑음,주간,차대차,정면충돌,신호위반,특별광역시도,KT서울북부마케팅단앞,37.5371364,127.0887607,광진구,
2019,9,23,월요일,23,경상사고,0,0,1,0,29,남,15년미만,,승용,비사업용,이륜,기타사고,맑음,심야,차대차,차대차-기타,안전거리미확보,특별광역시도,KT서울북부마케팅단앞,37.5371364,127.0887607,광진구,
2017,1,4,수요일,2,경상사고,0,0,2,0,59,남,15년이상,,승용,사업용,승용,진입회전사고,맑음,심야,차대차,측면직각충돌,교차로운행방법위반,특별광역시도,건대입구역,37.540372,127.069276,광진구,
2017,1,24,화요일,20,중상사고,0,2,2,1,48,남,15년이상,,화물,사업용,보행자,기타사고,맑음,출퇴근,차대사람,차대사람-기타,안전운전불이행,특별광역시도,건대입구역,37.540372,127.069276,광진구,
2017,1,26,목요일,20,경상사고,0,0,1,0,불명,불명,데이터오류,,승용,비사업용,원동기,기타사고,흐림,출퇴근,차대차,차대차-기타,차로위반,특별광역시도,건대입구역,37.540372,127.069276,광진구,
2017,2,18,토요일,0,경상사고,0,0,1,0,불명,불명,데이터오류,,기타,데이터오류,기타,기타사고,맑음,심야,차대사람,차대사람-기타,안전운전불이행,특별광역시도,건대입구역,37.540372,127.069276,광진구,
2017,2,15,수요일,9,경상사고,0,0,1,0,35,남,5년미만,,화물,사업용,화물,진입회전사고,맑음,주간,차대차,측면직각충돌,안전운전불이행,특별광역시도,건대입구역,37.540372,127.069276,광진구,