년도,월,일,요일,시각,사고등급,사망자수,중상자수,경상자수,부상자수,연령,성별,경력,음주,종별,용도,관련자2,사고형태,기상상태,일광상태,사고유형1,사고유형2,법규위반,도로종류,지점명,위도,경도,자치구,
2017,2,23,목요일,14,경상사고,0,0,1,0,48,남,15년이상,,원동기,기타,원동기,진입회전사고,맑음,주간,차대차,측면직각충돌,신호위반,특별광역시도,건대입구역,37.540372,127.069276,광진구,
2017,3,25,토요일,18,중상사고,0,1,0,0,64,남,15년이상,,승용,사업용,이륜,일직선사고,맑음,출퇴근,차대차,정면충돌,데이터없음,특별광역시도,건대입구역,37.540372,127.069276,광진구,
2017,4,6,목요일,11,경상사고,0,0,1,0,56,남,15년이상,,승용,사업용,승용,진입회전사고,맑음,주간,차대차,측면직각충돌,안전운전불이행,특별광역시도,건대입구역,37.540372,127.069276,광진구,
2017,4,17,월요일,21,경상사고,0,0,1,0,73,남,15년이상,,승용,사업용,원동기,진입회전사고,맑음,심야,차대차,측면직각충돌,신호위반,특별광역시도,건대입구역,37.540372,127.069276,광진구,
2017,5,21,일요일,3,경상사고,0,0,1,0,21,남,15년이상,0,승용,사업용,승용,진입회전사고,맑음,심야,차대차,측면직각충돌,안전운전불이행,특별광역시도,건대입구역,37.540372,127.069276,광진구,
2017,6,19,월요일,16,경상사고,0,0,2,0,64,여,15년이상,,승용,비사업용,기타,단독사고,맑음,주간,차량단독,공작물추돌,안전운전불이행,특별광역시도,건대입구역,37.540372,127.069276,광진구,
2017,7,27,목요일,16,부상사고,0,0,0,1,28,여,10년미만,,승용,비사업용,자전거,진입회전사고,맑음,주간,차대차,측면직각충돌,안전운전불이행,특별광역시도,건대입구역,37.540372,127.069276,광진구,
2017,7,6,목요일,23,부상사고,0,0,0,1,24,여,데이터오류,0,승용,비사업용,승용,일직선사고,맑음,심야,차대차,추돌(진행중),안전운전불이행,특별광역시도,건대입구역,37.540372,127.069276,광진구,
2017,11,6,월요일,23,경상사고,0,0,1,0,36,남,2년미만,0,승용,비사업용,승용,일직선사고,맑음,심야,차대차,추돌(진행중),안전운전불이행,특별광역시도,건대입구역,37.540372,127.069276,광진구,
2017,12,17,일요일,22,경상사고,0,0,2,0,32,남,5년미만,,승용,비사업용,승용,일직선사고,맑음,심야,차대차,추돌(진행중),안전거리미확보,특별광역시도,건대입구역,37.540372,127.069276,광진구,
2018,1,5,금요일,0,경상사고,0,0,1,0,56,남,10년미만,,승용,사업용,화물,진입회전사고,맑음,심야,차대차,측면직각충돌,안전운전불이행,특별광역시도,건대입구역,37.540372,127.069276,광진구,
2018,2,8,목요일,15,중상사고,0,1,0,0,58,여,15년이상,,승용,비사업용,보행자,보행횡단사고,맑음,주간,차대사람,횡단중,안전운전불이행,특별광역시도,건대입구역,37.540372,127.069276,광진구,
2018,3,5,월요일,8,경상사고,0,0,1,0,32,남,10년미만,,승용,비사업용,승용,기타사고,맑음,출퇴근,차대차,차대차-기타,안전운전불이행,특별광역시도,건대입구역,37.540372,127.069276,광진구,
2018,4,20,금요일,21,경상사고,0,0,1,0,60,남,15년이상,,승용,사업용,승용,기타사고,맑음,심야,차대차,차대차-기타,안전운전불이행,특별광역시도,건대입구역,37.540372,127.069276,광진구,
2018,4,22,일요일,23,중상사고,0,1,1,0,57,남,15년이상,,승용,사업용,승용,진입회전사고,비,심야,차대차,측면직각충돌,안전운전불이행,특별광역시도,건대입구역,37.540372,127.069276,광진구,
2018,5,15,화요일,23,경상사고,0,0,1,0,35,남,10년미만,,승용,비사업용,이륜,진입회전사고,맑음,심야,차대차,측면직각충돌,안전거리미확보,특별광역시도,건대입구역,37.540372,127.069276,광진구,
2018,6,28,목요일,20,경상사고,0,0,1,0,46,남,15년이상,,승합,사업용,보행자,기타사고,맑음,출퇴근,차대사람,차대사람-기타,안전운전불이행,특별광역시도,건대입구역,37.540372,127.069276,광진구,
2018,7,27,금요일,16,경상사고,0,0,1,0,52,남,3년미만,,승용,비사업용,승용,진입회전사고,맑음,주간,차대차,측면직각충돌,안전운전불이행,특별광역시도,건대입구역,37.540372,127.069276,광진구,
2018,7,5,목요일,17,경상사고,0,0,1,0,불명,불명,데이터오류,,기타,기타,기타,보행횡단사고,맑음,주간,차대사람,보도통행중,기타,특별광역시도,건대입구역,37.540372,127.069276,광진구,
2018,7,7,토요일,23,경상사고,0,0,3,0,27,남,10년미만,,이륜,기타,보행자,기타사고,맑음,심야,차대사람,길가장자리구역통행중,안전운전불이행,특별광역시도,건대입구역,37.540372,127.069276,광진구,
2018,8,27,월요일,5,경상사고,0,0,1,0,55,남,5년미만,0,승용,비사업용,승용,일직선사고,맑음,새벽,차대차,추돌(진행중),안전운전불이행,기타,건대입구역,37.540372,127.069276,광진구,
2018,8,17,금요일,10,중상사고,0,1,0,0,50,남,10년미만,,승용,사업용,이륜,진입회전사고,맑음,주간,차대차,측면직각충돌,기타,기타,건대입구역,37.540372,127.069276,광진구,
2018,8,2,목요일,22,경상사고,0,0,1,0,58,남,15년이상,,승용,사업용,자전거,기타사고,맑음,심야,차대차,차대차-기타,기타,기타,건대입구역,37.540372,127.069276,광진구,
2018,10,10,수요일,12,경상사고,0,0,1,0,34,남,15년이상,,화물,비사업용,화물,진입회전사고,맑음,주간,차대차,측면직각충돌,차로위반,특별광역시도,건대입구역,37.540372,127.069276,광진구,
2018,10,8,월요일,20,경상사고,0,0,1,0,53,남,15년미만,,승합,사업용,승합,진입회전사고,맑음,출퇴근,차대차,측면직각충돌,안전운전불이행,특별광역시도,건대입구역,37.540372,127.069276,광진구,
2018,11,23,금요일,1,경상사고,0,0,2,0,50,남,15년미만,,승용,사업용,승용,진입회전사고,맑음,심야,차대차,측면직각충돌,안전운전불이행,특별광역시도,건대입구역,37.540372,127.069276,광진구,
2018,11,24,토요일,7,경상사고,0,0,2,0,59,남,15년이상,,승용,사업용,승용,진입회전사고,눈,출퇴근,차대차,측면직각충돌,안전운전불이행,특별광역시도,건대입구역,37.540372,127.069276,광진구,
2018,11,4,일요일,23,경상사고,0,0,1,0,63,남,15년이상,,승용,사업용,이륜,진입회전사고,맑음,심야,차대차,측면직각충돌,안전거리미확보,특별광역시도,건대입구역,37.540372,127.069276,광진구,
2019,2,6,수요일,6,경상사고,0,0,2,0,76,남,15년이상,,승용,사업용,화물,진입회전사고,맑음,새벽,차대차,측면직각충돌,교차로운행방법위반,특별광역시도,건대입구역,37.540372,127.069276,광진구,
2019,3,22,금요일,10,경상사고,0,0,1,0,58,남,15년미만,,승용,비사업용,승용,일직선사고,맑음,주간,차대차,추돌(진행중),교차로운행방법위반,특별광역시도,건대입구역,37.540372,127.069276,광진구,
2019,4,11,목요일,1,경상사고,0,0,1,0,66,남,15년이상,,승용,사업용,자전거,진입회전사고,맑음,심야,차대차,측면직각충돌,신호위반,특별광역시도,건대입구역,37.540372,127.069276,광진구,
2019,4,3,수요일,14,경상사고,0,0,1,0,47,남,15년이상,,승용,사업용,승용,일직선사고,맑음,주간,차대차,추돌(진행중),안전운전불이행,특별광역시도,건대입구역,37.540372,127.069276,광진구,
2019,4,2,화요일,18,중상사고,0,1,0,0,39,여,15년이상,,화물,비사업용,이륜,진입회전사고,맑음,출퇴근,차대차,측면직각충돌,신호위반,특별광역시도,건대입구역,37.540372,127.069276,광진구,
2019,5,16,목요일,9,경상사고,0,0,3,0,64,남,2년미만,,승용,비사업용,승용,진입회전사고,맑음,주간,차대차,측면직각충돌,교차로운행방법위반,특별광역시도,건대입구역,37.540372,127.069276,광진구,
2019,6,13,목요일,20,경상사고,0,0,1,0,72,남,15년이상,,승용,사업용,승용,진입회전사고,맑음,출퇴근,차대차,측면직각충돌,차로위반,특별광역시도,건대입구역,37.540372,127.069276,광진구,
2019,7,17,수요일,10,경상사고,0,0,1,0,44,남,15년이상,,화물,사업용,화물,진입회전사고,맑음,주간,차대차,측면직각충돌,안전운전불이행,특별광역시도,건대입구역,37.540372,127.069276,광진구,
2019,8,19,월요일,17,경상사고,0,0,2,0,19,남,1년미만,,승용,사업용,승용,진입회전사고,맑음,주간,차대차,측면직각충돌,안전운전불이행,특별광역시도,건대입구역,37.540372,127.069276,광진구,
2019,9,4,수요일,0,경상사고,0,0,1,0,25,남,3년미만,,이륜,데이터오류,보행자,기타사고,맑음,심야,차대사람,차대사람-기타,안전운전불이행,특별광역시도,건대입구역,37.540372,127.069276,광진구,
2019,9,5,목요일,2,경상사고,0,0,2,0,56,남,15년이상,,승용,사업용,승용,진입회전사고,맑음,심야,차대차,측면직각충돌,교차로운행방법위반,특별광역시도,건대입구역,37.540372,127.069276,광진구,
2019,9,23,월요일,8,경상사고,0,0,1,0,29,여,10년미만,,승용,비사업용,승용,진입회전사고,맑음,출퇴근,차대차,측면직각충돌,안전운전불이행,특별광역시도,건대입구역,37.540372,127.069276,광진구,
2019,9,3,화요일,14,경상사고,0,0,2,0,43,남,15년이상,,승용,사업용,승용,일직선사고,맑음,주간,차대차,추돌(진행중),안전운전불이행,특별광역시도,건대입구역,37.540372,127.069276,광진구,
2019,10,23,수요일,1,중상사고,0,1,0,0,68,남,15년이상,,승용,사업용,승용,진입회전사고,맑음,심야,차대차,측면직각충돌,신호위반,특별광역시도,건대입구역,37.540372,127.069276,광진구,
2019,10,12,토요일,14,경상사고,0,0,1,0,39,여,15년이상,,승용,비사업용,보행자,기타사고,맑음,주간,차대사람,차도통행중,안전운전불이행,특별광역시도,건대입구역,37.540372,127.069276,광진구,
2019,12,1,일요일,5,경상사고,0,0,1,0,45,남,3년미만,0,승용,비사업용,승용,진입회전사고,맑음,새벽,차대차,측면직각충돌,안전운전불이행,특별광역시도,건대입구역,37.540372,127.069276,광진구,
2019,12,7,토요일,19,경상사고,0,0,3,0,59,남,15년이상,,승용,사업용,승용,일직선사고,맑음,출퇴근,차대차,추돌(진행중),안전운전불이행,특별광역시도,건대입구역,37.540372,127.069276,광진구,
2017,3,25,토요일,14,경상사고,0,0,1,0,63,여,15년이상,,승용,비사업용,승용,기타사고,맑음,주간,차대차,차대차-기타,안전운전불이행,특별광역시도,건대입구역교차로,37.540372,127.069276,광진구,
2017,4,21,금요일,0,중상사고,0,1,0,0,53,남,15년이상,,승용,비사업용,보행자,진입회전사고,맑음,심야,차대사람,횡단중,신호위반,특별광역시도,건대입구역교차로,37.540372,127.069276,광진구,
2017,9,12,화요일,13,중상사고,0,2,0,0,48,남,15년이상,,승용,비사업용,원동기,일직선사고,맑음,주간,차대차,추돌(진행중),안전거리미확보,특별광역시도,건대입구역교차로,37.540372,127.069276,광진구,
2017,10,7,토요일,5,부상사고,0,0,0,1,67,남,15년이상,,승용,사업용,자전거,진입회전사고,맑음,새벽,차대차,측면직각충돌,신호위반,특별광역시도,건대입구역교차로,37.540372,127.069276,광진구,
2018,2,2,금요일,20,경상사고,0,0,1,0,55,남,15년이상,,승용,사업용,승용,진입회전사고,맑음,출퇴근,차대차,측면직각충돌,안전운전불이행,특별광역시도,건대입구역교차로,37.540372,127.069276,광진구,
2018,9,11,화요일,18,경상사고,0,0,1,0,54,남,3년미만,,승용,비사업용,이륜,진입회전사고,맑음,출퇴근,차대차,정면충돌,신호위반,특별광역시도,건대입구역교차로,37.540372,127.069276,광진구,
2018,10,16,화요일,16,중상사고,0,1,0,0,72,남,15년이상,,승용,사업용,원동기,진입회전사고,맑음,주간,차대차,측면직각충돌,안전운전불이행,특별광역시도,건대입구역교차로,37.540372,127.069276,광진구,
2019,12,7,토요일,16,중상사고,0,1,0,0,55,여,15년이상,,승용,비사업용,이륜,진입회전사고,맑음,주간,차대차,측면직각충돌,안전운전불이행,특별광역시도,건대입구역교차로,37.540372,127.069276,광진구,
2017,3,10,금요일,18,경상사고,0,0,1,0,71,남,15년이상,,승용,사업용,이륜,기타사고,흐림,출퇴근,차대차,차대차-기타,데이터없음,특별광역시도,건대입구역교차로,37.540372,127.069276,광진구,
2017,5,23,화요일,8,경상사고,0,0,1,0,58,남,15년이상,,승용,사업용,승용,기타사고,맑음,출퇴근,차대차,차대차-기타,안전운전불이행,특별광역시도,건대입구역교차로,37.540372,127.069276,광진구,
2017,6,29,목요일,20,경상사고,0,0,1,0,51,남,15년이상,,승용,사업용,자전거,기타사고,맑음,출퇴근,차대차,차대차-기타,데이터없음,특별광역시도,건대입구역교차로,37.540372,127.069276,광진구,
2017,7,27,목요일,19,경상사고,0,0,1,0,66,남,15년이상,,승용,사업용,이륜,일직선사고,맑음,출퇴근,차대차,정면충돌,중앙선침범,특별광역시도,건대입구역교차로,37.540372,127.069276,광진구,
2017,9,16,토요일,12,경상사고,0,0,1,0,51,남,15년이상,,승용,사업용,자전거,기타사고,맑음,주간,차대차,차대차-기타,안전운전불이행,특별광역시도,건대입구역교차로,37.540372,127.069276,광진구,
2018,2,24,토요일,14,경상사고,0,0,1,0,29,남,2년미만,,승용,비사업용,승용,일직선사고,맑음,주간,차대차,추돌(진행중),안전운전불이행,기타,건대입구역교차로,37.540372,127.069276,광진구,
2018,8,20,월요일,14,중상사고,0,1,0,0,64,남,15년이상,,승용,사업용,이륜,기타사고,맑음,주간,차대차,차대차-기타,기타,특별광역시도,건대입구역교차로,37.540372,127.069276,광진구,
2019,6,15,토요일,1,경상사고,0,0,1,0,64,남,15년이상,,승용,사업용,보행자,기타사고,맑음,심야,차대사람,차대사람-기타,안전운전불이행,특별광역시도,건대입구역교차로,37.540372,127.069276,광진구,
2019,6,21,금요일,21,경상사고,0,0,1,0,60,남,15년이상,,승용,사업용,이륜,일직선사고,맑음,심야,차대차,추돌(진행중),안전운전불이행,특별광역시도,건대입구역교차로,37.540372,127.069276,광진구,
2017,1,26,목요일,0,경상사고,0,0,1,0,43,남,15년이상,,승합,비사업용,승합,일직선사고,맑음,심야,차대차,추돌(진행중),안전운전불이행,특별광역시도,건대입구역교차로,37.540372,127.069276,광진구,
2017,2,20,월요일,8,경상사고,0,0,1,0,53,남,15년이상,,승용,사업용,기타,기타사고,맑음,출퇴근,차량단독,차량단독-기타,안전운전불이행,특별광역시도,건대입구역교차로,37.540372,127.069276,광진구,
2017,2,21,화요일,19,중상사고,0,1,0,0,60,여,15년이상,,승용,비사업용,보행자,진입회전사고,맑음,출퇴근,차대사람,횡단중,신호위반,특별광역시도,건대입구역교차로,37.540372,127.069276,광진구,
2017,3,10,금요일,0,중상사고,0,1,0,0,58,남,15년이상,,승용,사업용,승용,기타사고,맑음,심야,차대차,차대차-기타,안전운전불이행,특별광역시도,건대입구역교차로,37.540372,127.069276,광진구,
2017,3,29,수요일,14,부상사고,0,0,0,1,35,남,데이터오류,,자전거,기타,보행자,보행횡단사고,맑음,주간,차대사람,횡단중,데이터없음,특별광역시도,건대입구역교차로,37.540372,127.069276,광진구,
2017,6,2,금요일,13,부상사고,0,0,0,1,67,남,5년미만,,승용,사업용,이륜,진입회전사고,맑음,주간,차대차,측면직각충돌,안전운전불이행,특별광역시도,건대입구역교차로,37.540372,127.069276,광진구,
2017,9,18,월요일,9,경상사고,0,0,1,0,불명,불명,데이터오류,,기타,데이터오류,기타,기타사고,맑음,주간,차대사람,차대사람-기타,안전운전불이행,특별광역시도,건대입구역교차로,37.540372,127.069276,광진구,
2017,10,23,월요일,19,경상사고,0,0,2,0,35,여,15년이상,,승용,비사업용,승용,진입회전사고,맑음,출퇴근,차대차,측면직각충돌,신호위반,특별광역시도,건대입구역교차로,37.540372,127.069276,광진구,
2018,1,7,일요일,9,경상사고,0,0,1,0,61,남,15년이상,,승합,사업용,원동기,진입회전사고,맑음,주간,차대차,측면직각충돌,안전운전불이행,특별광역시도,건대입구역교차로,37.540372,127.069276,광진구,
2018,3,5,월요일,14,경상사고,0,0,1,0,65,남,15년미만,,승용,사업용,기타,기타사고,맑음,주간,차량단독,차량단독-기타,안전운전불이행,특별광역시도,건대입구역교차로,37.540372,127.069276,광진구,
2018,4,29,일요일,1,중상사고,0,1,0,0,62,남,15년이상,,승용,사업용,보행자,진입회전사고,맑음,심야,차대사람,횡단중,신호위반,기타,건대입구역교차로,37.540372,127.069276,광진구,
2018,6,3,일요일,22,경상사고,0,0,2,0,54,여,15년이상,,승용,사업용,이륜,진입회전사고,맑음,심야,차대차,측면직각충돌,신호위반,특별광역시도,건대입구역교차로,37.540372,127.069276,광진구,
2018,10,12,금요일,17,중상사고,0,1,0,0,67,남,15년이상,,화물,비사업용,자전거,진입회전사고,맑음,주간,차대차,측면직각충돌,신호위반,특별광역시도,건대입구역교차로,37.540372,127.069276,광진구,
2018,10,29,월요일,23,중상사고,0,1,0,0,60,남,15년이상,,승용,사업용,승용,일직선사고,맑음,심야,차대차,추돌(진행중),안전운전불이행,특별광역시도,건대입구역교차로,37.540372,127.069276,광진구,
2019,2,20,수요일,6,중상사고,0,1,0,0,58,남,15년이상,,승용,비사업용,보행자,진입회전사고,맑음,새벽,차대사람,횡단중,신호위반,특별광역시도,건대입구역교차로,37.540372,127.069276,광진구,
2019,5,24,금요일,8,경상사고,0,0,3,0,52,남,15년이상,,승합,사업용,승합,진입회전사고,맑음,출퇴근,차대차,측면직각충돌,안전운전불이행,특별광역시도,건대입구역교차로,37.540372,127.069276,광진구,
2019,8,17,토요일,4,경상사고,0,0,1,0,65,남,15년이상,,승용,사업용,승용,진입회전사고,맑음,심야,차대차,측면직각충돌,신호위반,특별광역시도,건대입구역교차로,37.540372,127.069276,광진구,
2019,11,11,월요일,10,경상사고,0,0,2,2,64,남,15년이상,,건설기계,사업용,건설기계,일직선사고,맑음,주간,차대차,추돌(진행중),안전운전불이행,특별광역시도,건대입구역교차로,37.540372,127.069276,광진구,
2019,11,23,토요일,18,경상사고,0,0,1,0,36,남,15년이상,,승용,비사업용,승용,진입회전사고,맑음,출퇴근,차대차,측면직각충돌,안전거리미확보,특별광역시도,건대입구역교차로,37.540372,127.069276,광진구,
2017,1,26,목요일,1,부상사고,0,0,0,1,63,남,15년이상,,승용,사업용,보행자,진입회전사고,맑음,심야,차대사람,횡단중,신호위반,특별광역시도,건대입구역사거리,37.540372,127.069276,광진구,
2017,2,1,수요일,15,경상사고,0,0,1,0,64,남,15년이상,,승합,비사업용,원동기,진입회전사고,맑음,주간,차대차,측면직각충돌,안전거리미확보,특별광역시도,건대입구역사거리,37.540372,127.069276,광진구,
2017,2,7,화요일,18,경상사고,0,0,1,0,43,남,15년이상,,원동기,기타,보행자,보행횡단사고,맑음,출퇴근,차대사람,횡단중,안전운전불이행,특별광역시도,건대입구역사거리,37.540372,127.069276,광진구,
2017,5,8,월요일,1,경상사고,0,0,1,0,31,여,10년미만,,승용,비사업용,보행자,기타사고,맑음,심야,차대사람,차대사람-기타,안전운전불이행,특별광역시도,건대입구역사거리,37.540372,127.069276,광진구,
2017,6,17,토요일,11,경상사고,0,0,1,0,49,남,15년이상,,승용,비사업용,승용,진입회전사고,맑음,주간,차대차,측면직각충돌,안전거리미확보,특별광역시도,건대입구역사거리,37.540372,127.069276,광진구,
2017,7,16,일요일,2,경상사고,0,0,4,0,30,남,10년미만,,승용,비사업용,승용,진입회전사고,비,심야,차대차,측면직각충돌,차로위반,특별광역시도,건대입구역사거리,37.540372,127.069276,광진구,
2017,11,12,일요일,16,중상사고,0,1,0,0,56,남,10년미만,,승용,사업용,이륜,진입회전사고,맑음,주간,차대차,측면직각충돌,데이터없음,특별광역시도,건대입구역사거리,37.540372,127.069276,광진구,
2017,12,9,토요일,23,경상사고,0,0,1,0,35,남,4년미만,,승용,사업용,보행자,기타사고,기타,심야,차대사람,길가장자리구역통행중,안전운전불이행,기타,건대입구역사거리,37.540372,127.069276,광진구,
2018,3,15,목요일,3,경상사고,0,0,2,0,60,남,15년이상,,승용,사업용,승용,진입회전사고,맑음,심야,차대차,측면직각충돌,안전운전불이행,특별광역시도,건대입구역사거리,37.540372,127.069276,광진구,
2018,3,9,금요일,22,중상사고,0,1,0,0,46,남,15년이상,,승용,사업용,이륜,진입회전사고,맑음,심야,차대차,측면직각충돌,기타,특별광역시도,건대입구역사거리,37.540372,127.069276,광진구,
2018,5,25,금요일,17,경상사고,0,0,1,0,54,남,15년이상,,승합,사업용,기타,기타사고,맑음,주간,차량단독,차량단독-기타,기타,특별광역시도,건대입구역사거리,37.540372,127.069276,광진구,
2018,7,2,월요일,18,중상사고,0,1,0,0,55,남,15년이상,,승용,사업용,원동기,일직선사고,맑음,출퇴근,차대차,차대차-기타,중앙선침범,특별광역시도,건대입구역사거리,37.540372,127.069276,광진구,
2018,7,20,금요일,18,경상사고,0,0,1,0,58,남,15년이상,,승용,사업용,기타,기타사고,맑음,출퇴근,차량단독,차량단독-기타,기타,특별광역시도,건대입구역사거리,37.540372,127.069276,광진구,
2018,8,20,월요일,1,중상사고,0,3,1,0,26,남,10년미만,,승용,비사업용,승용,일직선사고,맑음,심야,차대차,추돌(진행중),안전운전불이행,특별광역시도,건대입구역사거리,37.540372,127.069276,광진구,
2018,8,27,월요일,9,경상사고,0,0,1,0,71,남,15년이상,,승합,비사업용,이륜,기타사고,맑음,주간,차대차,차대차-기타,안전운전불이행,기타,건대입구역사거리,37.540372,127.069276,광진구,
2018,8,17,금요일,16,경상사고,0,0,1,0,53,여,15년이상,,승용,비사업용,승용,일직선사고,맑음,주간,차대차,추돌(진행중),안전운전불이행,특별광역시도,건대입구역사거리,37.540372,127.069276,광진구,
2018,8,2,목요일,23,경상사고,0,0,1,0,26,남,10년미만,,승용,비사업용,보행자,기타사고,맑음,심야,차대사람,길가장자리구역통행중,안전운전불이행,특별광역시도,건대입구역사거리,37.540372,127.069276,광진구,
2018,10,2,화요일,12,부상사고,0,0,0,1,47,남,15년미만,,화물,비사업용,원동기,진입회전사고,맑음,주간,차대차,측면직각충돌,차로위반,특별광역시도,건대입구역사거리,37.540372,127.069276,광진구,
2018,11,10,토요일,1,경상사고,0,0,1,0,불명,불명,데이터오류,,기타,기타,기타,기타사고,흐림,심야,차대사람,차대사람-기타,안전운전불이행,특별광역시도,건대입구역사거리,37.540372,127.069276,광진구,
2018,11,9,금요일,15,부상사고,0,0,0,1,28,남,15년이상,,이륜,기타,보행자,기타사고,맑음,주간,차대사람,차대사람-기타,안전운전불이행,기타,건대입구역사거리,37.540372,127.069276,광진구,
2018,11,20,화요일,17,경상사고,0,0,1,0,63,남,15년이상,,승용,사업용,이륜,기타사고,맑음,주간,차대차,차대차-기타,기타,특별광역시도,건대입구역사거리,37.540372,127.069276,광진구,
2019,1,26,토요일,16,경상사고,0,0,1,0,64,남,15년이상,,승용,사업용,자전거,진입회전사고,맑음,주간,차대차,측면직각충돌,기타,특별광역시도,건대입구역사거리,37.540372,127.069276,광진구,
2019,3,30,토요일,1,경상사고,0,0,1,0,63,남,15년이상,,승용,사업용,보행자,기타사고,맑음,심야,차대사람,차도통행중,안전운전불이행,특별광역시도,건대입구역사거리,37.540372,127.069276,광진구,
2019,3,24,일요일,2,경상사고,0,0,1,0,48,남,15년이상,,특수,사업용,보행자,기타사고,맑음,심야,차대사람,차도통행중,안전운전불이행,특별광역시도,건대입구역사거리,37.540372,127.069276,광진구,
2019,3,7,목요일,21,경상사고,0,0,1,0,35,남,15년이상,,승용,비사업용,보행자,기타사고,맑음,심야,차대사람,차도통행중,기타,특별광역시도,건대입구역사거리,37.540372,127.069276,광진구,
2019,4,15,월요일,14,부상사고,0,0,0,1,24,남,10년미만,,이륜,데이터오류,기타,기타사고,맑음,주간,차량단독,차량단독-기타,안전운전불이행,특별광역시도,건대입구역사거리,37.540372,127.069276,광진구,
2019,4,4,목요일,21,경상사고,0,0,1,0,46,여,15년이상,,승용,비사업용,보행자,진입회전사고,맑음,심야,차대사람,횡단중,신호위반,특별광역시도,건대입구역사거리,37.540372,127.069276,광진구,
2019,4,27,토요일,23,경상사고,0,0,1,0,31,남,10년미만,,승용,비사업용,보행자,기타사고,맑음,심야,차대사람,차대사람-기타,안전운전불이행,특별광역시도,건대입구역사거리,37.540372,127.069276,광진구,
2019,8,30,금요일,23,경상사고,0,0,1,0,25,남,1년미만,,승용,비사업용,보행자,기타사고,맑음,심야,차대사람,차대사람-기타,안전운전불이행,특별광역시도,건대입구역사거리,37.540372,127.069276,광진구,
2019,12,26,목요일,1,경상사고,0,0,1,0,60,남,15년미만,,승용,사업용,보행자,기타사고,맑음,심야,차대사람,차대사람-기타,안전운전불이행,특별광역시도,건대입구역사거리,37.540372,127.069276,광진구,
2017,1,17,화요일,0,경상사고,0,0,3,0,62,남,15년이상,,승용,사업용,승용,진입회전사고,맑음,심야,차대차,측면직각충돌,신호위반,특별광역시도,건대입구역앞,37.540372,127.069276,광진구,
2017,2,17,금요일,20,경상사고,0,0,1,0,51,남,2년미만,,승용,비사업용,보행자,기타사고,맑음,출퇴근,차대사람,차대사람-기타,안전운전불이행,특별광역시도,건대입구역앞,37.540372,127.069276,광진구,
2017,4,9,일요일,6,경상사고,0,0,1,0,불명,불명,데이터오류,,기타,데이터오류,기타,기타사고,맑음,새벽,차대사람,길가장자리구역통행중,안전운전불이행,특별광역시도,건대입구역앞,37.540372,127.069276,광진구,
2017,5,28,일요일,18,경상사고,0,0,1,0,51,남,10년미만,,승용,사업용,이륜,진입회전사고,맑음,출퇴근,차대차,측면직각충돌,데이터없음,특별광역시도,건대입구역앞,37.540372,127.069276,광진구,
2017,5,25,목요일,23,경상사고,0,0,1,0,48,남,15년이상,,승용,사업용,승용,진입회전사고,맑음,심야,차대차,측면직각충돌,안전거리미확보,특별광역시도,건대입구역앞,37.540372,127.069276,광진구,
2017,6,17,토요일,20,경상사고,0,0,1,0,31,남,10년미만,,승용,비사업용,보행자,보행횡단사고,맑음,출퇴근,차대사람,보도통행중,안전운전불이행,특별광역시도,건대입구역앞,37.540372,127.069276,광진구,
2017,9,3,일요일,0,경상사고,0,0,1,0,65,남,15년이상,,승용,사업용,이륜,일직선사고,맑음,심야,차대차,추돌(진행중),안전운전불이행,특별광역시도,건대입구역앞,37.540372,127.069276,광진구,
2017,10,28,토요일,4,경상사고,0,0,1,0,불명,불명,데이터오류,,기타,데이터오류,기타,기타사고,맑음,심야,차대사람,차대사람-기타,안전운전불이행,특별광역시도,건대입구역앞,37.540372,127.069276,광진구,
2018,2,27,화요일,21,경상사고,0,0,2,0,53,남,15년이상,0,화물,비사업용,화물,일직선사고,맑음,심야,차대차,추돌(진행중),안전운전불이행,기타,건대입구역앞,37.540372,127.069276,광진구,
2018,3,1,목요일,2,경상사고,0,0,1,0,60,남,15년이상,,승용,사업용,원동기,진입회전사고,흐림,심야,차대차,측면직각충돌,안전운전불이행,특별광역시도,건대입구역앞,37.540372,127.069276,광진구,
2018,5,2,수요일,23,경상사고,0,0,1,0,63,남,15년이상,,승용,사업용,승용,기타사고,맑음,심야,차대차,차대차-기타,안전거리미확보,기타,건대입구역앞,37.540372,127.069276,광진구,
2018,6,15,금요일,16,경상사고,0,0,1,0,47,남,15년이상,,화물,비사업용,보행자,보행횡단사고,맑음,주간,차대사람,횡단중,안전운전불이행,특별광역시도,건대입구역앞,37.540372,127.069276,광진구,
2018,9,26,수요일,23,경상사고,0,0,1,0,36,여,15년이상,0,승용,비사업용,승용,일직선사고,맑음,심야,차대차,추돌(진행중),안전운전불이행,특별광역시도,건대입구역앞,37.540372,127.069276,광진구,
2018,11,2,금요일,10,경상사고,0,0,1,0,39,남,15년이상,,화물,비사업용,보행자,보행횡단사고,맑음,주간,차대사람,횡단중,안전운전불이행,특별광역시도,건대입구역앞,37.540372,127.069276,광진구,
2018,11,25,일요일,18,경상사고,0,0,1,0,43,남,15년이상,,승용,비사업용,원동기,진입회전사고,맑음,출퇴근,차대차,측면직각충돌,기타,특별광역시도,건대입구역앞,37.540372,127.069276,광진구,