년도,월,일,요일,시각,사고등급,사망자수,중상자수,경상자수,부상자수,연령,성별,경력,음주,종별,용도,관련자2,사고형태,기상상태,일광상태,사고유형1,사고유형2,법규위반,도로종류,지점명,위도,경도,자치구,
2019,1,16,수요일,13,경상사고,0,0,1,0,63,남,15년이상,,승용,사업용,승합,일직선사고,맑음,주간,차대차,추돌(진행중),안전운전불이행,기타,건대입구역앞,37.540372,127.069276,광진구,
2017,1,2,월요일,3,경상사고,0,0,3,0,37,남,10년미만,0,승용,비사업용,승용,일직선사고,맑음,심야,차대차,추돌(진행중),안전운전불이행,특별광역시도,건영아파트사거리,37.4827699,127.1264019,광진구,
2017,1,18,수요일,4,중상사고,0,1,0,0,57,남,15년미만,,승용,사업용,기타,기타사고,맑음,심야,차량단독,차량단독-기타,안전운전불이행,특별광역시도,건영아파트사거리,37.4827699,127.1264019,광진구,
2017,2,24,금요일,10,중상사고,0,1,0,0,66,남,15년이상,,승용,사업용,원동기,기타사고,맑음,주간,차대차,차대차-기타,안전거리미확보,특별광역시도,건영아파트사거리,37.4827699,127.1264019,광진구,
2017,4,29,토요일,18,중상사고,0,1,0,1,23,여,1년미만,,승용,비사업용,승용,진입회전사고,맑음,출퇴근,차대차,측면직각충돌,안전거리미확보,특별광역시도,건영아파트사거리,37.4827699,127.1264019,광진구,
2017,6,28,수요일,18,부상사고,0,0,0,1,64,남,15년이상,,승합,사업용,기타,기타사고,맑음,출퇴근,차량단독,차량단독-기타,안전운전불이행,특별광역시도,건영아파트사거리,37.4827699,127.1264019,광진구,
2017,10,31,화요일,23,중상사고,0,2,2,0,50,남,10년미만,,승용,사업용,승용,진입회전사고,맑음,심야,차대차,측면직각충돌,신호위반,특별광역시도,건영아파트사거리,37.4827699,127.1264019,광진구,
2017,11,11,토요일,13,중상사고,0,1,0,0,62,남,15년이상,,승용,사업용,승용,일직선사고,맑음,주간,차대차,추돌(진행중),안전운전불이행,특별광역시도,건영아파트사거리,37.4827699,127.1264019,광진구,
2017,12,1,금요일,13,중상사고,0,1,0,0,55,남,15년이상,,승용,사업용,원동기,기타사고,맑음,주간,차대차,차대차-기타,데이터없음,특별광역시도,건영아파트사거리,37.4827699,127.1264019,광진구,
2017,12,16,토요일,14,경상사고,0,0,1,0,47,남,15년이상,,승용,비사업용,이륜,일직선사고,맑음,주간,차대차,추돌(진행중),안전운전불이행,특별광역시도,건영아파트사거리,37.4827699,127.1264019,광진구,
2018,4,28,토요일,4,경상사고,0,0,1,0,62,남,15년이상,,승용,사업용,승용,일직선사고,맑음,심야,차대차,추돌(진행중),안전운전불이행,특별광역시도,건영아파트사거리,37.4827699,127.1264019,광진구,
2018,8,3,금요일,11,중상사고,0,1,1,0,55,남,15년미만,,승용,사업용,승합,진입회전사고,맑음,주간,차대차,측면직각충돌,안전운전불이행,특별광역시도,건영아파트사거리,37.4827699,127.1264019,광진구,
2018,8,7,화요일,19,경상사고,0,0,1,0,49,남,15년이상,0,승용,사업용,승용,일직선사고,맑음,출퇴근,차대차,추돌(진행중),안전운전불이행,특별광역시도,건영아파트사거리,37.4827699,127.1264019,광진구,
2018,9,27,목요일,8,중상사고,0,2,0,0,55,남,15년이상,,이륜,기타,이륜,진입회전사고,맑음,출퇴근,차대차,측면직각충돌,신호위반,특별광역시도,건영아파트사거리,37.4827699,127.1264019,광진구,
2018,10,5,금요일,20,경상사고,0,0,1,0,62,여,15년이상,,승용,비사업용,기타,진입회전사고,비,출퇴근,차대차,측면직각충돌,안전거리미확보,기타,건영아파트사거리,37.4827699,127.1264019,광진구,
2018,12,9,일요일,3,중상사고,0,1,1,0,30,남,3년미만,0,승용,비사업용,승용,진입회전사고,맑음,심야,차대차,측면직각충돌,안전거리미확보,기타,건영아파트사거리,37.4827699,127.1264019,광진구,
2019,5,10,금요일,1,경상사고,0,0,3,0,61,남,15년이상,,승용,사업용,승용,진입회전사고,맑음,심야,차대차,측면직각충돌,신호위반,특별광역시도,건영아파트사거리,37.4827699,127.1264019,광진구,
2019,5,10,금요일,17,경상사고,0,0,1,0,72,남,15년이상,,승용,사업용,승용,진입회전사고,맑음,주간,차대차,측면직각충돌,교차로운행방법위반,특별광역시도,건영아파트사거리,37.4827699,127.1264019,광진구,
2019,6,30,일요일,13,경상사고,0,0,1,0,46,남,15년이상,,승용,비사업용,이륜,기타사고,맑음,주간,차대차,차대차-기타,차로위반,특별광역시도,건영아파트사거리,37.4827699,127.1264019,광진구,
2019,8,3,토요일,11,중상사고,0,1,0,0,72,남,15년이상,,승합,비사업용,이륜,기타사고,맑음,주간,차대차,차대차-기타,안전운전불이행,특별광역시도,건영아파트사거리,37.4827699,127.1264019,광진구,
2017,1,27,금요일,19,경상사고,0,0,2,0,26,남,15년이상,,승용,사업용,승용,진입회전사고,맑음,출퇴근,차대차,측면직각충돌,신호위반,특별광역시도,고척교사거리,37.5063741,126.8605154,광진구,
2017,2,1,수요일,1,경상사고,0,0,1,0,65,남,15년이상,,승용,사업용,승용,일직선사고,맑음,심야,차대차,추돌(진행중),안전운전불이행,특별광역시도,고척교사거리,37.5063741,126.8605154,광진구,
2017,2,7,화요일,22,경상사고,0,0,3,0,45,남,15년이상,0,승용,비사업용,승용,일직선사고,맑음,심야,차대차,정면충돌,안전운전불이행,특별광역시도,고척교사거리,37.5063741,126.8605154,광진구,
2017,3,27,월요일,22,경상사고,0,0,3,0,45,여,15년이상,,승용,비사업용,승용,진입회전사고,맑음,심야,차대차,정면충돌,신호위반,특별광역시도,고척교사거리,37.5063741,126.8605154,광진구,
2017,4,25,화요일,13,중상사고,0,1,0,0,35,여,15년이상,,승용,비사업용,자전거,일직선사고,맑음,주간,차대차,차대차-기타,중앙선침범,특별광역시도,고척교사거리,37.5063741,126.8605154,광진구,
2017,5,17,수요일,6,중상사고,0,2,0,0,65,남,10년미만,,화물,비사업용,화물,기타사고,맑음,새벽,차대차,차대차-기타,안전운전불이행,특별광역시도,고척교사거리,37.5063741,126.8605154,광진구,
2017,5,4,목요일,8,경상사고,0,0,1,0,46,남,15년이상,,화물,비사업용,화물,진입회전사고,맑음,출퇴근,차대차,정면충돌,신호위반,특별광역시도,고척교사거리,37.5063741,126.8605154,광진구,
2017,5,11,목요일,8,중상사고,0,1,0,0,57,남,15년이상,,승용,비사업용,자전거,기타사고,맑음,출퇴근,차대차,차대차-기타,안전운전불이행,특별광역시도,고척교사거리,37.5063741,126.8605154,광진구,
2017,5,4,목요일,18,부상사고,0,0,0,1,31,남,15년미만,,승용,비사업용,승용,일직선사고,맑음,출퇴근,차대차,추돌(진행중),안전거리미확보,특별광역시도,고척교사거리,37.5063741,126.8605154,광진구,
2017,6,25,일요일,17,중상사고,0,1,1,0,34,남,10년미만,,승용,비사업용,승용,일직선사고,맑음,주간,차대차,추돌(진행중),안전거리미확보,특별광역시도,고척교사거리,37.5063741,126.8605154,광진구,
2017,7,12,수요일,14,경상사고,0,0,1,0,58,남,15년이상,,승합,비사업용,화물,일직선사고,맑음,주간,차대차,추돌(진행중),안전거리미확보,특별광역시도,고척교사거리,37.5063741,126.8605154,광진구,
2017,7,7,금요일,14,경상사고,0,0,3,0,52,남,15년이상,,화물,사업용,화물,일직선사고,흐림,주간,차대차,추돌(진행중),안전운전불이행,특별광역시도,고척교사거리,37.5063741,126.8605154,광진구,
2017,7,18,화요일,16,경상사고,0,0,2,0,55,여,15년미만,,승용,비사업용,승용,진입회전사고,맑음,주간,차대차,측면직각충돌,교차로운행방법위반,특별광역시도,고척교사거리,37.5063741,126.8605154,광진구,
2017,7,2,일요일,23,중상사고,0,1,1,1,26,여,15년이상,,승용,비사업용,승용,일직선사고,비,심야,차대차,정면충돌,안전거리미확보,특별광역시도,고척교사거리,37.5063741,126.8605154,광진구,
2017,8,5,토요일,11,경상사고,0,0,1,0,66,남,15년이상,,승용,비사업용,승합,진입회전사고,맑음,주간,차대차,정면충돌,신호위반,특별광역시도,고척교사거리,37.5063741,126.8605154,광진구,
2017,8,24,목요일,22,경상사고,0,0,1,0,54,남,15년이상,,승용,사업용,보행자,보행횡단사고,맑음,심야,차대사람,횡단중,보행자보호의무위반,특별광역시도,고척교사거리,37.5063741,126.8605154,광진구,
2017,9,20,수요일,4,중상사고,0,1,1,0,28,남,15년이상,0,승용,비사업용,승용,진입회전사고,맑음,심야,차대차,측면직각충돌,신호위반,특별광역시도,고척교사거리,37.5063741,126.8605154,광진구,
2017,9,21,목요일,11,경상사고,0,0,1,0,47,남,15년이상,,승합,사업용,이륜,진입회전사고,맑음,주간,차대차,차대차-기타,신호위반,특별광역시도,고척교사거리,37.5063741,126.8605154,광진구,
2017,12,28,목요일,2,경상사고,0,0,2,0,61,남,15년이상,,승용,사업용,기타,단독사고,맑음,심야,차량단독,공작물추돌,안전운전불이행,특별광역시도,고척교사거리,37.5063741,126.8605154,광진구,
2017,12,26,화요일,18,경상사고,0,0,1,0,37,여,15년이상,,승용,비사업용,기타,진입회전사고,맑음,출퇴근,차대차,차대차-기타,신호위반,특별광역시도,고척교사거리,37.5063741,126.8605154,광진구,
2018,2,12,월요일,18,경상사고,0,0,2,0,58,여,15년이상,,승용,비사업용,승합,진입회전사고,맑음,출퇴근,차대차,측면직각충돌,안전운전불이행,특별광역시도,고척교사거리,37.5063741,126.8605154,광진구,
2018,2,1,목요일,21,경상사고,0,0,2,0,53,여,15년이상,,승용,비사업용,승용,진입회전사고,맑음,심야,차대차,추돌(진행중),신호위반,특별광역시도,고척교사거리,37.5063741,126.8605154,광진구,
2018,3,16,금요일,0,중상사고,0,1,2,0,65,남,10년미만,,승용,사업용,승용,진입회전사고,흐림,심야,차대차,측면직각충돌,신호위반,특별광역시도,고척교사거리,37.5063741,126.8605154,광진구,
2018,3,5,월요일,13,경상사고,0,0,1,0,64,남,15년이상,,승용,사업용,승용,진입회전사고,맑음,주간,차대차,측면직각충돌,안전운전불이행,특별광역시도,고척교사거리,37.5063741,126.8605154,광진구,
2018,4,13,금요일,8,경상사고,0,0,1,0,55,남,15년이상,,화물,비사업용,화물,일직선사고,맑음,출퇴근,차대차,추돌(진행중),안전운전불이행,특별광역시도,고척교사거리,37.5063741,126.8605154,광진구,
2018,4,17,화요일,11,중상사고,0,1,2,0,46,남,15년이상,,화물,비사업용,화물,일직선사고,맑음,주간,차대차,추돌(진행중),안전거리미확보,특별광역시도,고척교사거리,37.5063741,126.8605154,광진구,
2018,5,10,목요일,0,경상사고,0,0,2,0,29,남,15년이상,,승용,비사업용,원동기,진입회전사고,맑음,심야,차대차,정면충돌,신호위반,특별광역시도,고척교사거리,37.5063741,126.8605154,광진구,
2018,5,8,화요일,5,경상사고,0,0,1,0,31,남,10년미만,,승용,비사업용,이륜,진입회전사고,맑음,새벽,차대차,차대차-기타,신호위반,특별광역시도,고척교사거리,37.5063741,126.8605154,광진구,
2018,6,28,목요일,2,중상사고,0,2,0,0,60,남,15년이상,,화물,비사업용,화물,진입회전사고,비,심야,차대차,측면직각충돌,신호위반,특별광역시도,고척교사거리,37.5063741,126.8605154,광진구,
2018,6,26,화요일,11,중상사고,0,1,0,0,53,남,15년미만,,승합,사업용,기타,기타사고,맑음,주간,차량단독,차량단독-기타,안전운전불이행,특별광역시도,고척교사거리,37.5063741,126.8605154,광진구,
2018,7,11,수요일,21,중상사고,0,1,0,0,66,남,15년이상,,승용,비사업용,이륜,진입회전사고,흐림,심야,차대차,측면직각충돌,신호위반,특별광역시도,고척교사거리,37.5063741,126.8605154,광진구,
2018,8,22,수요일,12,경상사고,0,0,1,1,65,남,15년이상,,승용,사업용,승용,기타사고,맑음,주간,차대차,차대차-기타,안전운전불이행,특별광역시도,고척교사거리,37.5063741,126.8605154,광진구,
2018,8,8,수요일,17,경상사고,0,0,1,0,45,여,15년이상,,승용,비사업용,승용,진입회전사고,맑음,주간,차대차,차대차-기타,신호위반,특별광역시도,고척교사거리,37.5063741,126.8605154,광진구,
2018,9,29,토요일,5,중상사고,0,1,3,1,57,남,15년미만,,승용,사업용,승용,진입회전사고,맑음,새벽,차대차,측면직각충돌,안전운전불이행,특별광역시도,고척교사거리,37.5063741,126.8605154,광진구,
2018,9,15,토요일,23,경상사고,0,0,2,0,48,남,15년이상,,승용,사업용,화물,진입회전사고,맑음,심야,차대차,측면직각충돌,신호위반,특별광역시도,고척교사거리,37.5063741,126.8605154,광진구,
2018,10,22,월요일,15,경상사고,0,0,1,0,62,남,15년이상,,화물,비사업용,화물,진입회전사고,맑음,주간,차대차,차대차-기타,신호위반,특별광역시도,고척교사거리,37.5063741,126.8605154,광진구,
2018,12,21,금요일,22,경상사고,0,0,1,0,58,남,15년이상,,승용,사업용,승용,진입회전사고,맑음,심야,차대차,측면직각충돌,안전운전불이행,특별광역시도,고척교사거리,37.5063741,126.8605154,광진구,
2019,3,1,금요일,9,중상사고,0,1,0,0,28,남,3년미만,,승용,사업용,승용,일직선사고,맑음,주간,차대차,추돌(진행중),안전거리미확보,특별광역시도,고척교사거리,37.5063741,126.8605154,광진구,
2019,3,15,금요일,13,경상사고,0,0,1,0,38,남,데이터오류,,승용,사업용,승합,진입회전사고,맑음,주간,차대차,차대차-기타,신호위반,특별광역시도,고척교사거리,37.5063741,126.8605154,광진구,
2019,3,15,금요일,14,중상사고,0,1,0,0,48,남,15년이상,,승용,비사업용,이륜,진입회전사고,맑음,주간,차대차,정면충돌,신호위반,특별광역시도,고척교사거리,37.5063741,126.8605154,광진구,
2019,4,22,월요일,8,경상사고,0,0,1,0,26,여,10년미만,,승용,비사업용,승용,진입회전사고,맑음,출퇴근,차대차,측면직각충돌,신호위반,특별광역시도,고척교사거리,37.5063741,126.8605154,광진구,
2019,5,26,일요일,17,경상사고,0,0,3,0,25,남,10년미만,,승용,사업용,승용,기타사고,맑음,주간,차대차,차대차-기타,안전운전불이행,특별광역시도,고척교사거리,37.5063741,126.8605154,광진구,
2019,9,13,금요일,0,경상사고,0,0,8,0,42,남,10년미만,,승용,비사업용,승합,진입회전사고,비,심야,차대차,측면직각충돌,신호위반,특별광역시도,고척교사거리,37.5063741,126.8605154,광진구,
2019,9,16,월요일,0,경상사고,0,0,2,0,27,남,15년이상,0,승용,비사업용,승용,일직선사고,맑음,심야,차대차,추돌(진행중),안전운전불이행,특별광역시도,고척교사거리,37.5063741,126.8605154,광진구,
2019,9,5,목요일,8,중상사고,0,1,2,1,64,남,15년이상,,승합,사업용,승합,진입회전사고,맑음,출퇴근,차대차,차대차-기타,신호위반,특별광역시도,고척교사거리,37.5063741,126.8605154,광진구,
2019,9,17,화요일,23,경상사고,0,0,1,0,30,남,10년미만,,승합,비사업용,승합,진입회전사고,맑음,심야,차대차,측면직각충돌,신호위반,특별광역시도,고척교사거리,37.5063741,126.8605154,광진구,
2019,10,21,월요일,4,중상사고,0,1,0,0,55,남,15년이상,,승용,비사업용,자전거,기타사고,맑음,심야,차대차,차대차-기타,안전운전불이행,특별광역시도,고척교사거리,37.5063741,126.8605154,광진구,
2019,10,15,화요일,9,경상사고,0,0,1,0,25,여,15년이상,,승용,비사업용,승용,진입회전사고,맑음,주간,차대차,차대차-기타,신호위반,특별광역시도,고척교사거리,37.5063741,126.8605154,광진구,
2019,10,15,화요일,10,경상사고,0,0,2,0,50,여,15년이상,,승용,비사업용,이륜,진입회전사고,맑음,주간,차대차,차대차-기타,신호위반,특별광역시도,고척교사거리,37.5063741,126.8605154,광진구,
2019,10,12,토요일,15,중상사고,0,1,2,0,34,남,15년미만,,승용,비사업용,승용,진입회전사고,맑음,주간,차대차,차대차-기타,신호위반,특별광역시도,고척교사거리,37.5063741,126.8605154,광진구,
2019,11,16,토요일,11,경상사고,0,0,2,0,25,남,10년미만,,승용,비사업용,승합,진입회전사고,맑음,주간,차대차,차대차-기타,신호위반,특별광역시도,고척교사거리,37.5063741,126.8605154,광진구,
2017,1,19,목요일,5,경상사고,0,0,1,0,38,남,15년이상,,승용,비사업용,보행자,보행횡단사고,맑음,새벽,차대사람,횡단중,안전운전불이행,특별광역시도,광나루역,37.545339,127.103623,광진구,
2017,2,17,금요일,17,경상사고,0,0,2,0,불명,불명,데이터오류,,승용,비사업용,승용,일직선사고,맑음,주간,차대차,추돌(진행중),안전운전불이행,특별광역시도,광나루역,37.545339,127.103623,광진구,
2017,4,4,화요일,11,중상사고,0,1,0,0,34,남,15년미만,,화물,비사업용,보행자,보행횡단사고,맑음,주간,차대사람,횡단중,안전운전불이행,특별광역시도,광나루역,37.545339,127.103623,광진구,
2017,4,17,월요일,13,경상사고,0,0,1,0,52,남,15년이상,,승용,사업용,기타,기타사고,비,주간,차대차,차대차-기타,안전운전불이행,특별광역시도,광나루역,37.545339,127.103623,광진구,
2017,5,12,금요일,16,부상사고,0,0,0,1,불명,불명,데이터오류,,기타,데이터오류,기타,기타사고,맑음,주간,차대사람,차대사람-기타,안전운전불이행,특별광역시도,광나루역,37.545339,127.103623,광진구,
2017,6,15,목요일,14,경상사고,0,0,1,0,불명,불명,데이터오류,,기타,데이터오류,기타,보행횡단사고,맑음,주간,차대사람,횡단중,보행자보호의무위반,특별광역시도,광나루역,37.545339,127.103623,광진구,
2017,8,26,토요일,9,경상사고,0,0,3,0,58,남,15년이상,,승용,비사업용,승용,진입회전사고,맑음,주간,차대차,측면직각충돌,안전운전불이행,특별광역시도,광나루역,37.545339,127.103623,광진구,
2017,8,3,목요일,18,중상사고,0,1,2,0,59,남,15년이상,,승용,비사업용,원동기,일직선사고,맑음,출퇴근,차대차,추돌(진행중),안전운전불이행,특별광역시도,광나루역,37.545339,127.103623,광진구,
2017,12,19,화요일,18,경상사고,0,0,1,0,35,여,15년이상,,승용,비사업용,승용,일직선사고,맑음,출퇴근,차대차,추돌(진행중),안전운전불이행,특별광역시도,광나루역,37.545339,127.103623,광진구,
2018,1,1,월요일,1,중상사고,0,1,0,0,60,남,15년이상,,승용,비사업용,이륜,진입회전사고,맑음,심야,차대차,정면충돌,신호위반,특별광역시도,광나루역,37.545339,127.103623,광진구,
2018,2,8,목요일,10,중상사고,0,1,2,0,50,남,15년이상,,승합,사업용,기타,일직선사고,맑음,주간,차대차,추돌(진행중),안전운전불이행,특별광역시도,광나루역,37.545339,127.103623,광진구,
2018,3,15,목요일,9,중상사고,0,1,0,0,30,남,3년미만,0,승용,사업용,승용,일직선사고,비,주간,차대차,추돌(진행중),안전운전불이행,특별광역시도,광나루역,37.545339,127.103623,광진구,
2018,3,22,목요일,19,경상사고,0,0,1,0,63,남,10년미만,,승용,사업용,승용,일직선사고,맑음,출퇴근,차대차,추돌(진행중),안전운전불이행,특별광역시도,광나루역,37.545339,127.103623,광진구,
2018,4,21,토요일,10,경상사고,0,0,1,0,54,남,15년이상,,승합,사업용,기타,기타사고,맑음,주간,차량단독,차량단독-기타,안전운전불이행,특별광역시도,광나루역,37.545339,127.103623,광진구,
2018,8,1,수요일,8,경상사고,0,0,1,0,37,여,10년미만,,승용,비사업용,승합,기타사고,맑음,출퇴근,차대차,차대차-기타,안전거리미확보,특별광역시도,광나루역,37.545339,127.103623,광진구,
2018,10,14,일요일,2,경상사고,0,0,1,0,37,남,15년이상,0,승용,비사업용,승용,일직선사고,맑음,심야,차대차,추돌(진행중),안전운전불이행,특별광역시도,광나루역,37.545339,127.103623,광진구,
2018,10,19,금요일,22,경상사고,0,0,1,0,61,남,15년이상,,승용,사업용,원동기,기타사고,맑음,심야,차대차,차대차-기타,차로위반,특별광역시도,광나루역,37.545339,127.103623,광진구,
2018,11,17,토요일,2,중상사고,0,1,1,0,32,남,10년미만,0,승용,비사업용,승용,진입회전사고,맑음,심야,차대차,측면직각충돌,안전운전불이행,특별광역시도,광나루역,37.545339,127.103623,광진구,
2018,12,11,화요일,3,경상사고,0,0,1,0,53,남,15년이상,,승용,비사업용,원동기,진입회전사고,맑음,심야,차대차,차대차-기타,신호위반,특별광역시도,광나루역,37.545339,127.103623,광진구,
2019,3,23,토요일,11,중상사고,0,1,0,0,37,여,10년미만,,승용,비사업용,승용,일직선사고,맑음,주간,차대차,추돌(진행중),안전거리미확보,특별광역시도,광나루역,37.545339,127.103623,광진구,
2019,3,19,화요일,16,중상사고,0,1,0,0,48,남,15년이상,,승용,비사업용,승용,진입회전사고,맑음,주간,차대차,측면직각충돌,차로위반,특별광역시도,광나루역,37.545339,127.103623,광진구,
2019,5,18,토요일,17,경상사고,0,0,2,0,76,남,15년이상,,승용,비사업용,승용,진입회전사고,맑음,주간,차대차,측면직각충돌,안전운전불이행,특별광역시도,광나루역,37.545339,127.103623,광진구,
2019,8,1,목요일,7,경상사고,0,0,1,0,62,남,15년미만,,승용,사업용,기타,기타사고,맑음,출퇴근,차량단독,차량단독-기타,안전운전불이행,특별광역시도,광나루역,37.545339,127.103623,광진구,
2019,10,12,토요일,8,경상사고,0,0,1,0,55,남,2년미만,,승합,사업용,승합,진입회전사고,맑음,출퇴근,차대차,측면직각충돌,신호위반,특별광역시도,광나루역,37.545339,127.103623,광진구,
2019,10,18,금요일,8,경상사고,0,0,1,0,67,남,15년이상,,승용,사업용,승용,일직선사고,맑음,출퇴근,차대차,추돌(진행중),안전운전불이행,특별광역시도,광나루역,37.545339,127.103623,광진구,
2019,10,27,일요일,17,경상사고,0,0,2,0,74,남,15년이상,,승용,사업용,승용,일직선사고,맑음,주간,차대차,추돌(진행중),교차로운행방법위반,특별광역시도,광나루역,37.545339,127.103623,광진구,
2019,12,28,토요일,5,경상사고,0,0,1,0,55,남,15년이상,,승용,비사업용,승합,진입회전사고,맑음,새벽,차대차,정면충돌,신호위반,특별광역시도,광나루역,37.545339,127.103623,광진구,
2017,2,25,토요일,17,경상사고,0,0,1,0,52,여,15년이상,,승용,비사업용,승용,기타사고,맑음,주간,차대차,차대차-기타,교차로운행방법위반,특별광역시도,광장동청구아파트앞,37.5424859,127.0962615,광진구,
2017,3,5,일요일,0,경상사고,0,0,1,0,55,남,15년이상,,승용,사업용,보행자,보행횡단사고,맑음,심야,차대사람,횡단중,보행자보호의무위반,특별광역시도,광장동청구아파트앞,37.5424859,127.0962615,광진구,
2017,5,5,금요일,4,중상사고,0,2,0,2,22,남,4년미만,0,승용,비사업용,보행자,진입회전사고,맑음,심야,차대차,정면충돌,신호위반,특별광역시도,광장동청구아파트앞,37.5424859,127.0962615,광진구,
2017,6,6,화요일,20,중상사고,0,1,0,0,65,남,10년미만,,승용,비사업용,자전거,진입회전사고,비,출퇴근,차대차,측면직각충돌,신호위반,특별광역시도,광장동청구아파트앞,37.5424859,127.0962615,광진구,
2017,9,16,토요일,10,경상사고,0,0,1,0,78,남,15년이상,,승용,사업용,기타,기타사고,맑음,주간,차량단독,차량단독-기타,안전운전불이행,특별광역시도,광장동청구아파트앞,37.5424859,127.0962615,광진구,
2017,9,29,금요일,19,중상사고,0,2,0,0,52,남,15년이상,,승합,사업용,기타,기타사고,맑음,출퇴근,차량단독,차량단독-기타,안전운전불이행,특별광역시도,광장동청구아파트앞,37.5424859,127.0962615,광진구,
2017,10,22,일요일,17,경상사고,0,0,1,0,29,남,10년미만,,승용,사업용,이륜,기타사고,맑음,주간,차대차,차대차-기타,안전운전불이행,특별광역시도,광장동청구아파트앞,37.5424859,127.0962615,광진구,
2017,12,20,수요일,18,경상사고,0,0,1,0,43,여,15년이상,,승용,비사업용,승용,진입회전사고,맑음,출퇴근,차대차,측면직각충돌,안전거리미확보,특별광역시도,광장동청구아파트앞,37.5424859,127.0962615,광진구,
2017,12,10,일요일,22,경상사고,0,0,1,0,64,남,15년이상,,승용,사업용,승용,진입회전사고,맑음,심야,차대차,측면직각충돌,교차로운행방법위반,특별광역시도,광장동청구아파트앞,37.5424859,127.0962615,광진구,
2018,1,12,금요일,9,중상사고,0,1,0,0,50,남,15년이상,,승용,사업용,원동기,기타사고,맑음,주간,차대차,차대차-기타,기타,특별광역시도,광장동청구아파트앞,37.5424859,127.0962615,광진구,
2018,1,22,월요일,14,경상사고,0,0,1,0,65,남,15년이상,,승용,사업용,승용,일직선사고,맑음,주간,차대차,추돌(진행중),안전운전불이행,특별광역시도,광장동청구아파트앞,37.5424859,127.0962615,광진구,
2018,3,23,금요일,22,부상사고,0,0,0,2,29,남,2년미만,,승용,비사업용,승용,일직선사고,맑음,심야,차대차,추돌(진행중),안전운전불이행,기타,광장동청구아파트앞,37.5424859,127.0962615,광진구,
2018,4,17,화요일,1,중상사고,0,1,1,0,28,남,15년이상,0,승용,비사업용,승용,일직선사고,맑음,심야,차대차,추돌(진행중),안전운전불이행,특별광역시도,광장동청구아파트앞,37.5424859,127.0962615,광진구,
2018,4,6,금요일,16,경상사고,0,0,1,0,54,남,10년미만,,화물,비사업용,화물,기타사고,맑음,주간,차대차,차대차-기타,안전운전불이행,특별광역시도,광장동청구아파트앞,37.5424859,127.0962615,광진구,
2018,5,5,토요일,3,경상사고,0,0,1,0,37,여,5년미만,0,승용,비사업용,승용,일직선사고,맑음,심야,차대차,추돌(진행중),안전운전불이행,특별광역시도,광장동청구아파트앞,37.5424859,127.0962615,광진구,
2018,6,5,화요일,18,경상사고,0,0,1,0,66,남,15년이상,,승용,비사업용,승용,진입회전사고,맑음,출퇴근,차대차,측면직각충돌,교차로운행방법위반,특별광역시도,광장동청구아파트앞,37.5424859,127.0962615,광진구,
2018,7,9,월요일,21,경상사고,0,0,2,0,51,남,10년미만,0,승용,비사업용,승용,일직선사고,비,심야,차대차,추돌(진행중),안전운전불이행,특별광역시도,광장동청구아파트앞,37.5424859,127.0962615,광진구,
2018,11,13,화요일,0,경상사고,0,0,1,0,70,남,15년이상,,승용,사업용,승용,일직선사고,맑음,심야,차대차,추돌(진행중),안전운전불이행,특별광역시도,광장동청구아파트앞,37.5424859,127.0962615,광진구,
2018,11,28,수요일,17,경상사고,0,0,1,0,30,여,15년미만,,승용,비사업용,보행자,보행횡단사고,맑음,주간,차대사람,보도통행중,기타,특별광역시도,광장동청구아파트앞,37.5424859,127.0962615,광진구,
2018,12,17,월요일,9,경상사고,0,0,1,0,43,남,15년이상,,승용,사업용,보행자,기타사고,맑음,주간,차대사람,차도통행중,안전운전불이행,특별광역시도,광장동청구아파트앞,37.5424859,127.0962615,광진구,
2019,4,29,월요일,17,경상사고,0,0,1,0,54,남,15년이상,,승용,비사업용,승용,진입회전사고,맑음,주간,차대차,측면직각충돌,안전거리미확보,특별광역시도,광장동청구아파트앞,37.5424859,127.0962615,광진구,
2019,8,15,목요일,21,경상사고,0,0,1,0,30,여,10년미만,,승용,비사업용,승용,일직선사고,맑음,심야,차대차,추돌(진행중),안전운전불이행,특별광역시도,광장동청구아파트앞,37.5424859,127.0962615,광진구,
2019,9,13,금요일,4,경상사고,0,0,1,0,19,여,15년이상,,승용,비사업용,승용,일직선사고,맑음,심야,차대차,추돌(진행중),안전운전불이행,특별광역시도,광장동청구아파트앞,37.5424859,127.0962615,광진구,
2019,11,29,금요일,10,중상사고,0,1,0,0,52,남,15년이상,,승합,사업용,승합,진입회전사고,맑음,주간,차대차,측면직각충돌,안전운전불이행,특별광역시도,광장동청구아파트앞,37.5424859,127.0962615,광진구,
2019,11,19,화요일,16,경상사고,0,0,1,0,48,여,10년미만,,승용,비사업용,보행자,보행횡단사고,맑음,주간,차대사람,횡단중,보행자보호의무위반,특별광역시도,광장동청구아파트앞,37.5424859,127.0962615,광진구,
2017,1,16,월요일,9,경상사고,0,0,1,0,46,남,15년이상,,화물,사업용,화물,진입회전사고,맑음,주간,차대차,측면직각충돌,안전운전불이행,특별광역시도,KT서울북부마케팅단앞,37.5371364,127.0887607,광진구,