년도,월,일,요일,시각,사고등급,사망자수,중상자수,경상자수,부상자수,연령,성별,경력,음주,종별,용도,관련자2,사고형태,기상상태,일광상태,사고유형1,사고유형2,법규위반,도로종류,지점명,위도,경도,자치구,
2017,2,20,월요일,9,경상사고,0,0,2,0,56,남,10년미만,,승용,사업용,승용,진입회전사고,맑음,주간,차대차,측면직각충돌,안전운전불이행,특별광역시도,KT서울북부마케팅단앞,37.5371364,127.0887607,광진구,
2017,2,21,화요일,20,부상사고,0,0,0,2,59,남,15년이상,,승용,사업용,승용,기타사고,맑음,출퇴근,차대차,차대차-기타,안전운전불이행,특별광역시도,KT서울북부마케팅단앞,37.5371364,127.0887607,광진구,
2017,3,31,금요일,22,경상사고,0,0,1,0,47,남,15년이상,,승용,사업용,원동기,진입회전사고,맑음,심야,차대차,측면직각충돌,신호위반,특별광역시도,KT서울북부마케팅단앞,37.5371364,127.0887607,광진구,
2017,5,8,월요일,17,중상사고,0,1,0,0,72,남,15년미만,,이륜,기타,이륜,일직선사고,맑음,주간,차대차,추돌(진행중),안전거리미확보,특별광역시도,KT서울북부마케팅단앞,37.5371364,127.0887607,광진구,
2017,5,19,금요일,18,경상사고,0,0,1,0,36,남,15년미만,,승용,비사업용,원동기,진입회전사고,맑음,출퇴근,차대차,측면직각충돌,교차로운행방법위반,특별광역시도,KT서울북부마케팅단앞,37.5371364,127.0887607,광진구,
2018,3,30,금요일,22,경상사고,0,0,1,0,57,남,15년이상,,승용,사업용,이륜,기타사고,맑음,심야,차대차,차대차-기타,안전운전불이행,특별광역시도,KT서울북부마케팅단앞,37.5371364,127.0887607,광진구,
2018,4,9,월요일,1,중상사고,0,1,0,0,63,남,15년이상,,승용,사업용,보행자,보행횡단사고,맑음,심야,차대사람,횡단중,안전운전불이행,특별광역시도,KT서울북부마케팅단앞,37.5371364,127.0887607,광진구,
2018,5,16,수요일,1,중상사고,0,1,1,0,39,남,15년이상,,승용,사업용,이륜,진입회전사고,맑음,심야,차대차,측면직각충돌,신호위반,특별광역시도,KT서울북부마케팅단앞,37.5371364,127.0887607,광진구,
2018,5,22,화요일,15,경상사고,0,0,1,0,42,남,15년이상,,원동기,기타,보행자,보행횡단사고,비,주간,차대사람,횡단중,보행자보호의무위반,특별광역시도,KT서울북부마케팅단앞,37.5371364,127.0887607,광진구,
2018,10,6,토요일,0,중상사고,0,1,1,0,27,남,10년미만,0,승용,비사업용,승용,일직선사고,비,심야,차대차,추돌(진행중),안전운전불이행,특별광역시도,KT서울북부마케팅단앞,37.5371364,127.0887607,광진구,
2018,10,17,수요일,19,경상사고,0,0,2,1,47,남,15년이상,,승용,비사업용,승용,진입회전사고,맑음,출퇴근,차대차,측면직각충돌,교차로운행방법위반,특별광역시도,KT서울북부마케팅단앞,37.5371364,127.0887607,광진구,
2018,11,27,화요일,14,경상사고,0,0,2,0,19,남,데이터오류,,승용,비사업용,원동기,진입회전사고,맑음,주간,차대차,측면직각충돌,안전운전불이행,특별광역시도,KT서울북부마케팅단앞,37.5371364,127.0887607,광진구,
2018,11,30,금요일,20,경상사고,0,0,1,0,29,남,10년미만,,승용,비사업용,승용,진입회전사고,맑음,출퇴근,차대차,측면직각충돌,안전운전불이행,특별광역시도,KT서울북부마케팅단앞,37.5371364,127.0887607,광진구,
2019,5,13,월요일,16,중상사고,0,1,0,0,71,남,15년이상,,승합,비사업용,자전거,진입회전사고,맑음,주간,차대차,측면직각충돌,신호위반,특별광역시도,KT서울북부마케팅단앞,37.5371364,127.0887607,광진구,
2019,7,17,수요일,15,경상사고,0,0,1,0,42,남,15년이상,,화물,비사업용,자전거,기타사고,맑음,주간,차대차,차대차-기타,안전운전불이행,특별광역시도,KT서울북부마케팅단앞,37.5371364,127.0887607,광진구,
2019,9,7,토요일,9,중상사고,0,1,0,0,47,여,15년이상,,승합,비사업용,이륜,진입회전사고,맑음,주간,차대차,정면충돌,신호위반,특별광역시도,KT서울북부마케팅단앞,37.5371364,127.0887607,광진구,
2019,9,23,월요일,23,경상사고,0,0,1,0,29,남,15년미만,,승용,비사업용,이륜,기타사고,맑음,심야,차대차,차대차-기타,안전거리미확보,특별광역시도,KT서울북부마케팅단앞,37.5371364,127.0887607,광진구,
2017,5,6,토요일,4,경상사고,0,0,1,0,58,남,10년미만,,승용,사업용,보행자,기타사고,맑음,심야,차대사람,차대사람-기타,안전운전불이행,특별광역시도,광진구청사거리,37.5385333,127.0823772,광진구,
2017,5,13,토요일,6,경상사고,0,0,1,0,25,남,10년미만,,승용,사업용,보행자,기타사고,맑음,새벽,차대사람,차대사람-기타,안전운전불이행,특별광역시도,광진구청사거리,37.5385333,127.0823772,광진구,
2017,10,1,일요일,7,경상사고,0,0,1,0,23,남,2년미만,0,승용,비사업용,보행자,기타사고,맑음,출퇴근,차대사람,차대사람-기타,안전운전불이행,특별광역시도,광진구청사거리,37.5385333,127.0823772,광진구,
2017,10,6,금요일,7,경상사고,0,0,1,0,23,남,5년미만,0,승용,비사업용,보행자,기타사고,맑음,출퇴근,차대사람,차대사람-기타,안전운전불이행,특별광역시도,광진구청사거리,37.5385333,127.0823772,광진구,
2017,11,19,일요일,0,부상사고,0,0,0,1,23,남,1년미만,,승용,비사업용,보행자,기타사고,맑음,심야,차대사람,차대사람-기타,안전운전불이행,특별광역시도,광진구청사거리,37.5385333,127.0823772,광진구,
2017,11,9,목요일,1,중상사고,0,1,0,0,34,남,10년미만,,승용,비사업용,보행자,기타사고,맑음,심야,차대사람,길가장자리구역통행중,안전운전불이행,특별광역시도,광진구청사거리,37.5385333,127.0823772,광진구,
2017,11,23,목요일,23,경상사고,0,0,1,0,35,남,15년이상,,화물,비사업용,보행자,기타사고,기타,심야,차대사람,길가장자리구역통행중,안전운전불이행,특별광역시도,광진구청사거리,37.5385333,127.0823772,광진구,
2018,4,24,화요일,20,경상사고,0,0,1,0,48,남,15년이상,,승용,사업용,보행자,기타사고,맑음,출퇴근,차대사람,길가장자리구역통행중,안전운전불이행,기타,광진구청사거리,37.5385333,127.0823772,광진구,
2018,7,13,금요일,22,경상사고,0,0,1,0,46,남,2년미만,0,승용,사업용,보행자,기타사고,맑음,심야,차대사람,차대사람-기타,안전운전불이행,특별광역시도,광진구청사거리,37.5385333,127.0823772,광진구,
2018,9,29,토요일,5,경상사고,0,0,1,0,26,남,4년미만,,승용,비사업용,보행자,기타사고,맑음,새벽,차대사람,차대사람-기타,안전운전불이행,특별광역시도,광진구청사거리,37.5385333,127.0823772,광진구,
2018,10,21,일요일,1,중상사고,0,1,0,0,19,남,3년미만,,승용,비사업용,보행자,기타사고,맑음,심야,차대사람,차대사람-기타,안전운전불이행,특별광역시도,광진구청사거리,37.5385333,127.0823772,광진구,
2018,11,29,목요일,12,중상사고,0,1,0,0,32,여,15년미만,,승용,비사업용,보행자,기타사고,맑음,주간,차대사람,길가장자리구역통행중,안전운전불이행,특별광역시도,광진구청사거리,37.5385333,127.0823772,광진구,
2018,11,18,일요일,20,경상사고,0,0,1,0,22,남,4년미만,,승용,비사업용,보행자,보행횡단사고,맑음,출퇴근,차대사람,횡단중,안전운전불이행,특별광역시도,광진구청사거리,37.5385333,127.0823772,광진구,
2018,12,19,수요일,19,경상사고,0,0,1,0,32,남,5년미만,,승용,비사업용,이륜,진입회전사고,맑음,출퇴근,차대차,측면직각충돌,안전운전불이행,특별광역시도,광진구청사거리,37.5385333,127.0823772,광진구,
2019,5,19,일요일,1,경상사고,0,0,1,0,60,남,15년이상,,승용,사업용,보행자,기타사고,흐림,심야,차대사람,차대사람-기타,안전운전불이행,특별광역시도,광진구청사거리,37.5385333,127.0823772,광진구,
2019,7,21,일요일,18,경상사고,0,0,1,0,23,남,3년미만,,승용,사업용,보행자,기타사고,맑음,출퇴근,차대사람,차도통행중,안전운전불이행,특별광역시도,광진구청사거리,37.5385333,127.0823772,광진구,
2019,9,19,목요일,2,중상사고,0,1,0,0,59,남,15년이상,,승용,사업용,보행자,기타사고,맑음,심야,차대사람,차대사람-기타,안전운전불이행,특별광역시도,광진구청사거리,37.5385333,127.0823772,광진구,
2019,9,1,일요일,10,경상사고,0,0,2,0,32,남,데이터오류,0,승용,비사업용,보행자,기타사고,맑음,주간,차대사람,차대사람-기타,안전거리미확보,특별광역시도,광진구청사거리,37.5385333,127.0823772,광진구,
2017,5,20,토요일,15,경상사고,0,0,1,0,29,남,2년미만,,승용,비사업용,보행자,기타사고,맑음,주간,차대사람,차대사람-기타,안전운전불이행,특별광역시도,군자교교차로,37.5593985,127.0737382,광진구,
2017,6,4,일요일,6,경상사고,0,0,1,0,50,남,15년이상,,승합,비사업용,승합,일직선사고,맑음,새벽,차대차,추돌(진행중),안전거리미확보,특별광역시도,군자교교차로,37.5593985,127.0737382,광진구,
2017,6,17,토요일,21,중상사고,0,1,0,0,25,남,2년미만,,승용,비사업용,보행자,보행횡단사고,맑음,심야,차대사람,횡단중,안전운전불이행,특별광역시도,군자교교차로,37.5593985,127.0737382,광진구,
2017,7,27,목요일,0,경상사고,0,0,1,0,50,남,15년이상,,승합,사업용,기타,기타사고,기타,심야,차량단독,차량단독-기타,데이터없음,기타,군자교교차로,37.5593985,127.0737382,광진구,
2017,8,4,금요일,10,경상사고,0,0,3,0,55,남,15년이상,,승용,사업용,승용,기타사고,맑음,주간,차대차,차대차-기타,안전거리미확보,특별광역시도,군자교교차로,37.5593985,127.0737382,광진구,
2017,8,13,일요일,22,경상사고,0,0,1,0,69,남,15년이상,,승용,사업용,기타,기타사고,맑음,심야,차량단독,차량단독-기타,안전운전불이행,특별광역시도,군자교교차로,37.5593985,127.0737382,광진구,
2017,10,5,목요일,13,중상사고,0,2,0,0,60,남,15년이상,,승용,비사업용,보행자,일직선사고,맑음,주간,차대차,추돌(진행중),데이터없음,특별광역시도,군자교교차로,37.5593985,127.0737382,광진구,
2017,10,5,목요일,19,경상사고,0,0,3,0,54,여,10년미만,,승용,비사업용,승용,진입회전사고,맑음,출퇴근,차대차,측면직각충돌,안전거리미확보,특별광역시도,군자교교차로,37.5593985,127.0737382,광진구,
2017,10,6,금요일,20,경상사고,0,0,2,0,50,여,2년미만,,승용,비사업용,승용,진입회전사고,맑음,출퇴근,차대차,측면직각충돌,안전거리미확보,특별광역시도,군자교교차로,37.5593985,127.0737382,광진구,
2017,12,12,화요일,13,중상사고,0,1,1,0,57,남,1년미만,,승용,사업용,화물,일직선사고,맑음,주간,차대차,추돌(진행중),안전운전불이행,특별광역시도,군자교교차로,37.5593985,127.0737382,광진구,
2018,1,2,화요일,13,중상사고,0,1,0,0,56,남,15년이상,,승합,사업용,보행자,보행횡단사고,맑음,주간,차대사람,횡단중,안전운전불이행,특별광역시도,군자교교차로,37.5593985,127.0737382,광진구,
2018,3,17,토요일,1,중상사고,0,1,1,0,48,남,데이터오류,0,승용,비사업용,승용,진입회전사고,맑음,심야,차대차,측면직각충돌,안전운전불이행,특별광역시도,군자교교차로,37.5593985,127.0737382,광진구,
2018,5,5,토요일,22,경상사고,0,0,2,0,66,남,15년이상,,승용,비사업용,승용,진입회전사고,맑음,심야,차대차,측면직각충돌,안전거리미확보,특별광역시도,군자교교차로,37.5593985,127.0737382,광진구,
2018,11,5,월요일,10,경상사고,0,0,1,0,32,남,15년미만,,승용,비사업용,이륜,진입회전사고,맑음,주간,차대차,측면직각충돌,안전거리미확보,특별광역시도,군자교교차로,37.5593985,127.0737382,광진구,
2019,2,3,일요일,4,경상사고,0,0,1,0,48,남,15년이상,,승용,사업용,승용,진입회전사고,비,심야,차대차,측면직각충돌,안전거리미확보,특별광역시도,군자교교차로,37.5593985,127.0737382,광진구,
2019,6,18,화요일,5,중상사고,0,1,0,0,71,남,15년이상,,승용,비사업용,보행자,기타사고,비,새벽,차대사람,차대사람-기타,안전운전불이행,특별광역시도,군자교교차로,37.5593985,127.0737382,광진구,
2019,8,24,토요일,5,경상사고,0,0,1,0,33,남,10년미만,,승용,비사업용,승용,일직선사고,맑음,새벽,차대차,추돌(진행중),안전거리미확보,특별광역시도,군자교교차로,37.5593985,127.0737382,광진구,
2017,2,21,화요일,1,부상사고,0,0,0,1,53,남,3년미만,,승용,사업용,자전거,진입회전사고,맑음,심야,차대차,측면직각충돌,중앙선침범,특별광역시도,군자역사거리,37.5571211,127.0794877,광진구,
2017,2,3,금요일,4,경상사고,0,0,2,0,66,남,15년이상,,승용,사업용,승용,일직선사고,맑음,심야,차대차,추돌(진행중),안전운전불이행,특별광역시도,군자역사거리,37.5571211,127.0794877,광진구,
2017,3,1,수요일,18,경상사고,0,0,2,0,44,남,15년이상,,화물,비사업용,화물,기타사고,비,출퇴근,차대차,차대차-기타,안전운전불이행,특별광역시도,군자역사거리,37.5571211,127.0794877,광진구,
2017,4,5,수요일,23,경상사고,0,0,1,0,29,여,10년미만,,승용,비사업용,승용,진입회전사고,비,심야,차대차,측면직각충돌,안전거리미확보,특별광역시도,군자역사거리,37.5571211,127.0794877,광진구,
2017,10,10,화요일,21,부상사고,0,0,0,1,34,남,15년이상,,승용,비사업용,이륜,진입회전사고,맑음,심야,차대차,측면직각충돌,교차로운행방법위반,특별광역시도,군자역사거리,37.5571211,127.0794877,광진구,
2017,11,28,화요일,23,경상사고,0,0,1,0,23,남,2년미만,,승용,비사업용,승용,기타사고,맑음,심야,차대차,차대차-기타,안전거리미확보,특별광역시도,군자역사거리,37.5571211,127.0794877,광진구,
2017,12,28,목요일,2,중상사고,0,2,8,0,62,남,15년이상,,승용,사업용,승합,진입회전사고,맑음,심야,차대차,측면직각충돌,신호위반,특별광역시도,군자역사거리,37.5571211,127.0794877,광진구,
2018,1,26,금요일,1,경상사고,0,0,1,0,72,남,15년미만,,승용,사업용,승용,진입회전사고,맑음,심야,차대차,측면직각충돌,교차로운행방법위반,특별광역시도,군자역사거리,37.5571211,127.0794877,광진구,
2018,2,3,토요일,11,경상사고,0,0,1,0,45,남,15년이상,,화물,사업용,화물,진입회전사고,맑음,주간,차대차,측면직각충돌,신호위반,특별광역시도,군자역사거리,37.5571211,127.0794877,광진구,
2018,2,11,일요일,18,경상사고,0,0,1,0,42,남,10년미만,,승용,비사업용,이륜,진입회전사고,맑음,출퇴근,차대차,측면직각충돌,안전운전불이행,특별광역시도,군자역사거리,37.5571211,127.0794877,광진구,
2018,3,7,수요일,19,경상사고,0,0,2,0,56,남,10년미만,,이륜,기타,이륜,진입회전사고,비,출퇴근,차대차,측면직각충돌,신호위반,특별광역시도,군자역사거리,37.5571211,127.0794877,광진구,
2018,4,5,목요일,23,경상사고,0,0,1,0,58,남,15년이상,,승용,사업용,승용,일직선사고,비,심야,차대차,추돌(진행중),안전운전불이행,특별광역시도,군자역사거리,37.5571211,127.0794877,광진구,
2018,5,14,월요일,16,경상사고,0,0,1,0,불명,불명,데이터오류,,기타,기타,기타,진입회전사고,맑음,주간,차대차,측면직각충돌,중앙선침범,특별광역시도,군자역사거리,37.5571211,127.0794877,광진구,
2018,5,2,수요일,23,중상사고,0,1,0,0,57,남,15년이상,,승용,사업용,보행자,보행횡단사고,흐림,심야,차대사람,횡단중,안전운전불이행,특별광역시도,군자역사거리,37.5571211,127.0794877,광진구,
2018,6,8,금요일,16,경상사고,0,0,1,0,56,남,15년이상,,승용,비사업용,이륜,진입회전사고,맑음,주간,차대차,측면직각충돌,신호위반,특별광역시도,군자역사거리,37.5571211,127.0794877,광진구,
2018,6,15,금요일,22,경상사고,0,0,1,0,50,남,10년미만,,승용,비사업용,이륜,진입회전사고,맑음,심야,차대차,측면직각충돌,안전운전불이행,기타,군자역사거리,37.5571211,127.0794877,광진구,
2018,7,15,일요일,22,경상사고,0,0,3,0,55,남,15년이상,,승용,비사업용,승용,기타사고,맑음,심야,차대차,차대차-기타,안전운전불이행,특별광역시도,군자역사거리,37.5571211,127.0794877,광진구,
2018,9,14,금요일,18,중상사고,0,1,0,0,41,남,15년이상,0,승용,비사업용,이륜,일직선사고,맑음,출퇴근,차대차,추돌(진행중),안전운전불이행,특별광역시도,군자역사거리,37.5571211,127.0794877,광진구,
2018,11,30,금요일,1,경상사고,0,0,2,0,29,남,15년미만,0,승용,비사업용,승용,일직선사고,맑음,심야,차대차,추돌(진행중),안전운전불이행,특별광역시도,군자역사거리,37.5571211,127.0794877,광진구,
2018,11,21,수요일,17,중상사고,0,2,0,0,47,남,15년미만,,승용,사업용,이륜,진입회전사고,맑음,주간,차대차,측면직각충돌,신호위반,특별광역시도,군자역사거리,37.5571211,127.0794877,광진구,
2018,12,11,화요일,2,중상사고,0,1,1,0,47,남,15년이상,,승용,사업용,승합,일직선사고,맑음,심야,차대차,추돌(진행중),안전운전불이행,특별광역시도,군자역사거리,37.5571211,127.0794877,광진구,
2019,2,4,월요일,1,중상사고,0,2,0,0,32,남,3년미만,0,승용,비사업용,승용,진입회전사고,맑음,심야,차대차,측면직각충돌,신호위반,특별광역시도,군자역사거리,37.5571211,127.0794877,광진구,
2019,2,10,일요일,10,경상사고,0,0,1,0,28,여,1년미만,,승용,비사업용,이륜,진입회전사고,맑음,주간,차대차,측면직각충돌,신호위반,특별광역시도,군자역사거리,37.5571211,127.0794877,광진구,
2019,5,13,월요일,6,중상사고,0,1,0,0,62,남,15년이상,0,승용,비사업용,화물,진입회전사고,맑음,새벽,차대차,측면직각충돌,교차로운행방법위반,특별광역시도,군자역사거리,37.5571211,127.0794877,광진구,
2019,5,27,월요일,10,경상사고,0,0,1,0,52,남,15년이상,,건설기계,사업용,건설기계,일직선사고,비,주간,차대차,추돌(진행중),안전운전불이행,특별광역시도,군자역사거리,37.5571211,127.0794877,광진구,
2019,5,20,월요일,18,부상사고,0,0,0,1,56,남,15년이상,,승용,비사업용,이륜,진입회전사고,맑음,출퇴근,차대차,측면직각충돌,안전거리미확보,특별광역시도,군자역사거리,37.5571211,127.0794877,광진구,
2019,6,10,월요일,23,경상사고,0,0,1,0,61,남,15년이상,,승용,사업용,승용,진입회전사고,맑음,심야,차대차,측면직각충돌,차로위반,특별광역시도,군자역사거리,37.5571211,127.0794877,광진구,
2019,7,6,토요일,4,경상사고,0,0,2,0,61,남,15년이상,,승용,사업용,이륜,진입회전사고,맑음,심야,차대차,측면직각충돌,교차로운행방법위반,특별광역시도,군자역사거리,37.5571211,127.0794877,광진구,
2019,7,4,목요일,23,경상사고,0,0,1,0,43,남,15년이상,,이륜,데이터오류,이륜,진입회전사고,맑음,심야,차대차,측면직각충돌,신호위반,특별광역시도,군자역사거리,37.5571211,127.0794877,광진구,
2019,8,29,목요일,0,경상사고,0,0,1,0,50,남,15년미만,,화물,사업용,화물,일직선사고,맑음,심야,차대차,추돌(진행중),안전운전불이행,특별광역시도,군자역사거리,37.5571211,127.0794877,광진구,
2019,8,17,토요일,1,중상사고,0,1,3,0,60,남,15년이상,,승용,사업용,승용,일직선사고,맑음,심야,차대차,추돌(진행중),안전운전불이행,특별광역시도,군자역사거리,37.5571211,127.0794877,광진구,
2019,9,2,월요일,11,경상사고,0,0,1,0,78,남,15년이상,,승용,비사업용,승용,일직선사고,맑음,주간,차대차,추돌(진행중),안전운전불이행,특별광역시도,군자역사거리,37.5571211,127.0794877,광진구,
2019,10,19,토요일,0,경상사고,0,0,1,0,58,여,15년이상,,승용,사업용,보행자,기타사고,맑음,심야,차대사람,차대사람-기타,안전운전불이행,특별광역시도,군자역사거리,37.5571211,127.0794877,광진구,
2019,10,30,수요일,18,경상사고,0,0,2,0,58,남,15년이상,,승합,사업용,승합,진입회전사고,맑음,출퇴근,차대차,측면직각충돌,안전운전불이행,특별광역시도,군자역사거리,37.5571211,127.0794877,광진구,
2019,11,22,금요일,0,경상사고,0,0,3,0,45,남,데이터오류,,승용,비사업용,승용,일직선사고,맑음,심야,차대차,추돌(진행중),안전거리미확보,특별광역시도,군자역사거리,37.5571211,127.0794877,광진구,
2019,12,11,수요일,7,경상사고,0,0,1,0,65,남,15년이상,,승용,사업용,승용,진입회전사고,맑음,출퇴근,차대차,측면직각충돌,교차로운행방법위반,특별광역시도,군자역사거리,37.5571211,127.0794877,광진구,
2017,1,24,화요일,20,경상사고,0,0,1,0,30,남,15년미만,,승용,비사업용,원동기,기타사고,맑음,출퇴근,차대차,차대차-기타,안전운전불이행,특별광역시도,군자역사거리,37.5571211,127.0794877,광진구,
2017,2,19,일요일,3,경상사고,0,0,2,0,61,남,15년이상,,승용,사업용,승용,진입회전사고,맑음,심야,차대차,측면직각충돌,안전거리미확보,특별광역시도,군자역사거리,37.5571211,127.0794877,광진구,
2017,3,27,월요일,19,경상사고,0,0,1,0,53,남,15년이상,,승용,비사업용,화물,진입회전사고,맑음,출퇴근,차대차,측면직각충돌,직진우회전진행방해,특별광역시도,군자역사거리,37.5571211,127.0794877,광진구,
2017,6,30,금요일,4,중상사고,0,1,0,0,68,남,15년이상,,승용,사업용,보행자,기타사고,맑음,심야,차대사람,차대사람-기타,데이터없음,특별광역시도,군자역사거리,37.5571211,127.0794877,광진구,
2017,7,8,토요일,18,중상사고,0,1,0,0,48,남,15년이상,,승용,사업용,이륜,기타사고,맑음,출퇴근,차대차,차대차-기타,데이터없음,특별광역시도,군자역사거리,37.5571211,127.0794877,광진구,
2017,8,18,금요일,17,중상사고,0,1,0,0,66,남,15년이상,,승용,비사업용,보행자,진입회전사고,비,주간,차대사람,횡단중,신호위반,기타,군자역사거리,37.5571211,127.0794877,광진구,
2017,9,18,월요일,9,경상사고,0,0,1,0,61,남,15년이상,,승용,비사업용,보행자,기타사고,맑음,주간,차대사람,차도통행중,안전운전불이행,기타,군자역사거리,37.5571211,127.0794877,광진구,
2017,9,4,월요일,23,중상사고,0,1,2,0,36,여,15년이상,,승용,비사업용,승용,진입회전사고,맑음,심야,차대차,측면직각충돌,신호위반,특별광역시도,군자역사거리,37.5571211,127.0794877,광진구,
2017,10,6,금요일,1,부상사고,0,0,0,2,65,남,15년이상,,승용,사업용,이륜,기타사고,맑음,심야,차대차,차대차-기타,데이터없음,특별광역시도,군자역사거리,37.5571211,127.0794877,광진구,
2018,1,5,금요일,6,경상사고,0,0,1,0,50,남,15년이상,,승용,비사업용,승용,진입회전사고,맑음,새벽,차대차,측면직각충돌,신호위반,특별광역시도,군자역사거리,37.5571211,127.0794877,광진구,
2018,1,26,금요일,19,경상사고,0,0,1,0,33,남,10년미만,,승용,비사업용,승용,일직선사고,맑음,출퇴근,차대차,추돌(진행중),안전운전불이행,특별광역시도,군자역사거리,37.5571211,127.0794877,광진구,
2018,5,31,목요일,15,경상사고,0,0,1,0,35,남,15년이상,,승용,비사업용,이륜,기타사고,맑음,주간,차대차,차대차-기타,안전거리미확보,특별광역시도,군자역사거리,37.5571211,127.0794877,광진구,
2018,7,21,토요일,12,경상사고,0,0,2,0,35,여,3년미만,,승용,사업용,승용,진입회전사고,맑음,주간,차대차,측면직각충돌,안전운전불이행,특별광역시도,군자역사거리,37.5571211,127.0794877,광진구,
2018,11,4,일요일,1,경상사고,0,0,1,0,21,남,5년미만,,이륜,기타,이륜,진입회전사고,맑음,심야,차대차,측면직각충돌,신호위반,특별광역시도,군자역사거리,37.5571211,127.0794877,광진구,
2018,11,16,금요일,14,중상사고,0,1,0,0,46,남,15년이상,,승용,사업용,이륜,진입회전사고,맑음,주간,차대차,측면직각충돌,불법유턴,특별광역시도,군자역사거리,37.5571211,127.0794877,광진구,
2018,11,12,월요일,15,중상사고,0,1,0,0,30,여,10년미만,,승용,비사업용,보행자,진입회전사고,맑음,주간,차대사람,횡단중,신호위반,특별광역시도,군자역사거리,37.5571211,127.0794877,광진구,
2018,12,6,목요일,10,부상사고,0,0,0,2,30,남,5년미만,,승용,사업용,승용,진입회전사고,맑음,주간,차대차,측면직각충돌,안전운전불이행,특별광역시도,군자역사거리,37.5571211,127.0794877,광진구,
2019,2,5,화요일,8,부상사고,0,0,0,1,33,여,4년미만,,승용,비사업용,승용,진입회전사고,맑음,출퇴근,차대차,측면직각충돌,신호위반,특별광역시도,군자역사거리,37.5571211,127.0794877,광진구,
2019,5,10,금요일,5,경상사고,0,0,1,0,72,남,15년이상,,승용,사업용,이륜,진입회전사고,맑음,새벽,차대차,측면직각충돌,안전운전불이행,특별광역시도,군자역사거리,37.5571211,127.0794877,광진구,
2019,7,24,수요일,18,중상사고,0,1,3,0,63,남,15년이상,,승용,사업용,화물,진입회전사고,맑음,출퇴근,차대차,측면직각충돌,안전운전불이행,특별광역시도,군자역사거리,37.5571211,127.0794877,광진구,
2019,8,6,화요일,23,경상사고,0,0,1,0,61,남,15년이상,,승용,사업용,보행자,기타사고,흐림,심야,차대사람,차대사람-기타,안전운전불이행,특별광역시도,군자역사거리,37.5571211,127.0794877,광진구,
2019,8,14,수요일,23,중상사고,0,1,3,0,59,남,15년이상,,승용,비사업용,승용,진입회전사고,맑음,심야,차대차,측면직각충돌,불법유턴,특별광역시도,군자역사거리,37.5571211,127.0794877,광진구,
2019,9,7,토요일,2,경상사고,0,0,1,0,61,남,15년미만,,승용,사업용,승용,기타사고,맑음,심야,차대차,차대차-기타,안전거리미확보,특별광역시도,군자역사거리,37.5571211,127.0794877,광진구,
2019,10,3,목요일,3,경상사고,0,0,3,0,67,남,15년이상,,승용,사업용,승용,진입회전사고,비,심야,차대차,측면직각충돌,신호위반,특별광역시도,군자역사거리,37.5571211,127.0794877,광진구,
2019,10,30,수요일,10,중상사고,0,1,0,0,61,남,15년이상,,승용,비사업용,자전거,진입회전사고,맑음,주간,차대차,측면직각충돌,안전운전불이행,특별광역시도,군자역사거리,37.5571211,127.0794877,광진구,
2019,10,16,수요일,15,경상사고,0,0,1,0,48,남,5년미만,,화물,사업용,보행자,기타사고,맑음,주간,차대사람,차대사람-기타,기타,특별광역시도,군자역사거리,37.5571211,127.0794877,광진구,
2017,1,2,월요일,5,경상사고,0,0,1,0,27,남,데이터오류,,자전거,기타,보행자,기타사고,비,새벽,차대사람,차대사람-기타,데이터없음,특별광역시도,대우1차아파트앞사거리,37.4124926,126.6679763,광진구,
2017,3,19,일요일,19,중상사고,0,1,0,0,26,남,4년미만,,승용,비사업용,보행자,기타사고,맑음,출퇴근,차대사람,차대사람-기타,안전운전불이행,특별광역시도,대우1차아파트앞사거리,37.4124926,126.6679763,광진구,
2017,4,22,토요일,0,경상사고,0,0,2,0,34,여,15년이상,0,승용,비사업용,보행자,진입회전사고,맑음,심야,차대차,측면직각충돌,안전운전불이행,특별광역시도,대우1차아파트앞사거리,37.4124926,126.6679763,광진구,
2017,7,30,일요일,21,경상사고,0,0,1,0,22,남,10년미만,,승용,비사업용,보행자,기타사고,맑음,심야,차대사람,차대사람-기타,안전운전불이행,특별광역시도,대우1차아파트앞사거리,37.4124926,126.6679763,광진구,
2017,9,23,토요일,6,중상사고,0,1,1,0,19,남,데이터오류,,승용,비사업용,승용,기타사고,맑음,새벽,차대차,차대차-기타,안전운전불이행,특별광역시도,대우1차아파트앞사거리,37.4124926,126.6679763,광진구,
2017,10,18,수요일,22,경상사고,0,0,1,0,55,남,15년이상,,승용,비사업용,보행자,기타사고,맑음,심야,차대사람,길가장자리구역통행중,안전운전불이행,특별광역시도,대우1차아파트앞사거리,37.4124926,126.6679763,광진구,
2017,12,17,일요일,2,경상사고,0,0,1,0,63,남,10년미만,,승용,사업용,보행자,기타사고,맑음,심야,차대사람,차대사람-기타,안전운전불이행,기타,대우1차아파트앞사거리,37.4124926,126.6679763,광진구,
2018,3,25,일요일,0,경상사고,0,0,1,0,33,여,4년미만,,승용,비사업용,보행자,기타사고,맑음,심야,차대사람,차대사람-기타,안전운전불이행,특별광역시도,대우1차아파트앞사거리,37.4124926,126.6679763,광진구,