년도,월,일,요일,시각,사고등급,사망자수,중상자수,경상자수,부상자수,연령,성별,경력,음주,종별,용도,관련자2,사고형태,기상상태,일광상태,사고유형1,사고유형2,법규위반,도로종류,지점명,위도,경도,자치구,
2018,6,20,수요일,1,경상사고,0,0,1,0,62,남,15년미만,,승용,사업용,보행자,기타사고,맑음,심야,차대사람,차도통행중,안전운전불이행,특별광역시도,대우1차아파트앞사거리,37.4124926,126.6679763,광진구,
2018,6,19,화요일,4,경상사고,0,0,1,0,54,남,15년이상,,승용,사업용,보행자,기타사고,맑음,심야,차대사람,차대사람-기타,안전운전불이행,특별광역시도,대우1차아파트앞사거리,37.4124926,126.6679763,광진구,
2018,7,14,토요일,3,경상사고,0,0,1,0,50,남,15년이상,,승용,사업용,보행자,기타사고,맑음,심야,차대사람,차대사람-기타,안전운전불이행,특별광역시도,대우1차아파트앞사거리,37.4124926,126.6679763,광진구,
2018,7,12,목요일,4,중상사고,0,1,0,0,26,남,10년미만,,승용,비사업용,보행자,기타사고,맑음,심야,차대사람,길가장자리구역통행중,안전운전불이행,특별광역시도,대우1차아파트앞사거리,37.4124926,126.6679763,광진구,
2018,9,25,화요일,3,경상사고,0,0,1,0,58,남,15년이상,,승용,사업용,보행자,기타사고,맑음,심야,차대사람,차대사람-기타,안전운전불이행,특별광역시도,대우1차아파트앞사거리,37.4124926,126.6679763,광진구,
2018,12,15,토요일,15,중상사고,0,1,0,0,24,여,2년미만,,승용,비사업용,이륜,기타사고,맑음,주간,차대차,차대차-기타,안전운전불이행,특별광역시도,대우1차아파트앞사거리,37.4124926,126.6679763,광진구,
2018,12,19,수요일,22,경상사고,0,0,1,0,24,남,10년미만,,승용,비사업용,보행자,기타사고,맑음,심야,차대사람,차대사람-기타,안전운전불이행,특별광역시도,대우1차아파트앞사거리,37.4124926,126.6679763,광진구,
2019,1,18,금요일,3,경상사고,0,0,1,0,64,남,15년미만,,승용,사업용,보행자,기타사고,맑음,심야,차대사람,길가장자리구역통행중,안전운전불이행,특별광역시도,대우1차아파트앞사거리,37.4124926,126.6679763,광진구,
2019,5,12,일요일,0,중상사고,0,1,0,0,28,남,10년미만,,승용,비사업용,보행자,기타사고,맑음,심야,차대사람,길가장자리구역통행중,안전운전불이행,특별광역시도,대우1차아파트앞사거리,37.4124926,126.6679763,광진구,
2019,5,15,수요일,10,경상사고,0,0,1,0,63,여,15년이상,,승용,비사업용,보행자,기타사고,맑음,주간,차대사람,차대사람-기타,안전운전불이행,특별광역시도,대우1차아파트앞사거리,37.4124926,126.6679763,광진구,
2019,6,23,일요일,22,경상사고,0,0,1,0,26,남,10년미만,0,승용,비사업용,보행자,기타사고,맑음,심야,차대사람,차대사람-기타,안전운전불이행,특별광역시도,대우1차아파트앞사거리,37.4124926,126.6679763,광진구,
2019,7,7,일요일,17,경상사고,0,0,1,0,51,여,15년이상,,승용,비사업용,보행자,기타사고,맑음,주간,차대사람,차대사람-기타,안전운전불이행,특별광역시도,대우1차아파트앞사거리,37.4124926,126.6679763,광진구,
2019,11,30,토요일,17,경상사고,0,0,1,0,25,여,1년미만,,승용,비사업용,보행자,기타사고,맑음,주간,차대사람,차대사람-기타,안전운전불이행,특별광역시도,대우1차아파트앞사거리,37.4124926,126.6679763,광진구,
2017,4,9,일요일,13,중상사고,0,1,0,0,22,남,4년미만,,원동기,기타,원동기,기타사고,맑음,주간,차대차,차대차-기타,교차로운행방법위반,특별광역시도,동양파라곤앞,37.5215874,127.0544198,광진구,
2017,5,8,월요일,8,중상사고,0,1,0,0,65,남,15년이상,,승용,비사업용,보행자,기타사고,맑음,출퇴근,차대사람,차대사람-기타,안전운전불이행,특별광역시도,동양파라곤앞,37.5215874,127.0544198,광진구,
2017,9,18,월요일,8,경상사고,0,0,1,0,30,남,3년미만,0,승용,비사업용,승용,일직선사고,맑음,출퇴근,차대차,추돌(진행중),안전운전불이행,특별광역시도,동양파라곤앞,37.5215874,127.0544198,광진구,
2017,10,13,금요일,0,중상사고,0,1,0,0,46,남,15년이상,,승용,비사업용,보행자,기타사고,맑음,심야,차대사람,차도통행중,안전운전불이행,기타,동양파라곤앞,37.5215874,127.0544198,광진구,
2018,1,13,토요일,4,중상사고,0,2,0,0,38,남,15년미만,0,승용,비사업용,보행자,기타사고,맑음,심야,차대사람,차대사람-기타,안전운전불이행,특별광역시도,동양파라곤앞,37.5215874,127.0544198,광진구,
2018,1,10,수요일,13,경상사고,0,0,1,0,75,남,15년이상,,원동기,기타,보행자,진입회전사고,맑음,주간,차대사람,횡단중,신호위반,특별광역시도,동양파라곤앞,37.5215874,127.0544198,광진구,
2018,4,23,월요일,17,경상사고,0,0,1,0,39,남,15년이상,,승용,비사업용,승용,기타사고,맑음,주간,차대차,차대차-기타,안전운전불이행,특별광역시도,동양파라곤앞,37.5215874,127.0544198,광진구,
2018,4,25,수요일,19,경상사고,0,0,1,0,28,남,3년미만,,원동기,기타,자전거,진입회전사고,맑음,출퇴근,차대차,측면직각충돌,신호위반,특별광역시도,동양파라곤앞,37.5215874,127.0544198,광진구,
2018,5,8,화요일,10,경상사고,0,0,1,0,75,남,15년이상,,승용,사업용,자전거,기타사고,맑음,주간,차대차,차대차-기타,안전운전불이행,특별광역시도,동양파라곤앞,37.5215874,127.0544198,광진구,
2018,6,14,목요일,14,중상사고,0,1,1,0,45,남,15년이상,,승합,사업용,특수,진입회전사고,흐림,주간,차대차,측면직각충돌,안전거리미확보,특별광역시도,동양파라곤앞,37.5215874,127.0544198,광진구,
2018,8,2,목요일,12,경상사고,0,0,1,0,35,여,15년미만,,승용,비사업용,보행자,기타사고,맑음,주간,차대사람,차대사람-기타,안전운전불이행,특별광역시도,동양파라곤앞,37.5215874,127.0544198,광진구,
2018,11,7,수요일,7,부상사고,0,0,0,1,23,남,10년미만,0,승용,비사업용,승용,진입회전사고,맑음,출퇴근,차대차,측면직각충돌,안전운전불이행,기타,동양파라곤앞,37.5215874,127.0544198,광진구,
2018,12,7,금요일,18,경상사고,0,0,1,0,불명,불명,데이터오류,,기타,기타,기타,기타사고,맑음,출퇴근,차대차,차대차-기타,안전거리미확보,특별광역시도,동양파라곤앞,37.5215874,127.0544198,광진구,
2019,1,24,목요일,23,경상사고,0,0,1,0,66,남,15년이상,,승용,사업용,승용,진입회전사고,맑음,심야,차대차,측면직각충돌,안전운전불이행,특별광역시도,동양파라곤앞,37.5215874,127.0544198,광진구,
2019,4,14,일요일,16,경상사고,0,0,1,0,33,남,15년이상,0,승용,비사업용,승용,진입회전사고,맑음,주간,차대차,측면직각충돌,교차로운행방법위반,특별광역시도,동양파라곤앞,37.5215874,127.0544198,광진구,
2019,6,29,토요일,2,중상사고,0,1,1,0,28,남,2년미만,,승용,비사업용,승용,진입회전사고,비,심야,차대차,측면직각충돌,신호위반,특별광역시도,동양파라곤앞,37.5215874,127.0544198,광진구,
2019,8,19,월요일,10,중상사고,0,1,0,0,52,여,15년이상,,승용,사업용,이륜,진입회전사고,맑음,주간,차대차,측면직각충돌,신호위반,특별광역시도,동양파라곤앞,37.5215874,127.0544198,광진구,
2019,8,27,화요일,20,부상사고,0,0,0,1,55,남,15년이상,,승합,사업용,기타,기타사고,맑음,출퇴근,차량단독,차량단독-기타,안전운전불이행,특별광역시도,동양파라곤앞,37.5215874,127.0544198,광진구,
2019,9,30,월요일,10,경상사고,0,0,1,0,35,남,15년이상,,화물,비사업용,화물,일직선사고,맑음,주간,차대차,추돌(진행중),안전운전불이행,특별광역시도,동양파라곤앞,37.5215874,127.0544198,광진구,
2019,9,4,수요일,16,경상사고,0,0,1,0,76,남,15년이상,,승용,비사업용,원동기,기타사고,맑음,주간,차대차,차대차-기타,교차로운행방법위반,특별광역시도,동양파라곤앞,37.5215874,127.0544198,광진구,
2019,10,12,토요일,13,중상사고,0,1,0,0,33,여,15년미만,,승용,비사업용,원동기,진입회전사고,맑음,주간,차대차,측면직각충돌,신호위반,특별광역시도,동양파라곤앞,37.5215874,127.0544198,광진구,
2019,11,14,목요일,14,경상사고,0,0,1,0,17,남,데이터오류,,이륜,데이터오류,자전거,진입회전사고,맑음,주간,차대차,측면직각충돌,안전운전불이행,특별광역시도,동양파라곤앞,37.5215874,127.0544198,광진구,
2019,11,17,일요일,16,경상사고,0,0,1,0,46,남,15년이상,,이륜,데이터오류,보행자,기타사고,비,주간,차대사람,차도통행중,안전운전불이행,특별광역시도,동양파라곤앞,37.5215874,127.0544198,광진구,
2017,2,16,목요일,20,경상사고,0,0,1,0,불명,불명,데이터오류,,기타,데이터오류,기타,진입회전사고,맑음,출퇴근,차대차,측면직각충돌,차로위반,특별광역시도,삼성쉐르빌앞삼거리,37.272042,127.22133,광진구,
2017,3,8,수요일,20,경상사고,0,0,1,0,52,여,15년이상,,승용,비사업용,자전거,진입회전사고,맑음,출퇴근,차대차,측면직각충돌,안전운전불이행,특별광역시도,삼성쉐르빌앞삼거리,37.272042,127.22133,광진구,
2017,7,14,금요일,22,경상사고,0,0,1,0,59,남,15년이상,,승용,비사업용,승용,진입회전사고,맑음,심야,차대차,측면직각충돌,차로위반,특별광역시도,삼성쉐르빌앞삼거리,37.272042,127.22133,광진구,
2017,10,24,화요일,1,경상사고,0,0,1,0,66,남,15년이상,,승용,사업용,기타,기타사고,맑음,심야,차량단독,차량단독-기타,안전운전불이행,특별광역시도,삼성쉐르빌앞삼거리,37.272042,127.22133,광진구,
2017,10,17,화요일,16,부상사고,0,0,0,1,49,남,15년이상,,승합,사업용,원동기,진입회전사고,맑음,주간,차대차,측면직각충돌,안전운전불이행,특별광역시도,삼성쉐르빌앞삼거리,37.272042,127.22133,광진구,
2018,1,29,월요일,7,사망사고,1,0,0,0,62,남,15년이상,,화물,사업용,보행자,진입회전사고,맑음,출퇴근,차대사람,횡단중,신호위반,특별광역시도,삼성쉐르빌앞삼거리,37.272042,127.22133,광진구,
2018,6,25,월요일,12,경상사고,0,0,1,0,61,남,15년이상,,승합,비사업용,보행자,기타사고,맑음,주간,차대사람,길가장자리구역통행중,안전운전불이행,특별광역시도,삼성쉐르빌앞삼거리,37.272042,127.22133,광진구,
2018,12,25,화요일,1,중상사고,0,1,0,0,74,남,15년이상,,승용,사업용,보행자,보행횡단사고,맑음,심야,차대사람,횡단중,안전운전불이행,기타,삼성쉐르빌앞삼거리,37.272042,127.22133,광진구,
2019,1,6,일요일,1,경상사고,0,0,1,0,56,남,15년이상,,승용,사업용,승용,진입회전사고,맑음,심야,차대차,측면직각충돌,안전거리미확보,특별광역시도,삼성쉐르빌앞삼거리,37.272042,127.22133,광진구,
2019,3,9,토요일,22,경상사고,0,0,7,0,62,남,15년이상,,승용,사업용,승용,진입회전사고,맑음,심야,차대차,측면직각충돌,안전운전불이행,특별광역시도,삼성쉐르빌앞삼거리,37.272042,127.22133,광진구,
2019,5,27,월요일,23,경상사고,0,0,1,0,48,남,15년이상,,승용,사업용,보행자,기타사고,맑음,심야,차대사람,차대사람-기타,안전운전불이행,특별광역시도,삼성쉐르빌앞삼거리,37.272042,127.22133,광진구,
2019,6,10,월요일,12,경상사고,0,0,1,0,58,여,10년미만,,승용,비사업용,자전거,진입회전사고,맑음,주간,차대차,측면직각충돌,불법유턴,특별광역시도,삼성쉐르빌앞삼거리,37.272042,127.22133,광진구,
2019,6,18,화요일,19,중상사고,0,1,0,0,28,남,15년이상,,원동기,데이터오류,보행자,진입회전사고,비,출퇴근,차대사람,횡단중,신호위반,특별광역시도,삼성쉐르빌앞삼거리,37.272042,127.22133,광진구,
2019,7,28,일요일,0,중상사고,0,1,0,0,68,남,15년이상,,승용,사업용,보행자,보행횡단사고,비,심야,차대사람,횡단중,안전운전불이행,특별광역시도,삼성쉐르빌앞삼거리,37.272042,127.22133,광진구,
2019,10,12,토요일,16,경상사고,0,0,1,0,71,남,15년이상,,승용,사업용,이륜,진입회전사고,맑음,주간,차대차,측면직각충돌,안전거리미확보,특별광역시도,삼성쉐르빌앞삼거리,37.272042,127.22133,광진구,
2019,10,14,월요일,23,중상사고,0,1,0,0,53,남,15년미만,,승합,사업용,기타,기타사고,맑음,심야,차량단독,차량단독-기타,안전운전불이행,특별광역시도,삼성쉐르빌앞삼거리,37.272042,127.22133,광진구,
2017,1,18,수요일,19,경상사고,0,0,1,0,74,남,15년이상,,승용,비사업용,승용,진입회전사고,맑음,출퇴근,차대차,차대차-기타,신호위반,특별광역시도,성수119안전센터앞사거리,37.537391,127.060085,광진구,
2017,2,27,월요일,22,경상사고,0,0,1,0,19,남,3년미만,,원동기,기타,보행자,진입회전사고,맑음,심야,차대사람,차도통행중,신호위반,특별광역시도,성수119안전센터앞사거리,37.537391,127.060085,광진구,
2017,4,19,수요일,14,경상사고,0,0,1,0,53,남,15년이상,,승합,사업용,승합,기타사고,비,주간,차대차,차대차-기타,안전운전불이행,특별광역시도,성수119안전센터앞사거리,37.537391,127.060085,광진구,
2017,8,7,월요일,0,중상사고,0,1,3,0,28,남,10년미만,,승용,비사업용,승용,일직선사고,맑음,심야,차대차,추돌(진행중),안전운전불이행,특별광역시도,성수119안전센터앞사거리,37.537391,127.060085,광진구,
2017,8,14,월요일,12,부상사고,0,0,0,1,57,남,15년이상,,승용,사업용,자전거,진입회전사고,흐림,주간,차대차,측면직각충돌,안전운전불이행,특별광역시도,성수119안전센터앞사거리,37.537391,127.060085,광진구,
2017,10,20,금요일,10,경상사고,0,0,1,0,62,남,15년이상,,승용,사업용,기타,기타사고,맑음,주간,차량단독,차량단독-기타,데이터없음,특별광역시도,성수119안전센터앞사거리,37.537391,127.060085,광진구,
2017,10,24,화요일,13,경상사고,0,0,3,0,26,남,15년미만,,승용,비사업용,승용,진입회전사고,맑음,주간,차대차,측면직각충돌,안전거리미확보,기타,성수119안전센터앞사거리,37.537391,127.060085,광진구,
2017,11,9,목요일,5,경상사고,0,0,1,0,61,남,15년이상,,승용,사업용,자전거,진입회전사고,맑음,새벽,차대차,차대차-기타,신호위반,특별광역시도,성수119안전센터앞사거리,37.537391,127.060085,광진구,
2018,1,26,금요일,18,경상사고,0,0,1,0,59,남,15년이상,,승합,사업용,기타,기타사고,맑음,출퇴근,차대차,차대차-기타,안전거리미확보,특별광역시도,성수119안전센터앞사거리,37.537391,127.060085,광진구,
2018,7,26,목요일,15,경상사고,0,0,1,0,47,남,15년이상,,승용,비사업용,승용,진입회전사고,맑음,주간,차대차,측면직각충돌,안전거리미확보,특별광역시도,성수119안전센터앞사거리,37.537391,127.060085,광진구,
2018,8,19,일요일,5,경상사고,0,0,1,0,55,남,15년이상,,건설기계,사업용,건설기계,진입회전사고,맑음,새벽,차대차,측면직각충돌,안전운전불이행,특별광역시도,성수119안전센터앞사거리,37.537391,127.060085,광진구,
2018,8,28,화요일,22,경상사고,0,0,1,0,54,남,15년이상,0,승용,비사업용,승용,일직선사고,비,심야,차대차,추돌(진행중),안전운전불이행,특별광역시도,성수119안전센터앞사거리,37.537391,127.060085,광진구,
2018,9,18,화요일,15,경상사고,0,0,1,0,42,남,15년이상,,승용,비사업용,승용,진입회전사고,맑음,주간,차대차,측면직각충돌,안전운전불이행,특별광역시도,성수119안전센터앞사거리,37.537391,127.060085,광진구,
2018,10,5,금요일,8,경상사고,0,0,1,0,36,남,2년미만,,승용,비사업용,승용,진입회전사고,맑음,출퇴근,차대차,측면직각충돌,안전운전불이행,특별광역시도,성수119안전센터앞사거리,37.537391,127.060085,광진구,
2018,11,2,금요일,17,경상사고,0,0,1,0,45,남,15년이상,,승합,비사업용,승합,진입회전사고,맑음,주간,차대차,측면직각충돌,교차로운행방법위반,특별광역시도,성수119안전센터앞사거리,37.537391,127.060085,광진구,
2018,11,14,수요일,20,경상사고,0,0,2,0,58,남,5년미만,0,승용,비사업용,승용,일직선사고,맑음,출퇴근,차대차,추돌(진행중),안전운전불이행,특별광역시도,성수119안전센터앞사거리,37.537391,127.060085,광진구,
2018,12,21,금요일,17,중상사고,0,1,0,0,61,남,15년이상,,승용,사업용,승용,일직선사고,맑음,주간,차대차,추돌(진행중),안전운전불이행,특별광역시도,성수119안전센터앞사거리,37.537391,127.060085,광진구,
2019,1,13,일요일,1,중상사고,0,1,3,0,56,남,15년이상,,승용,사업용,이륜,일직선사고,맑음,심야,차대차,추돌(진행중),안전거리미확보,특별광역시도,성수119안전센터앞사거리,37.537391,127.060085,광진구,
2019,2,13,수요일,12,경상사고,0,0,2,0,32,남,15년미만,,승용,사업용,승용,일직선사고,맑음,주간,차대차,추돌(진행중),안전운전불이행,특별광역시도,성수119안전센터앞사거리,37.537391,127.060085,광진구,
2019,5,4,토요일,9,경상사고,0,0,1,0,61,남,15년이상,,승용,사업용,승용,진입회전사고,맑음,주간,차대차,측면직각충돌,안전거리미확보,특별광역시도,성수119안전센터앞사거리,37.537391,127.060085,광진구,
2019,6,21,금요일,16,경상사고,0,0,1,0,28,남,10년미만,,승용,비사업용,승용,진입회전사고,맑음,주간,차대차,측면직각충돌,안전운전불이행,특별광역시도,성수119안전센터앞사거리,37.537391,127.060085,광진구,
2019,7,25,목요일,19,경상사고,0,0,1,0,39,여,15년이상,,승용,비사업용,승용,진입회전사고,비,출퇴근,차대차,측면직각충돌,교차로운행방법위반,특별광역시도,성수119안전센터앞사거리,37.537391,127.060085,광진구,
2019,8,5,월요일,8,경상사고,0,0,1,0,48,여,15년이상,,승용,비사업용,승용,진입회전사고,맑음,출퇴근,차대차,측면직각충돌,안전운전불이행,특별광역시도,성수119안전센터앞사거리,37.537391,127.060085,광진구,
2019,8,30,금요일,12,중상사고,0,1,1,0,79,남,15년이상,,승용,사업용,승용,기타사고,맑음,주간,차대차,차대차-기타,안전운전불이행,특별광역시도,성수119안전센터앞사거리,37.537391,127.060085,광진구,
2019,9,29,일요일,21,경상사고,0,0,1,0,68,남,15년이상,,승용,비사업용,승용,진입회전사고,맑음,심야,차대차,측면직각충돌,안전운전불이행,특별광역시도,성수119안전센터앞사거리,37.537391,127.060085,광진구,
2019,10,31,목요일,13,중상사고,0,1,0,0,76,남,15년이상,,승용,비사업용,이륜,진입회전사고,맑음,주간,차대차,추돌(진행중),신호위반,특별광역시도,성수119안전센터앞사거리,37.537391,127.060085,광진구,
2019,10,7,월요일,18,중상사고,0,1,1,0,57,남,15년이상,,특수,사업용,보행자,기타사고,맑음,출퇴근,차대사람,차대사람-기타,안전운전불이행,특별광역시도,성수119안전센터앞사거리,37.537391,127.060085,광진구,
2019,12,23,월요일,9,경상사고,0,0,1,0,40,남,15년이상,,화물,비사업용,화물,진입회전사고,흐림,주간,차대차,측면직각충돌,안전운전불이행,특별광역시도,성수119안전센터앞사거리,37.537391,127.060085,광진구,
2017,2,20,월요일,8,경상사고,0,0,1,0,53,남,15년이상,,승용,사업용,승용,일직선사고,맑음,출퇴근,차대차,추돌(진행중),안전운전불이행,특별광역시도,성수사거리,37.542412,127.062693,광진구,
2017,4,3,월요일,19,중상사고,0,1,0,0,70,남,15년이상,,승용,비사업용,보행자,보행횡단사고,맑음,출퇴근,차대사람,횡단중,보행자보호의무위반,특별광역시도,성수사거리,37.542412,127.062693,광진구,
2017,4,25,화요일,22,경상사고,0,0,1,0,불명,불명,데이터오류,,기타,데이터오류,기타,진입회전사고,맑음,심야,차대차,측면직각충돌,신호위반,특별광역시도,성수사거리,37.542412,127.062693,광진구,
2017,6,1,목요일,21,경상사고,0,0,2,0,불명,불명,데이터오류,,기타,데이터오류,기타,기타사고,맑음,심야,차대차,차대차-기타,안전거리미확보,특별광역시도,성수사거리,37.542412,127.062693,광진구,
2017,6,24,토요일,23,경상사고,0,0,1,0,63,여,15년이상,,승용,비사업용,기타,진입회전사고,비,심야,차대차,측면직각충돌,안전운전불이행,기타,성수사거리,37.542412,127.062693,광진구,
2017,7,6,목요일,11,중상사고,0,1,0,0,26,남,10년미만,,승용,사업용,이륜,진입회전사고,맑음,주간,차대차,측면직각충돌,신호위반,특별광역시도,성수사거리,37.542412,127.062693,광진구,
2017,8,24,목요일,8,중상사고,0,1,2,0,72,남,3년미만,,승용,사업용,승합,진입회전사고,흐림,출퇴근,차대차,측면직각충돌,안전거리미확보,특별광역시도,성수사거리,37.542412,127.062693,광진구,
2017,8,11,금요일,16,경상사고,0,0,1,0,98,불명,데이터오류,,기타,데이터오류,기타,진입회전사고,맑음,주간,차대사람,횡단중,신호위반,특별광역시도,성수사거리,37.542412,127.062693,광진구,
2017,9,9,토요일,22,경상사고,0,0,1,0,58,남,15년미만,,승용,사업용,승용,진입회전사고,맑음,심야,차대차,측면직각충돌,안전운전불이행,특별광역시도,성수사거리,37.542412,127.062693,광진구,
2017,11,18,토요일,22,경상사고,0,0,1,0,30,남,10년미만,,승용,비사업용,원동기,일직선사고,맑음,심야,차대차,추돌(진행중),안전거리미확보,특별광역시도,성수사거리,37.542412,127.062693,광진구,
2017,12,31,일요일,0,중상사고,0,1,0,0,68,남,15년이상,,승용,사업용,보행자,기타사고,맑음,심야,차대사람,차대사람-기타,안전운전불이행,특별광역시도,성수사거리,37.542412,127.062693,광진구,
2017,12,4,월요일,14,경상사고,0,0,1,0,48,남,15년이상,,건설기계,비사업용,건설기계,기타사고,맑음,주간,차대차,차대차-기타,안전운전불이행,특별광역시도,성수사거리,37.542412,127.062693,광진구,
2018,1,26,금요일,13,경상사고,0,0,2,0,28,여,10년미만,,승용,비사업용,승용,진입회전사고,맑음,주간,차대차,측면직각충돌,안전운전불이행,기타,성수사거리,37.542412,127.062693,광진구,
2018,2,6,화요일,8,경상사고,0,0,1,0,38,남,15년이상,,승용,비사업용,승용,일직선사고,맑음,출퇴근,차대차,추돌(진행중),안전운전불이행,기타,성수사거리,37.542412,127.062693,광진구,
2018,2,8,목요일,9,경상사고,0,0,1,0,65,남,15년이상,,승용,사업용,기타,기타사고,맑음,주간,차량단독,차량단독-기타,교차로운행방법위반,특별광역시도,성수사거리,37.542412,127.062693,광진구,
2018,4,28,토요일,6,중상사고,0,2,0,0,29,남,10년미만,,승용,사업용,승용,일직선사고,맑음,새벽,차대차,추돌(진행중),안전거리미확보,특별광역시도,성수사거리,37.542412,127.062693,광진구,
2018,5,19,토요일,1,경상사고,0,0,1,0,63,남,15년이상,,승용,사업용,승용,진입회전사고,맑음,심야,차대차,측면직각충돌,안전운전불이행,특별광역시도,성수사거리,37.542412,127.062693,광진구,
2018,7,12,목요일,23,경상사고,0,0,1,0,71,남,15년이상,,승용,사업용,승용,진입회전사고,맑음,심야,차대차,측면직각충돌,교차로운행방법위반,특별광역시도,성수사거리,37.542412,127.062693,광진구,
2018,8,31,금요일,0,경상사고,0,0,3,0,54,남,15년이상,0,승용,비사업용,승용,일직선사고,흐림,심야,차대차,추돌(진행중),안전운전불이행,특별광역시도,성수사거리,37.542412,127.062693,광진구,
2018,8,19,일요일,19,중상사고,0,1,1,0,62,남,15년이상,,승용,사업용,승용,기타사고,맑음,출퇴근,차대차,차대차-기타,안전운전불이행,특별광역시도,성수사거리,37.542412,127.062693,광진구,
2018,8,1,수요일,22,경상사고,0,0,2,0,39,남,15년이상,,화물,비사업용,화물,진입회전사고,맑음,심야,차대차,측면직각충돌,교차로운행방법위반,특별광역시도,성수사거리,37.542412,127.062693,광진구,
2018,9,18,화요일,1,경상사고,0,0,3,0,65,남,15년이상,,승용,사업용,승용,진입회전사고,맑음,심야,차대차,측면직각충돌,안전운전불이행,특별광역시도,성수사거리,37.542412,127.062693,광진구,
2018,9,27,목요일,8,경상사고,0,0,1,0,67,남,15년이상,,승용,사업용,승합,진입회전사고,맑음,출퇴근,차대차,측면직각충돌,교차로운행방법위반,특별광역시도,성수사거리,37.542412,127.062693,광진구,
2018,9,15,토요일,23,중상사고,0,1,0,0,68,남,15년이상,,승용,사업용,원동기,일직선사고,맑음,심야,차대차,추돌(진행중),안전운전불이행,기타,성수사거리,37.542412,127.062693,광진구,
2018,10,27,토요일,3,경상사고,0,0,1,0,51,남,15년이상,,승용,사업용,화물,일직선사고,맑음,심야,차대차,추돌(진행중),안전거리미확보,특별광역시도,성수사거리,37.542412,127.062693,광진구,
2018,10,21,일요일,19,경상사고,0,0,2,0,38,남,15년이상,0,화물,비사업용,화물,일직선사고,맑음,출퇴근,차대차,추돌(진행중),안전운전불이행,특별광역시도,성수사거리,37.542412,127.062693,광진구,
2018,11,28,수요일,0,중상사고,0,2,0,0,69,남,15년이상,,승용,사업용,보행자,기타사고,맑음,심야,차대사람,차도통행중,안전운전불이행,특별광역시도,성수사거리,37.542412,127.062693,광진구,
2018,12,26,수요일,1,경상사고,0,0,1,0,59,남,15년이상,,승용,사업용,보행자,기타사고,맑음,심야,차대사람,차대사람-기타,안전운전불이행,특별광역시도,성수사거리,37.542412,127.062693,광진구,
2019,1,27,일요일,5,경상사고,0,0,1,0,불명,불명,데이터오류,,기타,데이터오류,기타,진입회전사고,맑음,새벽,차대차,측면직각충돌,안전운전불이행,특별광역시도,성수사거리,37.542412,127.062693,광진구,
2019,1,19,토요일,19,경상사고,0,0,3,0,54,남,15년이상,,승용,비사업용,승용,진입회전사고,맑음,출퇴근,차대차,측면직각충돌,안전운전불이행,특별광역시도,성수사거리,37.542412,127.062693,광진구,
2019,1,27,일요일,22,경상사고,0,0,1,0,51,남,15년이상,,승합,사업용,승합,진입회전사고,맑음,심야,차대차,측면직각충돌,안전운전불이행,특별광역시도,성수사거리,37.542412,127.062693,광진구,
2019,2,2,토요일,15,경상사고,0,0,2,0,26,여,1년미만,,승용,비사업용,승용,진입회전사고,맑음,주간,차대차,측면직각충돌,안전거리미확보,특별광역시도,성수사거리,37.542412,127.062693,광진구,
2019,2,2,토요일,16,경상사고,0,0,1,0,37,남,15년이상,,승용,비사업용,승용,기타사고,맑음,주간,차대차,차대차-기타,교차로운행방법위반,특별광역시도,성수사거리,37.542412,127.062693,광진구,
2019,6,26,수요일,10,경상사고,0,0,1,0,48,남,15년이상,,특수,사업용,이륜,진입회전사고,맑음,주간,차대차,측면직각충돌,안전운전불이행,특별광역시도,성수사거리,37.542412,127.062693,광진구,
2019,7,28,일요일,12,경상사고,0,0,3,0,58,남,15년미만,,승용,사업용,승용,진입회전사고,맑음,주간,차대차,측면직각충돌,교차로운행방법위반,특별광역시도,성수사거리,37.542412,127.062693,광진구,
2019,7,29,월요일,13,경상사고,0,0,2,0,62,남,15년이상,,승용,사업용,화물,진입회전사고,흐림,주간,차대차,측면직각충돌,교차로운행방법위반,특별광역시도,성수사거리,37.542412,127.062693,광진구,
2019,8,24,토요일,10,경상사고,0,0,1,0,40,남,2년미만,,건설기계,사업용,건설기계,진입회전사고,맑음,주간,차대차,측면직각충돌,안전운전불이행,특별광역시도,성수사거리,37.542412,127.062693,광진구,
2019,9,21,토요일,1,경상사고,0,0,4,0,60,남,15년미만,,승용,사업용,승용,진입회전사고,맑음,심야,차대차,측면직각충돌,안전거리미확보,특별광역시도,성수사거리,37.542412,127.062693,광진구,
2019,10,8,화요일,15,경상사고,0,0,1,0,27,남,15년이상,,이륜,데이터오류,이륜,진입회전사고,맑음,주간,차대차,측면직각충돌,신호위반,특별광역시도,성수사거리,37.542412,127.062693,광진구,
2017,5,30,화요일,18,중상사고,0,1,0,0,50,남,15년이상,,승합,사업용,원동기,일직선사고,맑음,출퇴근,차대차,추돌(진행중),안전운전불이행,특별광역시도,아차산역3번출구앞삼거리,37.552649,127.08924,광진구,
2017,10,30,월요일,22,경상사고,0,0,2,0,22,남,5년미만,,승용,비사업용,승용,일직선사고,맑음,심야,차대차,추돌(진행중),안전운전불이행,특별광역시도,아차산역3번출구앞삼거리,37.552649,127.08924,광진구,
2018,1,29,월요일,15,경상사고,0,0,1,0,64,남,15년이상,,승용,사업용,승용,일직선사고,맑음,주간,차대차,추돌(진행중),안전운전불이행,기타,아차산역3번출구앞삼거리,37.552649,127.08924,광진구,