년도,월,일,요일,시각,사고등급,사망자수,중상자수,경상자수,부상자수,연령,성별,경력,음주,종별,용도,관련자2,사고형태,기상상태,일광상태,사고유형1,사고유형2,법규위반,도로종류,지점명,위도,경도,자치구,
2018,6,21,목요일,7,경상사고,0,0,1,0,24,남,10년미만,,승용,비사업용,이륜,일직선사고,맑음,출퇴근,차대차,추돌(진행중),안전운전불이행,특별광역시도,아차산역3번출구앞삼거리,37.552649,127.08924,광진구,
2018,7,1,일요일,2,중상사고,0,1,1,0,31,남,10년미만,,원동기,기타,원동기,일직선사고,맑음,심야,차대차,추돌(진행중),안전거리미확보,특별광역시도,아차산역3번출구앞삼거리,37.552649,127.08924,광진구,
2018,8,8,수요일,4,사망사고,1,0,0,0,49,남,1년미만,,승용,비사업용,보행자,기타사고,맑음,심야,차대사람,차대사람-기타,안전운전불이행,특별광역시도,아차산역3번출구앞삼거리,37.552649,127.08924,광진구,
2018,8,4,토요일,22,경상사고,0,0,1,0,61,남,15년이상,,승용,사업용,이륜,기타사고,맑음,심야,차대차,차대차-기타,기타,특별광역시도,아차산역3번출구앞삼거리,37.552649,127.08924,광진구,
2018,10,20,토요일,17,경상사고,0,0,1,0,69,남,15년이상,,승용,비사업용,보행자,기타사고,맑음,주간,차대사람,길가장자리구역통행중,안전운전불이행,특별광역시도,아차산역3번출구앞삼거리,37.552649,127.08924,광진구,
2018,11,19,월요일,3,부상사고,0,0,0,1,77,남,15년이상,,화물,비사업용,보행자,보행횡단사고,맑음,심야,차대사람,횡단중,안전운전불이행,기타,아차산역3번출구앞삼거리,37.552649,127.08924,광진구,
2018,11,2,금요일,14,중상사고,0,1,0,0,55,남,15년이상,,승용,사업용,이륜,진입회전사고,맑음,주간,차대차,측면직각충돌,차로위반,특별광역시도,아차산역3번출구앞삼거리,37.552649,127.08924,광진구,
2018,11,27,화요일,19,경상사고,0,0,1,0,47,여,15년이상,,승용,비사업용,보행자,진입회전사고,맑음,출퇴근,차대사람,횡단중,신호위반,특별광역시도,아차산역3번출구앞삼거리,37.552649,127.08924,광진구,
2018,12,25,화요일,6,경상사고,0,0,1,0,26,남,10년미만,0,승용,비사업용,승용,일직선사고,맑음,새벽,차대차,추돌(진행중),안전운전불이행,기타,아차산역3번출구앞삼거리,37.552649,127.08924,광진구,
2019,2,19,화요일,5,경상사고,0,0,2,0,30,남,15년미만,,승용,비사업용,승용,진입회전사고,맑음,새벽,차대차,측면직각충돌,차로위반,특별광역시도,아차산역3번출구앞삼거리,37.552649,127.08924,광진구,
2019,2,28,목요일,9,경상사고,0,0,1,0,51,남,15년이상,,승용,비사업용,원동기,진입회전사고,맑음,주간,차대차,측면직각충돌,안전운전불이행,특별광역시도,아차산역3번출구앞삼거리,37.552649,127.08924,광진구,
2019,2,25,월요일,17,경상사고,0,0,1,0,39,남,15년이상,,이륜,데이터오류,이륜,진입회전사고,맑음,주간,차대차,측면직각충돌,안전운전불이행,특별광역시도,아차산역3번출구앞삼거리,37.552649,127.08924,광진구,
2019,3,6,수요일,2,경상사고,0,0,1,0,19,남,데이터오류,,승용,사업용,자전거,진입회전사고,맑음,심야,차대차,측면직각충돌,안전운전불이행,특별광역시도,아차산역3번출구앞삼거리,37.552649,127.08924,광진구,
2019,5,1,수요일,2,중상사고,0,1,0,0,30,남,15년이상,,승합,비사업용,이륜,일직선사고,맑음,심야,차대차,추돌(진행중),안전운전불이행,특별광역시도,아차산역3번출구앞삼거리,37.552649,127.08924,광진구,
2019,5,9,목요일,7,경상사고,0,0,1,0,18,남,2년미만,,승용,비사업용,승합,진입회전사고,맑음,출퇴근,차대차,측면직각충돌,직진우회전진행방해,특별광역시도,아차산역3번출구앞삼거리,37.552649,127.08924,광진구,
2019,10,18,금요일,23,경상사고,0,0,2,0,38,여,15년이상,0,승용,비사업용,승용,일직선사고,맑음,심야,차대차,추돌(진행중),안전운전불이행,특별광역시도,아차산역3번출구앞삼거리,37.552649,127.08924,광진구,
2017,1,4,수요일,2,중상사고,0,3,2,0,25,남,15년이상,,승용,비사업용,승용,진입회전사고,맑음,심야,차대차,측면직각충돌,신호위반,특별광역시도,어린이대공원부근,37.549363,127.0818126,광진구,
2017,2,19,일요일,23,중상사고,0,1,0,0,67,남,15년이상,,승용,사업용,보행자,진입회전사고,비,심야,차대사람,횡단중,신호위반,특별광역시도,어린이대공원부근,37.549363,127.0818126,광진구,
2017,5,26,금요일,8,경상사고,0,0,3,0,45,여,15년이상,,승용,비사업용,승용,진입회전사고,맑음,출퇴근,차대차,측면직각충돌,안전운전불이행,특별광역시도,어린이대공원부근,37.549363,127.0818126,광진구,
2017,9,22,금요일,2,중상사고,0,1,0,0,41,남,15년이상,0,승용,사업용,이륜,일직선사고,맑음,심야,차대차,추돌(진행중),안전운전불이행,특별광역시도,어린이대공원부근,37.549363,127.0818126,광진구,
2017,9,26,화요일,5,부상사고,0,0,0,1,63,남,15년이상,,승합,비사업용,보행자,기타사고,맑음,새벽,차대사람,차대사람-기타,안전운전불이행,특별광역시도,어린이대공원부근,37.549363,127.0818126,광진구,
2017,9,7,목요일,8,중상사고,0,1,0,0,59,남,15년이상,,승용,사업용,보행자,기타사고,맑음,출퇴근,차대사람,차도통행중,데이터없음,특별광역시도,어린이대공원부근,37.549363,127.0818126,광진구,
2017,9,23,토요일,22,경상사고,0,0,1,0,54,남,15년이상,,승용,사업용,원동기,기타사고,맑음,심야,차대차,차대차-기타,안전운전불이행,특별광역시도,어린이대공원부근,37.549363,127.0818126,광진구,
2017,11,9,목요일,2,중상사고,0,1,0,0,43,남,15년미만,0,승용,비사업용,화물,진입회전사고,맑음,심야,차대차,차대차-기타,신호위반,특별광역시도,어린이대공원부근,37.549363,127.0818126,광진구,
2017,11,30,목요일,17,경상사고,0,0,1,0,불명,불명,데이터오류,,이륜,기타,보행자,보행횡단사고,맑음,주간,차대사람,횡단중,안전운전불이행,기타,어린이대공원부근,37.549363,127.0818126,광진구,
2018,4,25,수요일,15,경상사고,0,0,2,0,66,남,15년이상,,승용,사업용,승용,일직선사고,맑음,주간,차대차,추돌(진행중),안전운전불이행,특별광역시도,어린이대공원부근,37.549363,127.0818126,광진구,
2018,5,7,월요일,8,경상사고,0,0,1,0,53,여,15년이상,,승용,비사업용,자전거,기타사고,맑음,출퇴근,차대차,차대차-기타,안전거리미확보,특별광역시도,어린이대공원부근,37.549363,127.0818126,광진구,
2018,5,5,토요일,17,중상사고,0,1,0,0,58,남,15년이상,,승용,사업용,이륜,기타사고,맑음,주간,차대차,차대차-기타,기타,특별광역시도,어린이대공원부근,37.549363,127.0818126,광진구,
2018,6,2,토요일,18,경상사고,0,0,1,0,69,남,15년이상,,승용,사업용,보행자,보행횡단사고,맑음,출퇴근,차대사람,횡단중,안전운전불이행,특별광역시도,어린이대공원부근,37.549363,127.0818126,광진구,
2018,8,21,화요일,1,부상사고,0,0,0,1,34,여,10년미만,,승용,비사업용,이륜,진입회전사고,맑음,심야,차대차,측면직각충돌,신호위반,특별광역시도,어린이대공원부근,37.549363,127.0818126,광진구,
2018,8,19,일요일,9,경상사고,0,0,1,0,65,남,15년이상,,승용,사업용,기타,기타사고,맑음,주간,차량단독,차량단독-기타,기타,특별광역시도,어린이대공원부근,37.549363,127.0818126,광진구,
2018,8,16,목요일,13,경상사고,0,0,1,0,63,남,15년이상,,승용,사업용,이륜,기타사고,맑음,주간,차대차,차대차-기타,교차로운행방법위반,특별광역시도,어린이대공원부근,37.549363,127.0818126,광진구,
2018,9,7,금요일,20,경상사고,0,0,1,0,34,남,15년미만,,화물,비사업용,자전거,진입회전사고,맑음,출퇴근,차대차,측면직각충돌,기타,특별광역시도,어린이대공원부근,37.549363,127.0818126,광진구,
2018,11,4,일요일,3,경상사고,0,0,1,0,60,남,15년이상,,승용,사업용,기타,기타사고,맑음,심야,차량단독,차량단독-기타,안전운전불이행,특별광역시도,어린이대공원부근,37.549363,127.0818126,광진구,
2018,12,4,화요일,13,경상사고,0,0,1,0,55,남,15년이상,,승용,사업용,승용,진입회전사고,맑음,주간,차대차,측면직각충돌,안전거리미확보,특별광역시도,어린이대공원부근,37.549363,127.0818126,광진구,
2019,3,22,금요일,11,경상사고,0,0,1,0,64,여,15년이상,,승용,비사업용,화물,일직선사고,맑음,주간,차대차,추돌(진행중),안전운전불이행,특별광역시도,어린이대공원부근,37.549363,127.0818126,광진구,
2019,4,30,화요일,2,경상사고,0,0,1,0,32,남,15년미만,,승용,사업용,원동기,기타사고,맑음,심야,차대차,차대차-기타,안전거리미확보,특별광역시도,어린이대공원부근,37.549363,127.0818126,광진구,
2019,8,12,월요일,16,부상사고,0,0,0,1,46,남,10년미만,0,승용,사업용,승용,진입회전사고,맑음,주간,차대차,측면직각충돌,불법유턴,특별광역시도,어린이대공원부근,37.549363,127.0818126,광진구,
2019,11,5,화요일,17,경상사고,0,0,2,0,51,남,4년미만,,승용,비사업용,승용,진입회전사고,맑음,주간,차대차,측면직각충돌,안전운전불이행,특별광역시도,어린이대공원부근,37.549363,127.0818126,광진구,
2017,1,21,토요일,13,경상사고,0,0,2,0,69,남,15년이상,,승용,사업용,승용,일직선사고,맑음,주간,차대차,추돌(진행중),안전거리미확보,특별광역시도,우편취급소앞사거리,37.5561443,126.8139581,광진구,
2017,2,2,목요일,0,중상사고,0,1,1,0,45,남,15년미만,0,승합,기타,승합,일직선사고,맑음,심야,차대차,추돌(진행중),안전운전불이행,특별광역시도,우편취급소앞사거리,37.5561443,126.8139581,광진구,
2017,5,19,금요일,15,중상사고,0,1,0,0,53,남,15년이상,,승합,사업용,보행자,진입회전사고,맑음,주간,차대사람,횡단중,신호위반,특별광역시도,우편취급소앞사거리,37.5561443,126.8139581,광진구,
2017,5,22,월요일,21,중상사고,0,1,3,0,45,남,15년이상,,승용,비사업용,승합,기타사고,맑음,심야,차대차,차대차-기타,안전거리미확보,특별광역시도,우편취급소앞사거리,37.5561443,126.8139581,광진구,
2017,7,28,금요일,9,경상사고,0,0,1,0,70,남,10년미만,,승용,사업용,승용,진입회전사고,맑음,주간,차대차,측면직각충돌,안전운전불이행,특별광역시도,우편취급소앞사거리,37.5561443,126.8139581,광진구,
2017,8,24,목요일,18,중상사고,0,1,0,0,41,남,15년이상,,승용,비사업용,이륜,진입회전사고,맑음,출퇴근,차대차,측면직각충돌,안전운전불이행,특별광역시도,우편취급소앞사거리,37.5561443,126.8139581,광진구,
2017,8,18,금요일,20,중상사고,0,1,0,0,52,남,15년이상,,승용,비사업용,승용,진입회전사고,맑음,출퇴근,차대차,측면직각충돌,안전운전불이행,특별광역시도,우편취급소앞사거리,37.5561443,126.8139581,광진구,
2017,10,22,일요일,15,중상사고,0,1,0,0,33,남,10년미만,,승용,비사업용,원동기,진입회전사고,맑음,주간,차대차,측면직각충돌,안전운전불이행,특별광역시도,우편취급소앞사거리,37.5561443,126.8139581,광진구,
2017,10,31,화요일,17,경상사고,0,0,1,0,50,남,15년이상,,원동기,기타,원동기,기타사고,맑음,주간,차대차,차대차-기타,안전운전불이행,특별광역시도,우편취급소앞사거리,37.5561443,126.8139581,광진구,
2017,10,25,수요일,21,중상사고,0,1,0,0,35,남,5년미만,,승용,비사업용,승용,일직선사고,맑음,심야,차대차,추돌(진행중),안전운전불이행,특별광역시도,우편취급소앞사거리,37.5561443,126.8139581,광진구,
2018,3,23,금요일,0,경상사고,0,0,2,0,33,남,2년미만,0,승용,비사업용,승용,일직선사고,맑음,심야,차대차,추돌(진행중),안전운전불이행,특별광역시도,우편취급소앞사거리,37.5561443,126.8139581,광진구,
2018,4,24,화요일,18,경상사고,0,0,1,0,64,남,15년이상,,승용,사업용,승용,진입회전사고,맑음,출퇴근,차대차,측면직각충돌,안전운전불이행,특별광역시도,우편취급소앞사거리,37.5561443,126.8139581,광진구,
2018,5,17,목요일,22,경상사고,0,0,1,0,54,남,15년이상,,승용,사업용,이륜,진입회전사고,비,심야,차대차,측면직각충돌,안전운전불이행,특별광역시도,우편취급소앞사거리,37.5561443,126.8139581,광진구,
2018,6,24,일요일,13,중상사고,0,1,0,0,73,남,15년이상,,승용,사업용,승용,진입회전사고,맑음,주간,차대차,측면직각충돌,안전운전불이행,기타,우편취급소앞사거리,37.5561443,126.8139581,광진구,
2018,8,1,수요일,13,경상사고,0,0,1,0,35,남,3년미만,,승용,비사업용,화물,진입회전사고,맑음,주간,차대차,측면직각충돌,안전운전불이행,특별광역시도,우편취급소앞사거리,37.5561443,126.8139581,광진구,
2018,9,28,금요일,7,경상사고,0,0,1,0,63,남,15년이상,,승용,사업용,화물,진입회전사고,맑음,출퇴근,차대차,측면직각충돌,교차로운행방법위반,기타,우편취급소앞사거리,37.5561443,126.8139581,광진구,
2018,11,7,수요일,12,경상사고,0,0,1,0,69,남,15년이상,,승용,사업용,이륜,진입회전사고,맑음,주간,차대차,측면직각충돌,신호위반,특별광역시도,우편취급소앞사거리,37.5561443,126.8139581,광진구,
2018,11,25,일요일,13,경상사고,0,0,1,0,59,남,5년미만,,승용,비사업용,승용,일직선사고,맑음,주간,차대차,추돌(진행중),안전운전불이행,특별광역시도,우편취급소앞사거리,37.5561443,126.8139581,광진구,
2018,12,11,화요일,22,경상사고,0,0,1,0,62,남,15년이상,,승용,사업용,승용,진입회전사고,맑음,심야,차대차,측면직각충돌,안전운전불이행,특별광역시도,우편취급소앞사거리,37.5561443,126.8139581,광진구,
2019,1,18,금요일,19,경상사고,0,0,1,0,69,남,15년이상,,승용,사업용,승용,진입회전사고,맑음,출퇴근,차대차,차대차-기타,신호위반,특별광역시도,우편취급소앞사거리,37.5561443,126.8139581,광진구,
2019,2,14,목요일,9,경상사고,0,0,1,0,55,남,15년이상,,승용,사업용,승용,기타사고,맑음,주간,차대차,차대차-기타,교차로운행방법위반,특별광역시도,우편취급소앞사거리,37.5561443,126.8139581,광진구,
2019,2,16,토요일,16,중상사고,0,1,4,0,56,남,15년이상,,승합,사업용,승합,진입회전사고,맑음,주간,차대차,측면직각충돌,신호위반,특별광역시도,우편취급소앞사거리,37.5561443,126.8139581,광진구,
2019,3,23,토요일,23,경상사고,0,0,1,0,56,남,15년이상,,승용,사업용,기타,기타사고,맑음,심야,차량단독,차량단독-기타,안전운전불이행,특별광역시도,우편취급소앞사거리,37.5561443,126.8139581,광진구,
2019,4,17,수요일,0,경상사고,0,0,1,0,62,남,15년이상,,승용,사업용,이륜,일직선사고,맑음,심야,차대차,추돌(진행중),안전운전불이행,특별광역시도,우편취급소앞사거리,37.5561443,126.8139581,광진구,
2019,4,5,금요일,22,경상사고,0,0,1,0,54,남,10년미만,,승용,사업용,승용,기타사고,맑음,심야,차대차,차대차-기타,안전거리미확보,특별광역시도,우편취급소앞사거리,37.5561443,126.8139581,광진구,
2019,5,1,수요일,13,경상사고,0,0,1,0,70,남,15년이상,,승용,사업용,승용,진입회전사고,맑음,주간,차대차,측면직각충돌,안전거리미확보,특별광역시도,우편취급소앞사거리,37.5561443,126.8139581,광진구,
2019,5,19,일요일,20,중상사고,0,2,2,0,36,남,15년미만,,승용,비사업용,승용,일직선사고,맑음,출퇴근,차대차,추돌(진행중),안전운전불이행,특별광역시도,우편취급소앞사거리,37.5561443,126.8139581,광진구,
2019,5,5,일요일,23,중상사고,0,1,1,0,18,남,15년이상,,이륜,데이터오류,이륜,진입회전사고,맑음,심야,차대차,측면직각충돌,신호위반,특별광역시도,우편취급소앞사거리,37.5561443,126.8139581,광진구,
2019,6,18,화요일,7,경상사고,0,0,1,0,70,남,15년이상,,승용,사업용,승용,일직선사고,맑음,출퇴근,차대차,추돌(진행중),안전운전불이행,특별광역시도,우편취급소앞사거리,37.5561443,126.8139581,광진구,
2019,7,2,화요일,5,중상사고,0,1,5,0,52,남,15년이상,,승합,사업용,승합,진입회전사고,맑음,새벽,차대차,측면직각충돌,신호위반,특별광역시도,우편취급소앞사거리,37.5561443,126.8139581,광진구,
2019,9,11,수요일,12,부상사고,0,0,0,1,40,남,15년이상,0,승용,비사업용,이륜,진입회전사고,맑음,주간,차대차,측면직각충돌,안전거리미확보,특별광역시도,우편취급소앞사거리,37.5561443,126.8139581,광진구,
2019,9,22,일요일,19,경상사고,0,0,1,0,67,남,15년이상,,승합,사업용,승합,진입회전사고,맑음,출퇴근,차대차,측면직각충돌,신호위반,특별광역시도,우편취급소앞사거리,37.5561443,126.8139581,광진구,
2019,9,7,토요일,20,경상사고,0,0,1,0,74,남,15년이상,,승용,사업용,승용,진입회전사고,비,출퇴근,차대차,측면직각충돌,교차로운행방법위반,특별광역시도,우편취급소앞사거리,37.5561443,126.8139581,광진구,
2019,10,27,일요일,4,경상사고,0,0,1,0,72,남,15년이상,,승용,사업용,승용,진입회전사고,맑음,심야,차대차,측면직각충돌,안전거리미확보,특별광역시도,우편취급소앞사거리,37.5561443,126.8139581,광진구,
2019,10,24,목요일,18,중상사고,0,1,5,0,52,남,15년이상,,승합,사업용,승합,진입회전사고,맑음,출퇴근,차대차,차대차-기타,신호위반,특별광역시도,우편취급소앞사거리,37.5561443,126.8139581,광진구,
2017,4,23,일요일,13,경상사고,0,0,1,0,불명,불명,데이터오류,,기타,데이터오류,기타,보행횡단사고,맑음,주간,차대사람,횡단중,보행자보호의무위반,특별광역시도,이마트앞삼거리,35.2965872,128.7610131,광진구,
2017,4,29,토요일,14,중상사고,0,1,2,0,36,남,10년미만,,승용,사업용,보행자,진입회전사고,맑음,주간,차대차,정면충돌,신호위반,특별광역시도,이마트앞삼거리,35.2965872,128.7610131,광진구,
2017,8,22,화요일,17,중상사고,0,1,0,0,47,남,15년이상,,승용,비사업용,보행자,진입회전사고,맑음,주간,차대사람,횡단중,신호위반,특별광역시도,이마트앞삼거리,35.2965872,128.7610131,광진구,
2017,9,27,수요일,13,경상사고,0,0,1,0,21,여,데이터오류,,자전거,기타,자전거,진입회전사고,기타,주간,차대차,측면직각충돌,중앙선침범,특별광역시도,이마트앞삼거리,35.2965872,128.7610131,광진구,
2018,3,26,월요일,17,중상사고,0,1,0,0,48,남,3년미만,,승용,비사업용,이륜,진입회전사고,맑음,주간,차대차,측면직각충돌,신호위반,특별광역시도,이마트앞삼거리,35.2965872,128.7610131,광진구,
2018,3,9,금요일,22,경상사고,0,0,1,0,69,남,15년이상,,승용,사업용,원동기,진입회전사고,맑음,심야,차대차,측면직각충돌,신호위반,특별광역시도,이마트앞삼거리,35.2965872,128.7610131,광진구,
2018,6,6,수요일,21,경상사고,0,0,1,0,60,남,10년미만,,승용,사업용,이륜,기타사고,맑음,심야,차대차,차대차-기타,기타,특별광역시도,이마트앞삼거리,35.2965872,128.7610131,광진구,
2018,7,14,토요일,14,경상사고,0,0,2,0,63,남,15년이상,,화물,비사업용,화물,기타사고,맑음,주간,차대차,차대차-기타,안전거리미확보,특별광역시도,이마트앞삼거리,35.2965872,128.7610131,광진구,
2018,7,23,월요일,18,경상사고,0,0,2,0,60,여,15년이상,,승용,비사업용,보행자,진입회전사고,맑음,출퇴근,차대차,차대차-기타,신호위반,특별광역시도,이마트앞삼거리,35.2965872,128.7610131,광진구,
2018,8,14,화요일,22,중상사고,0,2,0,0,57,남,15년이상,,승용,사업용,승용,일직선사고,맑음,심야,차대차,추돌(진행중),안전운전불이행,특별광역시도,이마트앞삼거리,35.2965872,128.7610131,광진구,
2018,10,23,화요일,19,경상사고,0,0,2,0,54,남,10년미만,,승용,비사업용,승용,진입회전사고,맑음,출퇴근,차대차,측면직각충돌,안전운전불이행,특별광역시도,이마트앞삼거리,35.2965872,128.7610131,광진구,
2018,11,10,토요일,2,중상사고,0,1,0,0,33,남,15년미만,,승용,비사업용,승용,일직선사고,맑음,심야,차대차,추돌(진행중),안전운전불이행,특별광역시도,이마트앞삼거리,35.2965872,128.7610131,광진구,
2018,11,11,일요일,19,중상사고,0,2,0,0,60,남,2년미만,,승용,사업용,승용,진입회전사고,맑음,출퇴근,차대차,측면직각충돌,교차로운행방법위반,특별광역시도,이마트앞삼거리,35.2965872,128.7610131,광진구,
2019,2,16,토요일,14,중상사고,0,1,0,0,70,남,15년이상,,승용,비사업용,이륜,진입회전사고,맑음,주간,차대차,측면직각충돌,신호위반,특별광역시도,이마트앞삼거리,35.2965872,128.7610131,광진구,
2019,4,27,토요일,11,경상사고,0,0,1,0,47,남,15년이상,,승용,사업용,이륜,진입회전사고,맑음,주간,차대차,측면직각충돌,안전거리미확보,특별광역시도,이마트앞삼거리,35.2965872,128.7610131,광진구,
2019,4,28,일요일,15,부상사고,0,0,0,1,57,남,15년이상,,승용,사업용,이륜,기타사고,맑음,주간,차대차,차대차-기타,기타,특별광역시도,이마트앞삼거리,35.2965872,128.7610131,광진구,
2019,5,12,일요일,16,경상사고,0,0,2,0,42,남,15년이상,,승용,사업용,승용,진입회전사고,맑음,주간,차대차,측면직각충돌,교차로운행방법위반,특별광역시도,이마트앞삼거리,35.2965872,128.7610131,광진구,
2019,6,20,목요일,15,경상사고,0,0,1,0,22,남,4년미만,,승용,비사업용,원동기,진입회전사고,맑음,주간,차대차,측면직각충돌,신호위반,특별광역시도,이마트앞삼거리,35.2965872,128.7610131,광진구,
2019,9,4,수요일,14,경상사고,0,0,1,0,56,남,15년이상,,승용,비사업용,승용,진입회전사고,비,주간,차대차,측면직각충돌,교차로운행방법위반,특별광역시도,이마트앞삼거리,35.2965872,128.7610131,광진구,
2019,10,31,목요일,16,경상사고,0,0,1,0,26,남,4년미만,,승용,사업용,원동기,진입회전사고,맑음,주간,차대차,측면직각충돌,안전거리미확보,특별광역시도,이마트앞삼거리,35.2965872,128.7610131,광진구,
2018,7,30,월요일,17,경상사고,0,0,1,0,60,남,15년이상,,승용,비사업용,승용,진입회전사고,맑음,주간,차대차,측면직각충돌,안전운전불이행,특별광역시도,자양사거리,37.5365404,127.0835712,광진구,
2018,11,11,일요일,1,경상사고,0,0,3,0,24,남,10년미만,,승용,비사업용,승용,일직선사고,맑음,심야,차대차,추돌(진행중),안전운전불이행,특별광역시도,자양사거리,37.5365404,127.0835712,광진구,
2018,11,25,일요일,2,경상사고,0,0,1,0,61,남,15년이상,,승용,사업용,승용,진입회전사고,맑음,심야,차대차,측면직각충돌,안전운전불이행,특별광역시도,자양사거리,37.5365404,127.0835712,광진구,
2019,4,11,목요일,13,경상사고,0,0,1,0,불명,불명,데이터오류,,기타,데이터오류,기타,보행횡단사고,맑음,주간,차대사람,횡단중,안전운전불이행,특별광역시도,자양사거리,37.5365404,127.0835712,광진구,
2019,7,28,일요일,3,경상사고,0,0,1,0,47,남,15년미만,,승용,사업용,원동기,일직선사고,맑음,심야,차대차,추돌(진행중),안전운전불이행,특별광역시도,자양사거리,37.5365404,127.0835712,광진구,
2019,7,3,수요일,19,중상사고,0,1,0,0,63,여,15년이상,,승용,비사업용,이륜,진입회전사고,맑음,출퇴근,차대차,측면직각충돌,중앙선침범,특별광역시도,자양사거리,37.5365404,127.0835712,광진구,
2019,9,21,토요일,1,중상사고,0,1,0,0,57,남,15년이상,,승용,사업용,보행자,보행횡단사고,맑음,심야,차대사람,횡단중,안전운전불이행,특별광역시도,자양사거리,37.5365404,127.0835712,광진구,
2019,11,19,화요일,16,경상사고,0,0,1,0,60,여,15년이상,,승용,비사업용,승용,진입회전사고,맑음,주간,차대차,측면직각충돌,안전운전불이행,특별광역시도,자양사거리,37.5365404,127.0835712,광진구,
2017,2,11,토요일,11,경상사고,0,0,1,0,불명,불명,데이터오류,,승용,비사업용,이륜,기타사고,맑음,주간,차대차,차대차-기타,안전거리미확보,특별광역시도,헤스티아앞사거리,37.821994,126.988723,광진구,
2017,5,12,금요일,18,부상사고,0,0,0,1,53,남,15년이상,,승합,사업용,자전거,진입회전사고,맑음,출퇴근,차대차,측면직각충돌,안전운전불이행,특별광역시도,헤스티아앞사거리,37.821994,126.988723,광진구,
2017,6,8,목요일,9,중상사고,0,1,0,0,57,남,15년이상,,승용,사업용,자전거,기타사고,맑음,주간,차대차,차대차-기타,안전운전불이행,특별광역시도,헤스티아앞사거리,37.821994,126.988723,광진구,
2017,6,27,화요일,19,경상사고,0,0,2,0,28,남,10년미만,,승용,비사업용,이륜,진입회전사고,흐림,출퇴근,차대차,측면직각충돌,안전운전불이행,특별광역시도,헤스티아앞사거리,37.821994,126.988723,광진구,
2017,7,13,목요일,19,중상사고,0,1,0,0,60,남,10년미만,,자전거,기타,보행자,진입회전사고,맑음,출퇴근,차대사람,횡단중,신호위반,특별광역시도,헤스티아앞사거리,37.821994,126.988723,광진구,
2017,9,5,화요일,17,중상사고,0,2,1,0,61,남,15년이상,,승합,사업용,기타,기타사고,맑음,주간,차량단독,차량단독-기타,데이터없음,특별광역시도,헤스티아앞사거리,37.821994,126.988723,광진구,
2017,9,26,화요일,22,경상사고,0,0,1,0,55,남,15년이상,,화물,비사업용,화물,진입회전사고,맑음,심야,차대차,측면직각충돌,안전운전불이행,특별광역시도,헤스티아앞사거리,37.821994,126.988723,광진구,
2018,4,4,수요일,5,중상사고,0,1,0,0,43,남,15년이상,,승용,사업용,보행자,진입회전사고,맑음,새벽,차대사람,보도통행중,신호위반,특별광역시도,헤스티아앞사거리,37.821994,126.988723,광진구,
2018,4,12,목요일,13,중상사고,0,1,0,0,33,남,15년이상,,승합,비사업용,이륜,기타사고,맑음,주간,차대차,차대차-기타,안전거리미확보,특별광역시도,헤스티아앞사거리,37.821994,126.988723,광진구,
2018,5,25,금요일,14,중상사고,0,2,0,0,60,남,15년이상,,승용,사업용,이륜,진입회전사고,맑음,주간,차대차,측면직각충돌,신호위반,특별광역시도,헤스티아앞사거리,37.821994,126.988723,광진구,
2018,8,26,일요일,13,중상사고,0,1,4,0,33,남,4년미만,,승용,비사업용,승용,진입회전사고,맑음,주간,차대차,측면직각충돌,안전거리미확보,특별광역시도,헤스티아앞사거리,37.821994,126.988723,광진구,
2018,9,18,화요일,8,경상사고,0,0,1,0,73,남,15년이상,,승용,비사업용,승용,기타사고,맑음,출퇴근,차대차,차대차-기타,안전운전불이행,특별광역시도,헤스티아앞사거리,37.821994,126.988723,광진구,
2018,10,13,토요일,7,경상사고,0,0,1,0,65,남,15년이상,,승용,사업용,기타,일직선사고,맑음,출퇴근,차대차,추돌(진행중),안전운전불이행,특별광역시도,헤스티아앞사거리,37.821994,126.988723,광진구,
2018,11,1,목요일,13,경상사고,0,0,2,0,17,남,1년미만,,이륜,기타,이륜,일직선사고,맑음,주간,차대차,추돌(진행중),안전운전불이행,특별광역시도,헤스티아앞사거리,37.821994,126.988723,광진구,
2019,5,10,금요일,10,경상사고,0,0,2,0,67,남,15년이상,,승용,비사업용,화물,일직선사고,맑음,주간,차대차,추돌(진행중),안전운전불이행,특별광역시도,헤스티아앞사거리,37.821994,126.988723,광진구,
2019,5,3,금요일,14,경상사고,0,0,1,0,59,여,15년이상,,승용,비사업용,승용,진입회전사고,맑음,주간,차대차,측면직각충돌,안전운전불이행,특별광역시도,헤스티아앞사거리,37.821994,126.988723,광진구,
2019,6,2,일요일,20,경상사고,0,0,2,0,65,여,15년이상,,승용,비사업용,승용,진입회전사고,맑음,출퇴근,차대차,측면직각충돌,신호위반,특별광역시도,헤스티아앞사거리,37.821994,126.988723,광진구,
2019,7,15,월요일,17,경상사고,0,0,1,0,40,남,10년미만,,승용,비사업용,이륜,진입회전사고,맑음,주간,차대차,측면직각충돌,안전운전불이행,특별광역시도,헤스티아앞사거리,37.821994,126.988723,광진구,
2019,11,22,금요일,16,부상사고,0,0,0,1,40,남,15년미만,,승용,비사업용,이륜,진입회전사고,맑음,주간,차대차,정면충돌,신호위반,특별광역시도,헤스티아앞사거리,37.821994,126.988723,광진구,
2017,2,11,토요일,10,경상사고,0,0,1,0,47,여,15년이상,,승용,비사업용,원동기,일직선사고,맑음,주간,차대차,추돌(진행중),안전운전불이행,특별광역시도,혜민병원남쪽삼거리,37.5353375,127.083543,광진구,