년도,월,일,요일,시각,사고등급,사망자수,중상자수,경상자수,부상자수,연령,성별,경력,음주,종별,용도,관련자2,사고형태,기상상태,일광상태,사고유형1,사고유형2,법규위반,도로종류,지점명,위도,경도,자치구,
2018,7,7,토요일,20,경상사고,0,0,1,0,27,남,3년미만,,이륜,기타,이륜,일직선사고,맑음,출퇴근,차대차,추돌(진행중),안전거리미확보,특별광역시도,개봉고가차도남측진출입부,37.494347,126.8561779,구로구,
2017,2,23,목요일,9,경상사고,0,0,1,0,48,남,15년이상,,이륜,기타,보행자,보행횡단사고,맑음,주간,차대사람,보도통행중,데이터없음,특별광역시도,개봉교북단사거리,37.486058,126.856448,구로구,
2017,2,27,월요일,22,중상사고,0,1,0,0,37,남,15년이상,,승용,사업용,이륜,진입회전사고,맑음,심야,차대차,측면직각충돌,차로위반,특별광역시도,개봉교북단사거리,37.486058,126.856448,구로구,
2017,4,12,수요일,2,중상사고,0,1,0,0,58,남,15년이상,,승합,비사업용,이륜,일직선사고,맑음,심야,차대차,추돌(진행중),안전운전불이행,특별광역시도,개봉교북단사거리,37.486058,126.856448,구로구,
2017,4,24,월요일,17,경상사고,0,0,1,0,56,남,15년이상,,승합,사업용,이륜,기타사고,맑음,주간,차대차,차대차-기타,안전운전불이행,특별광역시도,개봉교북단사거리,37.486058,126.856448,구로구,
2017,8,25,금요일,17,경상사고,0,0,1,0,47,여,15년이상,,승용,비사업용,원동기,일직선사고,맑음,주간,차대차,정면충돌,차로위반,특별광역시도,개봉교북단사거리,37.486058,126.856448,구로구,
2017,9,8,금요일,8,경상사고,0,0,3,0,83,남,4년미만,,승용,비사업용,승용,일직선사고,맑음,출퇴근,차대차,추돌(진행중),안전운전불이행,특별광역시도,개봉교북단사거리,37.486058,126.856448,구로구,
2017,11,2,목요일,10,경상사고,0,0,1,0,47,여,1년미만,,승용,비사업용,승용,진입회전사고,맑음,주간,차대차,측면직각충돌,신호위반,특별광역시도,개봉교북단사거리,37.486058,126.856448,구로구,
2018,1,9,화요일,8,경상사고,0,0,2,0,26,남,15년이상,,승용,사업용,이륜,진입회전사고,맑음,출퇴근,차대차,측면직각충돌,신호위반,특별광역시도,개봉교북단사거리,37.486058,126.856448,구로구,
2018,1,27,토요일,14,경상사고,0,0,2,0,51,여,15년이상,,승용,비사업용,승용,진입회전사고,맑음,주간,차대차,측면직각충돌,신호위반,특별광역시도,개봉교북단사거리,37.486058,126.856448,구로구,
2018,1,14,일요일,18,경상사고,0,0,1,0,59,남,15년이상,,승용,사업용,기타,기타사고,맑음,출퇴근,차대차,차대차-기타,교차로운행방법위반,특별광역시도,개봉교북단사거리,37.486058,126.856448,구로구,
2018,1,17,수요일,21,경상사고,0,0,1,1,24,남,5년미만,,승용,비사업용,이륜,진입회전사고,맑음,심야,차대차,측면직각충돌,교차로운행방법위반,특별광역시도,개봉교북단사거리,37.486058,126.856448,구로구,
2018,2,14,수요일,10,경상사고,0,0,1,0,20,남,2년미만,,승용,비사업용,승용,기타사고,맑음,주간,차대차,차대차-기타,안전거리미확보,특별광역시도,개봉교북단사거리,37.486058,126.856448,구로구,
2018,6,5,화요일,8,중상사고,0,1,2,0,52,여,15년이상,,승용,비사업용,화물,진입회전사고,맑음,출퇴근,차대차,측면직각충돌,안전운전불이행,특별광역시도,개봉교북단사거리,37.486058,126.856448,구로구,
2018,9,29,토요일,3,경상사고,0,0,1,0,60,남,15년이상,,승용,비사업용,보행자,보행횡단사고,맑음,심야,차대사람,횡단중,보행자보호의무위반,특별광역시도,개봉교북단사거리,37.486058,126.856448,구로구,
2019,1,10,목요일,20,중상사고,0,2,0,0,28,남,3년미만,,승용,비사업용,이륜,기타사고,맑음,출퇴근,차대차,차대차-기타,안전운전불이행,특별광역시도,개봉교북단사거리,37.486058,126.856448,구로구,
2019,2,25,월요일,6,경상사고,0,0,1,0,28,남,3년미만,,승용,비사업용,승용,기타사고,기타,새벽,차대차,차대차-기타,차로위반,특별광역시도,개봉교북단사거리,37.486058,126.856448,구로구,
2019,4,22,월요일,8,중상사고,0,1,0,0,54,여,15년이상,,승용,비사업용,승용,진입회전사고,맑음,출퇴근,차대차,측면직각충돌,안전거리미확보,특별광역시도,개봉교북단사거리,37.486058,126.856448,구로구,
2019,4,17,수요일,19,부상사고,0,0,0,2,43,남,15년이상,,승용,비사업용,승용,기타사고,맑음,출퇴근,차대차,차대차-기타,안전거리미확보,특별광역시도,개봉교북단사거리,37.486058,126.856448,구로구,
2019,8,12,월요일,1,중상사고,0,2,4,0,26,남,10년미만,,승용,사업용,화물,진입회전사고,비,심야,차대차,측면직각충돌,안전운전불이행,특별광역시도,개봉교북단사거리,37.486058,126.856448,구로구,
2019,9,15,일요일,14,중상사고,0,1,2,0,58,남,15년이상,,승용,비사업용,승용,진입회전사고,맑음,주간,차대차,정면충돌,신호위반,특별광역시도,개봉교북단사거리,37.486058,126.856448,구로구,
2019,10,19,토요일,3,경상사고,0,0,2,0,33,남,5년미만,0,승용,비사업용,화물,진입회전사고,맑음,심야,차대차,측면직각충돌,안전거리미확보,특별광역시도,개봉교북단사거리,37.486058,126.856448,구로구,
2019,10,15,화요일,16,경상사고,0,0,2,0,36,남,15년이상,,승용,비사업용,화물,기타사고,맑음,주간,차대차,차대차-기타,안전거리미확보,특별광역시도,개봉교북단사거리,37.486058,126.856448,구로구,
2017,1,11,수요일,1,중상사고,0,1,0,0,62,남,15년이상,,승합,사업용,보행자,보행횡단사고,맑음,심야,차대사람,횡단중,안전운전불이행,특별광역시도,개봉사거리,37.4973189,126.8564833,구로구,
2017,2,5,일요일,21,중상사고,0,1,0,0,39,남,5년미만,,승용,비사업용,보행자,보행횡단사고,맑음,심야,차대사람,횡단중,안전운전불이행,특별광역시도,개봉사거리,37.4973189,126.8564833,구로구,
2017,3,30,목요일,23,중상사고,0,1,0,0,25,남,15년이상,,승용,비사업용,보행자,보행횡단사고,맑음,심야,차대사람,횡단중,안전운전불이행,특별광역시도,개봉사거리,37.4973189,126.8564833,구로구,
2017,6,21,수요일,20,경상사고,0,0,1,0,47,남,15년이상,,승용,비사업용,이륜,진입회전사고,맑음,출퇴근,차대차,측면직각충돌,직진우회전진행방해,특별광역시도,개봉사거리,37.4973189,126.8564833,구로구,
2017,8,12,토요일,0,경상사고,0,0,1,0,57,남,15년이상,,승용,비사업용,승용,기타사고,맑음,심야,차대차,차대차-기타,안전운전불이행,특별광역시도,개봉사거리,37.4973189,126.8564833,구로구,
2017,8,20,일요일,2,중상사고,0,1,0,0,63,남,15년이상,,승용,사업용,보행자,보행횡단사고,비,심야,차대사람,횡단중,보행자보호의무위반,특별광역시도,개봉사거리,37.4973189,126.8564833,구로구,
2017,9,19,화요일,11,경상사고,0,0,1,0,52,남,15년이상,,승용,비사업용,이륜,기타사고,맑음,주간,차대차,차대차-기타,안전운전불이행,특별광역시도,개봉사거리,37.4973189,126.8564833,구로구,
2017,10,25,수요일,8,부상사고,0,0,0,1,27,남,10년미만,,승용,비사업용,이륜,진입회전사고,맑음,출퇴근,차대차,측면직각충돌,교차로운행방법위반,특별광역시도,개봉사거리,37.4973189,126.8564833,구로구,
2018,1,15,월요일,13,경상사고,0,0,2,0,44,남,15년이상,,승용,비사업용,승용,진입회전사고,맑음,주간,차대차,측면직각충돌,신호위반,특별광역시도,개봉사거리,37.4973189,126.8564833,구로구,
2018,2,3,토요일,0,경상사고,0,0,5,0,59,남,15년이상,,승용,사업용,승용,진입회전사고,맑음,심야,차대차,정면충돌,신호위반,특별광역시도,개봉사거리,37.4973189,126.8564833,구로구,
2018,7,6,금요일,1,경상사고,0,0,2,0,55,남,15년이상,,승용,사업용,승합,일직선사고,맑음,심야,차대차,추돌(진행중),안전거리미확보,특별광역시도,개봉사거리,37.4973189,126.8564833,구로구,
2018,7,26,목요일,12,경상사고,0,0,1,0,56,남,15년이상,,승합,사업용,승합,기타사고,맑음,주간,차대차,차대차-기타,안전운전불이행,특별광역시도,개봉사거리,37.4973189,126.8564833,구로구,
2018,7,16,월요일,14,경상사고,0,0,1,0,55,남,4년미만,,승용,비사업용,승용,일직선사고,맑음,주간,차대차,추돌(진행중),안전거리미확보,특별광역시도,개봉사거리,37.4973189,126.8564833,구로구,
2018,7,11,수요일,22,경상사고,0,0,5,1,47,남,15년이상,,승용,비사업용,승합,진입회전사고,흐림,심야,차대차,측면직각충돌,신호위반,특별광역시도,개봉사거리,37.4973189,126.8564833,구로구,
2018,8,7,화요일,17,경상사고,0,0,2,0,25,여,1년미만,,승용,비사업용,승용,진입회전사고,맑음,주간,차대차,측면직각충돌,안전거리미확보,특별광역시도,개봉사거리,37.4973189,126.8564833,구로구,
2018,10,24,수요일,0,경상사고,0,0,2,0,57,남,15년이상,,승합,사업용,이륜,진입회전사고,맑음,심야,차대차,측면직각충돌,신호위반,특별광역시도,개봉사거리,37.4973189,126.8564833,구로구,
2018,10,22,월요일,0,중상사고,0,1,0,0,33,남,15년미만,,승용,비사업용,승합,진입회전사고,맑음,심야,차대차,차대차-기타,신호위반,특별광역시도,개봉사거리,37.4973189,126.8564833,구로구,
2018,10,2,화요일,16,중상사고,0,1,1,0,60,남,15년이상,,화물,비사업용,이륜,진입회전사고,맑음,주간,차대차,측면직각충돌,안전운전불이행,특별광역시도,개봉사거리,37.4973189,126.8564833,구로구,
2018,10,15,월요일,17,경상사고,0,0,1,0,50,남,10년미만,,승용,비사업용,이륜,진입회전사고,맑음,주간,차대차,측면직각충돌,안전운전불이행,특별광역시도,개봉사거리,37.4973189,126.8564833,구로구,
2018,12,19,수요일,0,경상사고,0,0,1,0,45,남,15년이상,,승합,비사업용,이륜,기타사고,맑음,심야,차대차,차대차-기타,안전운전불이행,특별광역시도,개봉사거리,37.4973189,126.8564833,구로구,
2018,12,9,일요일,1,경상사고,0,0,1,0,66,남,15년미만,,승용,사업용,승용,진입회전사고,맑음,심야,차대차,추돌(진행중),신호위반,특별광역시도,개봉사거리,37.4973189,126.8564833,구로구,
2019,1,20,일요일,2,중상사고,0,1,0,0,68,남,15년이상,,화물,비사업용,기타,단독사고,맑음,심야,차량단독,공작물추돌,안전운전불이행,특별광역시도,개봉사거리,37.4973189,126.8564833,구로구,
2019,1,19,토요일,13,경상사고,0,0,1,0,39,남,15년이상,,승용,비사업용,승합,기타사고,맑음,주간,차대차,차대차-기타,안전거리미확보,특별광역시도,개봉사거리,37.4973189,126.8564833,구로구,
2019,5,16,목요일,3,중상사고,0,1,1,0,54,남,15년이상,0,승용,비사업용,승용,일직선사고,맑음,심야,차대차,추돌(진행중),안전운전불이행,특별광역시도,개봉사거리,37.4973189,126.8564833,구로구,
2019,5,10,금요일,22,경상사고,0,0,1,0,56,남,데이터오류,,승용,사업용,승용,일직선사고,맑음,심야,차대차,추돌(진행중),안전운전불이행,특별광역시도,개봉사거리,37.4973189,126.8564833,구로구,
2019,6,8,토요일,19,중상사고,0,1,0,0,61,남,15년이상,,승합,사업용,이륜,진입회전사고,맑음,출퇴근,차대차,측면직각충돌,신호위반,특별광역시도,개봉사거리,37.4973189,126.8564833,구로구,
2019,9,10,화요일,10,경상사고,0,0,1,0,56,남,15년이상,,승합,사업용,화물,기타사고,맑음,주간,차대차,차대차-기타,교차로운행방법위반,특별광역시도,개봉사거리,37.4973189,126.8564833,구로구,
2019,9,1,일요일,17,중상사고,0,1,0,0,31,남,15년미만,,승용,비사업용,이륜,기타사고,맑음,주간,차대차,차대차-기타,안전운전불이행,기타,개봉사거리,37.4973189,126.8564833,구로구,
2019,10,12,토요일,21,경상사고,0,0,1,0,51,남,15년이상,,화물,비사업용,화물,기타사고,맑음,심야,차대차,차대차-기타,안전운전불이행,특별광역시도,개봉사거리,37.4973189,126.8564833,구로구,
2019,10,22,화요일,21,중상사고,0,1,0,0,60,남,15년이상,,승용,비사업용,보행자,보행횡단사고,맑음,심야,차대사람,횡단중,보행자보호의무위반,특별광역시도,개봉사거리,37.4973189,126.8564833,구로구,
2019,11,8,금요일,1,중상사고,0,1,0,0,41,남,15년이상,,승용,비사업용,승용,진입회전사고,맑음,심야,차대차,측면직각충돌,신호위반,특별광역시도,개봉사거리,37.4973189,126.8564833,구로구,
2019,12,25,수요일,23,경상사고,0,0,1,0,59,남,15년이상,,승합,사업용,이륜,진입회전사고,맑음,심야,차대차,측면직각충돌,신호위반,특별광역시도,개봉사거리,37.4973189,126.8564833,구로구,
2017,2,25,토요일,19,경상사고,0,0,5,0,21,여,2년미만,,승용,비사업용,승용,기타사고,맑음,출퇴근,차대차,차대차-기타,안전거리미확보,특별광역시도,거리공원입구교차로,37.4991722,126.891875,구로구,
2017,3,19,일요일,1,경상사고,0,0,2,0,45,남,15년이상,,승용,비사업용,승용,일직선사고,맑음,심야,차대차,추돌(진행중),안전운전불이행,특별광역시도,거리공원입구교차로,37.4991722,126.891875,구로구,
2017,3,11,토요일,12,중상사고,0,1,0,0,51,여,15년이상,,승용,비사업용,이륜,진입회전사고,맑음,주간,차대차,측면직각충돌,안전거리미확보,특별광역시도,거리공원입구교차로,37.4991722,126.891875,구로구,
2017,4,24,월요일,2,경상사고,0,0,2,0,26,남,15년이상,0,승용,비사업용,승용,일직선사고,맑음,심야,차대차,추돌(진행중),안전운전불이행,특별광역시도,거리공원입구교차로,37.4991722,126.891875,구로구,
2017,5,4,목요일,1,경상사고,0,0,4,0,48,남,15년미만,,승용,사업용,승용,일직선사고,맑음,심야,차대차,추돌(진행중),안전운전불이행,특별광역시도,거리공원입구교차로,37.4991722,126.891875,구로구,
2017,5,20,토요일,12,경상사고,0,0,1,0,54,남,15년이상,,승용,비사업용,이륜,일직선사고,맑음,주간,차대차,추돌(진행중),안전거리미확보,특별광역시도,거리공원입구교차로,37.4991722,126.891875,구로구,
2017,8,26,토요일,1,경상사고,0,0,1,0,35,남,15년이상,0,승용,비사업용,이륜,일직선사고,맑음,심야,차대차,추돌(진행중),안전운전불이행,특별광역시도,거리공원입구교차로,37.4991722,126.891875,구로구,
2017,10,1,일요일,2,중상사고,0,1,1,1,63,남,15년이상,,승용,사업용,이륜,진입회전사고,맑음,심야,차대차,측면직각충돌,신호위반,특별광역시도,거리공원입구교차로,37.4991722,126.891875,구로구,
2017,11,30,목요일,11,경상사고,0,0,1,0,69,여,15년이상,,승용,비사업용,승용,진입회전사고,맑음,주간,차대차,측면직각충돌,안전운전불이행,특별광역시도,거리공원입구교차로,37.4991722,126.891875,구로구,
2018,1,29,월요일,19,중상사고,0,1,0,0,48,남,15년이상,,승합,사업용,이륜,진입회전사고,맑음,출퇴근,차대차,측면직각충돌,신호위반,특별광역시도,거리공원입구교차로,37.4991722,126.891875,구로구,
2018,2,25,일요일,0,경상사고,0,0,3,0,22,남,4년미만,,승용,비사업용,승합,진입회전사고,맑음,심야,차대차,측면직각충돌,신호위반,특별광역시도,거리공원입구교차로,37.4991722,126.891875,구로구,
2018,2,10,토요일,21,경상사고,0,0,2,0,32,남,15년이상,,승용,비사업용,이륜,진입회전사고,맑음,심야,차대차,차대차-기타,신호위반,특별광역시도,거리공원입구교차로,37.4991722,126.891875,구로구,
2018,3,17,토요일,17,중상사고,0,1,4,0,53,남,15년이상,,승합,사업용,이륜,진입회전사고,맑음,주간,차대차,측면직각충돌,신호위반,특별광역시도,거리공원입구교차로,37.4991722,126.891875,구로구,
2018,4,10,화요일,21,중상사고,0,1,0,0,36,남,10년미만,,승용,비사업용,승용,일직선사고,비,심야,차대차,정면충돌,안전운전불이행,특별광역시도,거리공원입구교차로,37.4991722,126.891875,구로구,
2018,6,21,목요일,20,경상사고,0,0,1,0,27,여,15년이상,,승용,비사업용,이륜,일직선사고,맑음,출퇴근,차대차,추돌(진행중),안전거리미확보,특별광역시도,거리공원입구교차로,37.4991722,126.891875,구로구,
2018,7,18,수요일,10,경상사고,0,0,1,0,60,남,15년이상,,승용,비사업용,승용,일직선사고,맑음,주간,차대차,추돌(진행중),안전운전불이행,특별광역시도,거리공원입구교차로,37.4991722,126.891875,구로구,
2018,7,12,목요일,15,중상사고,0,1,2,1,16,남,1년미만,,이륜,기타,이륜,진입회전사고,맑음,주간,차대차,차대차-기타,신호위반,특별광역시도,거리공원입구교차로,37.4991722,126.891875,구로구,
2018,7,9,월요일,21,경상사고,0,0,3,0,33,남,15년이상,0,승용,비사업용,승용,일직선사고,흐림,심야,차대차,추돌(진행중),안전거리미확보,특별광역시도,거리공원입구교차로,37.4991722,126.891875,구로구,
2018,8,6,월요일,4,중상사고,0,1,0,0,65,남,15년이상,,승용,사업용,보행자,기타사고,맑음,심야,차대사람,차대사람-기타,안전운전불이행,특별광역시도,거리공원입구교차로,37.4991722,126.891875,구로구,
2018,9,30,일요일,0,중상사고,0,1,12,0,57,남,15년이상,,승합,사업용,이륜,진입회전사고,맑음,심야,차대차,측면직각충돌,신호위반,특별광역시도,거리공원입구교차로,37.4991722,126.891875,구로구,
2018,9,9,일요일,22,경상사고,0,0,2,0,21,남,4년미만,,승용,비사업용,승용,일직선사고,맑음,심야,차대차,추돌(진행중),안전운전불이행,특별광역시도,거리공원입구교차로,37.4991722,126.891875,구로구,
2018,11,13,화요일,16,부상사고,0,0,0,1,59,남,15년이상,,승용,비사업용,이륜,기타사고,맑음,주간,차대차,차대차-기타,안전운전불이행,특별광역시도,거리공원입구교차로,37.4991722,126.891875,구로구,
2018,12,20,목요일,1,경상사고,0,0,2,0,48,남,15년이상,,승용,사업용,승용,진입회전사고,맑음,심야,차대차,측면직각충돌,신호위반,특별광역시도,거리공원입구교차로,37.4991722,126.891875,구로구,
2018,12,4,화요일,17,경상사고,0,0,1,0,27,남,15년미만,,승용,비사업용,이륜,기타사고,맑음,주간,차대차,차대차-기타,안전운전불이행,특별광역시도,거리공원입구교차로,37.4991722,126.891875,구로구,
2018,12,8,토요일,19,중상사고,0,1,2,1,35,남,15년이상,,승용,비사업용,승용,기타사고,맑음,출퇴근,차대차,차대차-기타,차로위반,특별광역시도,거리공원입구교차로,37.4991722,126.891875,구로구,
2019,3,3,일요일,18,중상사고,0,1,0,0,38,남,15년이상,,승용,비사업용,보행자,기타사고,맑음,출퇴근,차대사람,차도통행중,안전운전불이행,특별광역시도,거리공원입구교차로,37.4991722,126.891875,구로구,
2019,5,23,목요일,19,중상사고,0,1,1,0,48,남,15년미만,,이륜,데이터오류,이륜,진입회전사고,맑음,출퇴근,차대차,정면충돌,신호위반,특별광역시도,거리공원입구교차로,37.4991722,126.891875,구로구,
2019,7,29,월요일,3,경상사고,0,0,3,0,66,남,15년이상,,승용,사업용,승용,진입회전사고,맑음,심야,차대차,측면직각충돌,신호위반,특별광역시도,거리공원입구교차로,37.4991722,126.891875,구로구,
2019,8,31,토요일,1,경상사고,0,0,1,1,77,남,15년이상,,승용,사업용,승합,진입회전사고,맑음,심야,차대차,측면직각충돌,신호위반,특별광역시도,거리공원입구교차로,37.4991722,126.891875,구로구,
2019,11,2,토요일,6,경상사고,0,0,1,0,62,남,15년이상,,승합,사업용,승합,기타사고,맑음,새벽,차대차,차대차-기타,안전운전불이행,특별광역시도,거리공원입구교차로,37.4991722,126.891875,구로구,
2017,3,29,수요일,16,경상사고,0,0,2,0,53,남,15년이상,,승용,사업용,승용,진입회전사고,맑음,주간,차대차,측면직각충돌,안전거리미확보,특별광역시도,경인중삼거리,37.5383125,126.7225915,구로구,
2017,4,27,목요일,11,중상사고,0,1,1,0,52,남,15년이상,,화물,비사업용,화물,진입회전사고,맑음,주간,차대차,측면직각충돌,안전거리미확보,특별광역시도,경인중삼거리,37.5383125,126.7225915,구로구,
2017,4,7,금요일,22,부상사고,0,0,0,1,불명,불명,데이터오류,,기타,데이터오류,기타,진입회전사고,맑음,심야,차대차,차대차-기타,신호위반,특별광역시도,경인중삼거리,37.5383125,126.7225915,구로구,
2017,5,3,수요일,18,경상사고,0,0,1,0,55,남,15년이상,,승용,비사업용,이륜,기타사고,맑음,출퇴근,차대차,차대차-기타,차로위반,특별광역시도,경인중삼거리,37.5383125,126.7225915,구로구,
2017,7,30,일요일,5,경상사고,0,0,1,0,35,남,15년이상,,승용,비사업용,이륜,진입회전사고,흐림,새벽,차대차,정면충돌,신호위반,특별광역시도,경인중삼거리,37.5383125,126.7225915,구로구,
2017,8,1,화요일,17,사망사고,1,0,0,0,46,남,15년이상,,승합,사업용,보행자,보행횡단사고,맑음,주간,차대사람,횡단중,안전운전불이행,특별광역시도,경인중삼거리,37.5383125,126.7225915,구로구,
2017,9,9,토요일,13,경상사고,0,0,2,0,28,남,3년미만,,승용,비사업용,승용,진입회전사고,맑음,주간,차대차,측면직각충돌,안전운전불이행,특별광역시도,경인중삼거리,37.5383125,126.7225915,구로구,
2017,9,14,목요일,17,경상사고,0,0,1,0,38,남,15년이상,,승용,비사업용,이륜,진입회전사고,맑음,주간,차대차,측면직각충돌,신호위반,특별광역시도,경인중삼거리,37.5383125,126.7225915,구로구,
2017,10,7,토요일,14,중상사고,0,1,1,0,20,남,4년미만,,이륜,기타,이륜,진입회전사고,맑음,주간,차대차,추돌(진행중),신호위반,특별광역시도,경인중삼거리,37.5383125,126.7225915,구로구,
2017,11,19,일요일,22,경상사고,0,0,1,0,25,남,10년미만,,이륜,기타,이륜,진입회전사고,맑음,심야,차대차,측면직각충돌,신호위반,특별광역시도,경인중삼거리,37.5383125,126.7225915,구로구,
2017,12,28,목요일,17,중상사고,0,1,0,0,36,남,5년미만,,화물,비사업용,이륜,진입회전사고,맑음,주간,차대차,추돌(진행중),신호위반,특별광역시도,경인중삼거리,37.5383125,126.7225915,구로구,
2018,2,15,목요일,5,중상사고,0,1,0,0,53,남,15년이상,,승용,사업용,보행자,기타사고,맑음,새벽,차대사람,차대사람-기타,안전운전불이행,특별광역시도,경인중삼거리,37.5383125,126.7225915,구로구,
2018,2,6,화요일,16,경상사고,0,0,1,0,56,남,15년이상,,승합,사업용,승합,진입회전사고,맑음,주간,차대차,측면직각충돌,안전운전불이행,특별광역시도,경인중삼거리,37.5383125,126.7225915,구로구,
2018,5,11,금요일,23,경상사고,0,0,1,0,49,남,15년이상,,화물,사업용,이륜,진입회전사고,맑음,심야,차대차,측면직각충돌,신호위반,특별광역시도,경인중삼거리,37.5383125,126.7225915,구로구,
2018,7,16,월요일,2,경상사고,0,0,2,0,58,남,15년이상,,승용,사업용,이륜,진입회전사고,맑음,심야,차대차,측면직각충돌,신호위반,특별광역시도,경인중삼거리,37.5383125,126.7225915,구로구,
2018,7,27,금요일,13,부상사고,0,0,0,1,51,남,15년이상,,승용,사업용,자전거,일직선사고,맑음,주간,차대차,정면충돌,중앙선침범,특별광역시도,경인중삼거리,37.5383125,126.7225915,구로구,
2018,8,10,금요일,6,경상사고,0,0,1,0,56,남,1년미만,,화물,비사업용,자전거,기타사고,맑음,새벽,차대차,차대차-기타,안전운전불이행,특별광역시도,경인중삼거리,37.5383125,126.7225915,구로구,
2018,8,20,월요일,21,경상사고,0,0,2,0,35,남,15년이상,,승용,사업용,승용,진입회전사고,맑음,심야,차대차,측면직각충돌,안전운전불이행,특별광역시도,경인중삼거리,37.5383125,126.7225915,구로구,
2018,11,11,일요일,17,경상사고,0,0,4,0,62,남,15년이상,0,승용,비사업용,승용,일직선사고,맑음,주간,차대차,추돌(진행중),안전운전불이행,특별광역시도,경인중삼거리,37.5383125,126.7225915,구로구,
2018,11,1,목요일,22,중상사고,0,1,2,0,59,남,15년이상,,승용,비사업용,승용,일직선사고,맑음,심야,차대차,추돌(진행중),안전운전불이행,특별광역시도,경인중삼거리,37.5383125,126.7225915,구로구,
2018,12,13,목요일,9,경상사고,0,0,1,0,51,남,15년이상,,화물,비사업용,화물,진입회전사고,맑음,주간,차대차,측면직각충돌,신호위반,특별광역시도,경인중삼거리,37.5383125,126.7225915,구로구,
2019,1,17,목요일,1,중상사고,0,1,0,0,64,남,15년이상,,승용,사업용,보행자,보행횡단사고,기타,심야,차대사람,횡단중,안전운전불이행,특별광역시도,경인중삼거리,37.5383125,126.7225915,구로구,
2019,4,17,수요일,5,경상사고,0,0,2,0,54,남,10년미만,0,승용,비사업용,승용,일직선사고,맑음,새벽,차대차,추돌(진행중),안전운전불이행,특별광역시도,경인중삼거리,37.5383125,126.7225915,구로구,
2019,5,11,토요일,17,중상사고,0,1,0,0,53,남,15년이상,,승용,비사업용,자전거,진입회전사고,맑음,주간,차대차,측면직각충돌,안전운전불이행,특별광역시도,경인중삼거리,37.5383125,126.7225915,구로구,
2019,9,5,목요일,6,경상사고,0,0,1,0,73,남,15년이상,,승용,비사업용,승용,진입회전사고,맑음,새벽,차대차,차대차-기타,신호위반,특별광역시도,경인중삼거리,37.5383125,126.7225915,구로구,
2019,12,26,목요일,15,경상사고,0,0,4,0,68,남,15년미만,,승용,비사업용,승용,진입회전사고,맑음,주간,차대차,측면직각충돌,안전거리미확보,특별광역시도,경인중삼거리,37.5383125,126.7225915,구로구,
2017,1,20,금요일,7,부상사고,0,0,0,1,39,남,2년미만,0,승용,사업용,승용,기타사고,눈,출퇴근,차대차,차대차-기타,안전운전불이행,특별광역시도,구로1교교차로,37.487575,126.897815,구로구,
2017,1,25,수요일,22,경상사고,0,0,4,0,43,여,15년이상,,승용,사업용,원동기,일직선사고,맑음,심야,차대차,정면충돌,안전운전불이행,특별광역시도,구로1교교차로,37.487575,126.897815,구로구,
2017,2,17,금요일,2,중상사고,0,1,4,0,66,남,15년이상,,승용,사업용,승합,진입회전사고,맑음,심야,차대차,차대차-기타,신호위반,특별광역시도,구로1교교차로,37.487575,126.897815,구로구,
2017,2,25,토요일,13,경상사고,0,0,2,0,45,남,15년이상,,승용,비사업용,승용,진입회전사고,맑음,주간,차대차,정면충돌,신호위반,특별광역시도,구로1교교차로,37.487575,126.897815,구로구,
2017,2,5,일요일,20,경상사고,0,0,2,0,18,남,1년미만,,승용,비사업용,승용,진입회전사고,맑음,출퇴근,차대차,측면직각충돌,신호위반,특별광역시도,구로1교교차로,37.487575,126.897815,구로구,
2017,3,7,화요일,9,경상사고,0,0,1,0,68,남,15년이상,,승용,사업용,보행자,보행횡단사고,맑음,주간,차대사람,보도통행중,보행자보호의무위반,특별광역시도,구로1교교차로,37.487575,126.897815,구로구,
2017,5,27,토요일,11,중상사고,0,1,0,0,69,남,15년이상,,승용,사업용,이륜,진입회전사고,맑음,주간,차대차,정면충돌,신호위반,특별광역시도,구로1교교차로,37.487575,126.897815,구로구,
2017,7,2,일요일,12,경상사고,0,0,1,1,60,남,15년이상,,승용,사업용,승용,기타사고,맑음,주간,차대차,차대차-기타,차로위반,특별광역시도,구로1교교차로,37.487575,126.897815,구로구,
2017,7,23,일요일,17,경상사고,0,0,3,0,52,남,3년미만,0,승합,비사업용,승합,일직선사고,맑음,주간,차대차,추돌(진행중),안전운전불이행,특별광역시도,구로1교교차로,37.487575,126.897815,구로구,
2017,10,22,일요일,3,경상사고,0,0,2,0,41,남,15년이상,,화물,비사업용,화물,진입회전사고,맑음,심야,차대차,측면직각충돌,신호위반,특별광역시도,구로1교교차로,37.487575,126.897815,구로구,
2017,10,4,수요일,18,경상사고,0,0,2,0,57,여,10년미만,,승용,비사업용,승용,진입회전사고,맑음,출퇴근,차대차,측면직각충돌,안전운전불이행,특별광역시도,구로1교교차로,37.487575,126.897815,구로구,
2017,10,21,토요일,20,경상사고,0,0,1,0,34,남,5년미만,,승용,비사업용,이륜,진입회전사고,맑음,출퇴근,차대차,측면직각충돌,안전운전불이행,특별광역시도,구로1교교차로,37.487575,126.897815,구로구,
2017,10,23,월요일,23,중상사고,0,1,0,0,58,남,15년이상,,승용,사업용,자전거,진입회전사고,맑음,심야,차대차,측면직각충돌,신호위반,특별광역시도,구로1교교차로,37.487575,126.897815,구로구,