년도,월,일,요일,시각,사고등급,사망자수,중상자수,경상자수,부상자수,연령,성별,경력,음주,종별,용도,관련자2,사고형태,기상상태,일광상태,사고유형1,사고유형2,법규위반,도로종류,지점명,위도,경도,자치구,
2019,7,21,일요일,21,경상사고,0,0,1,0,60,남,15년이상,,승합,사업용,승합,진입회전사고,맑음,심야,차대차,측면직각충돌,안전운전불이행,특별광역시도,디지털단지오거리,37.4793494,126.889925,구로구,
2019,7,23,화요일,21,경상사고,0,0,3,0,58,남,15년이상,,화물,비사업용,화물,일직선사고,맑음,심야,차대차,추돌(진행중),안전운전불이행,특별광역시도,디지털단지오거리,37.4793494,126.889925,구로구,
2019,8,7,수요일,0,경상사고,0,0,1,0,70,남,15년이상,,승용,사업용,기타,진입회전사고,맑음,심야,차대차,측면직각충돌,신호위반,특별광역시도,디지털단지오거리,37.4793494,126.889925,구로구,
2019,8,3,토요일,20,부상사고,0,0,0,2,52,여,15년이상,,승용,사업용,승용,진입회전사고,맑음,출퇴근,차대차,추돌(진행중),신호위반,특별광역시도,디지털단지오거리,37.4793494,126.889925,구로구,
2019,9,24,화요일,5,경상사고,0,0,1,0,27,남,2년미만,,승용,비사업용,보행자,진입회전사고,맑음,새벽,차대사람,차대사람-기타,신호위반,특별광역시도,디지털단지오거리,37.4793494,126.889925,구로구,
2019,9,22,일요일,12,중상사고,0,1,0,0,62,남,15년이상,,승용,비사업용,이륜,진입회전사고,흐림,주간,차대차,측면직각충돌,신호위반,특별광역시도,디지털단지오거리,37.4793494,126.889925,구로구,
2019,9,28,토요일,23,경상사고,0,0,1,1,52,남,15년이상,,승용,사업용,승합,진입회전사고,맑음,심야,차대차,측면직각충돌,안전운전불이행,특별광역시도,디지털단지오거리,37.4793494,126.889925,구로구,
2019,10,9,수요일,1,경상사고,0,0,1,0,75,남,15년이상,,승용,사업용,이륜,진입회전사고,맑음,심야,차대차,차대차-기타,신호위반,특별광역시도,디지털단지오거리,37.4793494,126.889925,구로구,
2019,11,9,토요일,8,경상사고,0,0,1,0,27,남,15년이상,0,승용,비사업용,승용,일직선사고,맑음,출퇴근,차대차,추돌(진행중),안전운전불이행,특별광역시도,디지털단지오거리,37.4793494,126.889925,구로구,
2019,11,10,일요일,19,경상사고,0,0,1,0,23,남,2년미만,,승용,비사업용,화물,기타사고,비,출퇴근,차대차,차대차-기타,안전운전불이행,특별광역시도,디지털단지오거리,37.4793494,126.889925,구로구,
2019,12,22,일요일,1,경상사고,0,0,2,0,55,남,15년이상,,승용,사업용,이륜,일직선사고,맑음,심야,차대차,차대차-기타,중앙선침범,특별광역시도,디지털단지오거리,37.4793494,126.889925,구로구,
2019,12,27,금요일,1,경상사고,0,0,4,0,46,남,15년이상,0,승용,사업용,승용,일직선사고,맑음,심야,차대차,추돌(진행중),안전운전불이행,특별광역시도,디지털단지오거리,37.4793494,126.889925,구로구,
2019,12,14,토요일,2,경상사고,0,0,2,0,54,남,15년이상,,승용,사업용,승용,기타사고,맑음,심야,차대차,차대차-기타,안전거리미확보,특별광역시도,디지털단지오거리,37.4793494,126.889925,구로구,
2019,12,2,월요일,21,경상사고,0,0,2,0,48,남,15년이상,,승용,비사업용,이륜,진입회전사고,맑음,심야,차대차,측면직각충돌,신호위반,특별광역시도,디지털단지오거리,37.4793494,126.889925,구로구,
2017,1,22,일요일,19,경상사고,0,0,2,0,68,남,2년미만,,승용,사업용,승용,진입회전사고,맑음,출퇴근,차대차,측면직각충돌,신호위반,특별광역시도,디지털단지입구,37.486646,126.876714,구로구,
2017,4,11,화요일,19,중상사고,0,1,2,0,35,남,15년이상,0,승용,비사업용,승합,일직선사고,맑음,출퇴근,차대차,추돌(진행중),안전운전불이행,특별광역시도,디지털단지입구,37.486646,126.876714,구로구,
2017,5,17,수요일,17,경상사고,0,0,1,0,59,남,15년이상,,승용,사업용,이륜,일직선사고,맑음,주간,차대차,정면충돌,안전운전불이행,특별광역시도,디지털단지입구,37.486646,126.876714,구로구,
2017,6,4,일요일,16,중상사고,0,1,3,0,45,남,10년미만,,승용,비사업용,승용,일직선사고,맑음,주간,차대차,추돌(진행중),안전운전불이행,특별광역시도,디지털단지입구,37.486646,126.876714,구로구,
2017,6,30,금요일,19,경상사고,0,0,1,0,33,남,15년미만,,승용,비사업용,승용,진입회전사고,맑음,출퇴근,차대차,측면직각충돌,안전운전불이행,특별광역시도,디지털단지입구,37.486646,126.876714,구로구,
2017,8,2,수요일,12,중상사고,0,1,0,0,41,남,15년이상,,승용,비사업용,자전거,진입회전사고,맑음,주간,차대차,정면충돌,신호위반,특별광역시도,디지털단지입구,37.486646,126.876714,구로구,
2017,8,21,월요일,16,중상사고,0,1,0,0,36,남,15년이상,,승용,비사업용,이륜,진입회전사고,흐림,주간,차대차,측면직각충돌,안전운전불이행,특별광역시도,디지털단지입구,37.486646,126.876714,구로구,
2017,11,11,토요일,13,경상사고,0,0,1,0,67,남,15년이상,,승합,사업용,기타,기타사고,맑음,주간,차량단독,차량단독-기타,안전운전불이행,특별광역시도,디지털단지입구,37.486646,126.876714,구로구,
2017,12,9,토요일,21,경상사고,0,0,2,0,61,남,15년이상,0,승합,비사업용,승합,일직선사고,맑음,심야,차대차,추돌(진행중),안전운전불이행,특별광역시도,디지털단지입구,37.486646,126.876714,구로구,
2018,1,12,금요일,16,부상사고,0,0,0,1,54,남,15년이상,,화물,비사업용,화물,진입회전사고,맑음,주간,차대차,측면직각충돌,신호위반,특별광역시도,디지털단지입구,37.486646,126.876714,구로구,
2018,2,28,수요일,20,경상사고,0,0,1,0,54,남,15년이상,,승용,사업용,승용,기타사고,비,출퇴근,차대차,차대차-기타,안전운전불이행,기타,디지털단지입구,37.486646,126.876714,구로구,
2018,5,24,목요일,11,경상사고,0,0,1,0,33,여,15년미만,,승용,비사업용,승용,일직선사고,맑음,주간,차대차,추돌(진행중),안전운전불이행,특별광역시도,디지털단지입구,37.486646,126.876714,구로구,
2018,5,1,화요일,13,경상사고,0,0,1,1,60,남,15년미만,,화물,비사업용,화물,기타사고,맑음,주간,차대차,차대차-기타,안전거리미확보,특별광역시도,디지털단지입구,37.486646,126.876714,구로구,
2018,7,25,수요일,14,경상사고,0,0,1,0,59,남,15년이상,,승용,비사업용,이륜,진입회전사고,맑음,주간,차대차,측면직각충돌,기타,특별광역시도,디지털단지입구,37.486646,126.876714,구로구,
2018,7,4,수요일,17,경상사고,0,0,1,0,57,여,15년이상,,승용,비사업용,이륜,진입회전사고,맑음,주간,차대차,측면직각충돌,신호위반,특별광역시도,디지털단지입구,37.486646,126.876714,구로구,
2018,8,17,금요일,0,경상사고,0,0,1,0,63,남,15년이상,,승합,사업용,이륜,진입회전사고,맑음,심야,차대차,측면직각충돌,신호위반,특별광역시도,디지털단지입구,37.486646,126.876714,구로구,
2018,8,25,토요일,18,경상사고,0,0,1,0,38,남,15년이상,,승용,비사업용,승용,기타사고,맑음,출퇴근,차대차,차대차-기타,안전거리미확보,특별광역시도,디지털단지입구,37.486646,126.876714,구로구,
2018,8,18,토요일,19,중상사고,0,1,0,0,50,남,15년이상,,승용,비사업용,이륜,진입회전사고,맑음,출퇴근,차대차,정면충돌,신호위반,기타,디지털단지입구,37.486646,126.876714,구로구,
2018,10,17,수요일,15,경상사고,0,0,1,0,52,남,15년이상,,승용,사업용,승용,일직선사고,맑음,주간,차대차,추돌(진행중),안전운전불이행,특별광역시도,디지털단지입구,37.486646,126.876714,구로구,
2018,10,28,일요일,17,중상사고,0,1,0,0,34,남,15년이상,0,승용,비사업용,승용,기타사고,맑음,주간,차대차,차대차-기타,안전거리미확보,특별광역시도,디지털단지입구,37.486646,126.876714,구로구,
2019,3,8,금요일,8,중상사고,0,2,0,0,58,남,15년이상,,승용,비사업용,승용,진입회전사고,맑음,출퇴근,차대차,측면직각충돌,안전운전불이행,특별광역시도,디지털단지입구,37.486646,126.876714,구로구,
2019,4,15,월요일,16,경상사고,0,0,1,0,49,남,15년이상,,승용,비사업용,승용,진입회전사고,맑음,주간,차대차,정면충돌,신호위반,특별광역시도,디지털단지입구,37.486646,126.876714,구로구,
2019,4,28,일요일,18,경상사고,0,0,1,0,39,남,15년이상,,승용,비사업용,승용,진입회전사고,맑음,출퇴근,차대차,측면직각충돌,신호위반,특별광역시도,디지털단지입구,37.486646,126.876714,구로구,
2019,9,4,수요일,1,경상사고,0,0,1,0,53,남,15년이상,,승합,사업용,이륜,진입회전사고,맑음,심야,차대차,측면직각충돌,신호위반,특별광역시도,디지털단지입구,37.486646,126.876714,구로구,
2019,9,10,화요일,8,경상사고,0,0,1,0,59,남,15년이상,,승용,사업용,승용,진입회전사고,흐림,출퇴근,차대차,차대차-기타,신호위반,기타,디지털단지입구,37.486646,126.876714,구로구,
2019,10,1,화요일,19,경상사고,0,0,1,0,59,남,15년이상,,승용,비사업용,보행자,보행횡단사고,비,출퇴근,차대사람,횡단중,보행자보호의무위반,특별광역시도,디지털단지입구,37.486646,126.876714,구로구,
2019,10,25,금요일,22,중상사고,0,1,1,0,58,남,15년이상,,승합,사업용,이륜,진입회전사고,맑음,심야,차대차,차대차-기타,신호위반,특별광역시도,디지털단지입구,37.486646,126.876714,구로구,
2019,11,24,일요일,18,경상사고,0,0,1,0,29,남,10년미만,,승용,비사업용,이륜,진입회전사고,비,출퇴근,차대차,측면직각충돌,안전운전불이행,특별광역시도,디지털단지입구,37.486646,126.876714,구로구,
2017,1,14,토요일,23,경상사고,0,0,1,0,49,남,15년이상,,승용,비사업용,승용,진입회전사고,맑음,심야,차대차,측면직각충돌,신호위반,특별광역시도,삼호아파트앞사거리,37.497359,126.987315,구로구,
2017,2,10,금요일,14,경상사고,0,0,2,1,23,남,5년미만,,승용,비사업용,승용,진입회전사고,맑음,주간,차대차,측면직각충돌,안전운전불이행,특별광역시도,삼호아파트앞사거리,37.497359,126.987315,구로구,
2017,3,11,토요일,10,중상사고,0,3,2,0,56,남,15년이상,,승용,비사업용,승합,기타사고,맑음,주간,차대차,차대차-기타,안전거리미확보,특별광역시도,삼호아파트앞사거리,37.497359,126.987315,구로구,
2017,3,16,목요일,22,경상사고,0,0,1,0,34,남,15년이상,,승용,비사업용,승용,일직선사고,기타,심야,차대차,정면충돌,안전운전불이행,특별광역시도,삼호아파트앞사거리,37.497359,126.987315,구로구,
2017,4,16,일요일,10,경상사고,0,0,1,0,36,남,15년이상,,승용,비사업용,기타,기타사고,맑음,주간,차량단독,차량단독-기타,안전운전불이행,특별광역시도,삼호아파트앞사거리,37.497359,126.987315,구로구,
2017,4,1,토요일,14,경상사고,0,0,1,0,70,남,15년이상,,화물,비사업용,화물,진입회전사고,맑음,주간,차대차,측면직각충돌,안전운전불이행,특별광역시도,삼호아파트앞사거리,37.497359,126.987315,구로구,
2017,5,22,월요일,10,경상사고,0,0,1,0,39,여,15년이상,,승용,비사업용,승용,진입회전사고,맑음,주간,차대차,측면직각충돌,안전운전불이행,특별광역시도,삼호아파트앞사거리,37.497359,126.987315,구로구,
2017,5,1,월요일,21,경상사고,0,0,1,0,53,남,15년이상,,자전거,기타,자전거,일직선사고,맑음,심야,차대차,정면충돌,안전운전불이행,기타,삼호아파트앞사거리,37.497359,126.987315,구로구,
2017,6,12,월요일,13,경상사고,0,0,2,0,67,남,15년이상,,승용,사업용,승용,진입회전사고,맑음,주간,차대차,정면충돌,신호위반,특별광역시도,삼호아파트앞사거리,37.497359,126.987315,구로구,
2017,6,12,월요일,22,경상사고,0,0,1,0,33,남,15년이상,,승용,비사업용,승용,진입회전사고,맑음,심야,차대차,측면직각충돌,신호위반,특별광역시도,삼호아파트앞사거리,37.497359,126.987315,구로구,
2017,10,5,목요일,6,경상사고,0,0,1,0,31,남,15년미만,,승용,비사업용,이륜,진입회전사고,맑음,새벽,차대차,측면직각충돌,안전운전불이행,특별광역시도,삼호아파트앞사거리,37.497359,126.987315,구로구,
2017,10,14,토요일,18,경상사고,0,0,1,0,17,남,1년미만,,이륜,기타,보행자,보행횡단사고,맑음,출퇴근,차대사람,보도통행중,안전운전불이행,특별광역시도,삼호아파트앞사거리,37.497359,126.987315,구로구,
2017,11,17,금요일,4,중상사고,0,1,0,1,58,남,15년이상,,승용,사업용,승용,일직선사고,맑음,심야,차대차,추돌(진행중),안전거리미확보,특별광역시도,삼호아파트앞사거리,37.497359,126.987315,구로구,
2017,11,9,목요일,23,경상사고,0,0,1,0,68,남,15년이상,,승용,사업용,승합,기타사고,맑음,심야,차대차,차대차-기타,안전운전불이행,특별광역시도,삼호아파트앞사거리,37.497359,126.987315,구로구,
2017,12,18,월요일,7,경상사고,0,0,1,0,46,남,15년이상,,승합,사업용,보행자,기타사고,눈,출퇴근,차대사람,차대사람-기타,안전운전불이행,특별광역시도,삼호아파트앞사거리,37.497359,126.987315,구로구,
2017,12,5,화요일,9,중상사고,0,1,0,0,37,여,15년이상,,승용,비사업용,보행자,보행횡단사고,맑음,주간,차대사람,횡단중,안전운전불이행,특별광역시도,삼호아파트앞사거리,37.497359,126.987315,구로구,
2017,12,13,수요일,19,경상사고,0,0,1,0,35,여,15년이상,,승용,비사업용,승용,진입회전사고,맑음,출퇴근,차대차,차대차-기타,신호위반,특별광역시도,삼호아파트앞사거리,37.497359,126.987315,구로구,
2018,2,26,월요일,14,경상사고,0,0,1,0,55,남,15년이상,,승합,사업용,보행자,진입회전사고,맑음,주간,차대사람,차대사람-기타,신호위반,특별광역시도,삼호아파트앞사거리,37.497359,126.987315,구로구,
2018,4,17,화요일,10,중상사고,0,1,0,0,69,남,15년이상,,화물,사업용,화물,기타사고,맑음,주간,차대차,차대차-기타,안전거리미확보,특별광역시도,삼호아파트앞사거리,37.497359,126.987315,구로구,
2018,5,14,월요일,21,중상사고,0,2,0,0,65,남,15년이상,,건설기계,사업용,건설기계,기타사고,맑음,심야,차대차,차대차-기타,안전운전불이행,특별광역시도,삼호아파트앞사거리,37.497359,126.987315,구로구,
2018,8,23,목요일,19,경상사고,0,0,2,0,64,남,15년이상,,승합,사업용,승합,진입회전사고,맑음,출퇴근,차대차,측면직각충돌,차로위반,특별광역시도,삼호아파트앞사거리,37.497359,126.987315,구로구,
2018,9,22,토요일,19,경상사고,0,0,1,0,31,남,3년미만,,승용,비사업용,이륜,기타사고,맑음,출퇴근,차대차,차대차-기타,안전거리미확보,특별광역시도,삼호아파트앞사거리,37.497359,126.987315,구로구,
2018,10,29,월요일,16,경상사고,0,0,1,0,50,남,15년이상,,화물,비사업용,화물,기타사고,맑음,주간,차대차,차대차-기타,교차로운행방법위반,특별광역시도,삼호아파트앞사거리,37.497359,126.987315,구로구,
2018,11,13,화요일,13,중상사고,0,1,0,0,56,남,15년이상,,승합,사업용,기타,진입회전사고,맑음,주간,차대차,차대차-기타,신호위반,특별광역시도,삼호아파트앞사거리,37.497359,126.987315,구로구,
2018,12,23,일요일,16,경상사고,0,0,1,0,64,남,15년이상,,승용,비사업용,보행자,보행횡단사고,맑음,주간,차대사람,횡단중,안전운전불이행,특별광역시도,삼호아파트앞사거리,37.497359,126.987315,구로구,
2019,1,14,월요일,6,중상사고,0,1,0,0,49,남,15년이상,,승용,비사업용,보행자,보행횡단사고,맑음,새벽,차대사람,횡단중,안전운전불이행,특별광역시도,삼호아파트앞사거리,37.497359,126.987315,구로구,
2019,4,28,일요일,18,경상사고,0,0,1,0,39,여,15년이상,,승용,비사업용,이륜,진입회전사고,맑음,출퇴근,차대차,측면직각충돌,신호위반,특별광역시도,삼호아파트앞사거리,37.497359,126.987315,구로구,
2019,6,5,수요일,9,경상사고,0,0,2,0,59,남,15년미만,,승용,비사업용,승합,진입회전사고,맑음,주간,차대차,측면직각충돌,안전운전불이행,특별광역시도,삼호아파트앞사거리,37.497359,126.987315,구로구,
2019,7,11,목요일,13,경상사고,0,0,1,0,43,남,10년미만,,승용,비사업용,승용,기타사고,맑음,주간,차대차,차대차-기타,차로위반,특별광역시도,삼호아파트앞사거리,37.497359,126.987315,구로구,
2019,7,8,월요일,20,중상사고,0,1,0,0,54,남,15년이상,,이륜,데이터오류,이륜,진입회전사고,맑음,출퇴근,차대차,추돌(진행중),신호위반,특별광역시도,삼호아파트앞사거리,37.497359,126.987315,구로구,
2019,9,11,수요일,9,중상사고,0,1,0,0,52,남,10년미만,,이륜,데이터오류,보행자,보행횡단사고,맑음,주간,차대사람,횡단중,안전운전불이행,특별광역시도,삼호아파트앞사거리,37.497359,126.987315,구로구,
2019,10,15,화요일,10,경상사고,0,0,1,0,23,남,10년미만,,화물,사업용,보행자,기타사고,맑음,주간,차대사람,차도통행중,안전운전불이행,특별광역시도,삼호아파트앞사거리,37.497359,126.987315,구로구,
2019,11,27,수요일,8,중상사고,0,1,0,0,37,여,15년이상,,승용,비사업용,보행자,보행횡단사고,맑음,출퇴근,차대사람,횡단중,안전운전불이행,특별광역시도,삼호아파트앞사거리,37.497359,126.987315,구로구,
2017,3,3,금요일,23,부상사고,0,0,0,1,62,남,15년이상,,승합,사업용,보행자,기타사고,맑음,심야,차대사람,차대사람-기타,안전운전불이행,특별광역시도,시티월드앞교차로,42.0892333,-87.8729019,구로구,
2017,6,26,월요일,9,경상사고,0,0,1,0,64,남,15년이상,,승용,비사업용,승용,일직선사고,맑음,주간,차대차,추돌(진행중),안전운전불이행,특별광역시도,시티월드앞교차로,42.0892333,-87.8729019,구로구,
2017,6,12,월요일,16,경상사고,0,0,1,0,70,남,15년이상,,승용,사업용,화물,진입회전사고,맑음,주간,차대차,측면직각충돌,신호위반,특별광역시도,시티월드앞교차로,42.0892333,-87.8729019,구로구,
2017,6,6,화요일,17,경상사고,0,0,2,0,39,남,15년이상,,승용,비사업용,이륜,일직선사고,비,주간,차대차,추돌(진행중),안전거리미확보,특별광역시도,시티월드앞교차로,42.0892333,-87.8729019,구로구,
2017,7,7,금요일,21,중상사고,0,1,0,0,69,남,15년이상,0,승용,비사업용,보행자,진입회전사고,비,심야,차대사람,차대사람-기타,신호위반,특별광역시도,시티월드앞교차로,42.0892333,-87.8729019,구로구,
2018,7,9,월요일,14,부상사고,0,0,0,1,63,남,15년이상,,승용,사업용,이륜,기타사고,비,주간,차대차,차대차-기타,안전운전불이행,특별광역시도,시티월드앞교차로,42.0892333,-87.8729019,구로구,
2018,9,22,토요일,13,경상사고,0,0,1,0,59,남,15년이상,,승용,비사업용,보행자,보행횡단사고,맑음,주간,차대사람,보도통행중,기타,특별광역시도,시티월드앞교차로,42.0892333,-87.8729019,구로구,
2018,11,19,월요일,13,중상사고,0,1,0,0,80,남,15년이상,,승용,사업용,보행자,기타사고,맑음,주간,차대사람,차대사람-기타,안전운전불이행,특별광역시도,시티월드앞교차로,42.0892333,-87.8729019,구로구,
2019,7,19,금요일,8,경상사고,0,0,1,0,48,여,15년미만,,승용,비사업용,승용,진입회전사고,맑음,출퇴근,차대차,측면직각충돌,안전운전불이행,특별광역시도,시티월드앞교차로,42.0892333,-87.8729019,구로구,
2017,2,22,수요일,17,경상사고,0,0,1,0,60,남,15년이상,,승용,사업용,보행자,보행횡단사고,비,주간,차대사람,횡단중,중앙선침범,특별광역시도,신도림sk뷰삼거리,37.5069016,126.886619,구로구,
2017,2,16,목요일,22,경상사고,0,0,1,0,66,남,15년이상,,승용,비사업용,보행자,기타사고,맑음,심야,차대사람,차대사람-기타,안전운전불이행,특별광역시도,신도림sk뷰삼거리,37.5069016,126.886619,구로구,
2017,3,25,토요일,22,경상사고,0,0,2,0,53,남,15년이상,0,이륜,기타,이륜,진입회전사고,맑음,심야,차대차,정면충돌,신호위반,특별광역시도,신도림sk뷰삼거리,37.5069016,126.886619,구로구,
2017,4,29,토요일,23,중상사고,0,1,0,0,57,남,10년미만,,승용,사업용,자전거,진입회전사고,맑음,심야,차대차,측면직각충돌,안전운전불이행,특별광역시도,신도림sk뷰삼거리,37.5069016,126.886619,구로구,
2017,7,19,수요일,16,중상사고,0,1,0,0,41,남,15년이상,,승합,비사업용,승합,기타사고,맑음,주간,차대차,차대차-기타,안전거리미확보,특별광역시도,신도림sk뷰삼거리,37.5069016,126.886619,구로구,
2017,9,22,금요일,11,경상사고,0,0,4,2,63,남,10년미만,,승용,사업용,승용,진입회전사고,맑음,주간,차대차,측면직각충돌,안전운전불이행,특별광역시도,신도림sk뷰삼거리,37.5069016,126.886619,구로구,
2018,1,4,목요일,19,경상사고,0,0,1,0,49,남,15년이상,,이륜,기타,보행자,진입회전사고,맑음,출퇴근,차대사람,횡단중,신호위반,특별광역시도,신도림sk뷰삼거리,37.5069016,126.886619,구로구,
2018,2,27,화요일,15,경상사고,0,0,1,0,26,여,10년미만,,승용,비사업용,승용,진입회전사고,맑음,주간,차대차,측면직각충돌,안전거리미확보,특별광역시도,신도림sk뷰삼거리,37.5069016,126.886619,구로구,
2018,2,24,토요일,23,경상사고,0,0,1,0,58,남,15년이상,,승용,비사업용,보행자,기타사고,맑음,심야,차대사람,차대사람-기타,안전운전불이행,특별광역시도,신도림sk뷰삼거리,37.5069016,126.886619,구로구,
2018,8,13,월요일,19,부상사고,0,0,0,1,32,남,15년미만,,승용,비사업용,이륜,진입회전사고,맑음,출퇴근,차대차,측면직각충돌,안전운전불이행,특별광역시도,신도림sk뷰삼거리,37.5069016,126.886619,구로구,
2018,8,20,월요일,19,경상사고,0,0,1,0,21,여,2년미만,,승용,사업용,승용,진입회전사고,맑음,출퇴근,차대차,측면직각충돌,안전거리미확보,특별광역시도,신도림sk뷰삼거리,37.5069016,126.886619,구로구,
2018,9,24,월요일,0,경상사고,0,0,1,0,70,남,15년이상,,승용,사업용,보행자,기타사고,맑음,심야,차대사람,차대사람-기타,안전운전불이행,특별광역시도,신도림sk뷰삼거리,37.5069016,126.886619,구로구,
2018,9,13,목요일,11,경상사고,0,0,1,0,55,남,15년이상,,승용,사업용,승용,진입회전사고,맑음,주간,차대차,측면직각충돌,교차로운행방법위반,특별광역시도,신도림sk뷰삼거리,37.5069016,126.886619,구로구,
2018,9,13,목요일,17,경상사고,0,0,1,0,65,남,15년이상,,승용,사업용,자전거,기타사고,맑음,주간,차대차,차대차-기타,기타,특별광역시도,신도림sk뷰삼거리,37.5069016,126.886619,구로구,
2018,11,26,월요일,0,경상사고,0,0,1,0,34,남,15년이상,,승용,비사업용,승용,일직선사고,맑음,심야,차대차,추돌(진행중),안전운전불이행,특별광역시도,신도림sk뷰삼거리,37.5069016,126.886619,구로구,
2018,12,8,토요일,18,경상사고,0,0,1,0,45,남,15년이상,,승용,비사업용,승용,기타사고,맑음,출퇴근,차대차,차대차-기타,안전거리미확보,특별광역시도,신도림sk뷰삼거리,37.5069016,126.886619,구로구,
2019,1,31,목요일,11,중상사고,0,1,0,0,44,남,15년이상,,화물,비사업용,이륜,진입회전사고,맑음,주간,차대차,측면직각충돌,교차로운행방법위반,특별광역시도,신도림sk뷰삼거리,37.5069016,126.886619,구로구,
2019,1,19,토요일,20,경상사고,0,0,2,0,61,남,15년이상,,승용,사업용,승용,기타사고,맑음,출퇴근,차대차,차대차-기타,안전거리미확보,특별광역시도,신도림sk뷰삼거리,37.5069016,126.886619,구로구,
2019,2,26,화요일,17,경상사고,0,0,1,0,56,남,15년이상,,화물,비사업용,보행자,기타사고,맑음,주간,차대사람,차대사람-기타,기타,기타,신도림sk뷰삼거리,37.5069016,126.886619,구로구,
2019,3,15,금요일,21,경상사고,0,0,3,0,44,남,5년미만,,승용,비사업용,승용,일직선사고,기타,심야,차대차,추돌(진행중),안전운전불이행,특별광역시도,신도림sk뷰삼거리,37.5069016,126.886619,구로구,
2019,5,29,수요일,0,중상사고,0,1,0,0,65,남,15년이상,,승용,비사업용,자전거,기타사고,맑음,심야,차대차,차대차-기타,안전운전불이행,특별광역시도,신도림sk뷰삼거리,37.5069016,126.886619,구로구,
2019,5,4,토요일,1,경상사고,0,0,2,0,35,남,15년미만,,승용,사업용,이륜,진입회전사고,맑음,심야,차대차,측면직각충돌,안전거리미확보,특별광역시도,신도림sk뷰삼거리,37.5069016,126.886619,구로구,
2019,5,14,화요일,20,중상사고,0,1,3,0,57,남,15년이상,,승용,사업용,승용,진입회전사고,맑음,출퇴근,차대차,측면직각충돌,안전운전불이행,특별광역시도,신도림sk뷰삼거리,37.5069016,126.886619,구로구,
2019,6,16,일요일,0,경상사고,0,0,1,0,56,남,15년이상,,승용,사업용,이륜,기타사고,맑음,심야,차대차,차대차-기타,교차로운행방법위반,특별광역시도,신도림sk뷰삼거리,37.5069016,126.886619,구로구,
2019,6,6,목요일,4,경상사고,0,0,2,0,45,남,3년미만,,승용,비사업용,승용,진입회전사고,맑음,심야,차대차,측면직각충돌,안전거리미확보,특별광역시도,신도림sk뷰삼거리,37.5069016,126.886619,구로구,
2019,6,26,수요일,20,경상사고,0,0,1,0,58,남,15년이상,,승용,비사업용,보행자,기타사고,맑음,출퇴근,차대사람,차대사람-기타,안전운전불이행,특별광역시도,신도림sk뷰삼거리,37.5069016,126.886619,구로구,
2019,10,3,목요일,6,중상사고,0,1,1,0,31,남,10년미만,,승합,비사업용,승합,진입회전사고,비,새벽,차대차,측면직각충돌,교차로운행방법위반,특별광역시도,신도림sk뷰삼거리,37.5069016,126.886619,구로구,
2019,12,23,월요일,9,중상사고,0,1,0,0,64,남,15년이상,,승용,사업용,승합,진입회전사고,맑음,주간,차대차,측면직각충돌,안전거리미확보,특별광역시도,신도림sk뷰삼거리,37.5069016,126.886619,구로구,
2017,4,23,일요일,15,중상사고,0,1,0,0,41,여,15년이상,,승용,비사업용,승용,진입회전사고,맑음,주간,차대차,측면직각충돌,안전운전불이행,특별광역시도,신도림역삼거리,37.495338,126.840916,구로구,
2017,8,2,수요일,15,경상사고,0,0,1,0,48,여,15년이상,,승용,비사업용,보행자,보행횡단사고,비,주간,차대사람,횡단중,안전운전불이행,특별광역시도,신도림역삼거리,37.495338,126.840916,구로구,
2017,8,25,금요일,15,경상사고,0,0,1,0,54,남,15년이상,,승용,사업용,승합,일직선사고,맑음,주간,차대차,추돌(진행중),안전운전불이행,특별광역시도,신도림역삼거리,37.495338,126.840916,구로구,
2017,11,5,일요일,1,경상사고,0,0,2,0,58,남,15년이상,,승용,사업용,기타,기타사고,맑음,심야,차량단독,차량단독-기타,데이터없음,특별광역시도,신도림역삼거리,37.495338,126.840916,구로구,
2017,11,21,화요일,10,경상사고,0,0,1,0,36,여,15년이상,,승용,비사업용,이륜,일직선사고,맑음,주간,차대차,추돌(진행중),안전운전불이행,특별광역시도,신도림역삼거리,37.495338,126.840916,구로구,
2017,11,14,화요일,17,경상사고,0,0,1,0,66,남,15년이상,,승용,사업용,이륜,기타사고,맑음,주간,차대차,차대차-기타,안전운전불이행,특별광역시도,신도림역삼거리,37.495338,126.840916,구로구,
2017,12,10,일요일,4,경상사고,0,0,1,0,54,남,15년이상,,승용,사업용,보행자,보행횡단사고,눈,심야,차대사람,횡단중,안전운전불이행,특별광역시도,신도림역삼거리,37.495338,126.840916,구로구,
2018,1,11,목요일,7,경상사고,0,0,2,0,44,남,15년이상,,승용,비사업용,승용,일직선사고,맑음,출퇴근,차대차,추돌(진행중),안전거리미확보,특별광역시도,신도림역삼거리,37.495338,126.840916,구로구,
2018,1,23,화요일,11,경상사고,0,0,1,0,47,여,15년이상,,승용,비사업용,이륜,기타사고,맑음,주간,차대차,차대차-기타,안전운전불이행,특별광역시도,신도림역삼거리,37.495338,126.840916,구로구,
2018,2,8,목요일,0,경상사고,0,0,1,0,64,남,15년미만,,승용,사업용,이륜,진입회전사고,맑음,심야,차대차,차대차-기타,신호위반,특별광역시도,신도림역삼거리,37.495338,126.840916,구로구,
2018,2,13,화요일,22,경상사고,0,0,2,0,36,남,15년미만,,승용,비사업용,승용,일직선사고,맑음,심야,차대차,추돌(진행중),안전운전불이행,특별광역시도,신도림역삼거리,37.495338,126.840916,구로구,