년도,월,일,요일,시각,사고등급,사망자수,중상자수,경상자수,부상자수,연령,성별,경력,음주,종별,용도,관련자2,사고형태,기상상태,일광상태,사고유형1,사고유형2,법규위반,도로종류,지점명,위도,경도,자치구,
2018,3,31,토요일,12,중상사고,0,1,0,0,58,남,15년이상,,승합,비사업용,이륜,기타사고,맑음,주간,차대차,차대차-기타,기타,특별광역시도,신도림역삼거리,37.495338,126.840916,구로구,
2018,7,15,일요일,0,경상사고,0,0,1,0,34,여,15년이상,,승용,비사업용,승용,진입회전사고,맑음,심야,차대차,측면직각충돌,신호위반,특별광역시도,신도림역삼거리,37.495338,126.840916,구로구,
2018,8,17,금요일,15,경상사고,0,0,1,0,51,남,15년이상,,승용,사업용,승용,기타사고,맑음,주간,차대차,차대차-기타,교차로운행방법위반,특별광역시도,신도림역삼거리,37.495338,126.840916,구로구,
2018,10,9,화요일,0,경상사고,0,0,1,0,60,남,15년이상,,승용,사업용,승용,기타사고,맑음,심야,차대차,차대차-기타,교차로운행방법위반,특별광역시도,신도림역삼거리,37.495338,126.840916,구로구,
2018,10,17,수요일,16,경상사고,0,0,1,0,61,여,15년이상,,승용,비사업용,화물,진입회전사고,맑음,주간,차대차,측면직각충돌,안전거리미확보,특별광역시도,신도림역삼거리,37.495338,126.840916,구로구,
2018,10,1,월요일,21,중상사고,0,1,1,0,42,남,3년미만,0,승용,비사업용,승용,일직선사고,흐림,심야,차대차,추돌(진행중),안전거리미확보,특별광역시도,신도림역삼거리,37.495338,126.840916,구로구,
2018,12,13,목요일,21,경상사고,0,0,2,0,31,여,10년미만,,승용,비사업용,승용,일직선사고,맑음,심야,차대차,추돌(진행중),안전운전불이행,특별광역시도,신도림역삼거리,37.495338,126.840916,구로구,
2019,1,12,토요일,14,경상사고,0,0,1,0,42,남,15년이상,,화물,비사업용,보행자,보행횡단사고,맑음,주간,차대사람,횡단중,보행자보호의무위반,특별광역시도,신도림역삼거리,37.495338,126.840916,구로구,
2019,1,6,일요일,16,경상사고,0,0,1,0,60,남,15년이상,,승용,사업용,승용,진입회전사고,맑음,주간,차대차,측면직각충돌,안전운전불이행,특별광역시도,신도림역삼거리,37.495338,126.840916,구로구,
2019,3,31,일요일,0,경상사고,0,0,1,0,65,남,15년이상,,승용,사업용,보행자,기타사고,맑음,심야,차대사람,차대사람-기타,안전운전불이행,특별광역시도,신도림역삼거리,37.495338,126.840916,구로구,
2019,3,18,월요일,6,경상사고,0,0,2,0,65,남,15년이상,,승용,사업용,화물,진입회전사고,맑음,새벽,차대차,측면직각충돌,안전운전불이행,특별광역시도,신도림역삼거리,37.495338,126.840916,구로구,
2019,5,14,화요일,15,경상사고,0,0,3,0,32,남,10년미만,,승용,비사업용,화물,진입회전사고,맑음,주간,차대차,측면직각충돌,안전운전불이행,특별광역시도,신도림역삼거리,37.495338,126.840916,구로구,
2019,6,27,목요일,10,경상사고,0,0,1,2,61,남,15년이상,,승용,사업용,승용,일직선사고,맑음,주간,차대차,추돌(진행중),안전운전불이행,특별광역시도,신도림역삼거리,37.495338,126.840916,구로구,
2019,6,30,일요일,13,경상사고,0,0,1,0,33,남,10년미만,,승용,비사업용,승용,일직선사고,맑음,주간,차대차,추돌(진행중),안전운전불이행,특별광역시도,신도림역삼거리,37.495338,126.840916,구로구,
2019,6,1,토요일,17,경상사고,0,0,1,0,58,여,15년이상,,승용,비사업용,승용,진입회전사고,맑음,주간,차대차,추돌(진행중),신호위반,특별광역시도,신도림역삼거리,37.495338,126.840916,구로구,
2019,7,11,목요일,23,경상사고,0,0,3,0,36,남,10년미만,0,승용,비사업용,승용,일직선사고,맑음,심야,차대차,추돌(진행중),안전운전불이행,특별광역시도,신도림역삼거리,37.495338,126.840916,구로구,
2019,8,4,일요일,12,경상사고,0,0,1,0,61,남,15년이상,,승용,비사업용,승용,기타사고,맑음,주간,차대차,차대차-기타,안전거리미확보,특별광역시도,신도림역삼거리,37.495338,126.840916,구로구,
2019,8,16,금요일,16,경상사고,0,0,1,0,36,여,15년미만,,승용,비사업용,보행자,기타사고,맑음,주간,차대사람,차대사람-기타,안전운전불이행,특별광역시도,신도림역삼거리,37.495338,126.840916,구로구,
2019,8,13,화요일,22,중상사고,0,1,0,0,67,남,15년이상,,승용,사업용,보행자,보행횡단사고,비,심야,차대사람,횡단중,안전운전불이행,특별광역시도,신도림역삼거리,37.495338,126.840916,구로구,
2019,9,29,일요일,21,경상사고,0,0,1,0,16,남,1년미만,,이륜,데이터오류,기타,기타사고,맑음,심야,차대차,차대차-기타,안전운전불이행,특별광역시도,신도림역삼거리,37.495338,126.840916,구로구,
2019,9,21,토요일,22,경상사고,0,0,2,0,34,여,10년미만,,승용,비사업용,승용,진입회전사고,맑음,심야,차대차,정면충돌,신호위반,특별광역시도,신도림역삼거리,37.495338,126.840916,구로구,
2019,10,10,목요일,7,경상사고,0,0,1,0,61,남,15년이상,,승용,비사업용,이륜,기타사고,맑음,출퇴근,차대차,차대차-기타,안전거리미확보,특별광역시도,신도림역삼거리,37.495338,126.840916,구로구,
2019,10,12,토요일,15,부상사고,0,0,0,1,30,여,15년미만,,승용,비사업용,자전거,진입회전사고,맑음,주간,차대차,차대차-기타,신호위반,특별광역시도,신도림역삼거리,37.495338,126.840916,구로구,
2019,11,27,수요일,8,경상사고,0,0,1,0,57,남,15년이상,,승용,비사업용,승용,일직선사고,맑음,출퇴근,차대차,추돌(진행중),안전거리미확보,특별광역시도,신도림역삼거리,37.495338,126.840916,구로구,
2017,5,24,수요일,11,중상사고,0,1,0,0,21,여,2년미만,,승용,사업용,보행자,진입회전사고,맑음,주간,차대사람,횡단중,신호위반,특별광역시도,신도림역중앙버스정류장인근,37.5088099,126.8912061,구로구,
2017,6,5,월요일,11,경상사고,0,0,1,0,59,남,15년이상,,승용,사업용,이륜,기타사고,맑음,주간,차대차,차대차-기타,안전거리미확보,특별광역시도,신도림역중앙버스정류장인근,37.5088099,126.8912061,구로구,
2017,6,23,금요일,23,중상사고,0,1,1,0,58,남,15년이상,,승합,사업용,보행자,보행횡단사고,맑음,심야,차대사람,횡단중,안전운전불이행,특별광역시도,신도림역중앙버스정류장인근,37.5088099,126.8912061,구로구,
2017,8,30,수요일,15,경상사고,0,0,1,0,28,남,5년미만,,이륜,기타,보행자,진입회전사고,맑음,주간,차대사람,횡단중,신호위반,특별광역시도,신도림역중앙버스정류장인근,37.5088099,126.8912061,구로구,
2017,9,18,월요일,21,경상사고,0,0,1,0,불명,불명,데이터오류,,기타,데이터오류,기타,기타사고,맑음,심야,차대사람,차도통행중,안전운전불이행,특별광역시도,신도림역중앙버스정류장인근,37.5088099,126.8912061,구로구,
2017,9,26,화요일,22,중상사고,0,1,0,0,60,남,15년이상,,승합,사업용,기타,기타사고,맑음,심야,차량단독,차량단독-기타,데이터없음,특별광역시도,신도림역중앙버스정류장인근,37.5088099,126.8912061,구로구,
2017,11,27,월요일,0,경상사고,0,0,1,0,22,여,3년미만,,승용,비사업용,보행자,진입회전사고,맑음,심야,차대사람,횡단중,신호위반,특별광역시도,신도림역중앙버스정류장인근,37.5088099,126.8912061,구로구,
2018,1,12,금요일,6,중상사고,0,1,0,0,69,남,15년이상,,승용,사업용,보행자,진입회전사고,맑음,새벽,차대사람,횡단중,신호위반,특별광역시도,신도림역중앙버스정류장인근,37.5088099,126.8912061,구로구,
2018,2,3,토요일,19,중상사고,0,1,0,0,65,남,15년이상,,승용,사업용,보행자,보행횡단사고,맑음,출퇴근,차대사람,횡단중,안전운전불이행,특별광역시도,신도림역중앙버스정류장인근,37.5088099,126.8912061,구로구,
2018,3,21,수요일,17,중상사고,0,1,0,0,46,남,15년이상,,승합,비사업용,승합,기타사고,비,주간,차대차,차대차-기타,안전운전불이행,특별광역시도,신도림역중앙버스정류장인근,37.5088099,126.8912061,구로구,
2018,6,30,토요일,3,경상사고,0,0,1,0,60,남,15년이상,,승용,사업용,화물,일직선사고,흐림,심야,차대차,추돌(진행중),안전운전불이행,특별광역시도,신도림역중앙버스정류장인근,37.5088099,126.8912061,구로구,
2018,6,30,토요일,21,경상사고,0,0,1,0,54,남,15년이상,,승용,비사업용,승용,기타사고,맑음,심야,차대차,차대차-기타,안전운전불이행,특별광역시도,신도림역중앙버스정류장인근,37.5088099,126.8912061,구로구,
2018,9,27,목요일,3,부상사고,0,0,0,1,67,남,15년이상,,승용,사업용,승용,일직선사고,맑음,심야,차대차,추돌(진행중),안전운전불이행,특별광역시도,신도림역중앙버스정류장인근,37.5088099,126.8912061,구로구,
2018,10,1,월요일,1,경상사고,0,0,1,0,61,남,15년이상,,승용,사업용,보행자,기타사고,맑음,심야,차대사람,차대사람-기타,안전운전불이행,특별광역시도,신도림역중앙버스정류장인근,37.5088099,126.8912061,구로구,
2018,10,31,수요일,23,경상사고,0,0,1,0,54,남,15년이상,,승합,사업용,보행자,보행횡단사고,맑음,심야,차대사람,횡단중,안전운전불이행,특별광역시도,신도림역중앙버스정류장인근,37.5088099,126.8912061,구로구,
2019,1,28,월요일,16,경상사고,0,0,1,0,52,남,15년이상,,화물,비사업용,화물,기타사고,맑음,주간,차대차,차대차-기타,안전거리미확보,특별광역시도,신도림역중앙버스정류장인근,37.5088099,126.8912061,구로구,
2019,1,3,목요일,17,경상사고,0,0,1,0,54,남,15년이상,,승합,사업용,보행자,기타사고,맑음,주간,차대사람,차대사람-기타,안전운전불이행,특별광역시도,신도림역중앙버스정류장인근,37.5088099,126.8912061,구로구,
2019,3,16,토요일,16,경상사고,0,0,2,0,57,남,15년이상,,승용,비사업용,승용,진입회전사고,맑음,주간,차대차,측면직각충돌,안전운전불이행,특별광역시도,신도림역중앙버스정류장인근,37.5088099,126.8912061,구로구,
2019,4,22,월요일,17,중상사고,0,1,0,0,49,남,15년이상,,승용,사업용,이륜,기타사고,맑음,주간,차대차,차대차-기타,기타,특별광역시도,신도림역중앙버스정류장인근,37.5088099,126.8912061,구로구,
2019,6,4,화요일,16,중상사고,0,1,0,0,21,남,4년미만,,승용,비사업용,승용,진입회전사고,맑음,주간,차대차,측면직각충돌,안전거리미확보,특별광역시도,신도림역중앙버스정류장인근,37.5088099,126.8912061,구로구,
2019,7,19,금요일,22,경상사고,0,0,1,0,68,남,15년이상,,승용,사업용,승용,일직선사고,맑음,심야,차대차,추돌(진행중),안전운전불이행,특별광역시도,신도림역중앙버스정류장인근,37.5088099,126.8912061,구로구,
2019,9,18,수요일,8,중상사고,0,1,4,0,30,남,10년미만,,승용,비사업용,승용,진입회전사고,맑음,출퇴근,차대차,측면직각충돌,안전거리미확보,특별광역시도,신도림역중앙버스정류장인근,37.5088099,126.8912061,구로구,
2019,12,6,금요일,0,경상사고,0,0,1,0,72,남,15년이상,,승용,사업용,보행자,진입회전사고,맑음,심야,차대사람,횡단중,신호위반,특별광역시도,신도림역중앙버스정류장인근,37.5088099,126.8912061,구로구,
2017,1,8,일요일,20,중상사고,0,1,0,0,60,남,15년이상,,승용,사업용,이륜,일직선사고,맑음,출퇴근,차대차,정면충돌,중앙선침범,특별광역시도,오류동삼거리,37.495353,126.840679,구로구,
2017,1,3,화요일,21,경상사고,0,0,1,0,45,남,15년이상,0,승용,비사업용,화물,일직선사고,맑음,심야,차대차,정면충돌,안전운전불이행,특별광역시도,오류동삼거리,37.495353,126.840679,구로구,
2017,3,3,금요일,16,경상사고,0,0,1,0,40,남,15년이상,,화물,사업용,이륜,주정차사고,맑음,주간,차대차,추돌(주정차중),안전운전불이행,특별광역시도,오류동삼거리,37.495353,126.840679,구로구,
2017,5,23,화요일,4,경상사고,0,0,1,0,44,남,15년이상,0,승용,비사업용,승용,일직선사고,맑음,심야,차대차,정면충돌,중앙선침범,특별광역시도,오류동삼거리,37.495353,126.840679,구로구,
2017,6,19,월요일,16,경상사고,0,0,2,0,49,남,15년이상,,화물,비사업용,화물,일직선사고,맑음,주간,차대차,추돌(진행중),안전운전불이행,특별광역시도,오류동삼거리,37.495353,126.840679,구로구,
2017,7,12,수요일,14,경상사고,0,0,1,0,49,남,15년이상,,승용,사업용,화물,진입회전사고,맑음,주간,차대차,측면직각충돌,안전운전불이행,특별광역시도,오류동삼거리,37.495353,126.840679,구로구,
2017,10,28,토요일,16,경상사고,0,0,1,0,60,여,15년이상,,승용,비사업용,이륜,기타사고,맑음,주간,차대차,차대차-기타,안전운전불이행,특별광역시도,오류동삼거리,37.495353,126.840679,구로구,
2017,11,25,토요일,22,경상사고,0,0,4,0,62,남,15년이상,0,승용,비사업용,승용,일직선사고,흐림,심야,차대차,추돌(진행중),안전운전불이행,특별광역시도,오류동삼거리,37.495353,126.840679,구로구,
2017,12,22,금요일,1,경상사고,0,0,3,0,48,남,15년이상,,승용,사업용,승용,일직선사고,맑음,심야,차대차,추돌(진행중),안전운전불이행,특별광역시도,오류동삼거리,37.495353,126.840679,구로구,
2017,12,16,토요일,9,중상사고,0,1,0,0,44,남,15년이상,,승용,비사업용,승용,일직선사고,맑음,주간,차대차,추돌(진행중),안전운전불이행,특별광역시도,오류동삼거리,37.495353,126.840679,구로구,
2018,2,24,토요일,15,경상사고,0,0,1,0,61,남,15년이상,,승용,사업용,이륜,진입회전사고,맑음,주간,차대차,측면직각충돌,안전운전불이행,특별광역시도,오류동삼거리,37.495353,126.840679,구로구,
2018,2,6,화요일,23,경상사고,0,0,2,0,37,남,15년이상,0,승용,비사업용,승용,일직선사고,맑음,심야,차대차,추돌(진행중),안전운전불이행,특별광역시도,오류동삼거리,37.495353,126.840679,구로구,
2018,4,8,일요일,4,경상사고,0,0,1,0,34,남,15년이상,,승용,비사업용,승용,진입회전사고,맑음,심야,차대차,측면직각충돌,안전운전불이행,특별광역시도,오류동삼거리,37.495353,126.840679,구로구,
2018,4,21,토요일,5,경상사고,0,0,1,0,46,남,15년이상,,화물,비사업용,화물,기타사고,맑음,새벽,차대차,차대차-기타,안전운전불이행,특별광역시도,오류동삼거리,37.495353,126.840679,구로구,
2018,4,12,목요일,8,중상사고,0,1,0,0,68,남,15년이상,,화물,비사업용,보행자,기타사고,기타,출퇴근,차대사람,차대사람-기타,안전운전불이행,특별광역시도,오류동삼거리,37.495353,126.840679,구로구,
2018,5,22,화요일,23,경상사고,0,0,3,0,30,남,10년미만,,승용,비사업용,승합,일직선사고,비,심야,차대차,추돌(진행중),안전운전불이행,특별광역시도,오류동삼거리,37.495353,126.840679,구로구,
2018,6,28,목요일,3,경상사고,0,0,1,0,31,남,15년미만,0,승용,비사업용,승용,진입회전사고,흐림,심야,차대차,측면직각충돌,안전거리미확보,특별광역시도,오류동삼거리,37.495353,126.840679,구로구,
2018,6,11,월요일,9,경상사고,0,0,1,0,31,여,3년미만,,승용,비사업용,승용,일직선사고,맑음,주간,차대차,추돌(진행중),안전운전불이행,특별광역시도,오류동삼거리,37.495353,126.840679,구로구,
2018,6,21,목요일,11,경상사고,0,0,1,0,70,남,15년이상,,승용,사업용,이륜,진입회전사고,맑음,주간,차대차,차대차-기타,신호위반,특별광역시도,오류동삼거리,37.495353,126.840679,구로구,
2018,6,1,금요일,15,경상사고,0,0,3,0,51,남,15년미만,,승용,비사업용,승용,기타사고,맑음,주간,차대차,차대차-기타,안전거리미확보,특별광역시도,오류동삼거리,37.495353,126.840679,구로구,
2018,7,26,목요일,16,경상사고,0,0,1,0,64,남,15년이상,,승용,비사업용,이륜,기타사고,맑음,주간,차대차,차대차-기타,안전거리미확보,특별광역시도,오류동삼거리,37.495353,126.840679,구로구,
2018,7,31,화요일,18,경상사고,0,0,1,0,44,여,15년이상,,승용,비사업용,보행자,보행횡단사고,기타,출퇴근,차대사람,횡단중,보행자보호의무위반,특별광역시도,오류동삼거리,37.495353,126.840679,구로구,
2018,9,9,일요일,6,중상사고,0,1,0,0,44,남,15년미만,,승용,비사업용,보행자,기타사고,맑음,새벽,차대사람,차대사람-기타,안전운전불이행,특별광역시도,오류동삼거리,37.495353,126.840679,구로구,
2018,10,4,목요일,17,부상사고,0,0,0,1,57,여,15년이상,,승용,비사업용,기타,기타사고,맑음,주간,차대차,차대차-기타,안전운전불이행,특별광역시도,오류동삼거리,37.495353,126.840679,구로구,
2018,11,24,토요일,21,중상사고,0,1,0,0,29,남,10년미만,,승용,비사업용,보행자,기타사고,맑음,심야,차대사람,길가장자리구역통행중,안전운전불이행,특별광역시도,오류동삼거리,37.495353,126.840679,구로구,
2018,12,11,화요일,1,경상사고,0,0,2,1,49,남,15년이상,,승용,사업용,승용,일직선사고,맑음,심야,차대차,추돌(진행중),안전거리미확보,특별광역시도,오류동삼거리,37.495353,126.840679,구로구,
2019,1,1,화요일,20,부상사고,0,0,0,1,42,여,15년이상,,이륜,데이터오류,보행자,기타사고,맑음,출퇴근,차대사람,차대사람-기타,기타,특별광역시도,오류동삼거리,37.495353,126.840679,구로구,
2019,5,2,목요일,11,경상사고,0,0,1,0,69,남,15년이상,,건설기계,사업용,건설기계,일직선사고,맑음,주간,차대차,추돌(진행중),안전운전불이행,특별광역시도,오류동삼거리,37.495353,126.840679,구로구,
2019,6,17,월요일,18,경상사고,0,0,1,0,23,여,3년미만,,승용,비사업용,이륜,기타사고,맑음,출퇴근,차대차,차대차-기타,안전운전불이행,특별광역시도,오류동삼거리,37.495353,126.840679,구로구,
2019,7,5,금요일,0,경상사고,0,0,3,0,38,남,15년이상,,승합,비사업용,승합,진입회전사고,맑음,심야,차대차,측면직각충돌,신호위반,특별광역시도,오류동삼거리,37.495353,126.840679,구로구,
2019,8,6,화요일,0,경상사고,0,0,1,0,67,남,15년이상,,승용,사업용,자전거,진입회전사고,맑음,심야,차대차,측면직각충돌,안전운전불이행,특별광역시도,오류동삼거리,37.495353,126.840679,구로구,
2019,8,5,월요일,4,중상사고,0,1,0,0,64,남,2년미만,,승용,비사업용,이륜,기타사고,맑음,심야,차대차,차대차-기타,안전거리미확보,특별광역시도,오류동삼거리,37.495353,126.840679,구로구,
2019,9,20,금요일,8,경상사고,0,0,1,0,49,여,15년이상,,승용,비사업용,승용,진입회전사고,흐림,출퇴근,차대차,측면직각충돌,교차로운행방법위반,특별광역시도,오류동삼거리,37.495353,126.840679,구로구,
2019,10,29,화요일,19,경상사고,0,0,1,0,53,남,15년이상,,화물,비사업용,자전거,진입회전사고,맑음,출퇴근,차대차,측면직각충돌,안전운전불이행,특별광역시도,오류동삼거리,37.495353,126.840679,구로구,
2019,11,6,수요일,8,중상사고,0,1,0,0,55,남,2년미만,,승용,사업용,보행자,진입회전사고,맑음,출퇴근,차대사람,횡단중,신호위반,특별광역시도,오류동삼거리,37.495353,126.840679,구로구,
2019,11,19,화요일,15,중상사고,0,1,0,0,35,남,4년미만,,화물,비사업용,화물,기타사고,맑음,주간,차대차,차대차-기타,안전운전불이행,특별광역시도,오류동삼거리,37.495353,126.840679,구로구,
2019,12,15,일요일,22,경상사고,0,0,1,0,67,남,15년이상,,승용,비사업용,이륜,기타사고,맑음,심야,차대차,차대차-기타,안전거리미확보,특별광역시도,오류동삼거리,37.495353,126.840679,구로구,
2017,3,9,목요일,15,경상사고,0,0,1,0,62,남,15년이상,,승용,사업용,보행자,기타사고,맑음,주간,차대사람,길가장자리구역통행중,안전운전불이행,특별광역시도,오류동삼거리,37.495353,126.840679,구로구,
2017,9,10,일요일,17,중상사고,0,1,0,0,61,남,15년이상,,화물,비사업용,보행자,보행횡단사고,흐림,주간,차대사람,횡단중,보행자보호의무위반,특별광역시도,오류동삼거리,37.495353,126.840679,구로구,
2018,6,5,화요일,8,경상사고,0,0,2,0,39,남,4년미만,,승용,비사업용,승합,기타사고,맑음,출퇴근,차대차,차대차-기타,안전거리미확보,특별광역시도,오류동삼거리,37.495353,126.840679,구로구,
2018,6,29,금요일,15,경상사고,0,0,1,0,58,여,15년이상,,승합,비사업용,자전거,일직선사고,맑음,주간,차대차,추돌(진행중),안전운전불이행,특별광역시도,오류동삼거리,37.495353,126.840679,구로구,
2018,6,7,목요일,19,경상사고,0,0,1,0,34,남,15년이상,,승합,사업용,보행자,기타사고,맑음,출퇴근,차대사람,차대사람-기타,안전운전불이행,특별광역시도,오류동삼거리,37.495353,126.840679,구로구,
2018,7,22,일요일,13,중상사고,0,1,1,0,46,남,15년이상,,승용,비사업용,승용,진입회전사고,맑음,주간,차대차,측면직각충돌,신호위반,특별광역시도,오류동삼거리,37.495353,126.840679,구로구,
2018,7,27,금요일,14,중상사고,0,1,0,0,39,여,15년이상,,승용,비사업용,이륜,일직선사고,맑음,주간,차대차,추돌(진행중),안전운전불이행,특별광역시도,오류동삼거리,37.495353,126.840679,구로구,
2018,8,15,수요일,8,중상사고,0,1,1,0,26,남,10년미만,,이륜,기타,이륜,진입회전사고,맑음,출퇴근,차대차,측면직각충돌,신호위반,특별광역시도,오류동삼거리,37.495353,126.840679,구로구,
2018,9,25,화요일,22,경상사고,0,0,2,0,47,남,15년이상,,승용,사업용,승용,기타사고,맑음,심야,차대차,차대차-기타,안전거리미확보,특별광역시도,오류동삼거리,37.495353,126.840679,구로구,
2018,11,21,수요일,21,경상사고,0,0,1,0,64,남,15년이상,,승용,비사업용,이륜,진입회전사고,맑음,심야,차대차,정면충돌,신호위반,특별광역시도,오류동삼거리,37.495353,126.840679,구로구,
2018,12,26,수요일,21,경상사고,0,0,1,0,62,남,15년이상,,승용,비사업용,자전거,진입회전사고,맑음,심야,차대차,측면직각충돌,안전운전불이행,특별광역시도,오류동삼거리,37.495353,126.840679,구로구,
2019,1,9,수요일,0,중상사고,0,1,0,0,63,남,15년이상,,승용,사업용,승용,진입회전사고,맑음,심야,차대차,측면직각충돌,신호위반,특별광역시도,오류동삼거리,37.495353,126.840679,구로구,
2019,2,23,토요일,4,경상사고,0,0,2,0,53,여,15년이상,,승용,비사업용,승용,일직선사고,맑음,심야,차대차,정면충돌,안전운전불이행,특별광역시도,오류동삼거리,37.495353,126.840679,구로구,
2019,2,15,금요일,15,경상사고,0,0,1,0,51,남,15년이상,,승용,비사업용,보행자,보행횡단사고,맑음,주간,차대사람,횡단중,안전운전불이행,특별광역시도,오류동삼거리,37.495353,126.840679,구로구,
2019,3,23,토요일,7,경상사고,0,0,4,1,61,남,15년이상,,승용,사업용,승용,진입회전사고,맑음,출퇴근,차대차,측면직각충돌,신호위반,특별광역시도,오류동삼거리,37.495353,126.840679,구로구,
2019,3,11,월요일,19,경상사고,0,0,1,0,29,여,10년미만,,승용,비사업용,이륜,기타사고,맑음,출퇴근,차대차,차대차-기타,기타,특별광역시도,오류동삼거리,37.495353,126.840679,구로구,
2019,4,19,금요일,0,중상사고,0,1,0,0,59,남,15년이상,,승용,사업용,이륜,일직선사고,맑음,심야,차대차,정면충돌,안전운전불이행,특별광역시도,오류동삼거리,37.495353,126.840679,구로구,
2019,5,25,토요일,6,경상사고,0,0,1,0,53,남,15년이상,,화물,비사업용,화물,기타사고,맑음,새벽,차대차,차대차-기타,안전거리미확보,특별광역시도,오류동삼거리,37.495353,126.840679,구로구,
2019,6,14,금요일,16,경상사고,0,0,1,0,42,남,15년이상,,승합,사업용,승합,일직선사고,기타,주간,차대차,추돌(진행중),안전운전불이행,특별광역시도,오류동삼거리,37.495353,126.840679,구로구,
2019,6,23,일요일,23,경상사고,0,0,2,0,21,남,10년미만,,승용,비사업용,기타,진입회전사고,기타,심야,차대차,차대차-기타,신호위반,특별광역시도,오류동삼거리,37.495353,126.840679,구로구,
2019,8,22,목요일,0,경상사고,0,0,1,0,65,남,15년이상,,승용,비사업용,승용,진입회전사고,맑음,심야,차대차,정면충돌,신호위반,특별광역시도,오류동삼거리,37.495353,126.840679,구로구,
2019,8,17,토요일,4,중상사고,0,1,0,0,67,남,15년이상,,화물,비사업용,보행자,보행횡단사고,맑음,심야,차대사람,횡단중,안전운전불이행,특별광역시도,오류동삼거리,37.495353,126.840679,구로구,
2019,10,26,토요일,20,중상사고,0,1,0,0,32,여,10년미만,,승용,비사업용,승합,기타사고,맑음,출퇴근,차대차,차대차-기타,안전거리미확보,특별광역시도,오류동삼거리,37.495353,126.840679,구로구,
2019,12,6,금요일,19,중상사고,0,1,0,0,55,남,15년이상,,승용,비사업용,승합,기타사고,맑음,출퇴근,차대차,차대차-기타,안전운전불이행,특별광역시도,오류동삼거리,37.495353,126.840679,구로구,
2017,5,7,일요일,19,경상사고,0,0,1,0,58,남,15년이상,,승용,사업용,기타,기타사고,맑음,출퇴근,차량단독,차량단독-기타,데이터없음,특별광역시도,오류동역앞삼거리,37.4944,126.844551,구로구,
2017,7,28,금요일,21,중상사고,0,1,0,0,18,남,1년미만,,이륜,기타,보행자,진입회전사고,흐림,심야,차대사람,횡단중,신호위반,특별광역시도,오류동역앞삼거리,37.4944,126.844551,구로구,
2017,7,19,수요일,22,중상사고,0,1,0,0,56,여,15년이상,,승용,비사업용,승용,진입회전사고,맑음,심야,차대차,측면직각충돌,안전운전불이행,특별광역시도,오류동역앞삼거리,37.4944,126.844551,구로구,
2017,7,17,월요일,23,경상사고,0,0,1,0,57,남,15년이상,,승용,사업용,자전거,진입회전사고,맑음,심야,차대차,측면직각충돌,데이터없음,특별광역시도,오류동역앞삼거리,37.4944,126.844551,구로구,
2017,8,29,화요일,23,중상사고,0,1,3,0,56,남,15년이상,,승용,사업용,승용,일직선사고,맑음,심야,차대차,추돌(진행중),안전운전불이행,특별광역시도,오류동역앞삼거리,37.4944,126.844551,구로구,
2017,9,18,월요일,23,경상사고,0,0,1,0,56,남,15년이상,,승용,사업용,기타,진입회전사고,맑음,심야,차대차,측면직각충돌,안전운전불이행,특별광역시도,오류동역앞삼거리,37.4944,126.844551,구로구,
2017,11,26,일요일,13,중상사고,0,1,0,0,28,남,10년미만,,승용,비사업용,이륜,일직선사고,맑음,주간,차대차,차대차-기타,중앙선침범,특별광역시도,오류동역앞삼거리,37.4944,126.844551,구로구,
2018,4,12,목요일,20,중상사고,0,1,2,0,33,남,15년미만,,승용,비사업용,승용,진입회전사고,맑음,출퇴근,차대차,측면직각충돌,안전거리미확보,특별광역시도,오류동역앞삼거리,37.4944,126.844551,구로구,
2018,4,3,화요일,23,경상사고,0,0,3,0,50,남,15년이상,,승용,사업용,승용,일직선사고,맑음,심야,차대차,추돌(진행중),안전운전불이행,특별광역시도,오류동역앞삼거리,37.4944,126.844551,구로구,
2018,5,5,토요일,18,중상사고,0,1,0,0,63,남,15년이상,,승용,비사업용,이륜,진입회전사고,맑음,출퇴근,차대차,차대차-기타,신호위반,특별광역시도,오류동역앞삼거리,37.4944,126.844551,구로구,
2018,6,24,일요일,15,경상사고,0,0,1,0,60,남,15년이상,,승용,비사업용,이륜,진입회전사고,맑음,주간,차대차,측면직각충돌,중앙선침범,특별광역시도,오류동역앞삼거리,37.4944,126.844551,구로구,
2018,6,26,화요일,22,경상사고,0,0,1,0,43,남,15년이상,,승용,사업용,이륜,기타사고,비,심야,차대차,차대차-기타,안전운전불이행,특별광역시도,오류동역앞삼거리,37.4944,126.844551,구로구,
2018,7,29,일요일,7,경상사고,0,0,1,0,48,남,15년이상,,승합,사업용,보행자,기타사고,맑음,출퇴근,차대사람,차도통행중,안전운전불이행,특별광역시도,오류동역앞삼거리,37.4944,126.844551,구로구,
2018,7,16,월요일,15,경상사고,0,0,2,0,69,남,15년이상,,승용,비사업용,화물,진입회전사고,맑음,주간,차대차,측면직각충돌,안전운전불이행,특별광역시도,오류동역앞삼거리,37.4944,126.844551,구로구,
2018,7,27,금요일,18,경상사고,0,0,1,0,33,남,10년미만,,승용,비사업용,보행자,기타사고,맑음,출퇴근,차대사람,차대사람-기타,안전운전불이행,특별광역시도,오류동역앞삼거리,37.4944,126.844551,구로구,
2018,10,21,일요일,8,부상사고,0,0,0,1,68,남,15년이상,,승합,사업용,기타,기타사고,맑음,출퇴근,차량단독,차량단독-기타,안전운전불이행,특별광역시도,오류동역앞삼거리,37.4944,126.844551,구로구,