년도,월,일,요일,시각,사고등급,사망자수,중상자수,경상자수,부상자수,연령,성별,경력,음주,종별,용도,관련자2,사고형태,기상상태,일광상태,사고유형1,사고유형2,법규위반,도로종류,지점명,위도,경도,자치구,
2019,1,19,토요일,7,사망사고,1,0,0,0,63,남,15년이상,,승용,사업용,이륜,기타사고,맑음,출퇴근,차대차,차대차-기타,안전거리미확보,특별광역시도,현대,36.1011158,-94.1853938,구로구,
2019,4,1,월요일,6,중상사고,0,1,0,0,50,남,15년이상,,건설기계,사업용,건설기계,기타사고,기타,새벽,차대차,차대차-기타,안전운전불이행,특별광역시도,현대,36.1011158,-94.1853938,구로구,
2019,4,26,금요일,20,중상사고,0,1,0,0,25,남,15년이상,,승용,사업용,보행자,진입회전사고,맑음,출퇴근,차대사람,횡단중,신호위반,특별광역시도,현대,36.1011158,-94.1853938,구로구,
2019,5,18,토요일,5,경상사고,0,0,2,0,65,여,15년이상,,승용,사업용,승합,진입회전사고,맑음,새벽,차대차,측면직각충돌,교차로운행방법위반,특별광역시도,현대,36.1011158,-94.1853938,구로구,
2019,5,11,토요일,18,경상사고,0,0,2,0,40,여,15년미만,,승용,비사업용,이륜,진입회전사고,맑음,출퇴근,차대차,측면직각충돌,신호위반,특별광역시도,현대,36.1011158,-94.1853938,구로구,
2019,6,28,금요일,17,중상사고,0,1,0,0,34,여,10년미만,,승용,비사업용,자전거,진입회전사고,맑음,주간,차대차,측면직각충돌,안전운전불이행,특별광역시도,현대,36.1011158,-94.1853938,구로구,
2019,9,4,수요일,20,경상사고,0,0,1,0,73,남,10년미만,,승용,비사업용,보행자,보행횡단사고,비,출퇴근,차대사람,횡단중,보행자보호의무위반,특별광역시도,현대,36.1011158,-94.1853938,구로구,
2019,12,5,목요일,11,중상사고,0,1,0,0,66,남,15년이상,,승용,사업용,자전거,진입회전사고,맑음,주간,차대차,측면직각충돌,불법유턴,특별광역시도,현대,36.1011158,-94.1853938,구로구,
2017,2,23,목요일,19,부상사고,0,0,0,1,40,남,15년이상,,승합,사업용,보행자,기타사고,맑음,출퇴근,차대사람,차도통행중,안전운전불이행,특별광역시도,금천구청입구삼거리,37.4518527,126.9020358,금천구,
2017,3,27,월요일,11,경상사고,0,0,1,0,38,여,15년이상,,승용,비사업용,승용,진입회전사고,맑음,주간,차대차,측면직각충돌,안전운전불이행,특별광역시도,금천구청입구삼거리,37.4518527,126.9020358,금천구,
2017,4,8,토요일,9,경상사고,0,0,1,0,23,남,4년미만,,이륜,기타,보행자,진입회전사고,맑음,주간,차대사람,횡단중,신호위반,특별광역시도,금천구청입구삼거리,37.4518527,126.9020358,금천구,
2017,4,8,토요일,20,경상사고,0,0,1,0,53,남,15년이상,,승합,사업용,승합,진입회전사고,맑음,출퇴근,차대차,측면직각충돌,안전운전불이행,특별광역시도,금천구청입구삼거리,37.4518527,126.9020358,금천구,
2017,5,27,토요일,8,경상사고,0,0,1,0,57,여,15년이상,,승용,사업용,승합,진입회전사고,맑음,출퇴근,차대차,측면직각충돌,안전운전불이행,특별광역시도,금천구청입구삼거리,37.4518527,126.9020358,금천구,
2017,5,17,수요일,18,경상사고,0,0,1,0,59,남,15년이상,,승용,비사업용,이륜,진입회전사고,맑음,출퇴근,차대차,측면직각충돌,안전거리미확보,특별광역시도,금천구청입구삼거리,37.4518527,126.9020358,금천구,
2017,7,23,일요일,19,경상사고,0,0,1,0,55,남,15년이상,,승합,사업용,기타,기타사고,맑음,출퇴근,차량단독,차량단독-기타,안전운전불이행,특별광역시도,금천구청입구삼거리,37.4518527,126.9020358,금천구,
2017,12,31,일요일,22,경상사고,0,0,1,0,불명,불명,데이터오류,,기타,데이터오류,기타,진입회전사고,맑음,심야,차대사람,차대사람-기타,신호위반,특별광역시도,금천구청입구삼거리,37.4518527,126.9020358,금천구,
2018,1,20,토요일,19,경상사고,0,0,2,0,47,남,10년미만,0,화물,비사업용,화물,일직선사고,맑음,출퇴근,차대차,추돌(진행중),안전운전불이행,특별광역시도,금천구청입구삼거리,37.4518527,126.9020358,금천구,
2018,2,14,수요일,22,중상사고,0,1,0,0,63,남,15년이상,,승합,사업용,보행자,기타사고,맑음,심야,차대사람,차대사람-기타,안전운전불이행,특별광역시도,금천구청입구삼거리,37.4518527,126.9020358,금천구,
2018,3,18,일요일,12,경상사고,0,0,1,0,54,남,15년이상,,승합,사업용,보행자,기타사고,맑음,주간,차대사람,차대사람-기타,안전운전불이행,특별광역시도,금천구청입구삼거리,37.4518527,126.9020358,금천구,
2018,4,10,화요일,10,경상사고,0,0,1,0,44,여,15년미만,,승용,비사업용,승용,기타사고,맑음,주간,차대차,차대차-기타,안전거리미확보,특별광역시도,금천구청입구삼거리,37.4518527,126.9020358,금천구,
2018,5,8,화요일,11,중상사고,0,1,0,0,60,남,15년이상,,승합,사업용,보행자,기타사고,맑음,주간,차대사람,차대사람-기타,안전운전불이행,특별광역시도,금천구청입구삼거리,37.4518527,126.9020358,금천구,
2018,8,9,목요일,0,경상사고,0,0,1,0,62,남,15년이상,,승합,사업용,보행자,기타사고,맑음,심야,차대사람,차대사람-기타,안전운전불이행,특별광역시도,금천구청입구삼거리,37.4518527,126.9020358,금천구,
2018,10,12,금요일,11,중상사고,0,1,0,0,58,남,15년이상,,승합,사업용,보행자,보행횡단사고,맑음,주간,차대사람,횡단중,안전운전불이행,특별광역시도,금천구청입구삼거리,37.4518527,126.9020358,금천구,
2018,12,13,목요일,11,경상사고,0,0,1,0,59,남,15년이상,,승용,사업용,이륜,일직선사고,눈,주간,차대차,추돌(진행중),안전운전불이행,특별광역시도,금천구청입구삼거리,37.4518527,126.9020358,금천구,
2019,3,5,화요일,18,중상사고,0,1,0,0,58,남,15년이상,,승합,사업용,보행자,기타사고,흐림,출퇴근,차대사람,차대사람-기타,안전운전불이행,특별광역시도,금천구청입구삼거리,37.4518527,126.9020358,금천구,
2019,4,30,화요일,18,경상사고,0,0,1,0,52,남,15년미만,,승합,사업용,승합,진입회전사고,맑음,출퇴근,차대차,측면직각충돌,안전운전불이행,특별광역시도,금천구청입구삼거리,37.4518527,126.9020358,금천구,
2019,5,27,월요일,6,중상사고,0,1,0,0,36,남,10년미만,,이륜,데이터오류,보행자,진입회전사고,맑음,새벽,차대사람,보도통행중,신호위반,특별광역시도,금천구청입구삼거리,37.4518527,126.9020358,금천구,
2019,10,24,목요일,17,경상사고,0,0,2,0,36,여,15년이상,,승용,사업용,이륜,진입회전사고,맑음,주간,차대차,정면충돌,신호위반,특별광역시도,금천구청입구삼거리,37.4518527,126.9020358,금천구,
2019,11,4,월요일,17,경상사고,0,0,1,0,58,남,15년이상,,승합,사업용,승합,진입회전사고,맑음,주간,차대차,측면직각충돌,안전운전불이행,특별광역시도,금천구청입구삼거리,37.4518527,126.9020358,금천구,
2017,2,11,토요일,3,중상사고,0,2,2,0,44,여,15년이상,,승용,사업용,승용,진입회전사고,맑음,심야,차대차,측면직각충돌,신호위반,특별광역시도,금천우체국사거리,37.4701007,126.89848,금천구,
2017,3,12,일요일,1,경상사고,0,0,1,0,29,남,10년미만,,승용,비사업용,보행자,보행횡단사고,맑음,심야,차대사람,횡단중,안전운전불이행,특별광역시도,금천우체국사거리,37.4701007,126.89848,금천구,
2017,3,4,토요일,14,중상사고,0,2,0,0,29,여,5년미만,,승용,비사업용,승용,진입회전사고,맑음,주간,차대차,측면직각충돌,안전운전불이행,특별광역시도,금천우체국사거리,37.4701007,126.89848,금천구,
2017,8,23,수요일,5,경상사고,0,0,1,0,68,남,15년이상,,승용,사업용,보행자,진입회전사고,비,새벽,차대사람,횡단중,신호위반,특별광역시도,금천우체국사거리,37.4701007,126.89848,금천구,
2017,8,6,일요일,19,중상사고,0,1,0,0,58,남,15년이상,,승합,사업용,이륜,진입회전사고,맑음,출퇴근,차대차,측면직각충돌,신호위반,특별광역시도,금천우체국사거리,37.4701007,126.89848,금천구,
2017,8,19,토요일,20,경상사고,0,0,3,0,52,남,15년이상,,승용,사업용,승용,진입회전사고,맑음,출퇴근,차대차,측면직각충돌,신호위반,특별광역시도,금천우체국사거리,37.4701007,126.89848,금천구,
2017,9,2,토요일,12,경상사고,0,0,3,0,53,여,15년이상,,승용,비사업용,승용,기타사고,맑음,주간,차대차,차대차-기타,안전운전불이행,특별광역시도,금천우체국사거리,37.4701007,126.89848,금천구,
2017,9,21,목요일,15,중상사고,0,1,0,0,27,남,10년미만,,승용,비사업용,보행자,진입회전사고,맑음,주간,차대사람,횡단중,신호위반,특별광역시도,금천우체국사거리,37.4701007,126.89848,금천구,
2017,10,18,수요일,23,중상사고,0,1,0,0,67,남,15년이상,,승합,사업용,이륜,진입회전사고,맑음,심야,차대차,차대차-기타,신호위반,특별광역시도,금천우체국사거리,37.4701007,126.89848,금천구,
2017,12,5,화요일,13,중상사고,0,1,0,0,22,남,3년미만,,승용,사업용,자전거,기타사고,맑음,주간,차대차,차대차-기타,안전운전불이행,특별광역시도,금천우체국사거리,37.4701007,126.89848,금천구,
2017,12,14,목요일,14,중상사고,0,1,0,0,67,남,15년이상,,승합,사업용,보행자,기타사고,맑음,주간,차대사람,차대사람-기타,데이터없음,특별광역시도,금천우체국사거리,37.4701007,126.89848,금천구,
2017,12,5,화요일,15,경상사고,0,0,6,0,57,남,10년미만,,승합,사업용,승합,진입회전사고,맑음,주간,차대차,측면직각충돌,신호위반,특별광역시도,금천우체국사거리,37.4701007,126.89848,금천구,
2017,12,1,금요일,19,경상사고,0,0,1,0,68,남,15년이상,,승용,비사업용,보행자,보행횡단사고,맑음,출퇴근,차대사람,보도통행중,데이터없음,특별광역시도,금천우체국사거리,37.4701007,126.89848,금천구,
2018,1,31,수요일,6,중상사고,0,1,0,0,44,여,15년이상,,승용,비사업용,보행자,기타사고,맑음,새벽,차대사람,차대사람-기타,안전운전불이행,특별광역시도,금천우체국사거리,37.4701007,126.89848,금천구,
2018,2,7,수요일,3,경상사고,0,0,1,0,64,남,15년이상,,승용,사업용,승용,기타사고,맑음,심야,차대차,차대차-기타,안전운전불이행,특별광역시도,금천우체국사거리,37.4701007,126.89848,금천구,
2018,3,14,수요일,18,경상사고,0,0,1,0,56,남,15년미만,,승합,비사업용,이륜,진입회전사고,맑음,출퇴근,차대차,측면직각충돌,차로위반,특별광역시도,금천우체국사거리,37.4701007,126.89848,금천구,
2018,3,15,목요일,23,경상사고,0,0,1,0,19,남,4년미만,,승용,비사업용,보행자,기타사고,맑음,심야,차대사람,차도통행중,안전운전불이행,특별광역시도,금천우체국사거리,37.4701007,126.89848,금천구,
2018,4,16,월요일,13,중상사고,0,1,0,0,23,남,3년미만,,특수,사업용,자전거,진입회전사고,맑음,주간,차대차,차대차-기타,신호위반,특별광역시도,금천우체국사거리,37.4701007,126.89848,금천구,
2018,4,1,일요일,23,경상사고,0,0,1,0,44,남,15년이상,,승용,비사업용,보행자,보행횡단사고,맑음,심야,차대사람,횡단중,보행자보호의무위반,특별광역시도,금천우체국사거리,37.4701007,126.89848,금천구,
2018,5,4,금요일,18,경상사고,0,0,1,0,60,남,15년이상,,승용,사업용,원동기,진입회전사고,맑음,출퇴근,차대차,측면직각충돌,기타,특별광역시도,금천우체국사거리,37.4701007,126.89848,금천구,
2018,5,5,토요일,20,경상사고,0,0,1,0,35,여,15년이상,,승용,비사업용,보행자,보행횡단사고,맑음,출퇴근,차대사람,횡단중,안전운전불이행,특별광역시도,금천우체국사거리,37.4701007,126.89848,금천구,
2018,7,2,월요일,20,경상사고,0,0,1,0,37,남,2년미만,0,승용,비사업용,승용,일직선사고,맑음,출퇴근,차대차,정면충돌,안전운전불이행,특별광역시도,금천우체국사거리,37.4701007,126.89848,금천구,
2018,8,4,토요일,16,경상사고,0,0,1,0,51,여,15년이상,,승용,비사업용,승용,진입회전사고,맑음,주간,차대차,측면직각충돌,안전거리미확보,특별광역시도,금천우체국사거리,37.4701007,126.89848,금천구,
2018,10,25,목요일,20,경상사고,0,0,1,0,57,남,15년이상,,승합,사업용,기타,기타사고,맑음,출퇴근,차량단독,차량단독-기타,안전운전불이행,특별광역시도,금천우체국사거리,37.4701007,126.89848,금천구,
2018,11,7,수요일,20,중상사고,0,1,0,0,55,남,15년이상,,승용,사업용,이륜,진입회전사고,맑음,출퇴근,차대차,측면직각충돌,중앙선침범,특별광역시도,금천우체국사거리,37.4701007,126.89848,금천구,
2018,12,8,토요일,16,중상사고,0,1,0,0,59,남,15년이상,,승용,사업용,보행자,보행횡단사고,맑음,주간,차대사람,횡단중,안전운전불이행,특별광역시도,금천우체국사거리,37.4701007,126.89848,금천구,
2019,2,22,금요일,22,경상사고,0,0,5,1,50,남,15년이상,,승합,사업용,승합,기타사고,맑음,심야,차대차,차대차-기타,안전거리미확보,특별광역시도,금천우체국사거리,37.4701007,126.89848,금천구,
2019,3,9,토요일,21,경상사고,0,0,4,0,37,남,15년이상,,승용,비사업용,승용,기타사고,맑음,심야,차대차,차대차-기타,안전운전불이행,특별광역시도,금천우체국사거리,37.4701007,126.89848,금천구,
2019,6,8,토요일,14,부상사고,0,0,0,1,38,여,10년미만,,승용,비사업용,자전거,진입회전사고,맑음,주간,차대차,측면직각충돌,신호위반,특별광역시도,금천우체국사거리,37.4701007,126.89848,금천구,
2019,7,27,토요일,14,중상사고,0,1,0,0,56,여,15년미만,,승용,비사업용,이륜,진입회전사고,맑음,주간,차대차,측면직각충돌,신호위반,특별광역시도,금천우체국사거리,37.4701007,126.89848,금천구,
2019,8,25,일요일,1,경상사고,0,0,1,0,76,남,15년이상,,승용,사업용,승용,기타사고,맑음,심야,차대차,차대차-기타,안전거리미확보,특별광역시도,금천우체국사거리,37.4701007,126.89848,금천구,
2019,9,13,금요일,3,경상사고,0,0,1,0,46,남,15년이상,,승용,사업용,승합,기타사고,맑음,심야,차대차,차대차-기타,안전거리미확보,특별광역시도,금천우체국사거리,37.4701007,126.89848,금천구,
2019,9,11,수요일,12,경상사고,0,0,1,0,59,남,15년이상,,승용,사업용,이륜,기타사고,맑음,주간,차대차,차대차-기타,안전운전불이행,특별광역시도,금천우체국사거리,37.4701007,126.89848,금천구,
2019,10,15,화요일,17,부상사고,0,0,0,1,60,남,15년이상,,승합,사업용,승합,기타사고,맑음,주간,차대차,차대차-기타,안전운전불이행,특별광역시도,금천우체국사거리,37.4701007,126.89848,금천구,
2019,11,15,금요일,13,경상사고,0,0,1,0,53,남,15년이상,,승용,비사업용,보행자,기타사고,비,주간,차대사람,차대사람-기타,안전운전불이행,특별광역시도,금천우체국사거리,37.4701007,126.89848,금천구,
2019,11,8,금요일,21,경상사고,0,0,2,0,59,남,3년미만,,승용,비사업용,승용,진입회전사고,맑음,심야,차대차,측면직각충돌,안전운전불이행,특별광역시도,금천우체국사거리,37.4701007,126.89848,금천구,
2019,12,21,토요일,23,중상사고,0,1,0,0,29,남,15년이상,,승용,비사업용,보행자,보행횡단사고,비,심야,차대사람,횡단중,안전운전불이행,특별광역시도,금천우체국사거리,37.4701007,126.89848,금천구,
2017,4,6,목요일,12,부상사고,0,0,0,1,60,남,15년이상,,승용,사업용,승용,진입회전사고,맑음,주간,차대차,측면직각충돌,안전거리미확보,특별광역시도,금천우체국사거리,37.4701007,126.89848,금천구,
2017,4,14,금요일,18,중상사고,0,1,0,0,55,남,15년이상,,승용,사업용,이륜,기타사고,맑음,출퇴근,차대차,차대차-기타,데이터없음,특별광역시도,금천우체국사거리,37.4701007,126.89848,금천구,
2017,6,29,목요일,13,중상사고,0,1,0,0,56,남,15년이상,,승용,비사업용,보행자,진입회전사고,맑음,주간,차대사람,횡단중,신호위반,특별광역시도,금천우체국사거리,37.4701007,126.89848,금천구,
2018,4,30,월요일,21,경상사고,0,0,1,0,불명,불명,데이터오류,,기타,기타,기타,기타사고,맑음,심야,차대차,차대차-기타,기타,특별광역시도,금천우체국사거리,37.4701007,126.89848,금천구,
2018,6,14,목요일,19,경상사고,0,0,1,0,55,남,15년이상,,승합,사업용,보행자,기타사고,맑음,출퇴근,차대사람,차대사람-기타,안전운전불이행,특별광역시도,금천우체국사거리,37.4701007,126.89848,금천구,
2018,11,17,토요일,12,경상사고,0,0,1,0,55,남,15년이상,,승합,사업용,기타,기타사고,맑음,주간,차량단독,차량단독-기타,기타,특별광역시도,금천우체국사거리,37.4701007,126.89848,금천구,
2017,1,26,목요일,23,경상사고,0,0,1,0,56,남,15년이상,,승용,사업용,보행자,기타사고,맑음,심야,차대사람,차도통행중,안전운전불이행,특별광역시도,금천우체국사거리,37.4701007,126.89848,금천구,
2017,3,12,일요일,17,경상사고,0,0,1,0,44,남,15년이상,0,승용,비사업용,승용,진입회전사고,맑음,주간,차대차,측면직각충돌,안전운전불이행,특별광역시도,금천우체국사거리,37.4701007,126.89848,금천구,
2017,5,14,일요일,5,경상사고,0,0,1,0,51,남,15년이상,,승용,사업용,자전거,기타사고,맑음,새벽,차대차,차대차-기타,안전운전불이행,특별광역시도,금천우체국사거리,37.4701007,126.89848,금천구,
2017,9,24,일요일,5,부상사고,0,0,0,1,71,남,15년이상,,승용,사업용,승용,일직선사고,맑음,새벽,차대차,추돌(진행중),안전운전불이행,특별광역시도,금천우체국사거리,37.4701007,126.89848,금천구,
2018,1,2,화요일,19,경상사고,0,0,1,0,62,남,15년이상,,승합,사업용,기타,기타사고,맑음,출퇴근,차량단독,차량단독-기타,안전운전불이행,특별광역시도,금천우체국사거리,37.4701007,126.89848,금천구,
2018,3,16,금요일,16,경상사고,0,0,1,0,51,남,15년이상,,승용,비사업용,보행자,보행횡단사고,맑음,주간,차대사람,횡단중,보행자보호의무위반,특별광역시도,금천우체국사거리,37.4701007,126.89848,금천구,
2018,6,29,금요일,23,경상사고,0,0,1,0,57,남,15년이상,,승용,사업용,승용,일직선사고,맑음,심야,차대차,추돌(진행중),안전운전불이행,특별광역시도,금천우체국사거리,37.4701007,126.89848,금천구,
2018,8,17,금요일,14,중상사고,0,1,0,0,70,여,15년이상,,승용,비사업용,보행자,보행횡단사고,맑음,주간,차대사람,횡단중,안전운전불이행,기타,금천우체국사거리,37.4701007,126.89848,금천구,
2019,2,24,일요일,10,중상사고,0,1,0,0,48,여,15년이상,,승용,비사업용,승용,진입회전사고,맑음,주간,차대차,측면직각충돌,안전거리미확보,특별광역시도,금천우체국사거리,37.4701007,126.89848,금천구,
2019,4,9,화요일,17,경상사고,0,0,1,0,34,남,15년이상,,승용,비사업용,이륜,기타사고,맑음,주간,차대차,차대차-기타,안전운전불이행,특별광역시도,금천우체국사거리,37.4701007,126.89848,금천구,
2019,7,8,월요일,1,중상사고,0,2,0,0,55,남,15년이상,,승용,비사업용,이륜,진입회전사고,맑음,심야,차대차,측면직각충돌,신호위반,특별광역시도,금천우체국사거리,37.4701007,126.89848,금천구,
2019,12,10,화요일,17,경상사고,0,0,1,0,43,남,15년이상,,승용,비사업용,승용,진입회전사고,맑음,주간,차대차,측면직각충돌,안전거리미확보,특별광역시도,금천우체국사거리,37.4701007,126.89848,금천구,
2017,1,11,수요일,1,중상사고,0,1,0,1,24,남,15년이상,,승용,비사업용,승용,진입회전사고,맑음,심야,차대차,측면직각충돌,신호위반,특별광역시도,기아대교동단삼거리,37.4386879,126.9007862,금천구,
2017,1,21,토요일,2,경상사고,0,0,1,0,52,남,15년미만,,승용,사업용,승용,진입회전사고,맑음,심야,차대차,측면직각충돌,신호위반,특별광역시도,기아대교동단삼거리,37.4386879,126.9007862,금천구,
2017,1,14,토요일,5,경상사고,0,0,5,0,73,남,15년이상,,승용,사업용,승용,진입회전사고,맑음,새벽,차대차,측면직각충돌,신호위반,특별광역시도,기아대교동단삼거리,37.4386879,126.9007862,금천구,
2017,1,3,화요일,22,부상사고,0,0,0,1,58,남,15년이상,,승합,사업용,이륜,진입회전사고,기타,심야,차대차,정면충돌,신호위반,특별광역시도,기아대교동단삼거리,37.4386879,126.9007862,금천구,
2017,2,20,월요일,14,경상사고,0,0,4,0,56,남,15년이상,,승합,기타,보행자,진입회전사고,맑음,주간,차대차,측면직각충돌,안전거리미확보,특별광역시도,기아대교동단삼거리,37.4386879,126.9007862,금천구,
2017,3,13,월요일,13,경상사고,0,0,2,0,38,남,15년이상,,승용,비사업용,승용,진입회전사고,맑음,주간,차대차,측면직각충돌,신호위반,특별광역시도,기아대교동단삼거리,37.4386879,126.9007862,금천구,
2017,4,1,토요일,10,경상사고,0,0,2,0,52,남,15년이상,,승용,비사업용,이륜,진입회전사고,맑음,주간,차대차,차대차-기타,신호위반,특별광역시도,기아대교동단삼거리,37.4386879,126.9007862,금천구,
2017,4,26,수요일,16,경상사고,0,0,1,0,72,남,15년이상,,승용,비사업용,승용,진입회전사고,맑음,주간,차대차,측면직각충돌,안전거리미확보,특별광역시도,기아대교동단삼거리,37.4386879,126.9007862,금천구,
2017,7,30,일요일,17,경상사고,0,0,1,0,39,남,15년이상,,승용,비사업용,승용,일직선사고,기타,주간,차대차,추돌(진행중),안전운전불이행,특별광역시도,기아대교동단삼거리,37.4386879,126.9007862,금천구,
2017,7,10,월요일,21,경상사고,0,0,4,0,59,남,15년이상,,승용,비사업용,승합,진입회전사고,맑음,심야,차대차,측면직각충돌,신호위반,특별광역시도,기아대교동단삼거리,37.4386879,126.9007862,금천구,
2017,8,12,토요일,16,중상사고,0,1,0,0,35,남,15년미만,,승용,비사업용,이륜,진입회전사고,맑음,주간,차대차,측면직각충돌,신호위반,특별광역시도,기아대교동단삼거리,37.4386879,126.9007862,금천구,
2017,8,23,수요일,23,중상사고,0,1,1,0,63,남,15년이상,,승용,비사업용,승용,진입회전사고,흐림,심야,차대차,측면직각충돌,신호위반,특별광역시도,기아대교동단삼거리,37.4386879,126.9007862,금천구,
2017,9,28,목요일,5,경상사고,0,0,1,0,59,남,15년이상,,승용,사업용,이륜,진입회전사고,맑음,새벽,차대차,측면직각충돌,차로위반,특별광역시도,기아대교동단삼거리,37.4386879,126.9007862,금천구,
2017,9,27,수요일,9,중상사고,0,1,3,0,63,남,15년이상,,승용,사업용,화물,기타사고,맑음,주간,차대차,차대차-기타,안전운전불이행,특별광역시도,기아대교동단삼거리,37.4386879,126.9007862,금천구,
2017,9,26,화요일,11,경상사고,0,0,2,0,65,남,15년이상,,승용,사업용,승용,진입회전사고,맑음,주간,차대차,측면직각충돌,신호위반,특별광역시도,기아대교동단삼거리,37.4386879,126.9007862,금천구,
2017,9,27,수요일,16,경상사고,0,0,1,0,25,남,5년미만,,승용,비사업용,승용,진입회전사고,맑음,주간,차대차,측면직각충돌,안전운전불이행,특별광역시도,기아대교동단삼거리,37.4386879,126.9007862,금천구,
2017,10,7,토요일,13,경상사고,0,0,3,0,37,여,15년미만,,승용,비사업용,승용,일직선사고,맑음,주간,차대차,추돌(진행중),안전운전불이행,특별광역시도,기아대교동단삼거리,37.4386879,126.9007862,금천구,
2017,11,2,목요일,10,경상사고,0,0,1,0,57,남,15년이상,,승용,비사업용,보행자,기타사고,맑음,주간,차대사람,차대사람-기타,안전운전불이행,특별광역시도,기아대교동단삼거리,37.4386879,126.9007862,금천구,
2017,11,30,목요일,16,경상사고,0,0,2,1,46,남,15년이상,,승합,사업용,승합,진입회전사고,맑음,주간,차대차,측면직각충돌,신호위반,특별광역시도,기아대교동단삼거리,37.4386879,126.9007862,금천구,
2017,11,6,월요일,23,경상사고,0,0,3,0,67,남,15년이상,,승용,사업용,승용,진입회전사고,맑음,심야,차대차,측면직각충돌,신호위반,특별광역시도,기아대교동단삼거리,37.4386879,126.9007862,금천구,
2018,1,6,토요일,12,경상사고,0,0,2,1,58,남,15년이상,,승용,비사업용,승용,진입회전사고,맑음,주간,차대차,측면직각충돌,안전거리미확보,특별광역시도,기아대교동단삼거리,37.4386879,126.9007862,금천구,
2018,1,10,수요일,19,경상사고,0,0,2,0,44,남,15년이상,,승용,비사업용,승용,진입회전사고,맑음,출퇴근,차대차,측면직각충돌,신호위반,특별광역시도,기아대교동단삼거리,37.4386879,126.9007862,금천구,
2018,1,10,수요일,23,경상사고,0,0,2,0,49,남,15년이상,,승용,사업용,승용,진입회전사고,맑음,심야,차대차,측면직각충돌,신호위반,특별광역시도,기아대교동단삼거리,37.4386879,126.9007862,금천구,
2018,2,8,목요일,12,경상사고,0,0,1,0,39,남,15년미만,,승용,비사업용,자전거,진입회전사고,맑음,주간,차대차,측면직각충돌,중앙선침범,특별광역시도,기아대교동단삼거리,37.4386879,126.9007862,금천구,
2018,2,16,금요일,22,경상사고,0,0,1,0,21,여,15년이상,,승용,비사업용,승용,진입회전사고,맑음,심야,차대차,추돌(진행중),신호위반,특별광역시도,기아대교동단삼거리,37.4386879,126.9007862,금천구,
2018,3,4,일요일,11,경상사고,0,0,1,0,53,남,15년이상,,승용,비사업용,승용,일직선사고,비,주간,차대차,추돌(진행중),안전운전불이행,특별광역시도,기아대교동단삼거리,37.4386879,126.9007862,금천구,
2018,4,30,월요일,9,경상사고,0,0,1,0,40,여,15년미만,,승용,비사업용,승용,진입회전사고,맑음,주간,차대차,측면직각충돌,신호위반,특별광역시도,기아대교동단삼거리,37.4386879,126.9007862,금천구,
2018,4,8,일요일,18,경상사고,0,0,1,0,66,남,15년이상,,승용,비사업용,이륜,진입회전사고,비,출퇴근,차대차,측면직각충돌,안전운전불이행,특별광역시도,기아대교동단삼거리,37.4386879,126.9007862,금천구,
2018,4,23,월요일,18,경상사고,0,0,1,2,32,여,15년미만,,승용,비사업용,승용,진입회전사고,비,출퇴근,차대차,측면직각충돌,안전운전불이행,특별광역시도,기아대교동단삼거리,37.4386879,126.9007862,금천구,
2018,5,23,수요일,0,경상사고,0,0,2,1,38,남,15년이상,0,승용,비사업용,화물,일직선사고,비,심야,차대차,추돌(진행중),안전운전불이행,특별광역시도,기아대교동단삼거리,37.4386879,126.9007862,금천구,
2018,5,21,월요일,6,경상사고,0,0,2,0,55,남,15년이상,,화물,비사업용,화물,진입회전사고,맑음,새벽,차대차,측면직각충돌,신호위반,특별광역시도,기아대교동단삼거리,37.4386879,126.9007862,금천구,
2018,5,13,일요일,14,경상사고,0,0,2,0,33,남,15년미만,,승용,비사업용,승용,일직선사고,맑음,주간,차대차,추돌(진행중),차로위반,특별광역시도,기아대교동단삼거리,37.4386879,126.9007862,금천구,
2018,8,5,일요일,7,경상사고,0,0,5,0,52,여,15년이상,,승용,비사업용,승용,진입회전사고,맑음,출퇴근,차대차,측면직각충돌,신호위반,특별광역시도,기아대교동단삼거리,37.4386879,126.9007862,금천구,
2018,8,28,화요일,18,경상사고,0,0,1,0,49,남,15년이상,,승용,비사업용,승용,일직선사고,비,출퇴근,차대차,추돌(진행중),안전운전불이행,특별광역시도,기아대교동단삼거리,37.4386879,126.9007862,금천구,
2018,9,29,토요일,1,중상사고,0,1,0,0,66,남,15년이상,,승용,사업용,승용,일직선사고,맑음,심야,차대차,추돌(진행중),안전운전불이행,특별광역시도,기아대교동단삼거리,37.4386879,126.9007862,금천구,
2018,9,14,금요일,2,중상사고,0,1,3,0,45,남,15년이상,0,승용,비사업용,승용,진입회전사고,맑음,심야,차대차,측면직각충돌,신호위반,특별광역시도,기아대교동단삼거리,37.4386879,126.9007862,금천구,
2018,9,27,목요일,6,경상사고,0,0,1,0,34,남,15년이상,,화물,비사업용,화물,진입회전사고,맑음,새벽,차대차,측면직각충돌,신호위반,특별광역시도,기아대교동단삼거리,37.4386879,126.9007862,금천구,
2018,9,18,화요일,19,경상사고,0,0,1,0,53,남,15년이상,,화물,비사업용,화물,진입회전사고,맑음,출퇴근,차대차,측면직각충돌,신호위반,특별광역시도,기아대교동단삼거리,37.4386879,126.9007862,금천구,
2018,10,18,목요일,0,경상사고,0,0,1,0,34,여,15년이상,,승용,비사업용,승용,진입회전사고,맑음,심야,차대차,정면충돌,신호위반,특별광역시도,기아대교동단삼거리,37.4386879,126.9007862,금천구,