년도,월,일,요일,시각,사고등급,사망자수,중상자수,경상자수,부상자수,연령,성별,경력,음주,종별,용도,관련자2,사고형태,기상상태,일광상태,사고유형1,사고유형2,법규위반,도로종류,지점명,위도,경도,자치구,
2019,8,23,금요일,6,경상사고,0,0,2,0,49,남,데이터오류,0,승용,사업용,화물,진입회전사고,맑음,새벽,차대차,측면직각충돌,안전운전불이행,특별광역시도,마리오사거리,37.477909,126.887529,금천구,
2019,8,22,목요일,14,경상사고,0,0,1,0,61,남,15년이상,,건설기계,비사업용,건설기계,진입회전사고,맑음,주간,차대차,측면직각충돌,안전거리미확보,특별광역시도,마리오사거리,37.477909,126.887529,금천구,
2019,8,1,목요일,21,경상사고,0,0,3,0,48,남,15년이상,,승합,사업용,승합,진입회전사고,맑음,심야,차대차,측면직각충돌,차로위반,특별광역시도,마리오사거리,37.477909,126.887529,금천구,
2019,9,27,금요일,4,부상사고,0,0,0,1,불명,불명,데이터오류,,기타,데이터오류,기타,진입회전사고,맑음,심야,차대차,차대차-기타,신호위반,특별광역시도,마리오사거리,37.477909,126.887529,금천구,
2019,11,21,목요일,9,경상사고,0,0,1,0,25,남,10년미만,,승용,비사업용,승용,진입회전사고,맑음,주간,차대차,측면직각충돌,안전운전불이행,특별광역시도,마리오사거리,37.477909,126.887529,금천구,
2019,11,3,일요일,16,중상사고,0,4,6,1,38,여,15년이상,,승용,비사업용,승합,진입회전사고,맑음,주간,차대차,측면직각충돌,차로위반,특별광역시도,마리오사거리,37.477909,126.887529,금천구,
2019,12,5,목요일,18,중상사고,0,2,1,0,51,남,15년이상,,승용,비사업용,승용,진입회전사고,맑음,출퇴근,차대차,측면직각충돌,안전운전불이행,특별광역시도,마리오사거리,37.477909,126.887529,금천구,
2017,10,13,금요일,15,경상사고,0,0,1,0,54,남,15년이상,,승합,사업용,보행자,기타사고,맑음,주간,차대사람,차대사람-기타,안전운전불이행,특별광역시도,마리오사거리,37.477909,126.887529,금천구,
2018,2,15,목요일,7,부상사고,0,0,0,1,27,남,15년미만,0,승용,사업용,승용,일직선사고,맑음,출퇴근,차대차,정면충돌,중앙선침범,특별광역시도,마리오사거리,37.477909,126.887529,금천구,
2018,4,27,금요일,17,경상사고,0,0,1,0,31,남,4년미만,,승용,비사업용,승용,진입회전사고,맑음,주간,차대차,측면직각충돌,안전거리미확보,특별광역시도,마리오사거리,37.477909,126.887529,금천구,
2018,6,27,수요일,8,경상사고,0,0,1,0,58,남,15년이상,,승용,비사업용,승용,진입회전사고,맑음,출퇴근,차대차,측면직각충돌,안전거리미확보,특별광역시도,마리오사거리,37.477909,126.887529,금천구,
2018,6,21,목요일,14,부상사고,0,0,0,1,45,남,10년미만,,승용,비사업용,화물,진입회전사고,맑음,주간,차대차,측면직각충돌,안전거리미확보,특별광역시도,마리오사거리,37.477909,126.887529,금천구,
2018,9,14,금요일,1,경상사고,0,0,1,1,34,남,1년미만,0,승용,사업용,승용,일직선사고,맑음,심야,차대차,추돌(진행중),안전운전불이행,특별광역시도,마리오사거리,37.477909,126.887529,금천구,
2018,9,25,화요일,16,경상사고,0,0,1,0,49,남,15년이상,,화물,사업용,이륜,진입회전사고,맑음,주간,차대차,측면직각충돌,안전거리미확보,특별광역시도,마리오사거리,37.477909,126.887529,금천구,
2017,3,28,화요일,22,경상사고,0,0,1,0,64,남,15년이상,,승용,사업용,보행자,진입회전사고,맑음,심야,차대사람,횡단중,신호위반,특별광역시도,목화3차앞삼거리,37.476237,126.903525,금천구,
2017,4,2,일요일,0,경상사고,0,0,1,0,30,남,15년이상,,승용,비사업용,이륜,기타사고,맑음,심야,차대차,차대차-기타,안전거리미확보,특별광역시도,목화3차앞삼거리,37.476237,126.903525,금천구,
2017,4,12,수요일,13,중상사고,0,1,0,0,42,남,15년이상,,승용,비사업용,이륜,기타사고,맑음,주간,차대차,차대차-기타,안전운전불이행,특별광역시도,목화3차앞삼거리,37.476237,126.903525,금천구,
2017,4,10,월요일,23,경상사고,0,0,2,0,60,남,15년미만,,승용,사업용,보행자,보행횡단사고,맑음,심야,차대사람,횡단중,보행자보호의무위반,특별광역시도,목화3차앞삼거리,37.476237,126.903525,금천구,
2017,5,26,금요일,7,중상사고,0,1,0,0,52,남,15년이상,,화물,비사업용,이륜,진입회전사고,맑음,출퇴근,차대차,측면직각충돌,안전운전불이행,특별광역시도,목화3차앞삼거리,37.476237,126.903525,금천구,
2017,10,19,목요일,3,중상사고,0,1,0,1,61,남,15년이상,,승용,사업용,보행자,기타사고,기타,심야,차대사람,차도통행중,안전운전불이행,특별광역시도,목화3차앞삼거리,37.476237,126.903525,금천구,
2018,1,15,월요일,18,경상사고,0,0,1,0,70,남,15년이상,,승용,사업용,보행자,보행횡단사고,맑음,출퇴근,차대사람,횡단중,안전운전불이행,특별광역시도,목화3차앞삼거리,37.476237,126.903525,금천구,
2018,2,25,일요일,7,부상사고,0,0,0,1,63,남,15년이상,,승용,사업용,이륜,진입회전사고,맑음,출퇴근,차대차,측면직각충돌,안전운전불이행,특별광역시도,목화3차앞삼거리,37.476237,126.903525,금천구,
2018,6,8,금요일,6,부상사고,0,0,0,1,24,남,데이터오류,0,승용,비사업용,승용,일직선사고,맑음,새벽,차대차,추돌(진행중),안전운전불이행,특별광역시도,목화3차앞삼거리,37.476237,126.903525,금천구,
2018,6,9,토요일,20,중상사고,0,1,0,0,62,여,15년이상,,승용,비사업용,이륜,일직선사고,비,출퇴근,차대차,추돌(진행중),안전운전불이행,특별광역시도,목화3차앞삼거리,37.476237,126.903525,금천구,
2018,8,14,화요일,16,경상사고,0,0,1,0,58,남,15년이상,,승용,비사업용,승용,진입회전사고,맑음,주간,차대차,측면직각충돌,교차로운행방법위반,특별광역시도,목화3차앞삼거리,37.476237,126.903525,금천구,
2018,10,18,목요일,0,경상사고,0,0,1,0,75,남,15년이상,,승용,사업용,승용,일직선사고,맑음,심야,차대차,추돌(진행중),안전운전불이행,특별광역시도,목화3차앞삼거리,37.476237,126.903525,금천구,
2018,10,15,월요일,23,경상사고,0,0,4,0,32,남,10년미만,,승용,비사업용,승용,기타사고,맑음,심야,차대차,차대차-기타,안전운전불이행,특별광역시도,목화3차앞삼거리,37.476237,126.903525,금천구,
2019,2,15,금요일,20,중상사고,0,1,1,0,28,남,5년미만,,승용,비사업용,이륜,진입회전사고,맑음,출퇴근,차대차,측면직각충돌,신호위반,특별광역시도,목화3차앞삼거리,37.476237,126.903525,금천구,
2019,4,1,월요일,15,경상사고,0,0,1,0,55,남,15년이상,,승합,비사업용,이륜,진입회전사고,맑음,주간,차대차,측면직각충돌,중앙선침범,특별광역시도,목화3차앞삼거리,37.476237,126.903525,금천구,
2019,4,27,토요일,18,경상사고,0,0,1,0,55,남,15년이상,,승용,사업용,이륜,진입회전사고,맑음,출퇴근,차대차,측면직각충돌,안전거리미확보,특별광역시도,목화3차앞삼거리,37.476237,126.903525,금천구,
2019,4,7,일요일,21,경상사고,0,0,1,0,61,남,15년이상,,승용,사업용,이륜,진입회전사고,맑음,심야,차대차,측면직각충돌,안전거리미확보,특별광역시도,목화3차앞삼거리,37.476237,126.903525,금천구,
2019,5,24,금요일,20,경상사고,0,0,1,0,57,남,15년이상,,승합,비사업용,보행자,보행횡단사고,맑음,출퇴근,차대사람,횡단중,보행자보호의무위반,특별광역시도,목화3차앞삼거리,37.476237,126.903525,금천구,
2019,8,2,금요일,15,경상사고,0,0,1,0,24,남,15년이상,,승용,비사업용,보행자,보행횡단사고,맑음,주간,차대사람,횡단중,보행자보호의무위반,특별광역시도,목화3차앞삼거리,37.476237,126.903525,금천구,
2019,10,4,금요일,16,경상사고,0,0,1,0,72,여,15년이상,,자전거,데이터오류,자전거,기타사고,맑음,주간,차대차,차대차-기타,안전운전불이행,특별광역시도,목화3차앞삼거리,37.476237,126.903525,금천구,
2019,10,30,수요일,21,경상사고,0,0,1,0,57,남,15년이상,,승용,비사업용,이륜,진입회전사고,맑음,심야,차대차,측면직각충돌,안전운전불이행,특별광역시도,목화3차앞삼거리,37.476237,126.903525,금천구,
2017,5,1,월요일,16,경상사고,0,0,1,0,58,남,15년이상,,승용,사업용,이륜,진입회전사고,맑음,주간,차대차,측면직각충돌,직진우회전진행방해,특별광역시도,서울금천우체국사거리,37.4701007,126.89848,금천구,
2017,6,11,일요일,16,중상사고,0,1,0,0,47,남,15년이상,,승용,사업용,보행자,기타사고,맑음,주간,차대사람,차도통행중,안전운전불이행,특별광역시도,서울금천우체국사거리,37.4701007,126.89848,금천구,
2017,9,19,화요일,15,중상사고,0,1,0,0,62,남,15년이상,,승합,비사업용,보행자,기타사고,맑음,주간,차대사람,차대사람-기타,안전운전불이행,특별광역시도,서울금천우체국사거리,37.4701007,126.89848,금천구,
2017,10,28,토요일,18,경상사고,0,0,4,0,54,남,10년미만,,승용,비사업용,승용,진입회전사고,맑음,출퇴근,차대차,측면직각충돌,신호위반,특별광역시도,서울금천우체국사거리,37.4701007,126.89848,금천구,
2018,3,18,일요일,10,경상사고,0,0,1,0,44,남,15년이상,,승용,비사업용,승용,진입회전사고,맑음,주간,차대차,측면직각충돌,교차로운행방법위반,특별광역시도,서울금천우체국사거리,37.4701007,126.89848,금천구,
2018,4,12,목요일,20,중상사고,0,1,0,0,30,남,10년미만,,이륜,기타,이륜,진입회전사고,맑음,출퇴근,차대차,측면직각충돌,안전운전불이행,특별광역시도,서울금천우체국사거리,37.4701007,126.89848,금천구,
2018,9,18,화요일,15,중상사고,0,1,0,0,50,남,10년미만,,승용,사업용,보행자,보행횡단사고,맑음,주간,차대사람,보도통행중,중앙선침범,특별광역시도,서울금천우체국사거리,37.4701007,126.89848,금천구,
2019,5,31,금요일,20,경상사고,0,0,1,0,63,여,15년이상,,승용,비사업용,이륜,진입회전사고,맑음,출퇴근,차대차,측면직각충돌,중앙선침범,특별광역시도,서울금천우체국사거리,37.4701007,126.89848,금천구,
2019,6,8,토요일,3,중상사고,0,1,0,0,68,남,15년이상,,화물,비사업용,이륜,기타사고,맑음,심야,차대차,차대차-기타,안전운전불이행,특별광역시도,서울금천우체국사거리,37.4701007,126.89848,금천구,
2019,8,17,토요일,12,경상사고,0,0,2,1,44,여,15년이상,,승용,비사업용,승용,진입회전사고,맑음,주간,차대차,측면직각충돌,안전운전불이행,특별광역시도,서울금천우체국사거리,37.4701007,126.89848,금천구,
2019,8,19,월요일,17,경상사고,0,0,4,0,41,남,15년이상,,승용,비사업용,승용,진입회전사고,맑음,주간,차대차,측면직각충돌,안전운전불이행,특별광역시도,서울금천우체국사거리,37.4701007,126.89848,금천구,
2019,10,4,금요일,1,경상사고,0,0,1,0,48,남,15년이상,,승용,비사업용,보행자,기타사고,맑음,심야,차대사람,차대사람-기타,보행자보호의무위반,특별광역시도,서울금천우체국사거리,37.4701007,126.89848,금천구,
2017,7,2,일요일,13,중상사고,0,1,0,0,54,여,15년이상,,승용,비사업용,이륜,진입회전사고,맑음,주간,차대차,측면직각충돌,중앙선침범,특별광역시도,시흥4동주민센터부근,37.4589474,126.9062056,금천구,
2017,11,7,화요일,23,중상사고,0,1,0,0,64,남,15년이상,,승용,사업용,이륜,기타사고,맑음,심야,차대차,차대차-기타,안전운전불이행,특별광역시도,시흥4동주민센터부근,37.4589474,126.9062056,금천구,
2017,12,16,토요일,0,중상사고,0,1,0,0,53,남,15년이상,,승용,사업용,이륜,진입회전사고,맑음,심야,차대차,측면직각충돌,안전운전불이행,특별광역시도,시흥4동주민센터부근,37.4589474,126.9062056,금천구,
2017,12,8,금요일,9,경상사고,0,0,1,0,57,남,15년이상,,승용,사업용,이륜,진입회전사고,맑음,주간,차대차,측면직각충돌,안전거리미확보,특별광역시도,시흥4동주민센터부근,37.4589474,126.9062056,금천구,
2018,2,23,금요일,13,경상사고,0,0,1,0,54,남,15년이상,,승용,사업용,이륜,진입회전사고,맑음,주간,차대차,측면직각충돌,안전운전불이행,특별광역시도,시흥4동주민센터부근,37.4589474,126.9062056,금천구,
2018,2,15,목요일,21,중상사고,0,1,0,0,62,남,15년이상,,승용,사업용,보행자,보행횡단사고,기타,심야,차대사람,횡단중,안전운전불이행,특별광역시도,시흥4동주민센터부근,37.4589474,126.9062056,금천구,
2018,3,23,금요일,21,중상사고,0,1,0,0,64,남,15년이상,,승용,사업용,이륜,진입회전사고,맑음,심야,차대차,측면직각충돌,차로위반,특별광역시도,시흥4동주민센터부근,37.4589474,126.9062056,금천구,
2018,3,21,수요일,22,경상사고,0,0,1,0,56,남,15년이상,,승용,사업용,이륜,진입회전사고,맑음,심야,차대차,측면직각충돌,안전거리미확보,특별광역시도,시흥4동주민센터부근,37.4589474,126.9062056,금천구,
2018,5,13,일요일,6,중상사고,0,1,1,0,25,남,1년미만,0,승용,비사업용,승용,일직선사고,맑음,새벽,차대차,추돌(진행중),안전운전불이행,특별광역시도,시흥4동주민센터부근,37.4589474,126.9062056,금천구,
2018,6,3,일요일,20,경상사고,0,0,1,0,46,여,15년이상,,자전거,기타,보행자,보행횡단사고,맑음,출퇴근,차대사람,보도통행중,기타,기타,시흥4동주민센터부근,37.4589474,126.9062056,금천구,
2018,6,6,수요일,21,경상사고,0,0,1,1,50,여,15년이상,,이륜,기타,이륜,진입회전사고,맑음,심야,차대차,측면직각충돌,안전운전불이행,특별광역시도,시흥4동주민센터부근,37.4589474,126.9062056,금천구,
2018,8,30,목요일,1,경상사고,0,0,1,0,53,남,10년미만,0,승용,비사업용,승용,일직선사고,비,심야,차대차,정면충돌,안전운전불이행,특별광역시도,시흥4동주민센터부근,37.4589474,126.9062056,금천구,
2018,10,20,토요일,21,중상사고,0,2,1,0,17,남,2년미만,,이륜,기타,자전거,진입회전사고,맑음,심야,차대차,측면직각충돌,기타,특별광역시도,시흥4동주민센터부근,37.4589474,126.9062056,금천구,
2018,12,15,토요일,19,중상사고,0,1,0,0,50,남,10년미만,,화물,비사업용,이륜,진입회전사고,맑음,출퇴근,차대차,측면직각충돌,안전운전불이행,특별광역시도,시흥4동주민센터부근,37.4589474,126.9062056,금천구,
2019,1,18,금요일,8,경상사고,0,0,2,0,73,남,15년이상,,화물,사업용,화물,진입회전사고,맑음,출퇴근,차대차,측면직각충돌,안전거리미확보,특별광역시도,시흥4동주민센터부근,37.4589474,126.9062056,금천구,
2019,2,13,수요일,16,경상사고,0,0,1,0,27,남,5년미만,,승용,사업용,자전거,진입회전사고,맑음,주간,차대차,정면충돌,신호위반,특별광역시도,시흥4동주민센터부근,37.4589474,126.9062056,금천구,
2019,4,22,월요일,12,경상사고,0,0,1,0,61,여,15년이상,,승용,비사업용,보행자,기타사고,맑음,주간,차대사람,차대사람-기타,안전운전불이행,특별광역시도,시흥4동주민센터부근,37.4589474,126.9062056,금천구,
2019,7,18,목요일,20,중상사고,0,1,0,0,66,남,15년이상,,승용,비사업용,보행자,보행횡단사고,맑음,출퇴근,차대사람,횡단중,안전운전불이행,특별광역시도,시흥4동주민센터부근,37.4589474,126.9062056,금천구,
2019,11,7,목요일,15,중상사고,0,1,0,0,54,남,15년이상,,승합,비사업용,기타,일직선사고,맑음,주간,차대차,차대차-기타,중앙선침범,특별광역시도,시흥4동주민센터부근,37.4589474,126.9062056,금천구,
2019,11,18,월요일,19,중상사고,0,1,0,0,68,남,15년이상,,승용,사업용,이륜,기타사고,맑음,출퇴근,차대차,차대차-기타,과속,특별광역시도,시흥4동주민센터부근,37.4589474,126.9062056,금천구,
2019,12,12,목요일,1,중상사고,0,2,1,0,62,남,15년이상,,승용,비사업용,승용,진입회전사고,맑음,심야,차대차,측면직각충돌,안전운전불이행,특별광역시도,시흥4동주민센터부근,37.4589474,126.9062056,금천구,
2019,12,20,금요일,18,중상사고,0,1,0,0,52,남,10년미만,,승합,비사업용,보행자,보행횡단사고,맑음,출퇴근,차대사람,횡단중,안전운전불이행,특별광역시도,시흥4동주민센터부근,37.4589474,126.9062056,금천구,
2017,4,29,토요일,7,중상사고,0,1,0,0,65,남,15년이상,,승용,사업용,이륜,진입회전사고,맑음,출퇴근,차대차,측면직각충돌,안전운전불이행,특별광역시도,시흥4동주민센터삼거리,37.4589474,126.9062056,금천구,
2017,6,5,월요일,11,경상사고,0,0,1,0,60,여,15년이상,,승용,비사업용,자전거,진입회전사고,맑음,주간,차대차,측면직각충돌,안전운전불이행,특별광역시도,시흥4동주민센터삼거리,37.4589474,126.9062056,금천구,
2017,6,17,토요일,17,부상사고,0,0,0,1,37,남,15년미만,,승용,비사업용,이륜,기타사고,맑음,주간,차대차,차대차-기타,안전운전불이행,특별광역시도,시흥4동주민센터삼거리,37.4589474,126.9062056,금천구,
2017,10,12,목요일,13,경상사고,0,0,1,0,57,남,15년이상,,이륜,기타,보행자,보행횡단사고,맑음,주간,차대사람,횡단중,안전운전불이행,특별광역시도,시흥4동주민센터삼거리,37.4589474,126.9062056,금천구,
2018,7,26,목요일,14,경상사고,0,0,1,0,28,남,10년미만,,이륜,기타,보행자,진입회전사고,맑음,주간,차대사람,횡단중,신호위반,특별광역시도,시흥4동주민센터삼거리,37.4589474,126.9062056,금천구,
2019,3,9,토요일,18,경상사고,0,0,1,0,56,남,15년미만,,승용,사업용,이륜,기타사고,맑음,출퇴근,차대차,차대차-기타,기타,특별광역시도,시흥4동주민센터삼거리,37.4589474,126.9062056,금천구,
2019,4,1,월요일,18,중상사고,0,2,0,0,17,남,2년미만,,이륜,데이터오류,보행자,진입회전사고,맑음,출퇴근,차대사람,횡단중,신호위반,특별광역시도,시흥4동주민센터삼거리,37.4589474,126.9062056,금천구,
2019,11,13,수요일,19,경상사고,0,0,1,0,41,여,15년미만,,이륜,데이터오류,보행자,보행횡단사고,맑음,출퇴근,차대사람,횡단중,안전운전불이행,특별광역시도,시흥4동주민센터삼거리,37.4589474,126.9062056,금천구,
2017,3,21,화요일,23,중상사고,0,1,0,0,23,남,10년미만,,승용,비사업용,이륜,진입회전사고,맑음,심야,차대차,측면직각충돌,신호위반,특별광역시도,시흥5동주민센터오거리,37.4523531,126.9082851,금천구,
2017,4,7,금요일,0,부상사고,0,0,0,1,18,남,데이터오류,,자전거,기타,보행자,보행횡단사고,맑음,심야,차대사람,횡단중,안전운전불이행,특별광역시도,시흥5동주민센터오거리,37.4523531,126.9082851,금천구,
2017,6,21,수요일,0,경상사고,0,0,1,0,18,남,3년미만,,이륜,기타,보행자,진입회전사고,기타,심야,차대사람,횡단중,신호위반,특별광역시도,시흥5동주민센터오거리,37.4523531,126.9082851,금천구,
2017,7,4,화요일,11,부상사고,0,0,0,1,42,남,15년이상,,승용,사업용,자전거,진입회전사고,맑음,주간,차대차,측면직각충돌,안전운전불이행,특별광역시도,시흥5동주민센터오거리,37.4523531,126.9082851,금천구,
2017,8,24,목요일,21,경상사고,0,0,1,0,59,남,15년이상,,승용,비사업용,이륜,진입회전사고,흐림,심야,차대차,측면직각충돌,안전운전불이행,특별광역시도,시흥5동주민센터오거리,37.4523531,126.9082851,금천구,
2017,10,23,월요일,11,경상사고,0,0,1,0,61,여,15년이상,,승용,비사업용,승용,진입회전사고,맑음,주간,차대차,측면직각충돌,안전운전불이행,특별광역시도,시흥5동주민센터오거리,37.4523531,126.9082851,금천구,
2017,12,27,수요일,13,경상사고,0,0,1,0,62,남,15년미만,,승합,사업용,기타,기타사고,맑음,주간,차량단독,차량단독-기타,데이터없음,특별광역시도,시흥5동주민센터오거리,37.4523531,126.9082851,금천구,
2018,2,16,금요일,16,중상사고,0,1,4,0,57,남,3년미만,0,화물,비사업용,화물,일직선사고,맑음,주간,차대차,추돌(진행중),안전운전불이행,특별광역시도,시흥5동주민센터오거리,37.4523531,126.9082851,금천구,
2018,4,5,목요일,13,부상사고,0,0,0,1,42,남,15년이상,,승합,사업용,기타,기타사고,비,주간,차대차,차대차-기타,안전운전불이행,특별광역시도,시흥5동주민센터오거리,37.4523531,126.9082851,금천구,
2018,4,21,토요일,18,경상사고,0,0,1,0,56,여,15년이상,,승용,비사업용,보행자,기타사고,맑음,출퇴근,차대사람,차도통행중,안전운전불이행,특별광역시도,시흥5동주민센터오거리,37.4523531,126.9082851,금천구,
2018,5,9,수요일,17,중상사고,0,1,0,0,67,남,15년이상,,승용,비사업용,보행자,기타사고,맑음,주간,차대사람,차도통행중,안전운전불이행,특별광역시도,시흥5동주민센터오거리,37.4523531,126.9082851,금천구,
2018,6,2,토요일,10,경상사고,0,0,1,0,36,남,15년미만,,승용,비사업용,이륜,진입회전사고,맑음,주간,차대차,측면직각충돌,안전거리미확보,특별광역시도,시흥5동주민센터오거리,37.4523531,126.9082851,금천구,
2018,8,9,목요일,5,경상사고,0,0,1,0,65,남,15년이상,,승용,비사업용,자전거,진입회전사고,맑음,새벽,차대차,측면직각충돌,중앙선침범,특별광역시도,시흥5동주민센터오거리,37.4523531,126.9082851,금천구,
2018,11,26,월요일,22,중상사고,0,1,0,0,23,남,10년미만,,승용,비사업용,이륜,기타사고,맑음,심야,차대차,차대차-기타,안전거리미확보,특별광역시도,시흥5동주민센터오거리,37.4523531,126.9082851,금천구,
2018,12,18,화요일,15,중상사고,0,1,0,0,56,남,15년미만,,승용,사업용,보행자,기타사고,맑음,주간,차대사람,차대사람-기타,안전운전불이행,특별광역시도,시흥5동주민센터오거리,37.4523531,126.9082851,금천구,
2019,2,18,월요일,17,경상사고,0,0,1,0,34,여,10년미만,,승용,비사업용,승용,진입회전사고,맑음,주간,차대차,측면직각충돌,안전운전불이행,특별광역시도,시흥5동주민센터오거리,37.4523531,126.9082851,금천구,
2019,2,15,금요일,18,중상사고,0,1,0,0,67,남,15년이상,,승용,비사업용,보행자,보행횡단사고,맑음,출퇴근,차대사람,보도통행중,보행자보호의무위반,특별광역시도,시흥5동주민센터오거리,37.4523531,126.9082851,금천구,
2019,6,1,토요일,23,경상사고,0,0,1,0,65,남,15년미만,,승용,사업용,승용,진입회전사고,맑음,심야,차대차,측면직각충돌,신호위반,특별광역시도,시흥5동주민센터오거리,37.4523531,126.9082851,금천구,
2019,11,16,토요일,16,경상사고,0,0,1,0,58,남,15년이상,,승합,비사업용,보행자,기타사고,흐림,주간,차대사람,차대사람-기타,안전운전불이행,특별광역시도,시흥5동주민센터오거리,37.4523531,126.9082851,금천구,
2019,12,2,월요일,13,중상사고,0,1,3,0,60,남,15년이상,,승합,사업용,승합,일직선사고,맑음,주간,차대차,추돌(진행중),안전거리미확보,특별광역시도,시흥5동주민센터오거리,37.4523531,126.9082851,금천구,
2017,1,7,토요일,21,중상사고,0,2,1,0,26,여,10년미만,,승용,비사업용,승용,일직선사고,맑음,심야,차대차,추돌(진행중),안전운전불이행,특별광역시도,시흥사거리,37.4547138,126.9005358,금천구,
2017,3,1,수요일,4,중상사고,0,1,0,0,58,남,10년미만,,승용,사업용,보행자,기타사고,맑음,심야,차대사람,차대사람-기타,안전운전불이행,특별광역시도,시흥사거리,37.4547138,126.9005358,금천구,
2017,4,13,목요일,0,경상사고,0,0,1,0,55,남,15년이상,,승합,사업용,기타,기타사고,맑음,심야,차량단독,차량단독-기타,데이터없음,특별광역시도,시흥사거리,37.4547138,126.9005358,금천구,
2017,4,13,목요일,8,경상사고,0,0,1,0,68,남,15년이상,,승용,사업용,보행자,기타사고,맑음,출퇴근,차대사람,차대사람-기타,안전운전불이행,특별광역시도,시흥사거리,37.4547138,126.9005358,금천구,
2017,4,7,금요일,22,경상사고,0,0,3,0,64,여,15년이상,,승용,비사업용,승용,진입회전사고,맑음,심야,차대차,측면직각충돌,안전운전불이행,특별광역시도,시흥사거리,37.4547138,126.9005358,금천구,
2017,6,22,목요일,9,경상사고,0,0,2,0,62,남,15년이상,,화물,사업용,화물,일직선사고,맑음,주간,차대차,추돌(진행중),안전운전불이행,특별광역시도,시흥사거리,37.4547138,126.9005358,금천구,
2017,7,9,일요일,10,부상사고,0,0,0,1,47,남,15년이상,,승용,비사업용,자전거,진입회전사고,맑음,주간,차대차,측면직각충돌,안전운전불이행,특별광역시도,시흥사거리,37.4547138,126.9005358,금천구,
2017,7,20,목요일,22,중상사고,0,1,0,0,54,여,15년이상,,승용,비사업용,승용,진입회전사고,맑음,심야,차대차,측면직각충돌,안전거리미확보,특별광역시도,시흥사거리,37.4547138,126.9005358,금천구,
2017,10,11,수요일,17,경상사고,0,0,2,0,63,남,15년이상,,승용,비사업용,승용,진입회전사고,맑음,주간,차대차,측면직각충돌,신호위반,특별광역시도,시흥사거리,37.4547138,126.9005358,금천구,
2017,11,22,수요일,19,중상사고,0,1,0,0,56,남,15년이상,,승합,사업용,승합,진입회전사고,맑음,출퇴근,차대차,측면직각충돌,신호위반,특별광역시도,시흥사거리,37.4547138,126.9005358,금천구,
2017,12,24,일요일,23,경상사고,0,0,1,0,49,남,15년이상,,승용,비사업용,승용,진입회전사고,흐림,심야,차대차,측면직각충돌,신호위반,특별광역시도,시흥사거리,37.4547138,126.9005358,금천구,
2018,1,25,목요일,16,중상사고,0,1,0,0,44,남,5년미만,,이륜,기타,보행자,기타사고,맑음,주간,차대사람,차대사람-기타,안전운전불이행,특별광역시도,시흥사거리,37.4547138,126.9005358,금천구,
2018,1,5,금요일,19,경상사고,0,0,2,2,59,남,15년이상,,승용,비사업용,승용,진입회전사고,맑음,출퇴근,차대차,측면직각충돌,안전운전불이행,특별광역시도,시흥사거리,37.4547138,126.9005358,금천구,
2018,1,28,일요일,21,경상사고,0,0,2,0,65,남,3년미만,,승용,사업용,화물,일직선사고,맑음,심야,차대차,추돌(진행중),안전운전불이행,특별광역시도,시흥사거리,37.4547138,126.9005358,금천구,
2018,2,11,일요일,8,경상사고,0,0,1,0,60,남,15년이상,,화물,비사업용,이륜,진입회전사고,맑음,출퇴근,차대차,측면직각충돌,안전운전불이행,특별광역시도,시흥사거리,37.4547138,126.9005358,금천구,
2018,3,2,금요일,22,중상사고,0,1,0,0,63,남,15년이상,,승합,사업용,이륜,진입회전사고,흐림,심야,차대차,측면직각충돌,안전운전불이행,특별광역시도,시흥사거리,37.4547138,126.9005358,금천구,
2018,4,1,일요일,16,경상사고,0,0,1,0,60,남,15년이상,,건설기계,사업용,건설기계,일직선사고,맑음,주간,차대차,추돌(진행중),안전운전불이행,특별광역시도,시흥사거리,37.4547138,126.9005358,금천구,
2018,4,26,목요일,23,경상사고,0,0,1,1,73,남,15년이상,,승용,사업용,이륜,진입회전사고,맑음,심야,차대차,측면직각충돌,안전운전불이행,특별광역시도,시흥사거리,37.4547138,126.9005358,금천구,
2018,6,1,금요일,7,경상사고,0,0,1,0,64,남,15년이상,,승용,사업용,자전거,진입회전사고,맑음,출퇴근,차대차,측면직각충돌,안전운전불이행,특별광역시도,시흥사거리,37.4547138,126.9005358,금천구,
2018,7,3,화요일,0,중상사고,0,1,0,0,63,남,15년이상,,승용,사업용,이륜,기타사고,맑음,심야,차대차,차대차-기타,안전운전불이행,특별광역시도,시흥사거리,37.4547138,126.9005358,금천구,
2018,7,3,화요일,7,경상사고,0,0,1,0,36,남,5년미만,,승용,비사업용,보행자,진입회전사고,맑음,출퇴근,차대사람,차대사람-기타,신호위반,특별광역시도,시흥사거리,37.4547138,126.9005358,금천구,
2018,8,25,토요일,0,경상사고,0,0,1,0,67,남,15년이상,,승용,사업용,이륜,진입회전사고,맑음,심야,차대차,측면직각충돌,신호위반,특별광역시도,시흥사거리,37.4547138,126.9005358,금천구,
2018,8,4,토요일,3,중상사고,0,2,0,0,28,남,15년이상,0,승용,비사업용,승용,진입회전사고,맑음,심야,차대차,측면직각충돌,신호위반,특별광역시도,시흥사거리,37.4547138,126.9005358,금천구,
2018,8,29,수요일,14,경상사고,0,0,2,0,57,남,15년이상,,승용,비사업용,이륜,진입회전사고,흐림,주간,차대차,측면직각충돌,안전운전불이행,특별광역시도,시흥사거리,37.4547138,126.9005358,금천구,
2018,9,23,일요일,17,경상사고,0,0,1,0,20,남,4년미만,,이륜,기타,보행자,기타사고,맑음,주간,차대사람,차대사람-기타,안전운전불이행,특별광역시도,시흥사거리,37.4547138,126.9005358,금천구,