년도,월,일,요일,시각,사고등급,사망자수,중상자수,경상자수,부상자수,연령,성별,경력,음주,종별,용도,관련자2,사고형태,기상상태,일광상태,사고유형1,사고유형2,법규위반,도로종류,지점명,위도,경도,자치구,
2018,9,22,토요일,20,중상사고,0,1,0,0,62,남,15년이상,,승용,비사업용,보행자,보행횡단사고,맑음,출퇴근,차대사람,횡단중,안전운전불이행,특별광역시도,시흥사거리,37.4547138,126.9005358,금천구,
2018,10,3,수요일,3,경상사고,0,0,2,0,72,남,15년이상,,승용,사업용,승용,진입회전사고,맑음,심야,차대차,측면직각충돌,신호위반,특별광역시도,시흥사거리,37.4547138,126.9005358,금천구,
2018,10,29,월요일,7,경상사고,0,0,1,0,38,남,15년이상,,승용,비사업용,승용,일직선사고,맑음,출퇴근,차대차,추돌(진행중),안전운전불이행,특별광역시도,시흥사거리,37.4547138,126.9005358,금천구,
2018,10,24,수요일,17,중상사고,0,1,0,0,54,여,15년이상,,승용,비사업용,이륜,일직선사고,맑음,주간,차대차,추돌(진행중),안전운전불이행,특별광역시도,시흥사거리,37.4547138,126.9005358,금천구,
2018,11,8,목요일,14,중상사고,0,1,0,0,55,남,15년이상,,승용,비사업용,보행자,기타사고,비,주간,차대사람,길가장자리구역통행중,안전운전불이행,특별광역시도,시흥사거리,37.4547138,126.9005358,금천구,
2018,12,14,금요일,18,경상사고,0,0,1,0,31,여,15년이상,,승용,사업용,승합,진입회전사고,맑음,출퇴근,차대차,측면직각충돌,신호위반,특별광역시도,시흥사거리,37.4547138,126.9005358,금천구,
2018,12,3,월요일,19,중상사고,0,1,0,0,56,남,데이터오류,,화물,비사업용,보행자,보행횡단사고,맑음,출퇴근,차대사람,횡단중,안전운전불이행,특별광역시도,시흥사거리,37.4547138,126.9005358,금천구,
2018,12,12,수요일,22,중상사고,0,1,0,0,31,남,15년이상,,승용,비사업용,승용,진입회전사고,맑음,심야,차대차,측면직각충돌,안전운전불이행,특별광역시도,시흥사거리,37.4547138,126.9005358,금천구,
2019,1,12,토요일,11,경상사고,0,0,1,0,76,남,15년이상,,승합,비사업용,보행자,보행횡단사고,맑음,주간,차대사람,횡단중,보행자보호의무위반,특별광역시도,시흥사거리,37.4547138,126.9005358,금천구,
2019,2,14,목요일,19,경상사고,0,0,1,0,45,남,15년이상,,승용,비사업용,이륜,일직선사고,맑음,출퇴근,차대차,정면충돌,중앙선침범,특별광역시도,시흥사거리,37.4547138,126.9005358,금천구,
2019,3,24,일요일,10,경상사고,0,0,1,0,51,남,15년이상,,승용,비사업용,원동기,진입회전사고,맑음,주간,차대차,측면직각충돌,중앙선침범,특별광역시도,시흥사거리,37.4547138,126.9005358,금천구,
2019,3,24,일요일,11,경상사고,0,0,1,0,54,남,15년이상,,승용,비사업용,승용,진입회전사고,맑음,주간,차대차,측면직각충돌,신호위반,특별광역시도,시흥사거리,37.4547138,126.9005358,금천구,
2019,3,12,화요일,21,중상사고,0,1,0,0,57,남,15년이상,,승합,사업용,이륜,진입회전사고,맑음,심야,차대차,측면직각충돌,신호위반,특별광역시도,시흥사거리,37.4547138,126.9005358,금천구,
2019,4,15,월요일,23,부상사고,0,0,0,1,59,남,15년이상,,승용,사업용,승합,진입회전사고,맑음,심야,차대차,측면직각충돌,안전운전불이행,특별광역시도,시흥사거리,37.4547138,126.9005358,금천구,
2019,5,13,월요일,9,경상사고,0,0,1,0,52,남,15년이상,,승용,비사업용,자전거,진입회전사고,맑음,주간,차대차,측면직각충돌,안전운전불이행,특별광역시도,시흥사거리,37.4547138,126.9005358,금천구,
2019,5,21,화요일,23,부상사고,0,0,0,1,42,남,10년미만,,승용,비사업용,승용,일직선사고,맑음,심야,차대차,추돌(진행중),안전운전불이행,특별광역시도,시흥사거리,37.4547138,126.9005358,금천구,
2019,5,24,금요일,23,경상사고,0,0,9,0,56,남,15년이상,,승용,비사업용,승용,진입회전사고,맑음,심야,차대차,측면직각충돌,신호위반,특별광역시도,시흥사거리,37.4547138,126.9005358,금천구,
2019,6,4,화요일,16,경상사고,0,0,1,0,50,남,10년미만,,화물,비사업용,화물,진입회전사고,맑음,주간,차대차,측면직각충돌,안전운전불이행,특별광역시도,시흥사거리,37.4547138,126.9005358,금천구,
2019,6,9,일요일,18,경상사고,0,0,2,0,34,남,1년미만,,승용,비사업용,승용,일직선사고,맑음,출퇴근,차대차,추돌(진행중),안전운전불이행,특별광역시도,시흥사거리,37.4547138,126.9005358,금천구,
2019,7,31,수요일,19,경상사고,0,0,1,0,48,남,15년이상,,승합,사업용,기타,기타사고,맑음,출퇴근,차량단독,차량단독-기타,안전운전불이행,특별광역시도,시흥사거리,37.4547138,126.9005358,금천구,
2019,8,25,일요일,6,경상사고,0,0,1,0,75,여,15년이상,,승용,비사업용,승용,일직선사고,맑음,새벽,차대차,추돌(진행중),안전운전불이행,특별광역시도,시흥사거리,37.4547138,126.9005358,금천구,
2019,8,29,목요일,20,중상사고,0,1,0,0,60,남,15년이상,,승합,사업용,이륜,진입회전사고,흐림,출퇴근,차대차,측면직각충돌,신호위반,특별광역시도,시흥사거리,37.4547138,126.9005358,금천구,
2019,9,4,수요일,4,경상사고,0,0,1,0,61,남,15년미만,,승용,사업용,승용,일직선사고,맑음,심야,차대차,추돌(진행중),안전운전불이행,특별광역시도,시흥사거리,37.4547138,126.9005358,금천구,
2019,11,2,토요일,21,경상사고,0,0,1,0,82,남,15년이상,,화물,비사업용,화물,기타사고,맑음,심야,차대차,차대차-기타,안전운전불이행,특별광역시도,시흥사거리,37.4547138,126.9005358,금천구,
2019,12,11,수요일,1,경상사고,0,0,1,0,34,남,10년미만,0,승용,비사업용,승용,일직선사고,흐림,심야,차대차,추돌(진행중),안전운전불이행,특별광역시도,시흥사거리,37.4547138,126.9005358,금천구,
2019,12,25,수요일,21,부상사고,0,0,0,1,27,여,15년미만,,승용,비사업용,이륜,일직선사고,맑음,심야,차대차,차대차-기타,중앙선침범,특별광역시도,시흥사거리,37.4547138,126.9005358,금천구,
2017,7,3,월요일,22,경상사고,0,0,1,0,불명,불명,데이터오류,,기타,데이터오류,기타,기타사고,흐림,심야,차대차,차대차-기타,차로위반,특별광역시도,시흥사거리,37.4547138,126.9005358,금천구,
2018,5,3,목요일,21,경상사고,0,0,1,0,49,남,15년이상,,승용,사업용,승용,진입회전사고,맑음,심야,차대차,측면직각충돌,안전운전불이행,특별광역시도,시흥사거리,37.4547138,126.9005358,금천구,
2018,7,28,토요일,17,경상사고,0,0,1,0,17,남,데이터오류,,승용,사업용,승용,일직선사고,맑음,주간,차대차,추돌(진행중),안전운전불이행,특별광역시도,시흥사거리,37.4547138,126.9005358,금천구,
2019,1,19,토요일,13,중상사고,0,1,0,0,51,남,15년이상,,화물,사업용,보행자,보행횡단사고,맑음,주간,차대사람,횡단중,안전운전불이행,특별광역시도,시흥사거리,37.4547138,126.9005358,금천구,
2019,8,1,목요일,22,중상사고,0,1,0,0,59,남,15년이상,,승용,사업용,이륜,기타사고,맑음,심야,차대차,차대차-기타,안전운전불이행,특별광역시도,시흥사거리,37.4547138,126.9005358,금천구,
2019,9,17,화요일,15,중상사고,0,1,0,0,47,남,15년이상,,승용,비사업용,이륜,기타사고,맑음,주간,차대차,차대차-기타,안전운전불이행,특별광역시도,시흥사거리,37.4547138,126.9005358,금천구,
2019,10,31,목요일,21,경상사고,0,0,1,0,50,여,15년이상,,승용,비사업용,보행자,기타사고,맑음,심야,차대사람,길가장자리구역통행중,안전운전불이행,특별광역시도,시흥사거리,37.4547138,126.9005358,금천구,
2017,5,31,수요일,18,경상사고,0,0,1,0,47,남,4년미만,,승용,비사업용,보행자,진입회전사고,맑음,출퇴근,차대사람,횡단중,신호위반,특별광역시도,시흥사거리,37.4547138,126.9005358,금천구,
2018,7,24,화요일,20,중상사고,0,1,0,0,37,남,15년이상,,화물,비사업용,화물,진입회전사고,맑음,출퇴근,차대차,측면직각충돌,안전운전불이행,특별광역시도,시흥사거리,37.4547138,126.9005358,금천구,
2018,12,19,수요일,0,경상사고,0,0,1,0,18,남,1년미만,,이륜,기타,보행자,진입회전사고,맑음,심야,차대사람,횡단중,신호위반,특별광역시도,시흥사거리,37.4547138,126.9005358,금천구,
2019,3,14,목요일,18,경상사고,0,0,2,0,53,남,15년미만,,승용,비사업용,이륜,기타사고,맑음,출퇴근,차대차,차대차-기타,안전거리미확보,특별광역시도,시흥사거리,37.4547138,126.9005358,금천구,
2019,5,1,수요일,19,경상사고,0,0,2,0,21,남,3년미만,,이륜,데이터오류,보행자,진입회전사고,맑음,출퇴근,차대사람,횡단중,신호위반,특별광역시도,시흥사거리,37.4547138,126.9005358,금천구,
2019,8,29,목요일,18,경상사고,0,0,1,0,40,남,4년미만,0,승합,비사업용,화물,일직선사고,맑음,출퇴근,차대차,추돌(진행중),안전운전불이행,특별광역시도,시흥사거리,37.4547138,126.9005358,금천구,
2019,10,15,화요일,9,경상사고,0,0,1,0,46,여,15년미만,,승용,비사업용,자전거,진입회전사고,맑음,주간,차대차,측면직각충돌,신호위반,특별광역시도,시흥사거리,37.4547138,126.9005358,금천구,
2017,1,7,토요일,12,중상사고,0,1,0,0,35,여,15년이상,,승용,비사업용,보행자,기타사고,맑음,주간,차대사람,차대사람-기타,안전운전불이행,특별광역시도,시흥사거리,37.4547138,126.9005358,금천구,
2017,1,14,토요일,17,경상사고,0,0,1,0,52,남,10년미만,,승합,기타,보행자,기타사고,맑음,주간,차대사람,차대사람-기타,안전운전불이행,특별광역시도,시흥사거리,37.4547138,126.9005358,금천구,
2017,4,12,수요일,15,경상사고,0,0,1,0,46,남,15년이상,,승용,비사업용,보행자,기타사고,맑음,주간,차대사람,차대사람-기타,안전운전불이행,특별광역시도,시흥사거리,37.4547138,126.9005358,금천구,
2017,5,23,화요일,8,경상사고,0,0,1,0,73,남,15년이상,,화물,사업용,보행자,보행횡단사고,맑음,출퇴근,차대사람,횡단중,안전운전불이행,특별광역시도,시흥사거리,37.4547138,126.9005358,금천구,
2017,8,9,수요일,12,부상사고,0,0,0,1,51,남,15년이상,,화물,비사업용,원동기,진입회전사고,맑음,주간,차대차,측면직각충돌,안전운전불이행,특별광역시도,시흥사거리,37.4547138,126.9005358,금천구,
2017,9,21,목요일,14,중상사고,0,1,0,0,36,여,15년미만,,승용,비사업용,보행자,기타사고,맑음,주간,차대사람,차대사람-기타,안전운전불이행,기타,시흥사거리,37.4547138,126.9005358,금천구,
2017,12,9,토요일,18,중상사고,0,1,0,0,20,남,1년미만,,이륜,기타,보행자,기타사고,맑음,출퇴근,차대사람,차대사람-기타,보행자보호의무위반,특별광역시도,시흥사거리,37.4547138,126.9005358,금천구,
2018,1,11,목요일,2,경상사고,0,0,1,0,63,남,15년이상,,승용,사업용,보행자,일직선사고,기타,심야,차대사람,차도통행중,중앙선침범,특별광역시도,시흥사거리,37.4547138,126.9005358,금천구,
2018,2,26,월요일,18,경상사고,0,0,2,0,48,남,15년이상,,화물,비사업용,화물,일직선사고,맑음,출퇴근,차대차,추돌(진행중),안전운전불이행,특별광역시도,시흥사거리,37.4547138,126.9005358,금천구,
2018,3,4,일요일,22,중상사고,0,1,0,0,58,남,15년이상,,승용,사업용,이륜,일직선사고,비,심야,차대차,차대차-기타,중앙선침범,특별광역시도,시흥사거리,37.4547138,126.9005358,금천구,
2018,6,2,토요일,19,중상사고,0,1,0,0,69,남,15년이상,,승용,사업용,이륜,진입회전사고,맑음,출퇴근,차대차,측면직각충돌,기타,특별광역시도,시흥사거리,37.4547138,126.9005358,금천구,
2018,7,18,수요일,23,중상사고,0,1,0,0,23,남,10년미만,,이륜,기타,보행자,보행횡단사고,맑음,심야,차대사람,횡단중,안전운전불이행,특별광역시도,시흥사거리,37.4547138,126.9005358,금천구,
2018,12,8,토요일,22,경상사고,0,0,1,0,54,여,15년이상,,승용,비사업용,보행자,기타사고,맑음,심야,차대사람,차대사람-기타,안전운전불이행,특별광역시도,시흥사거리,37.4547138,126.9005358,금천구,
2019,1,7,월요일,15,중상사고,0,1,0,0,43,남,15년미만,,승용,비사업용,보행자,기타사고,맑음,주간,차대사람,차대사람-기타,안전운전불이행,특별광역시도,시흥사거리,37.4547138,126.9005358,금천구,
2019,2,13,수요일,20,경상사고,0,0,1,0,57,남,15년이상,,승용,사업용,보행자,기타사고,맑음,출퇴근,차대사람,차대사람-기타,안전운전불이행,특별광역시도,시흥사거리,37.4547138,126.9005358,금천구,
2019,2,28,목요일,20,중상사고,0,1,0,0,17,남,1년미만,,이륜,데이터오류,보행자,기타사고,맑음,출퇴근,차대사람,차대사람-기타,안전운전불이행,특별광역시도,시흥사거리,37.4547138,126.9005358,금천구,
2019,3,1,금요일,20,경상사고,0,0,1,0,25,남,10년미만,,승용,비사업용,보행자,기타사고,맑음,출퇴근,차대사람,차대사람-기타,기타,특별광역시도,시흥사거리,37.4547138,126.9005358,금천구,
2019,10,21,월요일,22,경상사고,0,0,1,0,27,남,2년미만,,이륜,데이터오류,기타,기타사고,맑음,심야,차량단독,차량단독-기타,안전운전불이행,특별광역시도,시흥사거리,37.4547138,126.9005358,금천구,
2017,3,9,목요일,3,부상사고,0,0,0,1,46,남,15년이상,,승용,비사업용,기타,기타사고,맑음,심야,차대차,차대차-기타,안전운전불이행,고속국도,시흥사거리,37.4547138,126.9005358,금천구,
2017,4,6,목요일,8,중상사고,0,3,0,0,48,여,15년이상,,승합,비사업용,보행자,진입회전사고,비,출퇴근,차대차,측면직각충돌,신호위반,특별광역시도,시흥사거리,37.4547138,126.9005358,금천구,
2017,5,14,일요일,21,경상사고,0,0,1,0,23,남,15년이상,,이륜,기타,보행자,보행횡단사고,맑음,심야,차대사람,보도통행중,데이터없음,특별광역시도,시흥사거리,37.4547138,126.9005358,금천구,
2017,6,29,목요일,21,중상사고,0,1,0,0,52,남,2년미만,,승용,비사업용,이륜,일직선사고,맑음,심야,차대차,추돌(진행중),안전운전불이행,특별광역시도,시흥사거리,37.4547138,126.9005358,금천구,
2017,7,18,화요일,14,경상사고,0,0,1,0,69,남,15년이상,,승합,사업용,이륜,일직선사고,맑음,주간,차대차,차대차-기타,중앙선침범,특별광역시도,시흥사거리,37.4547138,126.9005358,금천구,
2017,8,17,목요일,12,경상사고,0,0,1,0,59,남,15년이상,,승용,사업용,자전거,진입회전사고,맑음,주간,차대차,측면직각충돌,데이터없음,특별광역시도,시흥사거리,37.4547138,126.9005358,금천구,
2017,12,2,토요일,16,경상사고,0,0,2,0,33,남,데이터오류,0,승용,비사업용,승용,진입회전사고,맑음,주간,차대차,측면직각충돌,안전운전불이행,특별광역시도,시흥사거리,37.4547138,126.9005358,금천구,
2018,3,29,목요일,12,경상사고,0,0,1,0,69,남,15년이상,,승합,비사업용,이륜,진입회전사고,맑음,주간,차대차,측면직각충돌,신호위반,특별광역시도,시흥사거리,37.4547138,126.9005358,금천구,
2018,5,23,수요일,16,경상사고,0,0,5,0,34,여,2년미만,,승용,비사업용,승용,진입회전사고,맑음,주간,차대차,측면직각충돌,안전운전불이행,특별광역시도,시흥사거리,37.4547138,126.9005358,금천구,
2018,5,2,수요일,20,중상사고,0,1,0,0,52,남,15년이상,,승용,사업용,보행자,진입회전사고,비,출퇴근,차대사람,횡단중,신호위반,특별광역시도,시흥사거리,37.4547138,126.9005358,금천구,
2018,9,19,수요일,2,경상사고,0,0,3,0,66,남,15년이상,,승용,사업용,승용,진입회전사고,맑음,심야,차대차,측면직각충돌,신호위반,특별광역시도,시흥사거리,37.4547138,126.9005358,금천구,
2018,11,4,일요일,14,경상사고,0,0,2,0,50,남,15년이상,,승용,사업용,승용,진입회전사고,맑음,주간,차대차,측면직각충돌,안전운전불이행,특별광역시도,시흥사거리,37.4547138,126.9005358,금천구,
2018,11,30,금요일,21,경상사고,0,0,1,0,64,여,15년이상,,승용,비사업용,승용,진입회전사고,맑음,심야,차대차,측면직각충돌,신호위반,특별광역시도,시흥사거리,37.4547138,126.9005358,금천구,
2018,12,27,목요일,0,중상사고,0,1,0,0,35,여,15년미만,,승용,비사업용,이륜,진입회전사고,맑음,심야,차대차,측면직각충돌,안전운전불이행,특별광역시도,시흥사거리,37.4547138,126.9005358,금천구,
2019,2,14,목요일,8,경상사고,0,0,1,0,66,남,15년이상,,승용,사업용,자전거,진입회전사고,맑음,출퇴근,차대차,측면직각충돌,신호위반,특별광역시도,시흥사거리,37.4547138,126.9005358,금천구,
2019,4,21,일요일,15,경상사고,0,0,3,0,65,남,10년미만,,승용,사업용,승용,진입회전사고,맑음,주간,차대차,측면직각충돌,신호위반,특별광역시도,시흥사거리,37.4547138,126.9005358,금천구,
2019,6,22,토요일,20,경상사고,0,0,1,0,17,남,2년미만,,이륜,데이터오류,보행자,기타사고,맑음,출퇴근,차대사람,차대사람-기타,안전운전불이행,특별광역시도,시흥사거리,37.4547138,126.9005358,금천구,
2019,9,12,목요일,15,경상사고,0,0,1,0,53,남,15년이상,,승합,사업용,기타,기타사고,맑음,주간,차량단독,차량단독-기타,안전운전불이행,특별광역시도,시흥사거리,37.4547138,126.9005358,금천구,
2017,2,21,화요일,15,경상사고,0,0,1,0,56,남,15년이상,,승용,사업용,이륜,기타사고,맑음,주간,차대차,차대차-기타,데이터없음,특별광역시도,한양수자인아파트,37.478345,127.113784,금천구,
2017,4,16,일요일,22,경상사고,0,0,1,0,60,남,15년미만,,승합,사업용,기타,기타사고,맑음,심야,차량단독,차량단독-기타,데이터없음,특별광역시도,한양수자인아파트,37.478345,127.113784,금천구,
2017,4,19,수요일,23,중상사고,0,1,0,0,52,남,15년이상,,승합,사업용,보행자,기타사고,맑음,심야,차대사람,차대사람-기타,안전운전불이행,특별광역시도,한양수자인아파트,37.478345,127.113784,금천구,
2017,5,9,화요일,21,경상사고,0,0,2,0,64,남,15년이상,,승용,비사업용,승용,진입회전사고,흐림,심야,차대차,측면직각충돌,안전운전불이행,특별광역시도,한양수자인아파트,37.478345,127.113784,금천구,
2017,8,18,금요일,21,경상사고,0,0,2,0,45,남,15년미만,,승합,사업용,승합,진입회전사고,맑음,심야,차대차,측면직각충돌,신호위반,특별광역시도,한양수자인아파트,37.478345,127.113784,금천구,
2017,9,29,금요일,5,경상사고,0,0,1,0,66,남,10년미만,,승용,사업용,승용,기타사고,맑음,새벽,차대차,차대차-기타,안전운전불이행,특별광역시도,한양수자인아파트,37.478345,127.113784,금천구,
2017,10,27,금요일,0,경상사고,0,0,2,0,57,남,15년이상,,승용,사업용,승합,진입회전사고,기타,심야,차대차,측면직각충돌,신호위반,특별광역시도,한양수자인아파트,37.478345,127.113784,금천구,
2017,10,13,금요일,9,중상사고,0,1,0,0,60,남,15년이상,,승용,사업용,이륜,진입회전사고,맑음,주간,차대차,측면직각충돌,안전운전불이행,특별광역시도,한양수자인아파트,37.478345,127.113784,금천구,
2017,11,12,일요일,2,중상사고,0,1,0,0,40,남,15년이상,0,승용,비사업용,보행자,기타사고,기타,심야,차대사람,차도통행중,안전운전불이행,특별광역시도,한양수자인아파트,37.478345,127.113784,금천구,
2017,11,25,토요일,2,부상사고,0,0,0,1,불명,불명,데이터오류,,기타,데이터오류,기타,기타사고,맑음,심야,차대사람,차대사람-기타,안전운전불이행,특별광역시도,한양수자인아파트,37.478345,127.113784,금천구,
2017,12,14,목요일,6,경상사고,0,0,2,0,23,남,4년미만,,승용,비사업용,승합,진입회전사고,맑음,새벽,차대차,측면직각충돌,안전운전불이행,특별광역시도,한양수자인아파트,37.478345,127.113784,금천구,
2017,12,24,일요일,10,경상사고,0,0,1,0,79,남,15년이상,,승용,사업용,원동기,일직선사고,맑음,주간,차대차,추돌(진행중),데이터없음,특별광역시도,한양수자인아파트,37.478345,127.113784,금천구,
2018,1,8,월요일,16,중상사고,0,1,0,0,68,남,15년이상,,승용,사업용,기타,기타사고,맑음,주간,차량단독,차량단독-기타,기타,특별광역시도,한양수자인아파트,37.478345,127.113784,금천구,
2018,2,13,화요일,9,중상사고,0,1,4,0,60,남,15년이상,,승합,사업용,승합,진입회전사고,맑음,주간,차대차,측면직각충돌,안전거리미확보,특별광역시도,한양수자인아파트,37.478345,127.113784,금천구,
2018,3,14,수요일,8,경상사고,0,0,2,0,34,남,15년이상,,승용,비사업용,승용,일직선사고,맑음,출퇴근,차대차,추돌(진행중),안전운전불이행,특별광역시도,한양수자인아파트,37.478345,127.113784,금천구,
2018,7,14,토요일,23,경상사고,0,0,1,0,25,남,15년이상,,이륜,기타,이륜,진입회전사고,맑음,심야,차대차,추돌(진행중),신호위반,특별광역시도,한양수자인아파트,37.478345,127.113784,금천구,
2018,8,24,금요일,22,경상사고,0,0,1,0,62,남,15년이상,,승용,사업용,이륜,진입회전사고,맑음,심야,차대차,측면직각충돌,안전거리미확보,특별광역시도,한양수자인아파트,37.478345,127.113784,금천구,
2019,1,15,화요일,10,경상사고,0,0,2,0,34,남,15년이상,,승용,비사업용,이륜,기타사고,맑음,주간,차대차,차대차-기타,안전거리미확보,특별광역시도,한양수자인아파트,37.478345,127.113784,금천구,
2019,2,26,화요일,18,경상사고,0,0,2,0,38,여,15년미만,,승용,사업용,승합,진입회전사고,맑음,출퇴근,차대차,측면직각충돌,안전운전불이행,특별광역시도,한양수자인아파트,37.478345,127.113784,금천구,
2019,4,17,수요일,8,경상사고,0,0,1,0,불명,불명,데이터오류,,기타,데이터오류,기타,기타사고,맑음,출퇴근,차대사람,차대사람-기타,안전운전불이행,특별광역시도,한양수자인아파트,37.478345,127.113784,금천구,
2019,4,6,토요일,17,경상사고,0,0,1,0,35,남,10년미만,,승용,비사업용,승합,진입회전사고,맑음,주간,차대차,차대차-기타,신호위반,특별광역시도,한양수자인아파트,37.478345,127.113784,금천구,
2019,4,3,수요일,22,중상사고,0,1,0,0,57,남,15년이상,,승용,사업용,보행자,기타사고,맑음,심야,차대사람,차대사람-기타,안전운전불이행,특별광역시도,한양수자인아파트,37.478345,127.113784,금천구,
2019,7,2,화요일,11,부상사고,0,0,0,1,60,남,15년이상,,승합,사업용,이륜,일직선사고,맑음,주간,차대차,정면충돌,안전운전불이행,특별광역시도,한양수자인아파트,37.478345,127.113784,금천구,
2019,8,2,금요일,11,부상사고,0,0,0,1,41,여,3년미만,,승용,비사업용,이륜,진입회전사고,맑음,주간,차대차,측면직각충돌,신호위반,특별광역시도,한양수자인아파트,37.478345,127.113784,금천구,
2019,10,18,금요일,10,경상사고,0,0,2,0,61,남,15년이상,,승용,사업용,이륜,진입회전사고,맑음,주간,차대차,측면직각충돌,안전운전불이행,특별광역시도,한양수자인아파트,37.478345,127.113784,금천구,
2019,10,2,수요일,11,중상사고,0,1,0,0,64,남,15년이상,,화물,비사업용,이륜,진입회전사고,맑음,주간,차대차,차대차-기타,신호위반,특별광역시도,한양수자인아파트,37.478345,127.113784,금천구,
2017,1,10,화요일,19,경상사고,0,0,1,0,36,남,15년이상,,승용,비사업용,보행자,진입회전사고,맑음,출퇴근,차대사람,횡단중,신호위반,특별광역시도,현대지식산업센터삼거리,37.469824,126.89589,금천구,
2017,5,12,금요일,1,경상사고,0,0,1,0,45,남,3년미만,,승용,비사업용,보행자,기타사고,맑음,심야,차대사람,차대사람-기타,안전운전불이행,특별광역시도,현대지식산업센터삼거리,37.469824,126.89589,금천구,
2017,5,19,금요일,1,중상사고,0,1,0,0,42,남,15년이상,,승합,사업용,보행자,기타사고,맑음,심야,차대사람,차대사람-기타,안전운전불이행,특별광역시도,현대지식산업센터삼거리,37.469824,126.89589,금천구,
2017,6,15,목요일,20,중상사고,0,1,0,0,42,남,15년이상,,이륜,기타,이륜,기타사고,맑음,출퇴근,차대차,차대차-기타,안전운전불이행,특별광역시도,현대지식산업센터삼거리,37.469824,126.89589,금천구,
2017,8,1,화요일,17,중상사고,0,1,0,0,59,남,10년미만,,승용,비사업용,보행자,진입회전사고,맑음,주간,차대사람,횡단중,신호위반,특별광역시도,현대지식산업센터삼거리,37.469824,126.89589,금천구,
2017,9,2,토요일,18,경상사고,0,0,1,0,56,남,15년이상,,화물,비사업용,이륜,진입회전사고,맑음,출퇴근,차대차,측면직각충돌,데이터없음,특별광역시도,현대지식산업센터삼거리,37.469824,126.89589,금천구,
2017,9,9,토요일,21,중상사고,0,1,0,0,50,남,3년미만,,화물,비사업용,보행자,기타사고,맑음,심야,차대사람,차도통행중,안전운전불이행,특별광역시도,현대지식산업센터삼거리,37.469824,126.89589,금천구,
2017,10,25,수요일,21,경상사고,0,0,1,0,54,남,15년이상,,승용,사업용,승용,기타사고,맑음,심야,차대차,차대차-기타,안전운전불이행,특별광역시도,현대지식산업센터삼거리,37.469824,126.89589,금천구,
2018,1,7,일요일,3,경상사고,0,0,1,0,70,남,15년이상,,승용,사업용,이륜,일직선사고,맑음,심야,차대차,추돌(진행중),안전거리미확보,특별광역시도,현대지식산업센터삼거리,37.469824,126.89589,금천구,
2018,2,5,월요일,22,경상사고,0,0,3,0,40,남,10년미만,0,승용,비사업용,승합,일직선사고,맑음,심야,차대차,추돌(진행중),안전운전불이행,특별광역시도,현대지식산업센터삼거리,37.469824,126.89589,금천구,
2018,3,31,토요일,5,경상사고,0,0,1,0,53,남,15년이상,,승용,사업용,이륜,진입회전사고,맑음,새벽,차대차,측면직각충돌,기타,특별광역시도,현대지식산업센터삼거리,37.469824,126.89589,금천구,
2018,4,26,목요일,18,경상사고,0,0,1,0,47,남,15년미만,,이륜,기타,보행자,기타사고,맑음,출퇴근,차대사람,차대사람-기타,안전운전불이행,특별광역시도,현대지식산업센터삼거리,37.469824,126.89589,금천구,
2018,10,13,토요일,5,경상사고,0,0,1,0,61,남,15년이상,,승용,비사업용,보행자,보행횡단사고,맑음,새벽,차대사람,횡단중,보행자보호의무위반,특별광역시도,현대지식산업센터삼거리,37.469824,126.89589,금천구,
2018,10,7,일요일,17,중상사고,0,1,0,0,71,남,15년이상,,승용,사업용,이륜,진입회전사고,맑음,주간,차대차,측면직각충돌,안전운전불이행,특별광역시도,현대지식산업센터삼거리,37.469824,126.89589,금천구,
2018,12,19,수요일,18,중상사고,0,1,0,0,45,남,1년미만,,승용,비사업용,이륜,진입회전사고,맑음,출퇴근,차대차,측면직각충돌,안전운전불이행,특별광역시도,현대지식산업센터삼거리,37.469824,126.89589,금천구,
2019,5,2,목요일,17,경상사고,0,0,1,0,56,남,15년이상,,승용,비사업용,승합,기타사고,맑음,주간,차대차,차대차-기타,안전운전불이행,특별광역시도,현대지식산업센터삼거리,37.469824,126.89589,금천구,
2019,6,12,수요일,23,경상사고,0,0,1,0,50,남,1년미만,,화물,비사업용,화물,진입회전사고,맑음,심야,차대차,측면직각충돌,안전운전불이행,특별광역시도,현대지식산업센터삼거리,37.469824,126.89589,금천구,
2019,9,22,일요일,2,중상사고,0,1,0,0,19,남,1년미만,,이륜,데이터오류,보행자,보행횡단사고,흐림,심야,차대사람,횡단중,안전운전불이행,특별광역시도,현대지식산업센터삼거리,37.469824,126.89589,금천구,
2019,9,20,금요일,19,경상사고,0,0,2,0,38,남,15년미만,,승용,비사업용,이륜,진입회전사고,맑음,출퇴근,차대차,측면직각충돌,신호위반,특별광역시도,현대지식산업센터삼거리,37.469824,126.89589,금천구,
2019,10,6,일요일,12,경상사고,0,0,1,0,39,남,15년이상,,이륜,데이터오류,보행자,기타사고,맑음,주간,차대사람,차대사람-기타,안전운전불이행,특별광역시도,현대지식산업센터삼거리,37.469824,126.89589,금천구,
2019,10,21,월요일,15,경상사고,0,0,1,0,36,여,15년이상,,승용,비사업용,이륜,진입회전사고,맑음,주간,차대차,측면직각충돌,신호위반,특별광역시도,현대지식산업센터삼거리,37.469824,126.89589,금천구,
2019,11,10,일요일,19,경상사고,0,0,3,0,30,남,15년미만,,승용,비사업용,승용,기타사고,맑음,출퇴근,차대차,차대차-기타,안전거리미확보,특별광역시도,현대지식산업센터삼거리,37.469824,126.89589,금천구,