년도,월,일,요일,시각,사고등급,사망자수,중상자수,경상자수,부상자수,연령,성별,경력,음주,종별,용도,관련자2,사고형태,기상상태,일광상태,사고유형1,사고유형2,법규위반,도로종류,지점명,위도,경도,자치구,
2019,12,30,월요일,7,중상사고,0,1,0,0,54,여,15년이상,,승용,비사업용,이륜,진입회전사고,맑음,출퇴근,차대차,측면직각충돌,안전운전불이행,특별광역시도,현대지식산업센터삼거리,37.469824,126.89589,금천구,
2017,1,27,금요일,7,부상사고,0,0,0,1,36,남,15년미만,,승용,비사업용,기타,진입회전사고,맑음,출퇴근,차대차,측면직각충돌,차로위반,특별광역시도,현대지식산업센터삼거리,37.469824,126.89589,금천구,
2017,1,23,월요일,22,경상사고,0,0,1,1,53,남,15년이상,,승합,비사업용,보행자,기타사고,맑음,심야,차대사람,차도통행중,안전운전불이행,특별광역시도,현대지식산업센터삼거리,37.469824,126.89589,금천구,
2017,2,24,금요일,1,경상사고,0,0,3,0,37,남,2년미만,,승용,비사업용,보행자,보행횡단사고,맑음,심야,차대사람,횡단중,안전운전불이행,특별광역시도,현대지식산업센터삼거리,37.469824,126.89589,금천구,
2017,4,10,월요일,9,경상사고,0,0,2,1,43,남,15년이상,,승용,비사업용,승용,진입회전사고,맑음,주간,차대차,측면직각충돌,안전운전불이행,특별광역시도,현대지식산업센터삼거리,37.469824,126.89589,금천구,
2017,8,25,금요일,18,경상사고,0,0,1,0,59,남,15년이상,,승용,사업용,이륜,진입회전사고,맑음,출퇴근,차대차,측면직각충돌,안전운전불이행,특별광역시도,현대지식산업센터삼거리,37.469824,126.89589,금천구,
2018,1,9,화요일,23,경상사고,0,0,1,0,43,남,15년이상,,승합,비사업용,보행자,기타사고,흐림,심야,차대사람,차대사람-기타,안전운전불이행,특별광역시도,현대지식산업센터삼거리,37.469824,126.89589,금천구,
2018,5,7,월요일,14,경상사고,0,0,1,0,51,남,15년이상,,승합,비사업용,이륜,기타사고,맑음,주간,차대차,차대차-기타,기타,특별광역시도,현대지식산업센터삼거리,37.469824,126.89589,금천구,
2018,5,3,목요일,17,중상사고,0,1,0,0,59,남,15년미만,,승용,비사업용,이륜,기타사고,맑음,주간,차대차,차대차-기타,기타,특별광역시도,현대지식산업센터삼거리,37.469824,126.89589,금천구,
2018,11,17,토요일,20,중상사고,0,2,0,0,63,여,15년이상,,승용,비사업용,보행자,보행횡단사고,맑음,출퇴근,차대사람,횡단중,안전운전불이행,특별광역시도,현대지식산업센터삼거리,37.469824,126.89589,금천구,
2018,12,9,일요일,5,중상사고,0,1,0,0,55,남,15년이상,,승용,비사업용,보행자,보행횡단사고,맑음,새벽,차대사람,횡단중,안전운전불이행,특별광역시도,현대지식산업센터삼거리,37.469824,126.89589,금천구,
2019,1,5,토요일,3,경상사고,0,0,1,0,65,남,15년이상,,승용,사업용,보행자,보행횡단사고,맑음,심야,차대사람,횡단중,안전운전불이행,특별광역시도,현대지식산업센터삼거리,37.469824,126.89589,금천구,
2019,2,20,수요일,0,경상사고,0,0,1,0,59,남,15년이상,,승용,비사업용,보행자,보행횡단사고,맑음,심야,차대사람,횡단중,안전운전불이행,특별광역시도,현대지식산업센터삼거리,37.469824,126.89589,금천구,
2019,2,23,토요일,5,중상사고,0,1,0,0,45,남,15년이상,,화물,비사업용,보행자,보행횡단사고,맑음,새벽,차대사람,횡단중,안전운전불이행,특별광역시도,현대지식산업센터삼거리,37.469824,126.89589,금천구,
2019,6,8,토요일,3,경상사고,0,0,1,0,46,여,15년미만,,승용,비사업용,보행자,기타사고,맑음,심야,차대사람,차대사람-기타,안전운전불이행,특별광역시도,현대지식산업센터삼거리,37.469824,126.89589,금천구,
2019,8,14,수요일,9,부상사고,0,0,0,1,69,남,15년이상,,승용,비사업용,승용,일직선사고,맑음,주간,차대차,추돌(진행중),안전운전불이행,특별광역시도,현대지식산업센터삼거리,37.469824,126.89589,금천구,
2017,3,18,토요일,20,부상사고,0,0,0,1,55,남,15년이상,,승용,사업용,이륜,진입회전사고,맑음,출퇴근,차대차,측면직각충돌,신호위반,특별광역시도,호정타워아파트삼거리,37.4611296,126.9002301,금천구,
2017,5,15,월요일,8,중상사고,0,1,4,0,45,남,10년미만,,승합,비사업용,승합,진입회전사고,맑음,출퇴근,차대차,측면직각충돌,신호위반,특별광역시도,호정타워아파트삼거리,37.4611296,126.9002301,금천구,
2017,7,23,일요일,10,경상사고,0,0,1,0,59,남,15년이상,,승합,비사업용,승합,일직선사고,비,주간,차대차,추돌(진행중),안전운전불이행,특별광역시도,호정타워아파트삼거리,37.4611296,126.9002301,금천구,
2017,9,18,월요일,15,경상사고,0,0,1,0,56,남,15년이상,,화물,비사업용,이륜,진입회전사고,맑음,주간,차대차,측면직각충돌,신호위반,특별광역시도,호정타워아파트삼거리,37.4611296,126.9002301,금천구,
2017,9,22,금요일,23,경상사고,0,0,1,0,65,남,15년이상,,승용,사업용,이륜,진입회전사고,맑음,심야,차대차,측면직각충돌,안전운전불이행,특별광역시도,호정타워아파트삼거리,37.4611296,126.9002301,금천구,
2018,2,4,일요일,6,경상사고,0,0,1,0,58,남,10년미만,,승용,사업용,승용,진입회전사고,맑음,새벽,차대차,측면직각충돌,신호위반,특별광역시도,호정타워아파트삼거리,37.4611296,126.9002301,금천구,
2018,3,10,토요일,20,중상사고,0,1,0,0,57,남,15년이상,,승합,사업용,승합,진입회전사고,맑음,출퇴근,차대차,측면직각충돌,신호위반,특별광역시도,호정타워아파트삼거리,37.4611296,126.9002301,금천구,
2018,3,23,금요일,22,중상사고,0,1,0,0,54,여,15년이상,,승용,비사업용,이륜,진입회전사고,맑음,심야,차대차,측면직각충돌,신호위반,특별광역시도,호정타워아파트삼거리,37.4611296,126.9002301,금천구,
2018,5,9,수요일,8,경상사고,0,0,1,0,35,남,5년미만,,승용,비사업용,승용,진입회전사고,맑음,출퇴근,차대차,측면직각충돌,신호위반,특별광역시도,호정타워아파트삼거리,37.4611296,126.9002301,금천구,
2018,5,2,수요일,18,경상사고,0,0,4,0,70,남,15년이상,,승합,사업용,승합,진입회전사고,비,출퇴근,차대차,측면직각충돌,신호위반,특별광역시도,호정타워아파트삼거리,37.4611296,126.9002301,금천구,
2018,7,20,금요일,9,경상사고,0,0,1,1,63,남,15년이상,,승합,비사업용,승합,진입회전사고,맑음,주간,차대차,측면직각충돌,차로위반,특별광역시도,호정타워아파트삼거리,37.4611296,126.9002301,금천구,
2018,7,12,목요일,17,경상사고,0,0,3,0,71,남,15년이상,,승용,비사업용,승용,진입회전사고,맑음,주간,차대차,측면직각충돌,신호위반,특별광역시도,호정타워아파트삼거리,37.4611296,126.9002301,금천구,
2018,7,23,월요일,19,경상사고,0,0,3,0,57,남,15년이상,,승합,사업용,승합,진입회전사고,맑음,출퇴근,차대차,측면직각충돌,신호위반,특별광역시도,호정타워아파트삼거리,37.4611296,126.9002301,금천구,
2018,9,1,토요일,7,경상사고,0,0,1,0,48,남,15년이상,,승용,비사업용,건설기계,진입회전사고,맑음,출퇴근,차대차,측면직각충돌,안전운전불이행,특별광역시도,호정타워아파트삼거리,37.4611296,126.9002301,금천구,
2018,11,11,일요일,17,중상사고,0,14,24,2,53,남,15년이상,,승합,사업용,승합,진입회전사고,맑음,주간,차대차,측면직각충돌,신호위반,특별광역시도,호정타워아파트삼거리,37.4611296,126.9002301,금천구,
2019,3,17,일요일,6,경상사고,0,0,2,0,48,남,15년이상,0,화물,비사업용,화물,일직선사고,맑음,새벽,차대차,추돌(진행중),안전거리미확보,특별광역시도,호정타워아파트삼거리,37.4611296,126.9002301,금천구,
2019,5,13,월요일,5,경상사고,0,0,1,0,39,남,15년미만,,화물,사업용,자전거,진입회전사고,맑음,새벽,차대차,측면직각충돌,신호위반,특별광역시도,호정타워아파트삼거리,37.4611296,126.9002301,금천구,
2019,7,3,수요일,21,경상사고,0,0,1,1,51,남,15년이상,,이륜,데이터오류,이륜,진입회전사고,맑음,심야,차대차,측면직각충돌,신호위반,특별광역시도,호정타워아파트삼거리,37.4611296,126.9002301,금천구,
2019,9,15,일요일,10,중상사고,0,1,1,0,69,남,15년이상,,승용,비사업용,이륜,일직선사고,맑음,주간,차대차,추돌(진행중),안전거리미확보,특별광역시도,호정타워아파트삼거리,37.4611296,126.9002301,금천구,
2019,10,30,수요일,11,경상사고,0,0,2,1,58,남,15년이상,,승합,사업용,자전거,진입회전사고,맑음,주간,차대차,측면직각충돌,신호위반,특별광역시도,호정타워아파트삼거리,37.4611296,126.9002301,금천구,
2017,5,23,화요일,6,중상사고,0,3,6,0,55,남,15년이상,,승용,비사업용,승합,진입회전사고,맑음,새벽,차대차,측면직각충돌,신호위반,특별광역시도,홈플러스삼거리,37.4695138,126.6891949,금천구,
2017,5,24,수요일,19,중상사고,0,1,3,0,57,남,10년미만,,승용,비사업용,승합,진입회전사고,맑음,출퇴근,차대차,측면직각충돌,신호위반,특별광역시도,홈플러스삼거리,37.4695138,126.6891949,금천구,
2017,7,5,수요일,10,경상사고,0,0,1,0,62,남,15년이상,,승합,사업용,승합,진입회전사고,맑음,주간,차대차,측면직각충돌,안전운전불이행,특별광역시도,홈플러스삼거리,37.4695138,126.6891949,금천구,
2017,9,14,목요일,12,중상사고,0,1,1,0,73,남,15년이상,,승용,사업용,이륜,진입회전사고,맑음,주간,차대차,측면직각충돌,신호위반,특별광역시도,홈플러스삼거리,37.4695138,126.6891949,금천구,
2017,9,30,토요일,16,경상사고,0,0,1,0,32,남,15년이상,,승용,비사업용,승용,일직선사고,맑음,주간,차대차,추돌(진행중),안전운전불이행,특별광역시도,홈플러스삼거리,37.4695138,126.6891949,금천구,
2017,11,17,금요일,23,중상사고,0,1,0,0,25,남,10년미만,,승용,비사업용,승용,진입회전사고,맑음,심야,차대차,측면직각충돌,신호위반,특별광역시도,홈플러스삼거리,37.4695138,126.6891949,금천구,
2017,12,30,토요일,11,중상사고,0,1,0,0,46,남,15년이상,,승용,비사업용,이륜,진입회전사고,맑음,주간,차대차,측면직각충돌,중앙선침범,특별광역시도,홈플러스삼거리,37.4695138,126.6891949,금천구,
2018,1,23,화요일,12,경상사고,0,0,1,0,불명,불명,데이터오류,,기타,기타,기타,보행횡단사고,맑음,주간,차대사람,보도통행중,기타,특별광역시도,홈플러스삼거리,37.4695138,126.6891949,금천구,
2018,1,8,월요일,18,경상사고,0,0,1,0,48,남,1년미만,,화물,비사업용,이륜,진입회전사고,맑음,출퇴근,차대차,측면직각충돌,안전운전불이행,특별광역시도,홈플러스삼거리,37.4695138,126.6891949,금천구,
2018,3,20,화요일,23,경상사고,0,0,1,0,32,남,15년미만,0,승용,비사업용,승용,일직선사고,맑음,심야,차대차,추돌(진행중),안전운전불이행,특별광역시도,홈플러스삼거리,37.4695138,126.6891949,금천구,
2018,5,10,목요일,17,경상사고,0,0,1,0,49,남,15년이상,,승합,사업용,승합,진입회전사고,맑음,주간,차대차,측면직각충돌,신호위반,특별광역시도,홈플러스삼거리,37.4695138,126.6891949,금천구,
2018,5,12,토요일,17,경상사고,0,0,2,0,60,여,15년이상,,승합,사업용,승합,진입회전사고,비,주간,차대차,측면직각충돌,신호위반,특별광역시도,홈플러스삼거리,37.4695138,126.6891949,금천구,
2018,12,30,일요일,3,경상사고,0,0,1,0,25,남,15년이상,0,승용,비사업용,승용,진입회전사고,맑음,심야,차대차,측면직각충돌,안전운전불이행,특별광역시도,홈플러스삼거리,37.4695138,126.6891949,금천구,
2019,4,6,토요일,18,경상사고,0,0,1,0,55,남,15년이상,,승합,사업용,이륜,진입회전사고,맑음,출퇴근,차대차,측면직각충돌,신호위반,특별광역시도,홈플러스삼거리,37.4695138,126.6891949,금천구,
2019,7,2,화요일,10,경상사고,0,0,2,0,36,남,15년미만,,화물,비사업용,화물,진입회전사고,맑음,주간,차대차,측면직각충돌,안전거리미확보,특별광역시도,홈플러스삼거리,37.4695138,126.6891949,금천구,
2019,8,23,금요일,23,중상사고,0,1,0,0,71,남,15년이상,,승합,사업용,기타,기타사고,맑음,심야,차량단독,차량단독-기타,안전운전불이행,특별광역시도,홈플러스삼거리,37.4695138,126.6891949,금천구,
2019,9,17,화요일,15,부상사고,0,0,0,1,40,남,15년이상,,승용,비사업용,이륜,진입회전사고,맑음,주간,차대차,측면직각충돌,신호위반,특별광역시도,홈플러스삼거리,37.4695138,126.6891949,금천구,
2017,1,28,토요일,20,중상사고,0,1,1,0,57,남,15년이상,,승용,사업용,원동기,진입회전사고,맑음,출퇴근,차대차,측면직각충돌,신호위반,특별광역시도,공릉역사거리,37.6255848,127.0729864,노원구,
2017,3,2,목요일,18,경상사고,0,0,1,0,19,남,4년미만,,이륜,기타,이륜,기타사고,맑음,출퇴근,차대차,차대차-기타,안전운전불이행,특별광역시도,공릉역사거리,37.6255848,127.0729864,노원구,
2017,3,17,금요일,20,경상사고,0,0,2,0,60,여,15년이상,,승용,비사업용,승용,진입회전사고,맑음,출퇴근,차대차,측면직각충돌,교차로운행방법위반,특별광역시도,공릉역사거리,37.6255848,127.0729864,노원구,
2017,4,6,목요일,18,중상사고,0,1,0,0,63,남,15년이상,,승용,사업용,이륜,진입회전사고,흐림,출퇴근,차대차,측면직각충돌,안전운전불이행,특별광역시도,공릉역사거리,37.6255848,127.0729864,노원구,
2017,6,10,토요일,21,중상사고,0,1,0,0,47,남,15년이상,,승용,비사업용,보행자,보행횡단사고,맑음,심야,차대사람,횡단중,안전운전불이행,특별광역시도,공릉역사거리,37.6255848,127.0729864,노원구,
2017,7,18,화요일,3,경상사고,0,0,1,0,58,여,15년이상,,승용,사업용,승용,기타사고,비,심야,차대차,차대차-기타,안전운전불이행,특별광역시도,공릉역사거리,37.6255848,127.0729864,노원구,
2017,7,27,목요일,7,경상사고,0,0,1,0,51,남,4년미만,,승용,사업용,승용,진입회전사고,맑음,출퇴근,차대차,측면직각충돌,안전거리미확보,특별광역시도,공릉역사거리,37.6255848,127.0729864,노원구,
2017,7,7,금요일,9,경상사고,0,0,1,1,28,남,15년이상,0,승용,비사업용,승용,일직선사고,맑음,주간,차대차,추돌(진행중),안전운전불이행,특별광역시도,공릉역사거리,37.6255848,127.0729864,노원구,
2017,11,3,금요일,20,중상사고,0,1,0,0,55,남,15년이상,,승용,사업용,이륜,진입회전사고,맑음,출퇴근,차대차,측면직각충돌,신호위반,특별광역시도,공릉역사거리,37.6255848,127.0729864,노원구,
2018,3,15,목요일,21,경상사고,0,0,1,0,47,남,15년이상,,승용,비사업용,이륜,진입회전사고,맑음,심야,차대차,차대차-기타,신호위반,특별광역시도,공릉역사거리,37.6255848,127.0729864,노원구,
2018,5,14,월요일,21,경상사고,0,0,1,0,61,남,15년이상,,화물,비사업용,이륜,진입회전사고,맑음,심야,차대차,측면직각충돌,신호위반,특별광역시도,공릉역사거리,37.6255848,127.0729864,노원구,
2018,5,15,화요일,22,부상사고,0,0,0,1,32,남,10년미만,,승용,비사업용,이륜,일직선사고,흐림,심야,차대차,추돌(진행중),안전운전불이행,특별광역시도,공릉역사거리,37.6255848,127.0729864,노원구,
2018,6,27,수요일,4,경상사고,0,0,1,0,62,남,15년이상,,승용,비사업용,승용,진입회전사고,흐림,심야,차대차,측면직각충돌,교차로운행방법위반,특별광역시도,공릉역사거리,37.6255848,127.0729864,노원구,
2018,6,12,화요일,16,경상사고,0,0,1,0,71,남,15년미만,,승용,비사업용,이륜,진입회전사고,맑음,주간,차대차,측면직각충돌,안전운전불이행,특별광역시도,공릉역사거리,37.6255848,127.0729864,노원구,
2018,9,18,화요일,9,경상사고,0,0,1,0,57,남,15년이상,,승용,비사업용,보행자,기타사고,맑음,주간,차대사람,차대사람-기타,안전운전불이행,기타,공릉역사거리,37.6255848,127.0729864,노원구,
2018,9,24,월요일,14,경상사고,0,0,1,0,58,남,15년이상,,승용,비사업용,승용,진입회전사고,맑음,주간,차대차,측면직각충돌,교차로운행방법위반,특별광역시도,공릉역사거리,37.6255848,127.0729864,노원구,
2018,11,8,목요일,18,경상사고,0,0,1,0,61,남,15년이상,,승용,비사업용,승용,진입회전사고,비,출퇴근,차대차,측면직각충돌,안전거리미확보,특별광역시도,공릉역사거리,37.6255848,127.0729864,노원구,
2018,12,29,토요일,1,경상사고,0,0,1,0,75,남,15년이상,,승용,사업용,보행자,진입회전사고,맑음,심야,차대사람,횡단중,신호위반,특별광역시도,공릉역사거리,37.6255848,127.0729864,노원구,
2019,2,21,목요일,19,부상사고,0,0,0,1,67,남,15년이상,,승합,사업용,자전거,진입회전사고,맑음,출퇴근,차대차,측면직각충돌,안전운전불이행,특별광역시도,공릉역사거리,37.6255848,127.0729864,노원구,
2019,2,8,금요일,22,경상사고,0,0,1,1,66,남,15년이상,,승용,사업용,승용,진입회전사고,맑음,심야,차대차,측면직각충돌,안전운전불이행,특별광역시도,공릉역사거리,37.6255848,127.0729864,노원구,
2019,3,31,일요일,15,경상사고,0,0,1,0,71,남,15년이상,,승용,사업용,보행자,기타사고,맑음,주간,차대사람,차대사람-기타,기타,기타,공릉역사거리,37.6255848,127.0729864,노원구,
2019,4,15,월요일,16,중상사고,0,2,0,0,32,남,15년미만,,승용,비사업용,승용,일직선사고,맑음,주간,차대차,정면충돌,중앙선침범,특별광역시도,공릉역사거리,37.6255848,127.0729864,노원구,
2019,6,2,일요일,9,중상사고,0,2,2,0,58,여,15년이상,,승용,비사업용,승용,진입회전사고,맑음,주간,차대차,차대차-기타,신호위반,특별광역시도,공릉역사거리,37.6255848,127.0729864,노원구,
2019,7,20,토요일,1,경상사고,0,0,3,0,49,남,15년이상,0,승용,비사업용,승용,일직선사고,맑음,심야,차대차,추돌(진행중),안전운전불이행,특별광역시도,공릉역사거리,37.6255848,127.0729864,노원구,
2019,7,3,수요일,14,중상사고,0,1,0,0,75,남,15년이상,,승용,사업용,자전거,진입회전사고,맑음,주간,차대차,측면직각충돌,신호위반,특별광역시도,공릉역사거리,37.6255848,127.0729864,노원구,
2019,10,16,수요일,18,중상사고,0,1,0,0,35,남,15년이상,,승용,비사업용,이륜,진입회전사고,맑음,출퇴근,차대차,측면직각충돌,안전운전불이행,특별광역시도,공릉역사거리,37.6255848,127.0729864,노원구,
2019,11,17,일요일,20,경상사고,0,0,2,0,55,남,15년이상,,화물,비사업용,화물,진입회전사고,비,출퇴근,차대차,측면직각충돌,신호위반,특별광역시도,공릉역사거리,37.6255848,127.0729864,노원구,
2019,12,29,일요일,1,경상사고,0,0,1,0,46,남,15년이상,,승용,비사업용,보행자,보행횡단사고,맑음,심야,차대사람,횡단중,보행자보호의무위반,특별광역시도,공릉역사거리,37.6255848,127.0729864,노원구,
2017,2,2,목요일,19,경상사고,0,0,1,0,33,남,15년이상,,승합,비사업용,원동기,진입회전사고,맑음,출퇴근,차대차,측면직각충돌,안전운전불이행,특별광역시도,공릉초앞사거리,37.6304778,127.0901988,노원구,
2017,4,16,일요일,13,중상사고,0,1,0,0,50,여,10년미만,,승용,사업용,이륜,진입회전사고,맑음,주간,차대차,측면직각충돌,신호위반,특별광역시도,공릉초앞사거리,37.6304778,127.0901988,노원구,
2017,4,13,목요일,17,중상사고,0,1,0,0,40,남,15년이상,,승용,비사업용,보행자,보행횡단사고,맑음,주간,차대사람,횡단중,안전운전불이행,특별광역시도,공릉초앞사거리,37.6304778,127.0901988,노원구,
2017,5,3,수요일,13,경상사고,0,0,1,0,64,남,15년이상,,건설기계,사업용,건설기계,진입회전사고,맑음,주간,차대차,측면직각충돌,안전거리미확보,특별광역시도,공릉초앞사거리,37.6304778,127.0901988,노원구,
2017,10,10,화요일,17,경상사고,0,0,1,0,59,여,15년이상,,승용,비사업용,승용,진입회전사고,맑음,주간,차대차,측면직각충돌,안전운전불이행,특별광역시도,공릉초앞사거리,37.6304778,127.0901988,노원구,
2017,11,10,금요일,6,경상사고,0,0,2,0,39,남,15년미만,,화물,사업용,화물,일직선사고,맑음,새벽,차대차,추돌(진행중),안전운전불이행,특별광역시도,공릉초앞사거리,37.6304778,127.0901988,노원구,
2017,12,6,수요일,10,경상사고,0,0,3,0,63,남,10년미만,,화물,비사업용,화물,진입회전사고,흐림,주간,차대차,측면직각충돌,안전거리미확보,특별광역시도,공릉초앞사거리,37.6304778,127.0901988,노원구,
2018,2,27,화요일,1,경상사고,0,0,1,0,44,남,15년이상,,승용,비사업용,승용,진입회전사고,맑음,심야,차대차,측면직각충돌,안전운전불이행,특별광역시도,공릉초앞사거리,37.6304778,127.0901988,노원구,
2018,2,10,토요일,16,경상사고,0,0,1,0,32,남,15년미만,,승용,비사업용,승용,진입회전사고,맑음,주간,차대차,측면직각충돌,안전거리미확보,특별광역시도,공릉초앞사거리,37.6304778,127.0901988,노원구,
2018,3,3,토요일,21,경상사고,0,0,3,0,61,여,15년이상,0,승용,비사업용,승용,일직선사고,흐림,심야,차대차,추돌(진행중),불법유턴,특별광역시도,공릉초앞사거리,37.6304778,127.0901988,노원구,
2018,4,6,금요일,21,경상사고,0,0,1,0,24,남,15년이상,,승용,비사업용,승용,진입회전사고,맑음,심야,차대차,측면직각충돌,신호위반,특별광역시도,공릉초앞사거리,37.6304778,127.0901988,노원구,
2018,5,18,금요일,9,경상사고,0,0,1,0,46,남,15년이상,,승용,사업용,보행자,기타사고,맑음,주간,차대사람,차도통행중,안전운전불이행,특별광역시도,공릉초앞사거리,37.6304778,127.0901988,노원구,
2018,8,15,수요일,11,경상사고,0,0,1,0,67,남,15년이상,,승용,사업용,승용,진입회전사고,맑음,주간,차대차,측면직각충돌,안전거리미확보,특별광역시도,공릉초앞사거리,37.6304778,127.0901988,노원구,
2018,11,5,월요일,10,경상사고,0,0,1,0,53,남,15년이상,,승용,비사업용,승용,진입회전사고,맑음,주간,차대차,측면직각충돌,안전운전불이행,특별광역시도,공릉초앞사거리,37.6304778,127.0901988,노원구,
2018,11,17,토요일,11,경상사고,0,0,1,0,35,남,15년이상,,승용,비사업용,보행자,기타사고,맑음,주간,차대사람,차대사람-기타,안전운전불이행,특별광역시도,공릉초앞사거리,37.6304778,127.0901988,노원구,
2018,11,30,금요일,21,경상사고,0,0,2,0,35,여,15년미만,,승용,비사업용,승용,일직선사고,맑음,심야,차대차,추돌(진행중),안전운전불이행,특별광역시도,공릉초앞사거리,37.6304778,127.0901988,노원구,
2018,12,2,일요일,15,중상사고,0,1,1,0,85,남,15년이상,,승용,비사업용,이륜,진입회전사고,맑음,주간,차대차,측면직각충돌,중앙선침범,특별광역시도,공릉초앞사거리,37.6304778,127.0901988,노원구,
2019,1,7,월요일,18,경상사고,0,0,2,0,48,남,15년이상,,승용,비사업용,승용,진입회전사고,맑음,출퇴근,차대차,측면직각충돌,안전운전불이행,특별광역시도,공릉초앞사거리,37.6304778,127.0901988,노원구,
2019,3,9,토요일,12,경상사고,0,0,2,0,49,남,15년이상,,승용,비사업용,승용,진입회전사고,맑음,주간,차대차,측면직각충돌,안전운전불이행,특별광역시도,공릉초앞사거리,37.6304778,127.0901988,노원구,
2019,3,14,목요일,20,경상사고,0,0,3,0,30,남,15년미만,,승용,비사업용,승용,진입회전사고,맑음,출퇴근,차대차,측면직각충돌,교차로운행방법위반,특별광역시도,공릉초앞사거리,37.6304778,127.0901988,노원구,
2019,4,9,화요일,21,경상사고,0,0,1,0,47,여,15년이상,,승용,비사업용,보행자,기타사고,비,심야,차대사람,차대사람-기타,기타,특별광역시도,공릉초앞사거리,37.6304778,127.0901988,노원구,
2019,5,9,목요일,17,경상사고,0,0,1,0,55,남,15년이상,,화물,비사업용,보행자,보행횡단사고,맑음,주간,차대사람,횡단중,보행자보호의무위반,특별광역시도,공릉초앞사거리,37.6304778,127.0901988,노원구,
2019,5,26,일요일,21,경상사고,0,0,1,0,31,남,4년미만,,승용,비사업용,보행자,기타사고,맑음,심야,차대사람,차대사람-기타,안전운전불이행,특별광역시도,공릉초앞사거리,37.6304778,127.0901988,노원구,
2019,11,15,금요일,18,경상사고,0,0,1,0,44,남,10년미만,,승용,비사업용,승용,진입회전사고,맑음,출퇴근,차대차,측면직각충돌,안전거리미확보,특별광역시도,공릉초앞사거리,37.6304778,127.0901988,노원구,
2019,12,7,토요일,11,경상사고,0,0,1,1,52,남,15년이상,,승용,비사업용,원동기,진입회전사고,눈,주간,차대차,측면직각충돌,안전거리미확보,특별광역시도,공릉초앞사거리,37.6304778,127.0901988,노원구,
2017,1,5,목요일,15,경상사고,0,0,1,0,57,남,15년이상,,화물,비사업용,화물,일직선사고,맑음,주간,차대차,추돌(진행중),교차로운행방법위반,특별광역시도,노원구민체육센타교차로,37.6481098,127.0707082,노원구,
2017,2,6,월요일,12,경상사고,0,0,2,0,69,남,15년이상,,승용,사업용,승용,기타사고,맑음,주간,차대차,차대차-기타,안전운전불이행,특별광역시도,노원구민체육센타교차로,37.6481098,127.0707082,노원구,
2017,4,7,금요일,1,경상사고,0,0,1,0,38,남,15년이상,0,승합,비사업용,승합,일직선사고,맑음,심야,차대차,추돌(진행중),안전운전불이행,특별광역시도,노원구민체육센타교차로,37.6481098,127.0707082,노원구,
2017,5,24,수요일,0,경상사고,0,0,1,0,48,남,15년이상,,승용,사업용,화물,일직선사고,맑음,심야,차대차,추돌(진행중),안전운전불이행,특별광역시도,노원구민체육센타교차로,37.6481098,127.0707082,노원구,
2017,8,7,월요일,11,경상사고,0,0,2,0,49,남,15년이상,0,승용,비사업용,승용,일직선사고,맑음,주간,차대차,정면충돌,안전운전불이행,특별광역시도,노원구민체육센타교차로,37.6481098,127.0707082,노원구,
2018,1,15,월요일,16,경상사고,0,0,1,0,40,여,4년미만,,승용,비사업용,자전거,진입회전사고,맑음,주간,차대차,측면직각충돌,교차로운행방법위반,특별광역시도,노원구민체육센타교차로,37.6481098,127.0707082,노원구,
2018,3,16,금요일,9,경상사고,0,0,1,0,50,여,15년이상,,승용,비사업용,승용,진입회전사고,맑음,주간,차대차,측면직각충돌,안전운전불이행,특별광역시도,노원구민체육센타교차로,37.6481098,127.0707082,노원구,
2018,3,31,토요일,13,경상사고,0,0,1,0,40,남,3년미만,,승용,비사업용,이륜,진입회전사고,맑음,주간,차대차,측면직각충돌,신호위반,특별광역시도,노원구민체육센타교차로,37.6481098,127.0707082,노원구,
2018,5,16,수요일,4,경상사고,0,0,1,0,71,남,15년이상,,승용,사업용,보행자,진입회전사고,비,심야,차대사람,횡단중,신호위반,특별광역시도,노원구민체육센타교차로,37.6481098,127.0707082,노원구,
2018,5,31,목요일,23,경상사고,0,0,1,0,56,남,15년이상,,승용,비사업용,승용,일직선사고,맑음,심야,차대차,추돌(진행중),안전운전불이행,특별광역시도,노원구민체육센타교차로,37.6481098,127.0707082,노원구,
2018,7,13,금요일,9,경상사고,0,0,2,0,69,남,15년이상,,승합,사업용,승합,진입회전사고,맑음,주간,차대차,측면직각충돌,교차로운행방법위반,특별광역시도,노원구민체육센타교차로,37.6481098,127.0707082,노원구,
2018,9,10,월요일,12,경상사고,0,0,1,0,77,남,15년이상,,승용,사업용,기타,단독사고,맑음,주간,차량단독,공작물추돌,안전운전불이행,특별광역시도,노원구민체육센타교차로,37.6481098,127.0707082,노원구,
2018,9,15,토요일,13,중상사고,0,1,1,0,22,남,15년이상,,이륜,기타,이륜,진입회전사고,흐림,주간,차대차,측면직각충돌,신호위반,특별광역시도,노원구민체육센타교차로,37.6481098,127.0707082,노원구,
2018,12,21,금요일,1,중상사고,0,1,0,0,59,여,15년이상,,승용,비사업용,보행자,기타사고,맑음,심야,차대사람,차대사람-기타,안전운전불이행,특별광역시도,노원구민체육센타교차로,37.6481098,127.0707082,노원구,
2018,12,3,월요일,5,경상사고,0,0,1,0,66,남,15년이상,,화물,비사업용,자전거,진입회전사고,비,새벽,차대차,측면직각충돌,신호위반,특별광역시도,노원구민체육센타교차로,37.6481098,127.0707082,노원구,
2019,1,23,수요일,9,경상사고,0,0,2,0,26,여,15년이상,,승용,비사업용,승용,기타사고,맑음,주간,차대차,차대차-기타,안전거리미확보,특별광역시도,노원구민체육센타교차로,37.6481098,127.0707082,노원구,