년도,월,일,요일,시각,사고등급,사망자수,중상자수,경상자수,부상자수,연령,성별,경력,음주,종별,용도,관련자2,사고형태,기상상태,일광상태,사고유형1,사고유형2,법규위반,도로종류,지점명,위도,경도,자치구,
2019,2,19,화요일,7,경상사고,0,0,1,0,41,남,15년이상,,승용,비사업용,보행자,보행횡단사고,맑음,출퇴근,차대사람,횡단중,보행자보호의무위반,특별광역시도,노원구민체육센타교차로,37.6481098,127.0707082,노원구,
2019,3,4,월요일,1,경상사고,0,0,1,0,60,남,15년이상,,승용,사업용,승용,진입회전사고,맑음,심야,차대차,정면충돌,신호위반,특별광역시도,노원구민체육센타교차로,37.6481098,127.0707082,노원구,
2019,4,20,토요일,1,경상사고,0,0,1,0,40,남,2년미만,0,승합,비사업용,승합,진입회전사고,맑음,심야,차대차,측면직각충돌,신호위반,특별광역시도,노원구민체육센타교차로,37.6481098,127.0707082,노원구,
2019,5,1,수요일,9,경상사고,0,0,4,0,37,남,15년이상,,승용,비사업용,승용,일직선사고,맑음,주간,차대차,추돌(진행중),안전운전불이행,특별광역시도,노원구민체육센타교차로,37.6481098,127.0707082,노원구,
2019,6,14,금요일,21,중상사고,0,1,0,0,35,남,15년미만,,이륜,데이터오류,이륜,진입회전사고,맑음,심야,차대차,측면직각충돌,신호위반,특별광역시도,노원구민체육센타교차로,37.6481098,127.0707082,노원구,
2019,9,21,토요일,13,중상사고,0,2,1,0,26,남,3년미만,,승용,비사업용,이륜,일직선사고,흐림,주간,차대차,추돌(진행중),안전운전불이행,특별광역시도,노원구민체육센타교차로,37.6481098,127.0707082,노원구,
2019,11,11,월요일,18,경상사고,0,0,2,0,66,여,15년이상,,승용,비사업용,승용,진입회전사고,맑음,출퇴근,차대차,측면직각충돌,안전거리미확보,특별광역시도,노원구민체육센타교차로,37.6481098,127.0707082,노원구,
2019,12,30,월요일,8,경상사고,0,0,2,0,52,여,15년이상,,승용,비사업용,승용,진입회전사고,맑음,출퇴근,차대차,차대차-기타,신호위반,특별광역시도,노원구민체육센타교차로,37.6481098,127.0707082,노원구,
2017,1,24,화요일,6,중상사고,0,1,0,0,74,남,15년이상,,승용,비사업용,보행자,보행횡단사고,맑음,새벽,차대사람,횡단중,안전운전불이행,특별광역시도,노원역사거리,37.6547659,127.0600059,노원구,
2017,1,26,목요일,8,중상사고,0,1,0,0,29,남,15년미만,,승용,비사업용,승용,진입회전사고,맑음,출퇴근,차대차,측면직각충돌,안전운전불이행,특별광역시도,노원역사거리,37.6547659,127.0600059,노원구,
2017,2,26,일요일,17,경상사고,0,0,1,0,45,남,15년이상,,승용,비사업용,이륜,일직선사고,맑음,주간,차대차,추돌(진행중),안전거리미확보,특별광역시도,노원역사거리,37.6547659,127.0600059,노원구,
2017,4,5,수요일,13,경상사고,0,0,3,0,58,남,15년이상,,승합,사업용,승합,기타사고,비,주간,차대차,차대차-기타,안전거리미확보,특별광역시도,노원역사거리,37.6547659,127.0600059,노원구,
2017,6,29,목요일,7,경상사고,0,0,2,0,46,여,15년이상,,승용,비사업용,보행자,보행횡단사고,맑음,출퇴근,차대사람,횡단중,보행자보호의무위반,특별광역시도,노원역사거리,37.6547659,127.0600059,노원구,
2017,6,19,월요일,19,경상사고,0,0,3,0,52,남,15년미만,,승용,사업용,승용,진입회전사고,맑음,출퇴근,차대차,측면직각충돌,교차로운행방법위반,특별광역시도,노원역사거리,37.6547659,127.0600059,노원구,
2017,8,11,금요일,12,경상사고,0,0,1,0,66,남,15년이상,,승용,비사업용,승용,진입회전사고,맑음,주간,차대차,측면직각충돌,신호위반,특별광역시도,노원역사거리,37.6547659,127.0600059,노원구,
2017,11,3,금요일,9,경상사고,0,0,2,0,66,남,15년이상,,승용,비사업용,승용,진입회전사고,비,주간,차대차,측면직각충돌,신호위반,특별광역시도,노원역사거리,37.6547659,127.0600059,노원구,
2018,1,5,금요일,12,경상사고,0,0,1,0,49,남,15년이상,,승용,사업용,이륜,기타사고,맑음,주간,차대차,차대차-기타,안전거리미확보,특별광역시도,노원역사거리,37.6547659,127.0600059,노원구,
2018,3,3,토요일,15,경상사고,0,0,3,0,34,여,10년미만,,승용,비사업용,승용,진입회전사고,맑음,주간,차대차,측면직각충돌,신호위반,특별광역시도,노원역사거리,37.6547659,127.0600059,노원구,
2018,6,13,수요일,17,경상사고,0,0,1,0,47,남,15년이상,,승용,사업용,승용,일직선사고,맑음,주간,차대차,추돌(진행중),안전운전불이행,특별광역시도,노원역사거리,37.6547659,127.0600059,노원구,
2018,8,24,금요일,19,중상사고,0,1,0,0,69,남,15년이상,,승용,사업용,자전거,진입회전사고,맑음,출퇴근,차대차,측면직각충돌,기타,특별광역시도,노원역사거리,37.6547659,127.0600059,노원구,
2018,9,5,수요일,16,중상사고,0,1,1,0,37,여,10년미만,,승용,비사업용,승용,진입회전사고,맑음,주간,차대차,측면직각충돌,신호위반,특별광역시도,노원역사거리,37.6547659,127.0600059,노원구,
2018,10,2,화요일,1,경상사고,0,0,1,1,36,남,2년미만,0,승용,사업용,승용,진입회전사고,맑음,심야,차대차,측면직각충돌,신호위반,특별광역시도,노원역사거리,37.6547659,127.0600059,노원구,
2018,11,13,화요일,8,경상사고,0,0,2,0,63,남,15년이상,,승용,사업용,승용,진입회전사고,맑음,출퇴근,차대차,측면직각충돌,교차로운행방법위반,특별광역시도,노원역사거리,37.6547659,127.0600059,노원구,
2018,12,27,목요일,17,경상사고,0,0,1,0,63,남,15년미만,,승용,사업용,승합,진입회전사고,맑음,주간,차대차,측면직각충돌,안전운전불이행,특별광역시도,노원역사거리,37.6547659,127.0600059,노원구,
2019,1,18,금요일,9,경상사고,0,0,1,0,37,남,5년미만,,승합,사업용,기타,기타사고,맑음,주간,차대차,차대차-기타,안전거리미확보,특별광역시도,노원역사거리,37.6547659,127.0600059,노원구,
2019,4,12,금요일,2,경상사고,0,0,1,0,60,남,15년이상,,승용,사업용,승용,진입회전사고,맑음,심야,차대차,측면직각충돌,교차로운행방법위반,특별광역시도,노원역사거리,37.6547659,127.0600059,노원구,
2019,4,9,화요일,13,경상사고,0,0,1,0,66,여,15년이상,,승용,비사업용,승용,진입회전사고,맑음,주간,차대차,측면직각충돌,안전운전불이행,특별광역시도,노원역사거리,37.6547659,127.0600059,노원구,
2019,6,27,목요일,15,부상사고,0,0,0,1,20,남,2년미만,,승용,비사업용,승용,진입회전사고,맑음,주간,차대차,측면직각충돌,신호위반,특별광역시도,노원역사거리,37.6547659,127.0600059,노원구,
2019,9,24,화요일,8,부상사고,0,0,0,1,81,남,15년이상,,승용,사업용,승합,기타사고,맑음,출퇴근,차대차,차대차-기타,안전운전불이행,특별광역시도,노원역사거리,37.6547659,127.0600059,노원구,
2019,9,17,화요일,11,경상사고,0,0,4,0,57,여,15년이상,,승용,비사업용,승용,진입회전사고,맑음,주간,차대차,측면직각충돌,신호위반,특별광역시도,노원역사거리,37.6547659,127.0600059,노원구,
2019,10,12,토요일,15,경상사고,0,0,1,1,24,남,15년이상,,승용,비사업용,승용,진입회전사고,맑음,주간,차대차,측면직각충돌,신호위반,특별광역시도,노원역사거리,37.6547659,127.0600059,노원구,
2017,1,13,금요일,21,경상사고,0,0,2,0,49,남,15년이상,,승용,사업용,승용,일직선사고,맑음,심야,차대차,추돌(진행중),안전거리미확보,특별광역시도,녹천교동단사거리,37.6456716,127.0556788,노원구,
2017,1,25,수요일,21,경상사고,0,0,4,0,45,여,15년이상,,승용,비사업용,승용,일직선사고,맑음,심야,차대차,추돌(진행중),안전운전불이행,특별광역시도,녹천교동단사거리,37.6456716,127.0556788,노원구,
2017,2,9,목요일,2,부상사고,0,0,0,1,38,남,15년미만,0,승용,사업용,승용,일직선사고,맑음,심야,차대차,추돌(진행중),안전운전불이행,특별광역시도,녹천교동단사거리,37.6456716,127.0556788,노원구,
2017,2,18,토요일,12,경상사고,0,0,1,0,32,여,1년미만,,승용,비사업용,승용,진입회전사고,맑음,주간,차대차,측면직각충돌,신호위반,특별광역시도,녹천교동단사거리,37.6456716,127.0556788,노원구,
2017,4,16,일요일,15,경상사고,0,0,1,0,59,남,15년이상,,승용,사업용,승용,일직선사고,맑음,주간,차대차,추돌(진행중),안전거리미확보,특별광역시도,녹천교동단사거리,37.6456716,127.0556788,노원구,
2017,5,19,금요일,20,중상사고,0,1,0,0,57,여,15년이상,,승용,비사업용,자전거,일직선사고,맑음,출퇴근,차대차,추돌(진행중),안전운전불이행,특별광역시도,녹천교동단사거리,37.6456716,127.0556788,노원구,
2017,6,9,금요일,0,경상사고,0,0,2,0,35,남,15년이상,,승용,비사업용,승용,일직선사고,맑음,심야,차대차,추돌(진행중),안전운전불이행,특별광역시도,녹천교동단사거리,37.6456716,127.0556788,노원구,
2017,6,18,일요일,0,경상사고,0,0,1,0,40,남,10년미만,,승용,비사업용,승용,일직선사고,맑음,심야,차대차,추돌(진행중),안전거리미확보,특별광역시도,녹천교동단사거리,37.6456716,127.0556788,노원구,
2017,7,10,월요일,0,경상사고,0,0,1,0,28,남,2년미만,,승용,사업용,승용,일직선사고,비,심야,차대차,추돌(진행중),안전운전불이행,특별광역시도,녹천교동단사거리,37.6456716,127.0556788,노원구,
2017,8,4,금요일,7,경상사고,0,0,1,0,30,여,3년미만,,승용,비사업용,승용,진입회전사고,맑음,출퇴근,차대차,측면직각충돌,안전운전불이행,특별광역시도,녹천교동단사거리,37.6456716,127.0556788,노원구,
2017,8,2,수요일,15,경상사고,0,0,2,0,61,여,10년미만,,승용,비사업용,건설기계,기타사고,맑음,주간,차대차,차대차-기타,안전운전불이행,특별광역시도,녹천교동단사거리,37.6456716,127.0556788,노원구,
2017,8,24,목요일,15,경상사고,0,0,1,0,41,남,15년미만,,승용,비사업용,이륜,진입회전사고,흐림,주간,차대차,차대차-기타,신호위반,특별광역시도,녹천교동단사거리,37.6456716,127.0556788,노원구,
2017,10,11,수요일,1,경상사고,0,0,1,0,49,남,15년이상,,화물,사업용,기타,단독사고,비,심야,차량단독,공작물추돌,안전운전불이행,특별광역시도,녹천교동단사거리,37.6456716,127.0556788,노원구,
2017,10,9,월요일,15,경상사고,0,0,1,1,23,남,10년미만,,승용,비사업용,승용,일직선사고,맑음,주간,차대차,추돌(진행중),안전운전불이행,특별광역시도,녹천교동단사거리,37.6456716,127.0556788,노원구,
2017,12,20,수요일,1,경상사고,0,0,1,0,54,남,15년미만,,승용,사업용,승용,일직선사고,흐림,심야,차대차,추돌(진행중),안전거리미확보,특별광역시도,녹천교동단사거리,37.6456716,127.0556788,노원구,
2017,12,30,토요일,8,중상사고,0,1,0,0,38,남,15년이상,,승용,비사업용,보행자,기타사고,흐림,출퇴근,차대사람,차도통행중,보행자보호의무위반,특별광역시도,녹천교동단사거리,37.6456716,127.0556788,노원구,
2018,1,14,일요일,1,경상사고,0,0,2,0,41,남,15년이상,0,승용,비사업용,승용,일직선사고,맑음,심야,차대차,추돌(진행중),안전운전불이행,특별광역시도,녹천교동단사거리,37.6456716,127.0556788,노원구,
2018,1,17,수요일,1,중상사고,0,1,2,0,49,남,15년이상,,승용,사업용,승용,일직선사고,맑음,심야,차대차,추돌(진행중),안전운전불이행,특별광역시도,녹천교동단사거리,37.6456716,127.0556788,노원구,
2018,1,26,금요일,5,중상사고,0,1,1,0,51,남,15년이상,,승용,사업용,승용,진입회전사고,맑음,새벽,차대차,측면직각충돌,신호위반,특별광역시도,녹천교동단사거리,37.6456716,127.0556788,노원구,
2018,2,2,금요일,0,경상사고,0,0,1,0,59,남,15년이상,,승용,사업용,승용,일직선사고,맑음,심야,차대차,추돌(진행중),안전운전불이행,특별광역시도,녹천교동단사거리,37.6456716,127.0556788,노원구,
2018,2,3,토요일,0,경상사고,0,0,2,0,68,남,15년이상,,승용,사업용,승용,일직선사고,맑음,심야,차대차,추돌(진행중),안전운전불이행,특별광역시도,녹천교동단사거리,37.6456716,127.0556788,노원구,
2018,2,20,화요일,2,경상사고,0,0,2,0,61,남,15년이상,,승용,사업용,승용,일직선사고,맑음,심야,차대차,추돌(진행중),안전거리미확보,특별광역시도,녹천교동단사거리,37.6456716,127.0556788,노원구,
2018,2,13,화요일,22,중상사고,0,1,0,0,48,남,15년이상,,승용,비사업용,승용,진입회전사고,맑음,심야,차대차,차대차-기타,신호위반,특별광역시도,녹천교동단사거리,37.6456716,127.0556788,노원구,
2018,3,7,수요일,10,경상사고,0,0,1,0,38,남,15년이상,,승용,사업용,승용,기타사고,맑음,주간,차대차,차대차-기타,안전운전불이행,특별광역시도,녹천교동단사거리,37.6456716,127.0556788,노원구,
2018,3,25,일요일,10,경상사고,0,0,3,0,71,남,15년이상,,승용,사업용,승용,진입회전사고,맑음,주간,차대차,측면직각충돌,안전운전불이행,특별광역시도,녹천교동단사거리,37.6456716,127.0556788,노원구,
2018,4,21,토요일,2,경상사고,0,0,2,0,54,남,15년이상,,승용,사업용,승용,기타사고,맑음,심야,차대차,차대차-기타,안전거리미확보,특별광역시도,녹천교동단사거리,37.6456716,127.0556788,노원구,
2018,4,30,월요일,21,중상사고,0,1,0,0,61,남,10년미만,,승용,비사업용,자전거,진입회전사고,맑음,심야,차대차,측면직각충돌,안전운전불이행,특별광역시도,녹천교동단사거리,37.6456716,127.0556788,노원구,
2018,5,10,목요일,20,중상사고,0,1,0,0,64,여,15년이상,,승용,비사업용,보행자,보행횡단사고,맑음,출퇴근,차대사람,횡단중,보행자보호의무위반,특별광역시도,녹천교동단사거리,37.6456716,127.0556788,노원구,
2018,7,14,토요일,21,경상사고,0,0,2,0,60,남,15년이상,,승용,비사업용,승용,진입회전사고,맑음,심야,차대차,측면직각충돌,안전거리미확보,특별광역시도,녹천교동단사거리,37.6456716,127.0556788,노원구,
2018,9,11,화요일,9,경상사고,0,0,1,0,70,여,15년이상,,승용,비사업용,승용,진입회전사고,맑음,주간,차대차,측면직각충돌,안전운전불이행,특별광역시도,녹천교동단사거리,37.6456716,127.0556788,노원구,
2018,10,6,토요일,5,경상사고,0,0,1,0,49,남,15년이상,,승용,사업용,기타,단독사고,비,새벽,차량단독,공작물추돌,안전운전불이행,특별광역시도,녹천교동단사거리,37.6456716,127.0556788,노원구,
2018,10,18,목요일,7,경상사고,0,0,1,0,26,남,15년이상,0,승용,비사업용,승용,일직선사고,맑음,출퇴근,차대차,추돌(진행중),안전운전불이행,특별광역시도,녹천교동단사거리,37.6456716,127.0556788,노원구,
2018,10,25,목요일,23,중상사고,0,1,7,0,61,남,15년이상,,승용,사업용,승합,일직선사고,맑음,심야,차대차,추돌(진행중),안전운전불이행,특별광역시도,녹천교동단사거리,37.6456716,127.0556788,노원구,
2018,11,10,토요일,22,경상사고,0,0,1,0,65,남,15년이상,,승용,비사업용,승용,기타사고,맑음,심야,차대차,차대차-기타,교차로운행방법위반,특별광역시도,녹천교동단사거리,37.6456716,127.0556788,노원구,
2019,1,5,토요일,1,경상사고,0,0,1,0,39,남,10년미만,,승용,비사업용,승용,일직선사고,맑음,심야,차대차,추돌(진행중),안전운전불이행,특별광역시도,녹천교동단사거리,37.6456716,127.0556788,노원구,
2019,1,25,금요일,19,경상사고,0,0,1,0,65,남,15년이상,,승용,비사업용,승용,기타사고,맑음,출퇴근,차대차,차대차-기타,안전운전불이행,특별광역시도,녹천교동단사거리,37.6456716,127.0556788,노원구,
2019,1,8,화요일,23,경상사고,0,0,1,0,46,남,15년이상,,승용,사업용,승용,일직선사고,맑음,심야,차대차,추돌(진행중),안전운전불이행,특별광역시도,녹천교동단사거리,37.6456716,127.0556788,노원구,
2019,2,3,일요일,3,경상사고,0,0,2,0,71,남,15년이상,,승용,사업용,승용,진입회전사고,비,심야,차대차,측면직각충돌,안전운전불이행,특별광역시도,녹천교동단사거리,37.6456716,127.0556788,노원구,
2019,3,20,수요일,17,경상사고,0,0,1,0,69,남,15년이상,,승용,비사업용,승합,진입회전사고,맑음,주간,차대차,측면직각충돌,안전거리미확보,특별광역시도,녹천교동단사거리,37.6456716,127.0556788,노원구,
2019,4,20,토요일,0,중상사고,0,1,2,0,72,남,15년이상,,승용,사업용,승합,진입회전사고,맑음,심야,차대차,측면직각충돌,안전운전불이행,특별광역시도,녹천교동단사거리,37.6456716,127.0556788,노원구,
2019,6,26,수요일,16,경상사고,0,0,2,0,55,남,15년이상,,화물,사업용,화물,진입회전사고,맑음,주간,차대차,측면직각충돌,안전거리미확보,특별광역시도,녹천교동단사거리,37.6456716,127.0556788,노원구,
2019,7,26,금요일,15,경상사고,0,0,3,0,59,남,15년이상,,승용,비사업용,승용,진입회전사고,맑음,주간,차대차,차대차-기타,신호위반,특별광역시도,녹천교동단사거리,37.6456716,127.0556788,노원구,
2019,10,21,월요일,5,경상사고,0,0,1,0,63,남,15년이상,,승용,비사업용,이륜,진입회전사고,맑음,새벽,차대차,측면직각충돌,신호위반,특별광역시도,녹천교동단사거리,37.6456716,127.0556788,노원구,
2019,10,9,수요일,16,중상사고,0,1,0,0,46,남,15년이상,,승용,비사업용,자전거,진입회전사고,맑음,주간,차대차,차대차-기타,신호위반,특별광역시도,녹천교동단사거리,37.6456716,127.0556788,노원구,
2019,11,1,금요일,0,경상사고,0,0,2,0,58,남,15년이상,,승용,비사업용,승합,기타사고,맑음,심야,차대차,차대차-기타,안전운전불이행,특별광역시도,녹천교동단사거리,37.6456716,127.0556788,노원구,
2019,11,29,금요일,21,경상사고,0,0,1,0,37,남,15년미만,,승용,비사업용,승용,일직선사고,흐림,심야,차대차,추돌(진행중),안전운전불이행,특별광역시도,녹천교동단사거리,37.6456716,127.0556788,노원구,
2017,1,2,월요일,20,경상사고,0,0,1,0,45,남,10년미만,,승용,사업용,이륜,진입회전사고,맑음,출퇴근,차대차,측면직각충돌,안전거리미확보,특별광역시도,녹천교동단사거리,37.6456716,127.0556788,노원구,
2017,8,2,수요일,16,경상사고,0,0,3,0,42,남,15년이상,,승용,비사업용,승용,기타사고,맑음,주간,차대차,차대차-기타,차로위반,특별광역시도,녹천교동단사거리,37.6456716,127.0556788,노원구,
2017,9,13,수요일,19,경상사고,0,0,1,0,34,남,15년이상,,자전거,기타,자전거,기타사고,맑음,출퇴근,차대차,차대차-기타,안전운전불이행,기타,녹천교동단사거리,37.6456716,127.0556788,노원구,
2017,12,7,목요일,14,경상사고,0,0,1,0,46,여,2년미만,,승용,비사업용,승용,진입회전사고,맑음,주간,차대차,측면직각충돌,안전거리미확보,특별광역시도,녹천교동단사거리,37.6456716,127.0556788,노원구,
2018,2,14,수요일,0,경상사고,0,0,1,0,53,남,15년이상,,승용,사업용,승용,일직선사고,맑음,심야,차대차,추돌(진행중),안전운전불이행,특별광역시도,녹천교동단사거리,37.6456716,127.0556788,노원구,
2018,9,8,토요일,15,중상사고,0,1,0,0,52,남,15년이상,,승용,비사업용,기타,기타사고,맑음,주간,차대차,차대차-기타,안전거리미확보,특별광역시도,녹천교동단사거리,37.6456716,127.0556788,노원구,
2019,4,5,금요일,19,경상사고,0,0,2,0,69,남,15년이상,,승용,사업용,승용,진입회전사고,맑음,출퇴근,차대차,측면직각충돌,기타,특별광역시도,녹천교동단사거리,37.6456716,127.0556788,노원구,
2019,7,23,화요일,6,경상사고,0,0,1,0,77,남,10년미만,,승용,비사업용,화물,진입회전사고,맑음,새벽,차대차,측면직각충돌,안전거리미확보,특별광역시도,녹천교동단사거리,37.6456716,127.0556788,노원구,
2017,1,13,금요일,18,경상사고,0,0,1,0,45,남,15년이상,,승용,비사업용,승용,기타사고,맑음,출퇴근,차대차,차대차-기타,안전거리미확보,특별광역시도,녹천중학교부근삼거리,37.6311395,127.0623761,노원구,
2017,2,10,금요일,10,중상사고,0,1,0,0,73,남,15년이상,,승용,사업용,보행자,보행횡단사고,맑음,주간,차대사람,횡단중,안전운전불이행,특별광역시도,녹천중학교부근삼거리,37.6311395,127.0623761,노원구,
2017,5,22,월요일,7,경상사고,0,0,1,0,47,남,15년이상,0,승용,비사업용,승용,진입회전사고,맑음,출퇴근,차대차,측면직각충돌,안전운전불이행,특별광역시도,녹천중학교부근삼거리,37.6311395,127.0623761,노원구,
2017,6,6,화요일,17,경상사고,0,0,1,0,63,남,15년이상,,승용,비사업용,승용,진입회전사고,비,주간,차대차,측면직각충돌,안전운전불이행,특별광역시도,녹천중학교부근삼거리,37.6311395,127.0623761,노원구,
2017,10,23,월요일,18,경상사고,0,0,1,0,62,남,15년이상,,승용,비사업용,이륜,진입회전사고,맑음,출퇴근,차대차,측면직각충돌,안전거리미확보,특별광역시도,녹천중학교부근삼거리,37.6311395,127.0623761,노원구,
2017,11,1,수요일,22,경상사고,0,0,2,0,64,남,15년이상,,승용,사업용,승용,일직선사고,맑음,심야,차대차,추돌(진행중),안전운전불이행,특별광역시도,녹천중학교부근삼거리,37.6311395,127.0623761,노원구,
2017,12,15,금요일,2,경상사고,0,0,1,0,57,남,10년미만,,승용,사업용,승용,일직선사고,맑음,심야,차대차,추돌(진행중),안전운전불이행,특별광역시도,녹천중학교부근삼거리,37.6311395,127.0623761,노원구,
2017,12,20,수요일,5,경상사고,0,0,1,0,43,남,15년이상,,승용,비사업용,화물,진입회전사고,맑음,새벽,차대차,측면직각충돌,신호위반,특별광역시도,녹천중학교부근삼거리,37.6311395,127.0623761,노원구,
2018,1,16,화요일,5,중상사고,0,1,0,0,47,남,15년이상,,승합,사업용,보행자,기타사고,맑음,새벽,차대사람,차도통행중,안전운전불이행,특별광역시도,녹천중학교부근삼거리,37.6311395,127.0623761,노원구,
2018,1,10,수요일,12,경상사고,0,0,1,0,71,남,15년이상,,승용,사업용,이륜,진입회전사고,맑음,주간,차대차,측면직각충돌,차로위반,특별광역시도,녹천중학교부근삼거리,37.6311395,127.0623761,노원구,
2018,1,27,토요일,14,부상사고,0,0,0,1,47,여,15년이상,,승용,비사업용,이륜,진입회전사고,맑음,주간,차대차,측면직각충돌,안전거리미확보,특별광역시도,녹천중학교부근삼거리,37.6311395,127.0623761,노원구,
2018,3,4,일요일,12,경상사고,0,0,1,0,69,남,15년이상,,승용,사업용,자전거,진입회전사고,맑음,주간,차대차,측면직각충돌,안전운전불이행,특별광역시도,녹천중학교부근삼거리,37.6311395,127.0623761,노원구,
2018,3,23,금요일,18,중상사고,0,1,0,0,41,남,15년이상,,승용,비사업용,이륜,진입회전사고,맑음,출퇴근,차대차,측면직각충돌,신호위반,특별광역시도,녹천중학교부근삼거리,37.6311395,127.0623761,노원구,
2018,3,30,금요일,21,경상사고,0,0,1,0,57,남,15년이상,,승용,비사업용,이륜,진입회전사고,맑음,심야,차대차,측면직각충돌,차로위반,특별광역시도,녹천중학교부근삼거리,37.6311395,127.0623761,노원구,
2018,5,23,수요일,8,경상사고,0,0,1,0,62,남,15년이상,,화물,비사업용,화물,진입회전사고,맑음,출퇴근,차대차,측면직각충돌,안전운전불이행,특별광역시도,녹천중학교부근삼거리,37.6311395,127.0623761,노원구,
2018,5,8,화요일,11,경상사고,0,0,1,0,68,남,15년이상,,승합,사업용,보행자,진입회전사고,맑음,주간,차대사람,횡단중,신호위반,특별광역시도,녹천중학교부근삼거리,37.6311395,127.0623761,노원구,
2018,8,1,수요일,10,경상사고,0,0,2,0,74,남,15년이상,,승용,사업용,승용,진입회전사고,맑음,주간,차대차,측면직각충돌,안전거리미확보,특별광역시도,녹천중학교부근삼거리,37.6311395,127.0623761,노원구,
2018,11,9,금요일,5,중상사고,0,1,4,0,51,여,15년이상,,승용,비사업용,이륜,진입회전사고,맑음,새벽,차대차,추돌(진행중),신호위반,특별광역시도,녹천중학교부근삼거리,37.6311395,127.0623761,노원구,
2018,12,17,월요일,9,경상사고,0,0,2,0,44,여,15년이상,,승용,비사업용,승용,진입회전사고,흐림,주간,차대차,측면직각충돌,안전운전불이행,특별광역시도,녹천중학교부근삼거리,37.6311395,127.0623761,노원구,
2019,1,1,화요일,6,중상사고,0,1,0,0,46,남,15년이상,,화물,비사업용,자전거,기타사고,맑음,새벽,차대차,차대차-기타,안전운전불이행,특별광역시도,녹천중학교부근삼거리,37.6311395,127.0623761,노원구,
2019,1,1,화요일,19,부상사고,0,0,0,1,58,남,15년이상,,승용,비사업용,이륜,기타사고,맑음,출퇴근,차대차,차대차-기타,안전운전불이행,특별광역시도,녹천중학교부근삼거리,37.6311395,127.0623761,노원구,
2019,9,5,목요일,8,중상사고,0,1,0,0,72,남,15년이상,,승용,비사업용,보행자,보행횡단사고,맑음,출퇴근,차대사람,보도통행중,기타,특별광역시도,녹천중학교부근삼거리,37.6311395,127.0623761,노원구,
2019,10,23,수요일,17,경상사고,0,0,1,0,50,남,15년이상,,승용,비사업용,승용,기타사고,맑음,주간,차대차,차대차-기타,안전거리미확보,특별광역시도,녹천중학교부근삼거리,37.6311395,127.0623761,노원구,
2017,1,10,화요일,17,경상사고,0,0,1,0,27,여,5년미만,,승합,비사업용,승합,진입회전사고,맑음,주간,차대차,측면직각충돌,안전운전불이행,특별광역시도,대진고등학교사거리,37.6375834,127.0754302,노원구,
2017,2,9,목요일,17,경상사고,0,0,1,0,58,남,15년이상,,승용,비사업용,승용,진입회전사고,맑음,주간,차대차,측면직각충돌,안전운전불이행,특별광역시도,대진고등학교사거리,37.6375834,127.0754302,노원구,
2017,2,24,금요일,23,중상사고,0,2,2,0,24,남,10년미만,,승용,사업용,승용,일직선사고,맑음,심야,차대차,추돌(진행중),안전거리미확보,특별광역시도,대진고등학교사거리,37.6375834,127.0754302,노원구,
2017,3,1,수요일,0,경상사고,0,0,2,0,51,여,15년이상,,승용,비사업용,보행자,보행횡단사고,흐림,심야,차대사람,횡단중,보행자보호의무위반,특별광역시도,대진고등학교사거리,37.6375834,127.0754302,노원구,
2017,3,4,토요일,8,경상사고,0,0,1,0,66,남,15년이상,,승용,사업용,승합,진입회전사고,맑음,출퇴근,차대차,측면직각충돌,교차로운행방법위반,특별광역시도,대진고등학교사거리,37.6375834,127.0754302,노원구,
2017,4,17,월요일,7,경상사고,0,0,3,0,60,남,15년이상,,승용,사업용,승용,일직선사고,맑음,출퇴근,차대차,추돌(진행중),안전거리미확보,특별광역시도,대진고등학교사거리,37.6375834,127.0754302,노원구,
2017,5,10,수요일,8,경상사고,0,0,1,0,61,남,15년이상,,화물,비사업용,화물,주정차사고,맑음,출퇴근,차대차,추돌(주정차중),안전운전불이행,특별광역시도,대진고등학교사거리,37.6375834,127.0754302,노원구,
2017,6,7,수요일,7,경상사고,0,0,1,0,35,남,15년미만,,승용,비사업용,승용,진입회전사고,맑음,출퇴근,차대차,측면직각충돌,안전운전불이행,특별광역시도,대진고등학교사거리,37.6375834,127.0754302,노원구,
2017,10,24,화요일,13,중상사고,0,1,0,0,63,남,15년이상,,승용,사업용,보행자,보행횡단사고,맑음,주간,차대사람,횡단중,보행자보호의무위반,특별광역시도,대진고등학교사거리,37.6375834,127.0754302,노원구,
2017,12,16,토요일,0,경상사고,0,0,2,0,52,여,15년이상,,승용,비사업용,승용,진입회전사고,맑음,심야,차대차,측면직각충돌,신호위반,특별광역시도,대진고등학교사거리,37.6375834,127.0754302,노원구,
2018,1,27,토요일,9,경상사고,0,0,1,0,59,남,15년이상,,승용,비사업용,승용,일직선사고,맑음,주간,차대차,추돌(진행중),안전운전불이행,특별광역시도,대진고등학교사거리,37.6375834,127.0754302,노원구,
2018,1,10,수요일,17,경상사고,0,0,1,0,49,남,15년이상,,승용,비사업용,이륜,기타사고,맑음,주간,차대차,차대차-기타,안전운전불이행,특별광역시도,대진고등학교사거리,37.6375834,127.0754302,노원구,
2018,2,14,수요일,5,경상사고,0,0,3,0,59,남,15년이상,,승용,비사업용,승용,진입회전사고,맑음,새벽,차대차,측면직각충돌,신호위반,특별광역시도,대진고등학교사거리,37.6375834,127.0754302,노원구,