년도,월,일,요일,시각,사고등급,사망자수,중상자수,경상자수,부상자수,연령,성별,경력,음주,종별,용도,관련자2,사고형태,기상상태,일광상태,사고유형1,사고유형2,법규위반,도로종류,지점명,위도,경도,자치구,
2018,2,14,수요일,6,경상사고,0,0,1,0,52,남,3년미만,,승용,사업용,승용,일직선사고,맑음,새벽,차대차,추돌(진행중),안전운전불이행,특별광역시도,대진고등학교사거리,37.6375834,127.0754302,노원구,
2018,2,28,수요일,13,경상사고,0,0,1,0,46,남,15년이상,,승용,비사업용,자전거,진입회전사고,맑음,주간,차대차,측면직각충돌,안전운전불이행,특별광역시도,대진고등학교사거리,37.6375834,127.0754302,노원구,
2018,2,14,수요일,20,경상사고,0,0,2,0,46,남,15년이상,,승용,사업용,기타,진입회전사고,맑음,출퇴근,차대차,차대차-기타,신호위반,특별광역시도,대진고등학교사거리,37.6375834,127.0754302,노원구,
2018,3,1,목요일,12,경상사고,0,0,1,0,60,남,15년이상,,화물,비사업용,이륜,진입회전사고,맑음,주간,차대차,측면직각충돌,안전운전불이행,특별광역시도,대진고등학교사거리,37.6375834,127.0754302,노원구,
2018,7,9,월요일,21,중상사고,0,1,1,0,38,남,10년미만,,승용,비사업용,승용,진입회전사고,맑음,심야,차대차,측면직각충돌,신호위반,특별광역시도,대진고등학교사거리,37.6375834,127.0754302,노원구,
2018,8,1,수요일,22,경상사고,0,0,1,0,29,남,15년미만,,승용,비사업용,승용,기타사고,맑음,심야,차대차,차대차-기타,안전운전불이행,특별광역시도,대진고등학교사거리,37.6375834,127.0754302,노원구,
2018,8,21,화요일,22,경상사고,0,0,1,0,51,남,15년이상,,승용,비사업용,승용,진입회전사고,맑음,심야,차대차,차대차-기타,신호위반,특별광역시도,대진고등학교사거리,37.6375834,127.0754302,노원구,
2018,9,10,월요일,12,경상사고,0,0,2,0,62,남,15년이상,,승용,비사업용,승용,진입회전사고,맑음,주간,차대차,측면직각충돌,안전운전불이행,특별광역시도,대진고등학교사거리,37.6375834,127.0754302,노원구,
2018,9,17,월요일,12,부상사고,0,0,0,1,63,여,15년이상,,승용,비사업용,승용,일직선사고,맑음,주간,차대차,추돌(진행중),안전운전불이행,특별광역시도,대진고등학교사거리,37.6375834,127.0754302,노원구,
2018,11,17,토요일,9,경상사고,0,0,1,0,29,여,15년이상,,승용,비사업용,승용,일직선사고,맑음,주간,차대차,추돌(진행중),안전운전불이행,특별광역시도,대진고등학교사거리,37.6375834,127.0754302,노원구,
2018,11,3,토요일,19,경상사고,0,0,1,0,52,남,15년미만,,승용,비사업용,이륜,진입회전사고,맑음,출퇴근,차대차,측면직각충돌,신호위반,특별광역시도,대진고등학교사거리,37.6375834,127.0754302,노원구,
2018,12,20,목요일,8,중상사고,0,1,0,0,64,남,15년이상,,승용,비사업용,승용,진입회전사고,맑음,출퇴근,차대차,측면직각충돌,신호위반,특별광역시도,대진고등학교사거리,37.6375834,127.0754302,노원구,
2019,4,7,일요일,10,경상사고,0,0,2,0,39,남,15년이상,,화물,비사업용,화물,진입회전사고,맑음,주간,차대차,정면충돌,신호위반,특별광역시도,대진고등학교사거리,37.6375834,127.0754302,노원구,
2019,6,3,월요일,11,중상사고,0,1,0,0,49,여,15년이상,,승용,비사업용,이륜,기타사고,맑음,주간,차대차,차대차-기타,안전거리미확보,특별광역시도,대진고등학교사거리,37.6375834,127.0754302,노원구,
2019,6,8,토요일,14,경상사고,0,0,1,0,72,남,15년이상,,승용,비사업용,화물,일직선사고,맑음,주간,차대차,추돌(진행중),안전운전불이행,특별광역시도,대진고등학교사거리,37.6375834,127.0754302,노원구,
2019,6,22,토요일,21,중상사고,0,1,0,0,55,남,15년이상,,승용,비사업용,이륜,진입회전사고,맑음,심야,차대차,측면직각충돌,안전운전불이행,특별광역시도,대진고등학교사거리,37.6375834,127.0754302,노원구,
2019,7,17,수요일,15,경상사고,0,0,1,0,62,남,15년이상,,승용,사업용,보행자,기타사고,맑음,주간,차대사람,차대사람-기타,보행자보호의무위반,특별광역시도,대진고등학교사거리,37.6375834,127.0754302,노원구,
2019,9,1,일요일,4,중상사고,0,1,0,0,34,남,15년이상,,화물,비사업용,화물,진입회전사고,맑음,심야,차대차,정면충돌,신호위반,특별광역시도,대진고등학교사거리,37.6375834,127.0754302,노원구,
2019,9,26,목요일,9,경상사고,0,0,1,0,78,남,15년이상,,승용,비사업용,승합,진입회전사고,맑음,주간,차대차,측면직각충돌,안전운전불이행,특별광역시도,대진고등학교사거리,37.6375834,127.0754302,노원구,
2019,9,4,수요일,19,경상사고,0,0,1,0,33,여,15년이상,,승용,비사업용,원동기,기타사고,흐림,출퇴근,차대차,차대차-기타,안전운전불이행,특별광역시도,대진고등학교사거리,37.6375834,127.0754302,노원구,
2019,12,24,화요일,8,경상사고,0,0,1,0,58,남,15년미만,,건설기계,사업용,건설기계,진입회전사고,맑음,출퇴근,차대차,측면직각충돌,안전거리미확보,특별광역시도,대진고등학교사거리,37.6375834,127.0754302,노원구,
2017,1,27,금요일,20,경상사고,0,0,1,0,69,남,15년이상,,승용,사업용,보행자,보행횡단사고,맑음,출퇴근,차대사람,횡단중,보행자보호의무위반,특별광역시도,롯데백화점앞사거리,38.9091671,-77.0410987,노원구,
2017,2,4,토요일,2,경상사고,0,0,1,0,52,남,15년이상,,승용,사업용,승용,진입회전사고,맑음,심야,차대차,측면직각충돌,신호위반,특별광역시도,롯데백화점앞사거리,38.9091671,-77.0410987,노원구,
2017,3,21,화요일,14,경상사고,0,0,2,0,57,여,15년이상,,승용,비사업용,승용,일직선사고,맑음,주간,차대차,추돌(진행중),안전거리미확보,특별광역시도,롯데백화점앞사거리,38.9091671,-77.0410987,노원구,
2017,4,23,일요일,19,경상사고,0,0,1,0,74,남,15년이상,,승용,사업용,이륜,기타사고,맑음,출퇴근,차대차,차대차-기타,교차로운행방법위반,특별광역시도,롯데백화점앞사거리,38.9091671,-77.0410987,노원구,
2017,5,24,수요일,17,부상사고,0,0,0,1,불명,불명,데이터오류,,기타,데이터오류,기타,보행횡단사고,맑음,주간,차대사람,보도통행중,데이터없음,특별광역시도,롯데백화점앞사거리,38.9091671,-77.0410987,노원구,
2017,5,30,화요일,20,경상사고,0,0,1,0,34,여,15년이상,,승용,비사업용,이륜,진입회전사고,맑음,출퇴근,차대차,측면직각충돌,신호위반,특별광역시도,롯데백화점앞사거리,38.9091671,-77.0410987,노원구,
2017,7,1,토요일,1,경상사고,0,0,1,0,31,남,1년미만,,승용,비사업용,승용,일직선사고,맑음,심야,차대차,추돌(진행중),안전운전불이행,특별광역시도,롯데백화점앞사거리,38.9091671,-77.0410987,노원구,
2017,9,9,토요일,22,경상사고,0,0,1,0,23,남,2년미만,,승용,비사업용,승용,일직선사고,맑음,심야,차대차,추돌(진행중),안전운전불이행,특별광역시도,롯데백화점앞사거리,38.9091671,-77.0410987,노원구,
2017,10,19,목요일,16,중상사고,0,1,0,0,69,남,15년이상,,승용,사업용,이륜,기타사고,맑음,주간,차대차,차대차-기타,데이터없음,특별광역시도,롯데백화점앞사거리,38.9091671,-77.0410987,노원구,
2017,11,29,수요일,9,경상사고,0,0,1,0,74,남,15년이상,,승용,사업용,보행자,보행횡단사고,맑음,주간,차대사람,보도통행중,보행자보호의무위반,특별광역시도,롯데백화점앞사거리,38.9091671,-77.0410987,노원구,
2018,3,8,목요일,2,중상사고,0,1,2,0,24,남,5년미만,0,승용,비사업용,승용,일직선사고,비,심야,차대차,추돌(진행중),안전운전불이행,특별광역시도,롯데백화점앞사거리,38.9091671,-77.0410987,노원구,
2018,3,31,토요일,14,부상사고,0,0,0,1,53,여,15년이상,,승용,비사업용,자전거,진입회전사고,맑음,주간,차대차,측면직각충돌,기타,특별광역시도,롯데백화점앞사거리,38.9091671,-77.0410987,노원구,
2018,6,2,토요일,22,중상사고,0,1,0,0,62,남,15년이상,,승용,사업용,이륜,진입회전사고,맑음,심야,차대차,차대차-기타,신호위반,특별광역시도,롯데백화점앞사거리,38.9091671,-77.0410987,노원구,
2018,8,28,화요일,19,경상사고,0,0,3,0,68,남,15년이상,,승용,사업용,특수,진입회전사고,비,출퇴근,차대차,측면직각충돌,신호위반,특별광역시도,롯데백화점앞사거리,38.9091671,-77.0410987,노원구,
2018,9,9,일요일,16,경상사고,0,0,2,0,51,남,10년미만,,승용,비사업용,승용,기타사고,맑음,주간,차대차,차대차-기타,안전운전불이행,특별광역시도,롯데백화점앞사거리,38.9091671,-77.0410987,노원구,
2018,9,20,목요일,20,경상사고,0,0,1,0,54,남,15년이상,,승용,사업용,기타,단독사고,맑음,출퇴근,차량단독,공작물추돌,안전운전불이행,특별광역시도,롯데백화점앞사거리,38.9091671,-77.0410987,노원구,
2018,11,7,수요일,17,경상사고,0,0,1,0,33,남,10년미만,,승용,비사업용,승용,진입회전사고,맑음,주간,차대차,추돌(진행중),신호위반,특별광역시도,롯데백화점앞사거리,38.9091671,-77.0410987,노원구,
2018,12,30,일요일,23,중상사고,0,1,3,0,60,남,15년이상,,승용,사업용,승용,진입회전사고,맑음,심야,차대차,정면충돌,신호위반,특별광역시도,롯데백화점앞사거리,38.9091671,-77.0410987,노원구,
2019,2,8,금요일,16,부상사고,0,0,0,1,52,남,15년이상,,승합,사업용,화물,진입회전사고,맑음,주간,차대차,측면직각충돌,안전운전불이행,특별광역시도,롯데백화점앞사거리,38.9091671,-77.0410987,노원구,
2019,3,24,일요일,4,경상사고,0,0,1,0,61,남,15년이상,,승용,사업용,보행자,보행횡단사고,맑음,심야,차대사람,횡단중,보행자보호의무위반,특별광역시도,롯데백화점앞사거리,38.9091671,-77.0410987,노원구,
2019,3,5,화요일,9,중상사고,0,1,0,0,39,남,15년이상,,승합,사업용,승합,일직선사고,맑음,주간,차대차,추돌(진행중),안전거리미확보,특별광역시도,롯데백화점앞사거리,38.9091671,-77.0410987,노원구,
2019,3,11,월요일,23,중상사고,0,1,1,0,23,남,2년미만,,승용,비사업용,이륜,진입회전사고,맑음,심야,차대차,측면직각충돌,신호위반,특별광역시도,롯데백화점앞사거리,38.9091671,-77.0410987,노원구,
2019,7,19,금요일,5,경상사고,0,0,1,0,64,남,15년이상,,승합,사업용,보행자,기타사고,맑음,새벽,차대사람,차도통행중,안전운전불이행,특별광역시도,롯데백화점앞사거리,38.9091671,-77.0410987,노원구,
2019,7,19,금요일,5,경상사고,0,0,1,0,64,남,15년이상,,승합,사업용,보행자,기타사고,맑음,새벽,차대사람,차대사람-기타,안전운전불이행,특별광역시도,롯데백화점앞사거리,38.9091671,-77.0410987,노원구,
2019,7,26,금요일,22,사망사고,1,0,0,0,60,남,15년이상,,승합,사업용,보행자,보행횡단사고,흐림,심야,차대사람,횡단중,안전운전불이행,특별광역시도,롯데백화점앞사거리,38.9091671,-77.0410987,노원구,
2019,9,24,화요일,11,경상사고,0,0,1,0,68,여,15년이상,,승용,비사업용,원동기,기타사고,맑음,주간,차대차,차대차-기타,안전운전불이행,특별광역시도,롯데백화점앞사거리,38.9091671,-77.0410987,노원구,
2019,9,21,토요일,12,경상사고,0,0,1,0,52,남,15년이상,,건설기계,사업용,건설기계,기타사고,맑음,주간,차대차,차대차-기타,안전거리미확보,특별광역시도,롯데백화점앞사거리,38.9091671,-77.0410987,노원구,
2019,9,2,월요일,14,중상사고,0,1,0,0,52,남,15년이상,,화물,비사업용,자전거,진입회전사고,맑음,주간,차대차,측면직각충돌,안전운전불이행,특별광역시도,롯데백화점앞사거리,38.9091671,-77.0410987,노원구,
2019,11,11,월요일,6,경상사고,0,0,3,0,33,여,15년이상,,승용,비사업용,승합,진입회전사고,흐림,새벽,차대차,측면직각충돌,안전거리미확보,특별광역시도,롯데백화점앞사거리,38.9091671,-77.0410987,노원구,
2019,11,26,화요일,11,경상사고,0,0,1,0,74,남,15년이상,,승용,사업용,자전거,진입회전사고,맑음,주간,차대차,측면직각충돌,안전운전불이행,특별광역시도,롯데백화점앞사거리,38.9091671,-77.0410987,노원구,
2019,11,5,화요일,18,중상사고,0,1,0,0,71,남,15년이상,,승용,사업용,승용,진입회전사고,맑음,출퇴근,차대차,측면직각충돌,신호위반,특별광역시도,롯데백화점앞사거리,38.9091671,-77.0410987,노원구,
2017,2,14,화요일,17,경상사고,0,0,1,0,40,남,15년이상,,승용,비사업용,이륜,일직선사고,맑음,주간,차대차,차대차-기타,중앙선침범,특별광역시도,롯데백화점앞사거리,38.9091671,-77.0410987,노원구,
2017,3,1,수요일,0,경상사고,0,0,1,0,70,남,15년이상,,승용,사업용,승용,진입회전사고,맑음,심야,차대차,측면직각충돌,교차로운행방법위반,특별광역시도,롯데백화점앞사거리,38.9091671,-77.0410987,노원구,
2017,4,5,수요일,3,경상사고,0,0,1,0,59,남,15년이상,,승용,사업용,승용,진입회전사고,맑음,심야,차대차,측면직각충돌,안전거리미확보,특별광역시도,롯데백화점앞사거리,38.9091671,-77.0410987,노원구,
2017,5,19,금요일,10,경상사고,0,0,1,0,47,남,5년미만,,화물,비사업용,화물,진입회전사고,맑음,주간,차대차,측면직각충돌,안전운전불이행,특별광역시도,롯데백화점앞사거리,38.9091671,-77.0410987,노원구,
2017,6,11,일요일,0,경상사고,0,0,1,0,55,남,15년미만,,승용,비사업용,승용,주정차사고,맑음,심야,차대차,추돌(주정차중),안전운전불이행,특별광역시도,롯데백화점앞사거리,38.9091671,-77.0410987,노원구,
2017,8,19,토요일,19,경상사고,0,0,1,0,25,남,10년미만,,이륜,기타,보행자,진입회전사고,맑음,출퇴근,차대사람,횡단중,신호위반,특별광역시도,롯데백화점앞사거리,38.9091671,-77.0410987,노원구,
2018,1,28,일요일,21,경상사고,0,0,1,0,22,남,3년미만,,승용,비사업용,보행자,기타사고,맑음,심야,차대사람,차도통행중,안전운전불이행,특별광역시도,롯데백화점앞사거리,38.9091671,-77.0410987,노원구,
2018,5,20,일요일,17,중상사고,0,1,0,0,33,남,15년이상,,승용,사업용,승용,기타사고,맑음,주간,차대차,차대차-기타,교차로운행방법위반,특별광역시도,롯데백화점앞사거리,38.9091671,-77.0410987,노원구,
2018,6,13,수요일,3,경상사고,0,0,1,0,61,남,15년이상,,승용,사업용,보행자,기타사고,맑음,심야,차대사람,차대사람-기타,안전운전불이행,특별광역시도,롯데백화점앞사거리,38.9091671,-77.0410987,노원구,
2018,6,8,금요일,16,경상사고,0,0,1,0,49,여,15년이상,,승용,비사업용,승용,기타사고,맑음,주간,차대차,차대차-기타,안전운전불이행,특별광역시도,롯데백화점앞사거리,38.9091671,-77.0410987,노원구,
2019,2,12,화요일,0,경상사고,0,0,1,0,38,남,10년미만,,승용,비사업용,보행자,보행횡단사고,맑음,심야,차대사람,횡단중,안전운전불이행,특별광역시도,롯데백화점앞사거리,38.9091671,-77.0410987,노원구,
2019,2,26,화요일,10,중상사고,0,1,0,0,39,여,15년미만,,승용,비사업용,보행자,기타사고,맑음,주간,차대사람,차도통행중,안전운전불이행,특별광역시도,롯데백화점앞사거리,38.9091671,-77.0410987,노원구,
2019,5,2,목요일,8,경상사고,0,0,2,0,50,남,15년이상,0,특수,사업용,특수,일직선사고,맑음,출퇴근,차대차,추돌(진행중),안전운전불이행,특별광역시도,롯데백화점앞사거리,38.9091671,-77.0410987,노원구,
2019,5,24,금요일,12,부상사고,0,0,0,1,60,남,15년이상,,승용,사업용,이륜,진입회전사고,맑음,주간,차대차,측면직각충돌,신호위반,특별광역시도,롯데백화점앞사거리,38.9091671,-77.0410987,노원구,
2019,5,31,금요일,15,중상사고,0,1,0,0,32,남,15년미만,,승용,비사업용,승용,일직선사고,맑음,주간,차대차,추돌(진행중),안전운전불이행,기타,롯데백화점앞사거리,38.9091671,-77.0410987,노원구,
2019,5,27,월요일,21,경상사고,0,0,1,0,52,여,15년이상,,승용,비사업용,승용,진입회전사고,맑음,심야,차대차,측면직각충돌,직진우회전진행방해,특별광역시도,롯데백화점앞사거리,38.9091671,-77.0410987,노원구,
2019,6,21,금요일,5,경상사고,0,0,1,0,75,남,15년이상,,승용,비사업용,화물,일직선사고,맑음,새벽,차대차,추돌(진행중),안전운전불이행,특별광역시도,롯데백화점앞사거리,38.9091671,-77.0410987,노원구,
2019,8,21,수요일,20,중상사고,0,1,0,0,66,남,15년이상,,승용,비사업용,승용,기타사고,비,출퇴근,차대차,차대차-기타,기타,특별광역시도,롯데백화점앞사거리,38.9091671,-77.0410987,노원구,
2019,11,2,토요일,23,경상사고,0,0,2,0,62,남,15년이상,0,승용,사업용,승용,일직선사고,맑음,심야,차대차,추돌(진행중),안전운전불이행,특별광역시도,롯데백화점앞사거리,38.9091671,-77.0410987,노원구,
2019,12,4,수요일,0,경상사고,0,0,3,0,66,남,15년이상,,승용,사업용,승용,일직선사고,맑음,심야,차대차,추돌(진행중),안전운전불이행,특별광역시도,롯데백화점앞사거리,38.9091671,-77.0410987,노원구,
2017,7,20,목요일,2,경상사고,0,0,2,0,52,남,15년이상,,승용,사업용,원동기,진입회전사고,맑음,심야,차대차,측면직각충돌,신호위반,특별광역시도,상계3치안센터사거리,37.6588029,127.0684859,노원구,
2017,8,19,토요일,1,경상사고,0,0,2,0,51,남,15년이상,,승용,사업용,승용,진입회전사고,맑음,심야,차대차,측면직각충돌,안전거리미확보,특별광역시도,상계3치안센터사거리,37.6588029,127.0684859,노원구,
2017,10,5,목요일,13,경상사고,0,0,2,0,24,여,10년미만,,승용,비사업용,승용,진입회전사고,맑음,주간,차대차,측면직각충돌,신호위반,특별광역시도,상계3치안센터사거리,37.6588029,127.0684859,노원구,
2018,1,10,수요일,19,경상사고,0,0,1,0,49,남,15년이상,,승용,비사업용,승용,진입회전사고,맑음,출퇴근,차대차,측면직각충돌,안전운전불이행,특별광역시도,상계3치안센터사거리,37.6588029,127.0684859,노원구,
2018,1,17,수요일,23,중상사고,0,2,0,0,21,남,3년미만,,화물,비사업용,기타,단독사고,맑음,심야,차량단독,공작물추돌,안전운전불이행,특별광역시도,상계3치안센터사거리,37.6588029,127.0684859,노원구,
2018,5,18,금요일,21,경상사고,0,0,2,0,50,남,15년이상,,승합,사업용,승합,기타사고,맑음,심야,차대차,차대차-기타,안전거리미확보,특별광역시도,상계3치안센터사거리,37.6588029,127.0684859,노원구,
2018,6,1,금요일,3,사망사고,1,0,1,0,34,남,10년미만,0,이륜,기타,기타,단독사고,맑음,심야,차량단독,공작물추돌,과속,특별광역시도,상계3치안센터사거리,37.6588029,127.0684859,노원구,
2018,6,8,금요일,17,중상사고,0,1,0,0,23,여,5년미만,,승용,비사업용,자전거,진입회전사고,맑음,주간,차대차,측면직각충돌,신호위반,특별광역시도,상계3치안센터사거리,37.6588029,127.0684859,노원구,
2018,8,29,수요일,21,중상사고,0,1,0,0,23,남,15년이상,,승용,비사업용,보행자,보행횡단사고,비,심야,차대사람,횡단중,안전운전불이행,특별광역시도,상계3치안센터사거리,37.6588029,127.0684859,노원구,
2018,9,5,수요일,15,경상사고,0,0,1,0,65,남,15년이상,,화물,비사업용,화물,진입회전사고,맑음,주간,차대차,측면직각충돌,안전거리미확보,특별광역시도,상계3치안센터사거리,37.6588029,127.0684859,노원구,
2018,9,25,화요일,22,경상사고,0,0,4,0,38,남,4년미만,0,승용,비사업용,승용,진입회전사고,맑음,심야,차대차,측면직각충돌,신호위반,특별광역시도,상계3치안센터사거리,37.6588029,127.0684859,노원구,
2019,4,30,화요일,9,경상사고,0,0,1,0,43,여,15년이상,,승용,비사업용,승용,진입회전사고,맑음,주간,차대차,측면직각충돌,신호위반,특별광역시도,상계3치안센터사거리,37.6588029,127.0684859,노원구,
2019,4,4,목요일,19,경상사고,0,0,1,0,41,남,15년이상,,승용,비사업용,보행자,기타사고,맑음,출퇴근,차대사람,차대사람-기타,안전운전불이행,특별광역시도,상계3치안센터사거리,37.6588029,127.0684859,노원구,
2019,5,5,일요일,16,경상사고,0,0,1,1,30,여,15년이상,,승용,비사업용,승용,진입회전사고,맑음,주간,차대차,측면직각충돌,안전운전불이행,특별광역시도,상계3치안센터사거리,37.6588029,127.0684859,노원구,
2019,6,13,목요일,10,경상사고,0,0,1,0,55,남,15년이상,,승합,비사업용,승합,진입회전사고,맑음,주간,차대차,측면직각충돌,안전거리미확보,특별광역시도,상계3치안센터사거리,37.6588029,127.0684859,노원구,
2019,6,21,금요일,13,경상사고,0,0,2,0,50,남,2년미만,,승용,사업용,승용,기타사고,맑음,주간,차대차,차대차-기타,안전운전불이행,특별광역시도,상계3치안센터사거리,37.6588029,127.0684859,노원구,
2019,7,30,화요일,6,중상사고,0,1,0,0,58,남,15년이상,,화물,비사업용,화물,기타사고,비,새벽,차대차,차대차-기타,차로위반,특별광역시도,상계3치안센터사거리,37.6588029,127.0684859,노원구,
2019,7,22,월요일,10,경상사고,0,0,1,0,35,남,15년이상,,승합,비사업용,승합,진입회전사고,맑음,주간,차대차,측면직각충돌,기타,특별광역시도,상계3치안센터사거리,37.6588029,127.0684859,노원구,
2019,8,8,목요일,17,경상사고,0,0,1,0,31,남,15년이상,,화물,비사업용,이륜,진입회전사고,맑음,주간,차대차,측면직각충돌,신호위반,특별광역시도,상계3치안센터사거리,37.6588029,127.0684859,노원구,
2019,9,9,월요일,7,경상사고,0,0,2,0,43,여,15년이상,,승용,비사업용,승용,진입회전사고,비,출퇴근,차대차,측면직각충돌,안전거리미확보,특별광역시도,상계3치안센터사거리,37.6588029,127.0684859,노원구,
2019,10,25,금요일,4,경상사고,0,0,1,0,45,남,15년이상,,승용,비사업용,승용,진입회전사고,맑음,심야,차대차,측면직각충돌,신호위반,특별광역시도,상계3치안센터사거리,37.6588029,127.0684859,노원구,
2017,3,11,토요일,8,경상사고,0,0,1,0,28,남,10년미만,0,승용,비사업용,화물,일직선사고,맑음,출퇴근,차대차,추돌(진행중),안전운전불이행,특별광역시도,상계교동단사거리,37.660566,127.073202,노원구,
2017,5,18,목요일,6,경상사고,0,0,3,0,55,남,15년이상,,승용,사업용,승용,진입회전사고,맑음,새벽,차대차,측면직각충돌,신호위반,특별광역시도,상계교동단사거리,37.660566,127.073202,노원구,
2017,6,24,토요일,23,경상사고,0,0,1,0,47,남,15년이상,0,승용,비사업용,승용,진입회전사고,비,심야,차대차,측면직각충돌,안전운전불이행,특별광역시도,상계교동단사거리,37.660566,127.073202,노원구,
2017,7,10,월요일,3,중상사고,0,1,0,0,56,남,15년이상,,승용,사업용,기타,기타사고,비,심야,차량단독,전도전복,안전운전불이행,특별광역시도,상계교동단사거리,37.660566,127.073202,노원구,
2017,8,31,목요일,17,경상사고,0,0,2,0,22,남,15년이상,,화물,비사업용,이륜,진입회전사고,맑음,주간,차대차,측면직각충돌,안전운전불이행,특별광역시도,상계교동단사거리,37.660566,127.073202,노원구,
2017,9,9,토요일,10,경상사고,0,0,1,0,57,남,15년이상,,승용,비사업용,승용,진입회전사고,맑음,주간,차대차,측면직각충돌,안전운전불이행,특별광역시도,상계교동단사거리,37.660566,127.073202,노원구,
2017,9,21,목요일,13,경상사고,0,0,1,0,56,남,15년이상,0,승용,비사업용,승합,일직선사고,맑음,주간,차대차,추돌(진행중),안전운전불이행,특별광역시도,상계교동단사거리,37.660566,127.073202,노원구,
2017,9,30,토요일,19,경상사고,0,0,1,0,64,남,15년이상,,승용,비사업용,승용,기타사고,맑음,출퇴근,차대차,차대차-기타,차로위반,특별광역시도,상계교동단사거리,37.660566,127.073202,노원구,
2017,11,5,일요일,19,중상사고,0,1,3,0,54,남,15년이상,,승합,비사업용,승합,일직선사고,맑음,출퇴근,차대차,추돌(진행중),안전운전불이행,특별광역시도,상계교동단사거리,37.660566,127.073202,노원구,
2017,12,9,토요일,22,경상사고,0,0,1,0,70,남,15년미만,,승용,사업용,승용,기타사고,맑음,심야,차대차,차대차-기타,안전운전불이행,특별광역시도,상계교동단사거리,37.660566,127.073202,노원구,
2018,8,2,목요일,0,경상사고,0,0,1,0,56,남,15년이상,0,승용,비사업용,승용,일직선사고,흐림,심야,차대차,추돌(진행중),안전운전불이행,특별광역시도,상계교동단사거리,37.660566,127.073202,노원구,
2018,8,18,토요일,2,경상사고,0,0,1,0,20,남,15년이상,,승용,사업용,승용,일직선사고,맑음,심야,차대차,추돌(진행중),안전운전불이행,특별광역시도,상계교동단사거리,37.660566,127.073202,노원구,
2018,8,22,수요일,18,경상사고,0,0,1,0,57,남,15년이상,,승용,비사업용,자전거,진입회전사고,맑음,출퇴근,차대차,측면직각충돌,신호위반,특별광역시도,상계교동단사거리,37.660566,127.073202,노원구,
2018,9,29,토요일,0,중상사고,0,2,1,0,35,여,15년이상,0,승용,비사업용,승용,일직선사고,맑음,심야,차대차,추돌(진행중),안전운전불이행,특별광역시도,상계교동단사거리,37.660566,127.073202,노원구,
2018,9,29,토요일,0,경상사고,0,0,1,0,62,남,15년이상,,승용,사업용,승용,일직선사고,맑음,심야,차대차,추돌(진행중),안전운전불이행,특별광역시도,상계교동단사거리,37.660566,127.073202,노원구,
2018,9,21,금요일,1,중상사고,0,1,3,0,65,남,15년이상,,승용,사업용,승용,일직선사고,비,심야,차대차,추돌(진행중),안전운전불이행,특별광역시도,상계교동단사거리,37.660566,127.073202,노원구,
2018,9,16,일요일,6,중상사고,0,1,0,1,55,남,15년이상,,승용,사업용,승용,진입회전사고,비,새벽,차대차,측면직각충돌,안전운전불이행,기타,상계교동단사거리,37.660566,127.073202,노원구,
2018,9,10,월요일,7,경상사고,0,0,1,0,73,여,15년이상,,승용,사업용,승용,진입회전사고,맑음,출퇴근,차대차,측면직각충돌,차로위반,특별광역시도,상계교동단사거리,37.660566,127.073202,노원구,
2018,9,28,금요일,14,중상사고,0,1,0,0,59,남,15년이상,,화물,사업용,원동기,진입회전사고,맑음,주간,차대차,측면직각충돌,신호위반,특별광역시도,상계교동단사거리,37.660566,127.073202,노원구,
2018,12,26,수요일,16,경상사고,0,0,1,0,59,남,15년이상,,승용,비사업용,보행자,진입회전사고,맑음,주간,차대사람,횡단중,신호위반,특별광역시도,상계교동단사거리,37.660566,127.073202,노원구,
2019,3,3,일요일,5,경상사고,0,0,2,0,23,남,10년미만,0,승용,비사업용,승용,일직선사고,맑음,새벽,차대차,추돌(진행중),안전운전불이행,특별광역시도,상계교동단사거리,37.660566,127.073202,노원구,
2019,3,20,수요일,5,경상사고,0,0,1,0,56,남,15년이상,,승용,비사업용,보행자,보행횡단사고,흐림,새벽,차대사람,횡단중,보행자보호의무위반,특별광역시도,상계교동단사거리,37.660566,127.073202,노원구,
2019,5,5,일요일,14,경상사고,0,0,1,0,59,여,15년이상,,승용,비사업용,보행자,보행횡단사고,맑음,주간,차대사람,횡단중,보행자보호의무위반,특별광역시도,상계교동단사거리,37.660566,127.073202,노원구,
2019,7,17,수요일,15,경상사고,0,0,3,0,21,남,1년미만,,승용,비사업용,승용,일직선사고,맑음,주간,차대차,추돌(진행중),중앙선침범,특별광역시도,상계교동단사거리,37.660566,127.073202,노원구,
2019,10,4,금요일,15,중상사고,0,1,2,0,36,남,15년미만,,승용,비사업용,승용,진입회전사고,맑음,주간,차대차,측면직각충돌,교차로운행방법위반,특별광역시도,상계교동단사거리,37.660566,127.073202,노원구,
2017,1,14,토요일,13,경상사고,0,0,1,0,57,여,15년이상,,승합,사업용,승합,기타사고,맑음,주간,차대차,차대차-기타,안전거리미확보,특별광역시도,상계주공10단지,37.6639381,127.0568063,노원구,
2017,1,9,월요일,18,중상사고,0,1,0,0,60,남,15년이상,,승용,비사업용,이륜,진입회전사고,맑음,출퇴근,차대차,측면직각충돌,교차로운행방법위반,특별광역시도,상계주공10단지,37.6639381,127.0568063,노원구,
2017,2,19,일요일,2,경상사고,0,0,1,0,47,남,15년이상,,승용,비사업용,승용,진입회전사고,맑음,심야,차대차,측면직각충돌,안전운전불이행,특별광역시도,상계주공10단지,37.6639381,127.0568063,노원구,
2017,3,16,목요일,14,경상사고,0,0,2,0,50,남,15년이상,,승용,사업용,승용,일직선사고,맑음,주간,차대차,추돌(진행중),안전운전불이행,특별광역시도,상계주공10단지,37.6639381,127.0568063,노원구,