년도,월,일,요일,시각,사고등급,사망자수,중상자수,경상자수,부상자수,연령,성별,경력,음주,종별,용도,관련자2,사고형태,기상상태,일광상태,사고유형1,사고유형2,법규위반,도로종류,지점명,위도,경도,자치구,
2017,4,18,화요일,16,중상사고,0,1,2,0,45,남,15년이상,,특수,사업용,특수,주정차사고,맑음,주간,차대차,추돌(주정차중),안전운전불이행,특별광역시도,상계주공10단지,37.6639381,127.0568063,노원구,
2017,6,17,토요일,8,경상사고,0,0,2,0,38,남,15년이상,,승용,비사업용,승용,진입회전사고,맑음,출퇴근,차대차,측면직각충돌,안전거리미확보,특별광역시도,상계주공10단지,37.6639381,127.0568063,노원구,
2017,7,16,일요일,19,중상사고,0,1,0,0,23,남,15년이상,,이륜,기타,이륜,진입회전사고,맑음,출퇴근,차대차,측면직각충돌,안전운전불이행,특별광역시도,상계주공10단지,37.6639381,127.0568063,노원구,
2017,8,15,화요일,3,경상사고,0,0,1,0,41,남,데이터오류,,승용,비사업용,자전거,진입회전사고,맑음,심야,차대차,측면직각충돌,신호위반,특별광역시도,상계주공10단지,37.6639381,127.0568063,노원구,
2017,8,28,월요일,11,경상사고,0,0,1,0,66,남,15년이상,,승용,비사업용,승용,진입회전사고,맑음,주간,차대차,측면직각충돌,안전운전불이행,특별광역시도,상계주공10단지,37.6639381,127.0568063,노원구,
2017,9,5,화요일,1,중상사고,0,1,0,0,62,남,15년이상,,승용,사업용,이륜,진입회전사고,맑음,심야,차대차,측면직각충돌,신호위반,특별광역시도,상계주공10단지,37.6639381,127.0568063,노원구,
2017,9,8,금요일,14,경상사고,0,0,1,0,49,남,15년이상,,화물,사업용,이륜,진입회전사고,맑음,주간,차대차,측면직각충돌,안전운전불이행,특별광역시도,상계주공10단지,37.6639381,127.0568063,노원구,
2017,10,28,토요일,11,경상사고,0,0,1,1,49,남,15년이상,,승용,비사업용,승용,일직선사고,맑음,주간,차대차,추돌(진행중),안전운전불이행,특별광역시도,상계주공10단지,37.6639381,127.0568063,노원구,
2017,10,7,토요일,12,중상사고,0,1,0,0,34,남,15년이상,,승용,비사업용,보행자,보행횡단사고,맑음,주간,차대사람,횡단중,안전운전불이행,특별광역시도,상계주공10단지,37.6639381,127.0568063,노원구,
2017,10,2,월요일,20,경상사고,0,0,1,1,41,여,15년이상,,승용,비사업용,이륜,진입회전사고,맑음,출퇴근,차대차,측면직각충돌,신호위반,특별광역시도,상계주공10단지,37.6639381,127.0568063,노원구,
2017,11,1,수요일,20,경상사고,0,0,1,0,36,남,10년미만,,자전거,기타,자전거,진입회전사고,맑음,출퇴근,차대차,측면직각충돌,안전운전불이행,특별광역시도,상계주공10단지,37.6639381,127.0568063,노원구,
2017,12,6,수요일,17,중상사고,0,1,1,2,35,여,15년이상,,승용,비사업용,승용,진입회전사고,눈,주간,차대차,정면충돌,신호위반,특별광역시도,상계주공10단지,37.6639381,127.0568063,노원구,
2018,3,13,화요일,1,경상사고,0,0,1,0,69,남,15년이상,,승용,사업용,승용,진입회전사고,맑음,심야,차대차,차대차-기타,신호위반,특별광역시도,상계주공10단지,37.6639381,127.0568063,노원구,
2018,8,31,금요일,7,중상사고,0,1,0,0,58,여,15년이상,,승용,비사업용,자전거,기타사고,맑음,출퇴근,차대차,차대차-기타,안전운전불이행,특별광역시도,상계주공10단지,37.6639381,127.0568063,노원구,
2018,8,28,화요일,14,중상사고,0,1,6,0,51,남,15년이상,,건설기계,사업용,건설기계,일직선사고,비,주간,차대차,추돌(진행중),안전운전불이행,특별광역시도,상계주공10단지,37.6639381,127.0568063,노원구,
2018,8,18,토요일,15,중상사고,0,1,0,0,25,남,15년이상,,승용,비사업용,이륜,진입회전사고,맑음,주간,차대차,측면직각충돌,신호위반,특별광역시도,상계주공10단지,37.6639381,127.0568063,노원구,
2018,9,10,월요일,12,경상사고,0,0,1,0,48,여,15년이상,,승용,비사업용,화물,진입회전사고,맑음,주간,차대차,측면직각충돌,안전운전불이행,특별광역시도,상계주공10단지,37.6639381,127.0568063,노원구,
2018,9,24,월요일,13,경상사고,0,0,2,0,28,여,10년미만,,승용,비사업용,승용,진입회전사고,맑음,주간,차대차,측면직각충돌,안전운전불이행,특별광역시도,상계주공10단지,37.6639381,127.0568063,노원구,
2018,10,18,목요일,7,경상사고,0,0,1,0,40,남,15년이상,,승용,비사업용,승합,진입회전사고,맑음,출퇴근,차대차,측면직각충돌,교차로운행방법위반,특별광역시도,상계주공10단지,37.6639381,127.0568063,노원구,
2018,10,2,화요일,13,경상사고,0,0,2,0,53,남,15년이상,,승용,비사업용,승용,일직선사고,맑음,주간,차대차,추돌(진행중),안전운전불이행,특별광역시도,상계주공10단지,37.6639381,127.0568063,노원구,
2018,10,23,화요일,17,경상사고,0,0,1,0,55,여,15년이상,,승용,비사업용,자전거,기타사고,맑음,주간,차대차,차대차-기타,안전운전불이행,특별광역시도,상계주공10단지,37.6639381,127.0568063,노원구,
2018,12,26,수요일,0,중상사고,0,1,2,0,61,남,15년이상,0,승용,사업용,승용,일직선사고,맑음,심야,차대차,추돌(진행중),안전운전불이행,특별광역시도,상계주공10단지,37.6639381,127.0568063,노원구,
2019,5,29,수요일,10,경상사고,0,0,1,0,67,남,15년이상,,승용,사업용,승용,일직선사고,맑음,주간,차대차,추돌(진행중),안전운전불이행,특별광역시도,상계주공10단지,37.6639381,127.0568063,노원구,
2019,7,1,월요일,18,경상사고,0,0,1,0,27,남,15년이상,,화물,비사업용,원동기,진입회전사고,맑음,출퇴근,차대차,측면직각충돌,안전거리미확보,특별광역시도,상계주공10단지,37.6639381,127.0568063,노원구,
2019,8,12,월요일,19,경상사고,0,0,1,0,45,남,15년이상,,승합,사업용,승합,진입회전사고,맑음,출퇴근,차대차,측면직각충돌,안전운전불이행,특별광역시도,상계주공10단지,37.6639381,127.0568063,노원구,
2019,9,10,화요일,15,경상사고,0,0,1,0,53,남,15년이상,,승용,비사업용,승용,진입회전사고,비,주간,차대차,측면직각충돌,교차로운행방법위반,특별광역시도,상계주공10단지,37.6639381,127.0568063,노원구,
2019,9,8,일요일,23,경상사고,0,0,1,0,55,여,15년이상,,승용,비사업용,승용,진입회전사고,맑음,심야,차대차,측면직각충돌,안전운전불이행,특별광역시도,상계주공10단지,37.6639381,127.0568063,노원구,
2019,10,30,수요일,7,경상사고,0,0,1,0,49,여,15년이상,,승용,비사업용,승용,일직선사고,맑음,출퇴근,차대차,추돌(진행중),안전운전불이행,특별광역시도,상계주공10단지,37.6639381,127.0568063,노원구,
2019,10,29,화요일,20,경상사고,0,0,2,0,50,남,15년이상,0,승용,비사업용,승용,진입회전사고,맑음,출퇴근,차대차,측면직각충돌,중앙선침범,특별광역시도,상계주공10단지,37.6639381,127.0568063,노원구,
2019,11,9,토요일,8,경상사고,0,0,1,0,31,여,15년이상,0,승용,비사업용,승용,일직선사고,맑음,출퇴근,차대차,추돌(진행중),안전운전불이행,특별광역시도,상계주공10단지,37.6639381,127.0568063,노원구,
2017,3,15,수요일,10,중상사고,0,1,0,0,49,남,10년미만,,승용,비사업용,이륜,진입회전사고,맑음,주간,차대차,측면직각충돌,차로위반,특별광역시도,상계주공14단지앞,37.6695236,127.0583199,노원구,
2017,3,8,수요일,18,중상사고,0,1,0,0,34,여,15년미만,,승용,비사업용,원동기,진입회전사고,맑음,출퇴근,차대차,차대차-기타,신호위반,특별광역시도,상계주공14단지앞,37.6695236,127.0583199,노원구,
2017,3,1,수요일,23,중상사고,0,2,0,0,56,남,15년이상,0,승합,비사업용,승합,일직선사고,맑음,심야,차대차,추돌(진행중),안전운전불이행,특별광역시도,상계주공14단지앞,37.6695236,127.0583199,노원구,
2017,4,2,일요일,17,경상사고,0,0,1,0,54,남,15년이상,0,승용,비사업용,승용,일직선사고,맑음,주간,차대차,추돌(진행중),안전거리미확보,특별광역시도,상계주공14단지앞,37.6695236,127.0583199,노원구,
2017,6,20,화요일,3,경상사고,0,0,1,0,51,여,15년이상,,승용,사업용,승용,일직선사고,맑음,심야,차대차,추돌(진행중),안전운전불이행,특별광역시도,상계주공14단지앞,37.6695236,127.0583199,노원구,
2017,7,3,월요일,16,경상사고,0,0,1,0,불명,불명,데이터오류,,기타,데이터오류,기타,기타사고,맑음,주간,차대차,차대차-기타,안전운전불이행,특별광역시도,상계주공14단지앞,37.6695236,127.0583199,노원구,
2017,8,8,화요일,15,경상사고,0,0,4,0,76,남,15년이상,,승용,비사업용,이륜,일직선사고,맑음,주간,차대차,추돌(진행중),안전운전불이행,특별광역시도,상계주공14단지앞,37.6695236,127.0583199,노원구,
2017,8,20,일요일,23,경상사고,0,0,3,0,34,남,10년미만,,승용,비사업용,승용,기타사고,비,심야,차대차,차대차-기타,안전거리미확보,특별광역시도,상계주공14단지앞,37.6695236,127.0583199,노원구,
2017,11,26,일요일,18,경상사고,0,0,1,0,74,여,15년이상,,승용,비사업용,이륜,진입회전사고,맑음,출퇴근,차대차,측면직각충돌,신호위반,특별광역시도,상계주공14단지앞,37.6695236,127.0583199,노원구,
2017,12,21,목요일,10,경상사고,0,0,1,0,71,남,15년이상,,승용,비사업용,보행자,기타사고,맑음,주간,차대사람,차대사람-기타,보행자보호의무위반,특별광역시도,상계주공14단지앞,37.6695236,127.0583199,노원구,
2018,4,25,수요일,0,경상사고,0,0,2,0,30,남,15년이상,0,승용,비사업용,승용,기타사고,맑음,심야,차대차,차대차-기타,안전거리미확보,특별광역시도,상계주공14단지앞,37.6695236,127.0583199,노원구,
2018,6,13,수요일,14,중상사고,0,1,0,0,43,남,10년미만,,승합,사업용,보행자,기타사고,맑음,주간,차대사람,길가장자리구역통행중,안전운전불이행,특별광역시도,상계주공14단지앞,37.6695236,127.0583199,노원구,
2018,7,8,일요일,0,중상사고,0,1,0,0,44,남,15년이상,,승용,비사업용,이륜,진입회전사고,맑음,심야,차대차,측면직각충돌,신호위반,특별광역시도,상계주공14단지앞,37.6695236,127.0583199,노원구,
2018,7,19,목요일,21,경상사고,0,0,2,0,47,남,15년이상,0,승용,비사업용,승용,진입회전사고,맑음,심야,차대차,측면직각충돌,중앙선침범,특별광역시도,상계주공14단지앞,37.6695236,127.0583199,노원구,
2018,9,14,금요일,15,중상사고,0,1,4,0,21,남,15년이상,,승용,비사업용,승용,진입회전사고,맑음,주간,차대차,측면직각충돌,안전운전불이행,특별광역시도,상계주공14단지앞,37.6695236,127.0583199,노원구,
2018,10,6,토요일,14,중상사고,0,1,0,1,38,남,15년이상,,이륜,기타,이륜,일직선사고,맑음,주간,차대차,추돌(진행중),안전운전불이행,특별광역시도,상계주공14단지앞,37.6695236,127.0583199,노원구,
2019,1,25,금요일,2,경상사고,0,0,1,0,65,남,15년이상,,승용,사업용,이륜,진입회전사고,맑음,심야,차대차,측면직각충돌,신호위반,특별광역시도,상계주공14단지앞,37.6695236,127.0583199,노원구,
2019,4,29,월요일,11,경상사고,0,0,1,0,49,남,15년이상,,자전거,데이터오류,보행자,보행횡단사고,맑음,주간,차대사람,보도통행중,기타,특별광역시도,상계주공14단지앞,37.6695236,127.0583199,노원구,
2019,6,19,수요일,18,경상사고,0,0,1,0,59,남,15년이상,,승용,사업용,보행자,기타사고,맑음,출퇴근,차대사람,차대사람-기타,안전운전불이행,특별광역시도,상계주공14단지앞,37.6695236,127.0583199,노원구,
2019,7,6,토요일,7,중상사고,0,1,2,0,20,남,15년이상,,승용,비사업용,승용,진입회전사고,맑음,출퇴근,차대차,측면직각충돌,신호위반,특별광역시도,상계주공14단지앞,37.6695236,127.0583199,노원구,
2019,9,10,화요일,19,경상사고,0,0,1,0,33,남,15년이상,,승용,비사업용,이륜,일직선사고,비,출퇴근,차대차,추돌(진행중),안전거리미확보,특별광역시도,상계주공14단지앞,37.6695236,127.0583199,노원구,
2017,3,2,목요일,16,경상사고,0,0,1,0,26,남,10년미만,,원동기,기타,보행자,진입회전사고,맑음,주간,차대사람,횡단중,신호위반,특별광역시도,수락산역부근,37.677881,127.055293,노원구,
2017,6,9,금요일,15,경상사고,0,0,1,0,45,남,10년미만,,화물,비사업용,자전거,일직선사고,맑음,주간,차대차,추돌(진행중),안전운전불이행,특별광역시도,수락산역부근,37.677881,127.055293,노원구,
2017,6,16,금요일,20,경상사고,0,0,1,0,29,남,15년이상,,승용,비사업용,승용,진입회전사고,맑음,출퇴근,차대차,측면직각충돌,중앙선침범,특별광역시도,수락산역부근,37.677881,127.055293,노원구,
2017,8,6,일요일,17,중상사고,0,1,1,0,63,남,15년이상,,승용,비사업용,승용,진입회전사고,맑음,주간,차대차,측면직각충돌,신호위반,특별광역시도,수락산역부근,37.677881,127.055293,노원구,
2017,9,23,토요일,15,중상사고,0,1,0,0,25,남,15년이상,,이륜,기타,이륜,진입회전사고,맑음,주간,차대차,측면직각충돌,안전운전불이행,특별광역시도,수락산역부근,37.677881,127.055293,노원구,
2017,9,6,수요일,20,경상사고,0,0,1,0,43,여,15년이상,,승용,비사업용,승용,일직선사고,맑음,출퇴근,차대차,추돌(진행중),안전운전불이행,기타,수락산역부근,37.677881,127.055293,노원구,
2017,11,5,일요일,19,중상사고,0,1,0,0,32,남,15년이상,,승용,비사업용,이륜,진입회전사고,맑음,출퇴근,차대차,측면직각충돌,신호위반,특별광역시도,수락산역부근,37.677881,127.055293,노원구,
2017,12,24,일요일,6,중상사고,0,1,0,0,27,남,10년미만,,승용,비사업용,승용,기타사고,비,새벽,차대차,차대차-기타,안전운전불이행,특별광역시도,수락산역부근,37.677881,127.055293,노원구,
2018,5,7,월요일,4,중상사고,0,1,0,0,43,남,15년이상,,승용,비사업용,보행자,보행횡단사고,맑음,심야,차대사람,횡단중,안전운전불이행,특별광역시도,수락산역부근,37.677881,127.055293,노원구,
2018,5,11,금요일,9,경상사고,0,0,2,0,40,남,15년이상,,승용,비사업용,화물,일직선사고,맑음,주간,차대차,추돌(진행중),안전운전불이행,특별광역시도,수락산역부근,37.677881,127.055293,노원구,
2018,9,4,화요일,18,경상사고,0,0,1,0,63,남,15년이상,,화물,사업용,보행자,진입회전사고,맑음,출퇴근,차대차,측면직각충돌,안전운전불이행,특별광역시도,수락산역부근,37.677881,127.055293,노원구,
2018,9,17,월요일,18,중상사고,0,1,0,0,58,여,15년이상,,승용,비사업용,보행자,보행횡단사고,맑음,출퇴근,차대사람,횡단중,안전운전불이행,특별광역시도,수락산역부근,37.677881,127.055293,노원구,
2018,12,18,화요일,7,중상사고,0,1,0,0,65,남,15년이상,,승용,비사업용,보행자,기타사고,흐림,출퇴근,차대사람,차대사람-기타,안전운전불이행,특별광역시도,수락산역부근,37.677881,127.055293,노원구,
2019,1,2,수요일,0,경상사고,0,0,1,0,72,남,15년이상,,승용,사업용,기타,기타사고,맑음,심야,차량단독,차량단독-기타,기타,특별광역시도,수락산역부근,37.677881,127.055293,노원구,
2019,2,14,목요일,23,경상사고,0,0,1,0,63,남,15년이상,,승용,사업용,보행자,보행횡단사고,맑음,심야,차대사람,횡단중,안전운전불이행,특별광역시도,수락산역부근,37.677881,127.055293,노원구,
2019,3,23,토요일,17,중상사고,0,1,0,0,56,남,15년이상,,승용,사업용,이륜,기타사고,맑음,주간,차대차,차대차-기타,안전운전불이행,특별광역시도,수락산역부근,37.677881,127.055293,노원구,
2019,4,7,일요일,10,중상사고,0,1,2,0,72,남,15년이상,,화물,비사업용,이륜,진입회전사고,맑음,주간,차대차,측면직각충돌,신호위반,특별광역시도,수락산역부근,37.677881,127.055293,노원구,
2019,5,18,토요일,19,경상사고,0,0,1,0,58,남,15년이상,,승용,비사업용,이륜,일직선사고,맑음,출퇴근,차대차,추돌(진행중),안전운전불이행,특별광역시도,수락산역부근,37.677881,127.055293,노원구,
2019,7,3,수요일,9,중상사고,0,1,0,0,44,남,15년이상,,화물,비사업용,보행자,보행횡단사고,맑음,주간,차대사람,횡단중,안전운전불이행,특별광역시도,수락산역부근,37.677881,127.055293,노원구,
2019,10,22,화요일,18,경상사고,0,0,1,0,70,남,15년이상,,승용,사업용,승합,기타사고,맑음,출퇴근,차대차,차대차-기타,안전운전불이행,특별광역시도,수락산역부근,37.677881,127.055293,노원구,
2017,1,7,토요일,3,중상사고,0,1,0,0,31,남,2년미만,0,승용,비사업용,승용,기타사고,맑음,심야,차대차,차대차-기타,안전운전불이행,특별광역시도,신도2차아파트부근사거리,36.7770672,127.2104674,노원구,
2017,2,10,금요일,6,경상사고,0,0,1,0,30,남,3년미만,,승용,비사업용,이륜,일직선사고,맑음,새벽,차대차,추돌(진행중),안전운전불이행,특별광역시도,신도2차아파트부근사거리,36.7770672,127.2104674,노원구,
2017,2,14,화요일,12,경상사고,0,0,1,0,43,여,15년이상,,승용,비사업용,승용,일직선사고,맑음,주간,차대차,정면충돌,안전운전불이행,특별광역시도,신도2차아파트부근사거리,36.7770672,127.2104674,노원구,
2017,3,7,화요일,2,경상사고,0,0,1,1,20,남,15년이상,0,승용,비사업용,승용,일직선사고,맑음,심야,차대차,추돌(진행중),안전운전불이행,특별광역시도,신도2차아파트부근사거리,36.7770672,127.2104674,노원구,
2017,3,28,화요일,13,경상사고,0,0,1,0,57,남,15년이상,,승용,사업용,이륜,진입회전사고,맑음,주간,차대차,측면직각충돌,차로위반,특별광역시도,신도2차아파트부근사거리,36.7770672,127.2104674,노원구,
2017,5,26,금요일,8,경상사고,0,0,1,0,63,남,15년이상,,승용,비사업용,승용,일직선사고,맑음,출퇴근,차대차,추돌(진행중),안전운전불이행,특별광역시도,신도2차아파트부근사거리,36.7770672,127.2104674,노원구,
2017,5,7,일요일,20,경상사고,0,0,2,0,63,남,15년이상,,승용,비사업용,승용,기타사고,맑음,출퇴근,차대차,차대차-기타,안전거리미확보,특별광역시도,신도2차아파트부근사거리,36.7770672,127.2104674,노원구,
2017,7,15,토요일,22,경상사고,0,0,3,0,54,남,15년이상,,승용,비사업용,승용,기타사고,비,심야,차대차,차대차-기타,안전운전불이행,특별광역시도,신도2차아파트부근사거리,36.7770672,127.2104674,노원구,
2017,8,6,일요일,17,부상사고,0,0,0,1,25,여,10년미만,,승용,비사업용,이륜,기타사고,맑음,주간,차대차,차대차-기타,불법유턴,특별광역시도,신도2차아파트부근사거리,36.7770672,127.2104674,노원구,
2017,9,28,목요일,16,중상사고,0,1,6,0,64,남,15년이상,,승용,비사업용,승합,기타사고,맑음,주간,차대차,차대차-기타,안전거리미확보,특별광역시도,신도2차아파트부근사거리,36.7770672,127.2104674,노원구,
2017,9,5,화요일,18,경상사고,0,0,1,0,62,남,15년이상,,승용,사업용,승용,진입회전사고,맑음,출퇴근,차대차,측면직각충돌,신호위반,특별광역시도,신도2차아파트부근사거리,36.7770672,127.2104674,노원구,
2017,11,30,목요일,18,사망사고,1,0,0,0,54,남,15년이상,,승합,사업용,보행자,보행횡단사고,맑음,출퇴근,차대사람,보도통행중,안전운전불이행,특별광역시도,신도2차아파트부근사거리,36.7770672,127.2104674,노원구,
2017,12,4,월요일,14,경상사고,0,0,1,0,58,남,15년이상,,승용,사업용,승용,일직선사고,맑음,주간,차대차,추돌(진행중),안전거리미확보,특별광역시도,신도2차아파트부근사거리,36.7770672,127.2104674,노원구,
2018,1,2,화요일,1,중상사고,0,1,0,0,59,남,15년이상,,승용,사업용,이륜,진입회전사고,맑음,심야,차대차,측면직각충돌,신호위반,특별광역시도,신도2차아파트부근사거리,36.7770672,127.2104674,노원구,
2018,1,9,화요일,23,경상사고,0,0,1,0,36,남,2년미만,,승용,비사업용,승용,일직선사고,눈,심야,차대차,추돌(진행중),안전운전불이행,특별광역시도,신도2차아파트부근사거리,36.7770672,127.2104674,노원구,
2018,2,8,목요일,15,경상사고,0,0,2,0,67,남,15년이상,,승용,사업용,승용,진입회전사고,맑음,주간,차대차,측면직각충돌,안전운전불이행,특별광역시도,신도2차아파트부근사거리,36.7770672,127.2104674,노원구,
2018,2,1,목요일,23,경상사고,0,0,2,0,53,남,15년이상,0,승용,비사업용,승용,진입회전사고,맑음,심야,차대차,측면직각충돌,신호위반,특별광역시도,신도2차아파트부근사거리,36.7770672,127.2104674,노원구,
2018,3,28,수요일,16,경상사고,0,0,1,0,62,남,15년이상,,승용,사업용,기타,기타사고,맑음,주간,차량단독,차량단독-기타,안전운전불이행,특별광역시도,신도2차아파트부근사거리,36.7770672,127.2104674,노원구,
2018,4,7,토요일,0,경상사고,0,0,1,0,51,남,15년이상,0,승용,비사업용,승용,일직선사고,비,심야,차대차,추돌(진행중),안전운전불이행,특별광역시도,신도2차아파트부근사거리,36.7770672,127.2104674,노원구,
2018,5,23,수요일,10,경상사고,0,0,1,0,34,남,15년이상,,승용,비사업용,승용,기타사고,맑음,주간,차대차,차대차-기타,안전운전불이행,특별광역시도,신도2차아파트부근사거리,36.7770672,127.2104674,노원구,
2018,5,29,화요일,17,중상사고,0,1,0,0,77,남,15년이상,,승용,사업용,자전거,진입회전사고,맑음,주간,차대차,측면직각충돌,안전운전불이행,특별광역시도,신도2차아파트부근사거리,36.7770672,127.2104674,노원구,
2018,6,17,일요일,6,경상사고,0,0,1,1,64,남,15년이상,,승용,비사업용,화물,기타사고,맑음,새벽,차대차,차대차-기타,안전운전불이행,특별광역시도,신도2차아파트부근사거리,36.7770672,127.2104674,노원구,
2018,6,29,금요일,18,경상사고,0,0,1,0,44,남,15년이상,0,승용,사업용,화물,일직선사고,맑음,출퇴근,차대차,추돌(진행중),안전운전불이행,특별광역시도,신도2차아파트부근사거리,36.7770672,127.2104674,노원구,
2018,7,21,토요일,10,중상사고,0,1,0,0,36,남,15년이상,,승용,비사업용,승합,기타사고,맑음,주간,차대차,차대차-기타,안전운전불이행,특별광역시도,신도2차아파트부근사거리,36.7770672,127.2104674,노원구,
2018,8,29,수요일,18,경상사고,0,0,1,0,63,남,15년이상,,승용,사업용,승용,일직선사고,비,출퇴근,차대차,추돌(진행중),안전운전불이행,특별광역시도,신도2차아파트부근사거리,36.7770672,127.2104674,노원구,
2018,10,31,수요일,4,경상사고,0,0,1,0,52,남,15년미만,,승용,비사업용,승용,일직선사고,맑음,심야,차대차,추돌(진행중),안전운전불이행,특별광역시도,신도2차아파트부근사거리,36.7770672,127.2104674,노원구,
2018,10,5,금요일,17,중상사고,0,1,0,0,47,여,15년이상,,승용,비사업용,승용,진입회전사고,비,주간,차대차,측면직각충돌,신호위반,특별광역시도,신도2차아파트부근사거리,36.7770672,127.2104674,노원구,
2019,1,12,토요일,1,부상사고,0,0,0,1,53,남,15년이상,,승용,사업용,보행자,보행횡단사고,맑음,심야,차대사람,횡단중,안전운전불이행,특별광역시도,신도2차아파트부근사거리,36.7770672,127.2104674,노원구,
2019,1,11,금요일,6,중상사고,0,1,0,0,61,남,15년이상,,승용,비사업용,보행자,기타사고,맑음,새벽,차대사람,차도통행중,안전운전불이행,특별광역시도,신도2차아파트부근사거리,36.7770672,127.2104674,노원구,
2019,3,19,화요일,17,중상사고,0,1,2,0,69,남,15년이상,,화물,비사업용,화물,진입회전사고,맑음,주간,차대차,측면직각충돌,신호위반,특별광역시도,신도2차아파트부근사거리,36.7770672,127.2104674,노원구,
2019,3,30,토요일,20,경상사고,0,0,2,0,32,남,15년미만,,승용,비사업용,승용,진입회전사고,비,출퇴근,차대차,측면직각충돌,차로위반,특별광역시도,신도2차아파트부근사거리,36.7770672,127.2104674,노원구,
2019,4,21,일요일,10,경상사고,0,0,1,0,35,여,10년미만,,승용,비사업용,화물,진입회전사고,맑음,주간,차대차,측면직각충돌,안전거리미확보,특별광역시도,신도2차아파트부근사거리,36.7770672,127.2104674,노원구,
2019,5,24,금요일,6,경상사고,0,0,2,0,57,여,15년이상,,승용,사업용,이륜,일직선사고,맑음,새벽,차대차,정면충돌,안전운전불이행,특별광역시도,신도2차아파트부근사거리,36.7770672,127.2104674,노원구,
2019,6,12,수요일,21,경상사고,0,0,1,0,30,남,15년이상,,승용,비사업용,승용,기타사고,맑음,심야,차대차,차대차-기타,안전운전불이행,특별광역시도,신도2차아파트부근사거리,36.7770672,127.2104674,노원구,
2019,7,6,토요일,0,경상사고,0,0,1,0,22,남,4년미만,,승용,비사업용,이륜,진입회전사고,흐림,심야,차대차,측면직각충돌,안전거리미확보,특별광역시도,신도2차아파트부근사거리,36.7770672,127.2104674,노원구,
2019,7,22,월요일,4,사망사고,1,0,0,0,19,여,1년미만,,승용,사업용,보행자,기타사고,맑음,심야,차대사람,차도통행중,과속,특별광역시도,신도2차아파트부근사거리,36.7770672,127.2104674,노원구,
2019,11,4,월요일,6,중상사고,0,1,2,0,25,남,10년미만,,승용,비사업용,화물,진입회전사고,맑음,새벽,차대차,측면직각충돌,안전거리미확보,특별광역시도,신도2차아파트부근사거리,36.7770672,127.2104674,노원구,
2019,11,6,수요일,8,경상사고,0,0,1,0,43,남,15년이상,,승합,사업용,승합,기타사고,맑음,출퇴근,차대차,차대차-기타,안전운전불이행,특별광역시도,신도2차아파트부근사거리,36.7770672,127.2104674,노원구,
2019,11,19,화요일,15,경상사고,0,0,4,0,63,남,15년이상,,승합,사업용,승합,진입회전사고,맑음,주간,차대차,측면직각충돌,신호위반,특별광역시도,신도2차아파트부근사거리,36.7770672,127.2104674,노원구,
2017,6,24,토요일,2,경상사고,0,0,1,0,59,남,15년이상,,승용,사업용,승용,진입회전사고,맑음,심야,차대차,측면직각충돌,안전거리미확보,특별광역시도,신도2차아파트부근사거리,36.7770672,127.2104674,노원구,
2017,12,9,토요일,18,경상사고,0,0,1,0,65,여,15년이상,,승용,비사업용,승용,진입회전사고,맑음,출퇴근,차대차,측면직각충돌,안전운전불이행,특별광역시도,신도2차아파트부근사거리,36.7770672,127.2104674,노원구,
2019,1,1,화요일,1,경상사고,0,0,3,0,49,남,15년이상,0,승용,비사업용,승용,일직선사고,맑음,심야,차대차,추돌(진행중),안전운전불이행,특별광역시도,신도2차아파트부근사거리,36.7770672,127.2104674,노원구,
2019,1,22,화요일,17,경상사고,0,0,1,0,29,남,10년미만,,승용,비사업용,화물,일직선사고,맑음,주간,차대차,추돌(진행중),안전운전불이행,특별광역시도,신도2차아파트부근사거리,36.7770672,127.2104674,노원구,
2019,2,15,금요일,1,경상사고,0,0,1,1,47,여,15년이상,,승용,비사업용,승용,진입회전사고,맑음,심야,차대차,측면직각충돌,안전거리미확보,특별광역시도,신도2차아파트부근사거리,36.7770672,127.2104674,노원구,
2019,5,11,토요일,21,경상사고,0,0,2,0,20,남,데이터오류,,승용,비사업용,승용,일직선사고,맑음,심야,차대차,추돌(진행중),안전운전불이행,특별광역시도,신도2차아파트부근사거리,36.7770672,127.2104674,노원구,
2019,11,4,월요일,13,경상사고,0,0,2,0,59,여,15년이상,,승용,비사업용,승용,일직선사고,맑음,주간,차대차,추돌(진행중),안전운전불이행,특별광역시도,신도2차아파트부근사거리,36.7770672,127.2104674,노원구,
2017,1,9,월요일,15,경상사고,0,0,1,0,54,여,15년이상,,승용,비사업용,승용,일직선사고,맑음,주간,차대차,추돌(진행중),안전운전불이행,특별광역시도,월계119안전센터부근,37.628698,127.05659,노원구,
2017,1,25,수요일,18,부상사고,0,0,0,1,불명,불명,데이터오류,,기타,데이터오류,기타,기타사고,맑음,출퇴근,차대차,차대차-기타,안전운전불이행,특별광역시도,월계119안전센터부근,37.628698,127.05659,노원구,
2017,1,20,금요일,19,경상사고,0,0,1,0,29,남,10년미만,,승용,비사업용,승용,일직선사고,맑음,출퇴근,차대차,추돌(진행중),안전거리미확보,특별광역시도,월계119안전센터부근,37.628698,127.05659,노원구,