년도,월,일,요일,시각,사고등급,사망자수,중상자수,경상자수,부상자수,연령,성별,경력,음주,종별,용도,관련자2,사고형태,기상상태,일광상태,사고유형1,사고유형2,법규위반,도로종류,지점명,위도,경도,자치구,
2017,3,10,금요일,9,경상사고,0,0,3,0,74,남,15년이상,,승용,사업용,승용,진입회전사고,맑음,주간,차대차,측면직각충돌,중앙선침범,특별광역시도,월계119안전센터부근,37.628698,127.05659,노원구,
2017,5,26,금요일,20,경상사고,0,0,1,0,47,여,15년이상,,승용,비사업용,승용,진입회전사고,맑음,출퇴근,차대차,측면직각충돌,안전운전불이행,특별광역시도,월계119안전센터부근,37.628698,127.05659,노원구,
2017,7,22,토요일,0,경상사고,0,0,1,0,58,여,15년이상,,승용,비사업용,보행자,기타사고,비,심야,차대사람,차도통행중,안전운전불이행,특별광역시도,월계119안전센터부근,37.628698,127.05659,노원구,
2017,8,19,토요일,8,중상사고,0,1,0,0,16,남,데이터오류,,이륜,기타,이륜,기타사고,맑음,출퇴근,차대차,차대차-기타,안전운전불이행,특별광역시도,월계119안전센터부근,37.628698,127.05659,노원구,
2017,8,9,수요일,20,부상사고,0,0,0,1,25,남,15년이상,,승용,비사업용,이륜,진입회전사고,비,출퇴근,차대차,측면직각충돌,신호위반,특별광역시도,월계119안전센터부근,37.628698,127.05659,노원구,
2017,10,30,월요일,9,경상사고,0,0,1,0,33,남,15년미만,,건설기계,사업용,건설기계,진입회전사고,맑음,주간,차대차,측면직각충돌,교차로운행방법위반,특별광역시도,월계119안전센터부근,37.628698,127.05659,노원구,
2018,1,7,일요일,1,중상사고,0,1,0,1,59,남,15년이상,,승용,사업용,화물,진입회전사고,맑음,심야,차대차,측면직각충돌,신호위반,특별광역시도,월계119안전센터부근,37.628698,127.05659,노원구,
2018,1,22,월요일,11,사망사고,1,0,1,0,53,남,15년이상,,건설기계,사업용,보행자,진입회전사고,맑음,주간,차대차,측면직각충돌,교차로운행방법위반,특별광역시도,월계119안전센터부근,37.628698,127.05659,노원구,
2018,1,17,수요일,18,경상사고,0,0,1,0,46,남,15년이상,,화물,비사업용,화물,기타사고,맑음,출퇴근,차대차,차대차-기타,안전운전불이행,특별광역시도,월계119안전센터부근,37.628698,127.05659,노원구,
2018,1,11,목요일,19,경상사고,0,0,1,0,35,남,15년미만,,승용,비사업용,승용,일직선사고,맑음,출퇴근,차대차,추돌(진행중),안전운전불이행,특별광역시도,월계119안전센터부근,37.628698,127.05659,노원구,
2018,3,6,화요일,7,중상사고,0,1,0,0,66,남,15년이상,,승용,사업용,보행자,보행횡단사고,맑음,출퇴근,차대사람,횡단중,안전운전불이행,특별광역시도,월계119안전센터부근,37.628698,127.05659,노원구,
2018,3,26,월요일,9,경상사고,0,0,1,0,54,여,15년이상,,승용,비사업용,보행자,보행횡단사고,맑음,주간,차대사람,횡단중,안전운전불이행,특별광역시도,월계119안전센터부근,37.628698,127.05659,노원구,
2018,3,20,화요일,17,중상사고,0,1,0,0,11,남,데이터오류,,자전거,기타,보행자,보행횡단사고,맑음,주간,차대사람,보도통행중,기타,특별광역시도,월계119안전센터부근,37.628698,127.05659,노원구,
2018,5,26,토요일,9,경상사고,0,0,1,0,53,남,15년이상,,승용,비사업용,승용,일직선사고,맑음,주간,차대차,추돌(진행중),안전거리미확보,특별광역시도,월계119안전센터부근,37.628698,127.05659,노원구,
2018,8,8,수요일,9,중상사고,0,1,0,0,60,남,데이터오류,,자전거,기타,자전거,기타사고,맑음,주간,차대차,차대차-기타,안전운전불이행,특별광역시도,월계119안전센터부근,37.628698,127.05659,노원구,
2018,12,8,토요일,12,경상사고,0,0,1,0,23,여,15년이상,,승용,비사업용,승용,기타사고,맑음,주간,차대차,차대차-기타,안전운전불이행,특별광역시도,월계119안전센터부근,37.628698,127.05659,노원구,
2019,2,15,금요일,0,경상사고,0,0,2,0,47,남,15년이상,,승용,비사업용,승용,진입회전사고,맑음,심야,차대차,측면직각충돌,차로위반,특별광역시도,월계119안전센터부근,37.628698,127.05659,노원구,
2019,5,9,목요일,14,경상사고,0,0,1,0,58,여,5년미만,,승용,비사업용,승용,진입회전사고,맑음,주간,차대차,측면직각충돌,안전거리미확보,특별광역시도,월계119안전센터부근,37.628698,127.05659,노원구,
2019,5,17,금요일,14,경상사고,0,0,2,0,66,남,15년이상,,승용,사업용,승용,일직선사고,맑음,주간,차대차,추돌(진행중),안전운전불이행,특별광역시도,월계119안전센터부근,37.628698,127.05659,노원구,
2019,6,25,화요일,16,중상사고,0,2,1,0,23,남,15년이상,,승용,비사업용,이륜,진입회전사고,맑음,주간,차대차,측면직각충돌,안전운전불이행,특별광역시도,월계119안전센터부근,37.628698,127.05659,노원구,
2019,6,14,금요일,18,경상사고,0,0,1,0,78,남,15년이상,,승용,비사업용,보행자,보행횡단사고,맑음,출퇴근,차대사람,횡단중,보행자보호의무위반,특별광역시도,월계119안전센터부근,37.628698,127.05659,노원구,
2019,6,21,금요일,21,경상사고,0,0,1,0,62,남,15년이상,,승용,사업용,보행자,기타사고,맑음,심야,차대사람,차도통행중,안전운전불이행,특별광역시도,월계119안전센터부근,37.628698,127.05659,노원구,
2019,9,27,금요일,22,경상사고,0,0,1,0,27,남,15년이상,0,승용,비사업용,승용,일직선사고,맑음,심야,차대차,추돌(진행중),안전운전불이행,특별광역시도,월계119안전센터부근,37.628698,127.05659,노원구,
2019,10,23,수요일,16,경상사고,0,0,1,0,38,남,15년이상,,승용,비사업용,보행자,보행횡단사고,맑음,주간,차대사람,횡단중,안전운전불이행,특별광역시도,월계119안전센터부근,37.628698,127.05659,노원구,
2019,11,29,금요일,3,경상사고,0,0,1,0,66,남,15년이상,,승용,사업용,승용,기타사고,맑음,심야,차대차,차대차-기타,안전거리미확보,특별광역시도,월계119안전센터부근,37.628698,127.05659,노원구,
2019,11,18,월요일,16,경상사고,0,0,1,0,64,남,15년이상,,승합,사업용,승합,진입회전사고,맑음,주간,차대차,측면직각충돌,안전거리미확보,특별광역시도,월계119안전센터부근,37.628698,127.05659,노원구,
2019,12,28,토요일,20,경상사고,0,0,1,0,58,남,15년이상,,승용,사업용,보행자,기타사고,맑음,출퇴근,차대사람,차도통행중,안전운전불이행,특별광역시도,월계119안전센터부근,37.628698,127.05659,노원구,
2017,1,28,토요일,20,경상사고,0,0,2,1,38,남,10년미만,,승용,비사업용,승용,일직선사고,맑음,출퇴근,차대차,추돌(진행중),안전운전불이행,특별광역시도,월계1교동단사거리,37.6327227,127.063126,노원구,
2017,5,1,월요일,2,중상사고,0,1,0,0,70,남,15년이상,,승용,사업용,보행자,보행횡단사고,맑음,심야,차대사람,횡단중,안전운전불이행,특별광역시도,월계1교동단사거리,37.6327227,127.063126,노원구,
2017,5,3,수요일,7,부상사고,0,0,0,1,23,남,4년미만,,승용,비사업용,승용,기타사고,맑음,출퇴근,차대차,차대차-기타,안전거리미확보,특별광역시도,월계1교동단사거리,37.6327227,127.063126,노원구,
2017,7,3,월요일,18,중상사고,0,1,0,0,45,여,15년미만,,승용,비사업용,보행자,기타사고,비,출퇴근,차대사람,차도통행중,안전운전불이행,특별광역시도,월계1교동단사거리,37.6327227,127.063126,노원구,
2017,8,12,토요일,3,중상사고,0,1,0,0,55,남,15년이상,,화물,비사업용,보행자,보행횡단사고,맑음,심야,차대사람,횡단중,안전운전불이행,특별광역시도,월계1교동단사거리,37.6327227,127.063126,노원구,
2018,1,8,월요일,19,중상사고,0,1,0,0,34,남,15년미만,,화물,비사업용,보행자,보행횡단사고,눈,출퇴근,차대사람,횡단중,보행자보호의무위반,특별광역시도,월계1교동단사거리,37.6327227,127.063126,노원구,
2018,2,8,목요일,14,중상사고,0,1,0,0,49,여,1년미만,,승용,사업용,이륜,일직선사고,맑음,주간,차대차,추돌(진행중),안전운전불이행,특별광역시도,월계1교동단사거리,37.6327227,127.063126,노원구,
2018,4,27,금요일,16,경상사고,0,0,1,0,52,남,15년이상,,승용,사업용,자전거,기타사고,맑음,주간,차대차,차대차-기타,안전운전불이행,특별광역시도,월계1교동단사거리,37.6327227,127.063126,노원구,
2018,6,29,금요일,14,경상사고,0,0,2,0,60,남,15년이상,,건설기계,사업용,건설기계,진입회전사고,맑음,주간,차대차,측면직각충돌,안전거리미확보,특별광역시도,월계1교동단사거리,37.6327227,127.063126,노원구,
2018,11,30,금요일,13,경상사고,0,0,1,0,45,여,15년이상,,승용,비사업용,화물,기타사고,맑음,주간,차대차,차대차-기타,안전거리미확보,특별광역시도,월계1교동단사거리,37.6327227,127.063126,노원구,
2018,12,4,화요일,16,경상사고,0,0,1,0,37,남,15년이상,,승용,비사업용,승용,진입회전사고,맑음,주간,차대차,측면직각충돌,안전거리미확보,특별광역시도,월계1교동단사거리,37.6327227,127.063126,노원구,
2018,12,28,금요일,17,경상사고,0,0,2,0,67,남,15년이상,,승용,사업용,승용,진입회전사고,흐림,주간,차대차,측면직각충돌,신호위반,특별광역시도,월계1교동단사거리,37.6327227,127.063126,노원구,
2018,12,30,일요일,22,경상사고,0,0,1,0,53,남,15년이상,,승용,사업용,이륜,진입회전사고,맑음,심야,차대차,측면직각충돌,안전거리미확보,특별광역시도,월계1교동단사거리,37.6327227,127.063126,노원구,
2019,1,2,수요일,14,경상사고,0,0,1,0,52,여,15년이상,,승용,비사업용,이륜,일직선사고,맑음,주간,차대차,차대차-기타,중앙선침범,특별광역시도,월계1교동단사거리,37.6327227,127.063126,노원구,
2019,2,18,월요일,20,중상사고,0,1,0,0,64,남,3년미만,,승용,사업용,승용,일직선사고,맑음,출퇴근,차대차,추돌(진행중),안전운전불이행,특별광역시도,월계1교동단사거리,37.6327227,127.063126,노원구,
2019,4,2,화요일,7,경상사고,0,0,1,0,53,남,15년이상,,승합,사업용,승합,진입회전사고,맑음,출퇴근,차대차,측면직각충돌,안전운전불이행,특별광역시도,월계1교동단사거리,37.6327227,127.063126,노원구,
2019,4,18,목요일,18,경상사고,0,0,1,0,66,남,15년이상,,승용,비사업용,이륜,기타사고,맑음,출퇴근,차대차,차대차-기타,차로위반,특별광역시도,월계1교동단사거리,37.6327227,127.063126,노원구,
2019,5,31,금요일,7,중상사고,0,1,0,0,35,남,5년미만,,승용,비사업용,승용,일직선사고,맑음,출퇴근,차대차,추돌(진행중),안전거리미확보,특별광역시도,월계1교동단사거리,37.6327227,127.063126,노원구,
2019,7,4,목요일,13,경상사고,0,0,1,0,70,남,15년이상,,승용,사업용,승용,진입회전사고,맑음,주간,차대차,측면직각충돌,신호위반,특별광역시도,월계1교동단사거리,37.6327227,127.063126,노원구,
2019,8,19,월요일,10,경상사고,0,0,1,0,57,남,10년미만,,승용,사업용,승용,기타사고,맑음,주간,차대차,차대차-기타,안전거리미확보,특별광역시도,월계1교동단사거리,37.6327227,127.063126,노원구,
2019,8,8,목요일,16,경상사고,0,0,3,0,54,남,15년이상,,승용,비사업용,승합,일직선사고,맑음,주간,차대차,추돌(진행중),안전거리미확보,특별광역시도,월계1교동단사거리,37.6327227,127.063126,노원구,
2019,8,8,목요일,18,경상사고,0,0,1,0,76,남,15년이상,,승합,사업용,승합,진입회전사고,맑음,출퇴근,차대차,측면직각충돌,안전거리미확보,특별광역시도,월계1교동단사거리,37.6327227,127.063126,노원구,
2019,10,15,화요일,9,중상사고,0,1,1,0,44,남,10년미만,,승용,비사업용,승용,진입회전사고,맑음,주간,차대차,측면직각충돌,교차로운행방법위반,특별광역시도,월계1교동단사거리,37.6327227,127.063126,노원구,
2019,10,3,목요일,12,경상사고,0,0,1,0,62,남,15년이상,,승용,사업용,이륜,일직선사고,맑음,주간,차대차,추돌(진행중),안전운전불이행,특별광역시도,월계1교동단사거리,37.6327227,127.063126,노원구,
2019,10,14,월요일,20,중상사고,0,1,0,0,57,남,15년이상,,승용,비사업용,보행자,보행횡단사고,맑음,출퇴근,차대사람,횡단중,안전운전불이행,특별광역시도,월계1교동단사거리,37.6327227,127.063126,노원구,
2017,2,8,수요일,10,경상사고,0,0,2,0,35,남,15년이상,,승용,비사업용,승용,기타사고,맑음,주간,차대차,차대차-기타,안전운전불이행,특별광역시도,월릉교동단사거리,37.6161693,127.0712924,노원구,
2017,2,22,수요일,20,중상사고,0,1,0,0,58,남,15년이상,,승용,사업용,승용,진입회전사고,비,출퇴근,차대차,측면직각충돌,안전운전불이행,특별광역시도,월릉교동단사거리,37.6161693,127.0712924,노원구,
2017,3,23,목요일,14,중상사고,0,1,0,0,61,여,15년미만,,승용,비사업용,승용,진입회전사고,맑음,주간,차대차,측면직각충돌,안전거리미확보,특별광역시도,월릉교동단사거리,37.6161693,127.0712924,노원구,
2017,3,22,수요일,15,경상사고,0,0,2,0,50,남,15년이상,,승합,사업용,승합,기타사고,맑음,주간,차대차,차대차-기타,교차로운행방법위반,특별광역시도,월릉교동단사거리,37.6161693,127.0712924,노원구,
2017,3,12,일요일,21,경상사고,0,0,2,0,64,남,15년이상,,승용,비사업용,보행자,보행횡단사고,맑음,심야,차대사람,횡단중,보행자보호의무위반,특별광역시도,월릉교동단사거리,37.6161693,127.0712924,노원구,
2017,3,30,목요일,22,경상사고,0,0,3,0,25,남,2년미만,0,승용,사업용,승용,일직선사고,맑음,심야,차대차,추돌(진행중),안전운전불이행,특별광역시도,월릉교동단사거리,37.6161693,127.0712924,노원구,
2017,4,29,토요일,12,중상사고,0,2,3,0,44,남,15년이상,,승용,비사업용,특수,기타사고,맑음,주간,차대차,차대차-기타,교차로운행방법위반,특별광역시도,월릉교동단사거리,37.6161693,127.0712924,노원구,
2017,4,1,토요일,17,경상사고,0,0,3,0,35,남,10년미만,,승용,비사업용,승용,일직선사고,맑음,주간,차대차,추돌(진행중),안전운전불이행,특별광역시도,월릉교동단사거리,37.6161693,127.0712924,노원구,
2017,4,1,토요일,23,경상사고,0,0,3,6,42,남,15년이상,0,화물,비사업용,화물,일직선사고,흐림,심야,차대차,추돌(진행중),안전거리미확보,특별광역시도,월릉교동단사거리,37.6161693,127.0712924,노원구,
2017,5,20,토요일,0,중상사고,0,1,0,1,65,여,15년이상,,승용,비사업용,승용,일직선사고,맑음,심야,차대차,추돌(진행중),안전운전불이행,특별광역시도,월릉교동단사거리,37.6161693,127.0712924,노원구,
2017,6,16,금요일,10,경상사고,0,0,3,0,38,남,15년이상,,승용,비사업용,승용,기타사고,맑음,주간,차대차,차대차-기타,안전거리미확보,특별광역시도,월릉교동단사거리,37.6161693,127.0712924,노원구,
2017,8,22,화요일,0,경상사고,0,0,1,0,40,남,15년이상,0,승용,비사업용,이륜,진입회전사고,맑음,심야,차대차,측면직각충돌,안전운전불이행,특별광역시도,월릉교동단사거리,37.6161693,127.0712924,노원구,
2017,8,25,금요일,8,경상사고,0,0,1,0,36,남,15년이상,,건설기계,사업용,건설기계,진입회전사고,맑음,출퇴근,차대차,측면직각충돌,안전운전불이행,특별광역시도,월릉교동단사거리,37.6161693,127.0712924,노원구,
2017,9,19,화요일,9,경상사고,0,0,1,0,59,남,15년이상,,승합,사업용,승합,진입회전사고,맑음,주간,차대차,차대차-기타,신호위반,특별광역시도,월릉교동단사거리,37.6161693,127.0712924,노원구,
2017,9,11,월요일,15,경상사고,0,0,1,0,57,남,15년이상,,승용,사업용,화물,일직선사고,맑음,주간,차대차,추돌(진행중),안전거리미확보,특별광역시도,월릉교동단사거리,37.6161693,127.0712924,노원구,
2017,11,7,화요일,12,중상사고,0,1,0,0,55,여,15년이상,,자전거,기타,보행자,보행횡단사고,맑음,주간,차대사람,횡단중,보행자보호의무위반,특별광역시도,월릉교동단사거리,37.6161693,127.0712924,노원구,
2018,1,20,토요일,1,경상사고,0,0,2,0,31,남,15년미만,,승합,비사업용,승합,진입회전사고,맑음,심야,차대차,측면직각충돌,신호위반,특별광역시도,월릉교동단사거리,37.6161693,127.0712924,노원구,
2018,2,7,수요일,7,경상사고,0,0,1,0,45,여,15년이상,,승용,비사업용,승용,진입회전사고,맑음,출퇴근,차대차,측면직각충돌,교차로운행방법위반,특별광역시도,월릉교동단사거리,37.6161693,127.0712924,노원구,
2018,3,24,토요일,2,경상사고,0,0,2,0,41,남,15년이상,,승용,비사업용,승용,일직선사고,흐림,심야,차대차,추돌(진행중),안전운전불이행,특별광역시도,월릉교동단사거리,37.6161693,127.0712924,노원구,
2018,3,10,토요일,17,경상사고,0,0,1,0,39,남,15년이상,,승용,비사업용,이륜,진입회전사고,맑음,주간,차대차,측면직각충돌,안전운전불이행,특별광역시도,월릉교동단사거리,37.6161693,127.0712924,노원구,
2018,5,16,수요일,5,경상사고,0,0,1,0,47,남,3년미만,,화물,사업용,화물,진입회전사고,비,새벽,차대차,측면직각충돌,차로위반,특별광역시도,월릉교동단사거리,37.6161693,127.0712924,노원구,
2018,5,30,수요일,10,경상사고,0,0,1,0,55,남,15년이상,,승합,사업용,승합,진입회전사고,맑음,주간,차대차,측면직각충돌,안전거리미확보,특별광역시도,월릉교동단사거리,37.6161693,127.0712924,노원구,
2018,7,6,금요일,13,경상사고,0,0,2,0,58,여,15년이상,,승용,비사업용,화물,진입회전사고,맑음,주간,차대차,측면직각충돌,안전거리미확보,특별광역시도,월릉교동단사거리,37.6161693,127.0712924,노원구,
2018,8,25,토요일,12,경상사고,0,0,1,0,26,남,15년이상,,승용,비사업용,승용,진입회전사고,맑음,주간,차대차,측면직각충돌,안전거리미확보,특별광역시도,월릉교동단사거리,37.6161693,127.0712924,노원구,
2018,8,16,목요일,18,경상사고,0,0,1,0,35,여,15년미만,,승용,비사업용,승용,일직선사고,맑음,출퇴근,차대차,추돌(진행중),안전운전불이행,특별광역시도,월릉교동단사거리,37.6161693,127.0712924,노원구,
2018,10,20,토요일,4,경상사고,0,0,1,0,43,남,15년이상,0,승용,비사업용,보행자,기타사고,맑음,심야,차대사람,차도통행중,안전운전불이행,특별광역시도,월릉교동단사거리,37.6161693,127.0712924,노원구,
2018,12,20,목요일,7,중상사고,0,1,0,0,53,남,10년미만,,건설기계,사업용,건설기계,진입회전사고,맑음,출퇴근,차대차,측면직각충돌,안전거리미확보,특별광역시도,월릉교동단사거리,37.6161693,127.0712924,노원구,
2018,12,26,수요일,17,경상사고,0,0,1,0,74,남,15년미만,,승용,비사업용,승합,진입회전사고,맑음,주간,차대차,측면직각충돌,안전운전불이행,특별광역시도,월릉교동단사거리,37.6161693,127.0712924,노원구,
2019,1,1,화요일,6,경상사고,0,0,1,0,52,남,15년이상,,승용,사업용,보행자,기타사고,맑음,새벽,차대사람,차대사람-기타,기타,특별광역시도,월릉교동단사거리,37.6161693,127.0712924,노원구,
2019,2,15,금요일,6,경상사고,0,0,1,0,31,남,10년미만,,승용,비사업용,승용,기타사고,맑음,새벽,차대차,차대차-기타,안전거리미확보,특별광역시도,월릉교동단사거리,37.6161693,127.0712924,노원구,
2019,2,25,월요일,22,중상사고,0,1,1,0,57,남,15년이상,,승용,사업용,승용,기타사고,맑음,심야,차대차,차대차-기타,과속,특별광역시도,월릉교동단사거리,37.6161693,127.0712924,노원구,
2019,6,23,일요일,17,중상사고,0,1,0,0,54,남,15년이상,,승합,사업용,보행자,보행횡단사고,맑음,주간,차대사람,횡단중,안전운전불이행,특별광역시도,월릉교동단사거리,37.6161693,127.0712924,노원구,
2019,6,22,토요일,21,경상사고,0,0,4,0,61,남,15년이상,,승용,사업용,승용,일직선사고,맑음,심야,차대차,추돌(진행중),안전거리미확보,특별광역시도,월릉교동단사거리,37.6161693,127.0712924,노원구,
2019,9,11,수요일,21,경상사고,0,0,1,0,20,여,2년미만,,승용,비사업용,화물,진입회전사고,맑음,심야,차대차,측면직각충돌,안전운전불이행,특별광역시도,월릉교동단사거리,37.6161693,127.0712924,노원구,
2019,12,8,일요일,16,경상사고,0,0,2,0,24,남,15년이상,,승용,비사업용,승용,일직선사고,맑음,주간,차대차,추돌(진행중),안전운전불이행,특별광역시도,월릉교동단사거리,37.6161693,127.0712924,노원구,
2017,2,25,토요일,16,경상사고,0,0,2,0,40,여,15년이상,,승용,비사업용,승용,진입회전사고,맑음,주간,차대차,측면직각충돌,교차로운행방법위반,특별광역시도,중계근린공원사거리,37.639833,127.0657644,노원구,
2017,3,2,목요일,8,경상사고,0,0,1,0,65,남,5년미만,,승용,사업용,승합,진입회전사고,맑음,출퇴근,차대차,측면직각충돌,신호위반,특별광역시도,중계근린공원사거리,37.639833,127.0657644,노원구,
2017,4,18,화요일,4,중상사고,0,1,0,0,58,남,10년미만,,승용,사업용,보행자,보행횡단사고,흐림,심야,차대사람,횡단중,안전운전불이행,특별광역시도,중계근린공원사거리,37.639833,127.0657644,노원구,
2017,5,23,화요일,11,부상사고,0,0,0,1,45,남,15년이상,,화물,비사업용,이륜,진입회전사고,맑음,주간,차대차,측면직각충돌,교차로운행방법위반,특별광역시도,중계근린공원사거리,37.639833,127.0657644,노원구,
2017,6,9,금요일,19,경상사고,0,0,4,0,63,남,15년이상,,승용,사업용,승합,진입회전사고,맑음,출퇴근,차대차,측면직각충돌,신호위반,특별광역시도,중계근린공원사거리,37.639833,127.0657644,노원구,
2017,9,11,월요일,7,중상사고,0,1,0,0,58,남,15년이상,,승용,사업용,승용,일직선사고,맑음,출퇴근,차대차,추돌(진행중),안전거리미확보,특별광역시도,중계근린공원사거리,37.639833,127.0657644,노원구,
2017,10,19,목요일,21,경상사고,0,0,1,0,65,남,15년이상,,승합,비사업용,이륜,진입회전사고,맑음,심야,차대차,차대차-기타,신호위반,특별광역시도,중계근린공원사거리,37.639833,127.0657644,노원구,
2017,11,4,토요일,1,중상사고,0,1,2,0,62,남,15년이상,,승용,사업용,승용,일직선사고,맑음,심야,차대차,추돌(진행중),안전거리미확보,특별광역시도,중계근린공원사거리,37.639833,127.0657644,노원구,
2018,3,2,금요일,1,중상사고,0,1,3,0,44,남,3년미만,,승합,비사업용,승합,일직선사고,맑음,심야,차대차,추돌(진행중),안전운전불이행,특별광역시도,중계근린공원사거리,37.639833,127.0657644,노원구,
2018,4,2,월요일,8,부상사고,0,0,0,2,52,남,15년이상,,승용,비사업용,승용,일직선사고,맑음,출퇴근,차대차,추돌(진행중),안전거리미확보,특별광역시도,중계근린공원사거리,37.639833,127.0657644,노원구,
2018,4,4,수요일,13,중상사고,0,1,0,0,38,여,15년이상,,승용,비사업용,승용,진입회전사고,맑음,주간,차대차,측면직각충돌,안전운전불이행,특별광역시도,중계근린공원사거리,37.639833,127.0657644,노원구,
2018,4,26,목요일,22,부상사고,0,0,0,1,63,남,15년이상,,승용,사업용,승용,일직선사고,맑음,심야,차대차,추돌(진행중),안전운전불이행,특별광역시도,중계근린공원사거리,37.639833,127.0657644,노원구,
2018,7,16,월요일,15,경상사고,0,0,4,1,71,남,15년이상,,승용,사업용,승용,일직선사고,맑음,주간,차대차,추돌(진행중),안전거리미확보,특별광역시도,중계근린공원사거리,37.639833,127.0657644,노원구,
2018,7,19,목요일,20,경상사고,0,0,1,0,64,남,15년이상,,승용,사업용,이륜,진입회전사고,맑음,출퇴근,차대차,측면직각충돌,안전거리미확보,특별광역시도,중계근린공원사거리,37.639833,127.0657644,노원구,
2018,7,2,월요일,23,경상사고,0,0,1,0,24,남,10년미만,0,이륜,기타,이륜,기타사고,비,심야,차대차,차대차-기타,안전운전불이행,특별광역시도,중계근린공원사거리,37.639833,127.0657644,노원구,
2019,1,12,토요일,23,중상사고,0,1,0,0,60,남,15년이상,,승합,사업용,이륜,진입회전사고,맑음,심야,차대차,정면충돌,신호위반,특별광역시도,중계근린공원사거리,37.639833,127.0657644,노원구,
2019,3,3,일요일,14,경상사고,0,0,1,0,28,남,10년미만,,승용,비사업용,이륜,진입회전사고,맑음,주간,차대차,측면직각충돌,신호위반,특별광역시도,중계근린공원사거리,37.639833,127.0657644,노원구,
2019,5,12,일요일,11,중상사고,0,1,0,0,24,남,15년이상,,승용,비사업용,이륜,진입회전사고,맑음,주간,차대차,측면직각충돌,신호위반,특별광역시도,중계근린공원사거리,37.639833,127.0657644,노원구,
2019,5,14,화요일,15,경상사고,0,0,2,1,64,여,15년미만,,승용,비사업용,승용,일직선사고,맑음,주간,차대차,추돌(진행중),안전운전불이행,특별광역시도,중계근린공원사거리,37.639833,127.0657644,노원구,
2019,5,15,수요일,19,경상사고,0,0,1,0,52,남,15년이상,0,자전거,데이터오류,보행자,보행횡단사고,맑음,출퇴근,차대사람,보도통행중,기타,특별광역시도,중계근린공원사거리,37.639833,127.0657644,노원구,
2019,5,14,화요일,21,중상사고,0,1,0,0,60,남,10년미만,,승용,사업용,승용,기타사고,맑음,심야,차대차,차대차-기타,안전거리미확보,특별광역시도,중계근린공원사거리,37.639833,127.0657644,노원구,
2019,7,29,월요일,7,부상사고,0,0,0,1,45,남,15년미만,,승용,비사업용,이륜,진입회전사고,맑음,출퇴근,차대차,측면직각충돌,신호위반,특별광역시도,중계근린공원사거리,37.639833,127.0657644,노원구,
2019,7,6,토요일,21,경상사고,0,0,2,0,23,남,4년미만,,승용,비사업용,승용,기타사고,맑음,심야,차대차,차대차-기타,안전운전불이행,특별광역시도,중계근린공원사거리,37.639833,127.0657644,노원구,
2019,9,22,일요일,4,경상사고,0,0,1,1,16,남,1년미만,,이륜,데이터오류,이륜,진입회전사고,맑음,심야,차대차,측면직각충돌,안전운전불이행,특별광역시도,중계근린공원사거리,37.639833,127.0657644,노원구,
2019,10,7,월요일,18,경상사고,0,0,2,0,67,남,15년이상,,승용,사업용,승용,일직선사고,맑음,출퇴근,차대차,추돌(진행중),안전운전불이행,특별광역시도,중계근린공원사거리,37.639833,127.0657644,노원구,
2019,11,27,수요일,17,경상사고,0,0,1,0,56,남,15년이상,,승용,비사업용,원동기,진입회전사고,맑음,주간,차대차,차대차-기타,신호위반,특별광역시도,중계근린공원사거리,37.639833,127.0657644,노원구,
2019,12,23,월요일,7,경상사고,0,0,1,0,42,남,15년이상,,승용,비사업용,이륜,진입회전사고,흐림,출퇴근,차대차,차대차-기타,신호위반,특별광역시도,중계근린공원사거리,37.639833,127.0657644,노원구,
2019,12,10,화요일,17,중상사고,0,1,0,0,71,남,15년이상,,승용,사업용,이륜,기타사고,맑음,주간,차대차,차대차-기타,안전거리미확보,특별광역시도,중계근린공원사거리,37.639833,127.0657644,노원구,
2017,1,12,목요일,1,경상사고,0,0,1,0,23,여,3년미만,,승용,비사업용,이륜,일직선사고,맑음,심야,차대차,추돌(진행중),안전거리미확보,특별광역시도,중계역사거리,37.645783,127.065316,노원구,
2017,3,29,수요일,17,중상사고,0,1,0,0,67,남,10년미만,,이륜,기타,이륜,일직선사고,맑음,주간,차대차,추돌(진행중),안전거리미확보,특별광역시도,중계역사거리,37.645783,127.065316,노원구,
2017,4,24,월요일,10,중상사고,0,1,0,0,61,남,15년이상,,승용,비사업용,이륜,진입회전사고,맑음,주간,차대차,측면직각충돌,차로위반,특별광역시도,중계역사거리,37.645783,127.065316,노원구,
2017,5,18,목요일,7,중상사고,0,1,0,0,59,남,10년미만,,승용,비사업용,이륜,진입회전사고,맑음,출퇴근,차대차,정면충돌,신호위반,특별광역시도,중계역사거리,37.645783,127.065316,노원구,
2017,5,19,금요일,22,경상사고,0,0,1,0,25,여,10년미만,,승용,비사업용,이륜,진입회전사고,맑음,심야,차대차,측면직각충돌,안전운전불이행,특별광역시도,중계역사거리,37.645783,127.065316,노원구,
2017,7,19,수요일,14,경상사고,0,0,1,0,54,남,15년이상,,승용,사업용,보행자,진입회전사고,맑음,주간,차대사람,횡단중,신호위반,특별광역시도,중계역사거리,37.645783,127.065316,노원구,
2017,8,10,목요일,16,경상사고,0,0,1,0,74,남,15년이상,,승용,사업용,이륜,진입회전사고,맑음,주간,차대차,측면직각충돌,신호위반,특별광역시도,중계역사거리,37.645783,127.065316,노원구,