년도,월,일,요일,시각,사고등급,사망자수,중상자수,경상자수,부상자수,연령,성별,경력,음주,종별,용도,관련자2,사고형태,기상상태,일광상태,사고유형1,사고유형2,법규위반,도로종류,지점명,위도,경도,자치구,
2017,9,3,일요일,8,중상사고,0,1,0,0,64,남,15년이상,,승용,사업용,보행자,진입회전사고,맑음,출퇴근,차대사람,횡단중,신호위반,특별광역시도,중계역사거리,37.645783,127.065316,노원구,
2017,9,18,월요일,11,경상사고,0,0,1,0,53,남,15년이상,,승합,비사업용,기타,기타사고,맑음,주간,차량단독,차량단독-기타,안전운전불이행,특별광역시도,중계역사거리,37.645783,127.065316,노원구,
2017,9,4,월요일,13,부상사고,0,0,0,1,77,남,데이터오류,,원동기,기타,원동기,진입회전사고,맑음,주간,차대차,측면직각충돌,신호위반,기타,중계역사거리,37.645783,127.065316,노원구,
2017,9,17,일요일,19,중상사고,0,1,1,0,38,남,15년미만,,승용,비사업용,이륜,진입회전사고,맑음,출퇴근,차대차,차대차-기타,신호위반,기타,중계역사거리,37.645783,127.065316,노원구,
2017,10,20,금요일,6,경상사고,0,0,1,0,63,남,15년이상,,승용,비사업용,자전거,진입회전사고,맑음,새벽,차대차,측면직각충돌,안전운전불이행,특별광역시도,중계역사거리,37.645783,127.065316,노원구,
2017,10,15,일요일,20,중상사고,0,1,1,0,75,남,15년이상,,승용,비사업용,승용,진입회전사고,맑음,출퇴근,차대차,측면직각충돌,신호위반,특별광역시도,중계역사거리,37.645783,127.065316,노원구,
2017,11,15,수요일,11,경상사고,0,0,2,0,55,남,15년이상,,승합,사업용,승합,기타사고,맑음,주간,차대차,차대차-기타,안전거리미확보,특별광역시도,중계역사거리,37.645783,127.065316,노원구,
2017,12,25,월요일,1,경상사고,0,0,1,0,58,남,15년이상,,승용,사업용,승용,진입회전사고,맑음,심야,차대차,측면직각충돌,안전거리미확보,특별광역시도,중계역사거리,37.645783,127.065316,노원구,
2018,1,11,목요일,13,경상사고,0,0,3,0,50,남,15년이상,,승합,사업용,승합,일직선사고,맑음,주간,차대차,정면충돌,안전운전불이행,특별광역시도,중계역사거리,37.645783,127.065316,노원구,
2018,2,13,화요일,19,경상사고,0,0,1,0,52,여,15년이상,,승용,사업용,보행자,진입회전사고,맑음,출퇴근,차대사람,보도통행중,신호위반,특별광역시도,중계역사거리,37.645783,127.065316,노원구,
2018,3,25,일요일,3,경상사고,0,0,2,0,54,남,15년이상,,승용,사업용,승용,일직선사고,맑음,심야,차대차,추돌(진행중),안전운전불이행,특별광역시도,중계역사거리,37.645783,127.065316,노원구,
2018,4,5,목요일,23,경상사고,0,0,1,0,46,남,15년이상,,승용,비사업용,승용,진입회전사고,비,심야,차대차,측면직각충돌,신호위반,특별광역시도,중계역사거리,37.645783,127.065316,노원구,
2018,5,18,금요일,15,경상사고,0,0,1,0,73,남,15년이상,,승용,사업용,자전거,진입회전사고,맑음,주간,차대차,측면직각충돌,불법유턴,특별광역시도,중계역사거리,37.645783,127.065316,노원구,
2018,6,19,화요일,22,경상사고,0,0,1,0,52,남,15년미만,,승용,사업용,승용,일직선사고,맑음,심야,차대차,추돌(진행중),안전운전불이행,특별광역시도,중계역사거리,37.645783,127.065316,노원구,
2018,7,18,수요일,9,경상사고,0,0,2,0,58,남,15년이상,,승용,사업용,승용,진입회전사고,흐림,주간,차대차,측면직각충돌,차로위반,특별광역시도,중계역사거리,37.645783,127.065316,노원구,
2019,1,17,목요일,12,경상사고,0,0,2,0,48,여,15년이상,,승용,비사업용,승용,일직선사고,맑음,주간,차대차,추돌(진행중),안전거리미확보,특별광역시도,중계역사거리,37.645783,127.065316,노원구,
2019,1,23,수요일,21,경상사고,0,0,1,0,26,여,15년이상,,승용,비사업용,승용,진입회전사고,맑음,심야,차대차,차대차-기타,신호위반,특별광역시도,중계역사거리,37.645783,127.065316,노원구,
2019,2,17,일요일,0,중상사고,0,2,0,0,61,여,15년이상,,승용,비사업용,이륜,진입회전사고,맑음,심야,차대차,차대차-기타,신호위반,특별광역시도,중계역사거리,37.645783,127.065316,노원구,
2019,2,7,목요일,22,중상사고,0,1,0,0,25,남,3년미만,,승용,비사업용,보행자,진입회전사고,맑음,심야,차대사람,횡단중,신호위반,특별광역시도,중계역사거리,37.645783,127.065316,노원구,
2019,3,16,토요일,1,중상사고,0,1,1,1,57,남,15년이상,,승용,사업용,이륜,일직선사고,맑음,심야,차대차,추돌(진행중),안전거리미확보,특별광역시도,중계역사거리,37.645783,127.065316,노원구,
2019,3,29,금요일,11,중상사고,0,1,2,0,70,남,15년이상,,승용,사업용,특수,진입회전사고,맑음,주간,차대차,측면직각충돌,신호위반,특별광역시도,중계역사거리,37.645783,127.065316,노원구,
2019,4,7,일요일,16,경상사고,0,0,2,0,52,남,15년이상,,승용,사업용,승용,일직선사고,맑음,주간,차대차,추돌(진행중),안전거리미확보,특별광역시도,중계역사거리,37.645783,127.065316,노원구,
2019,4,28,일요일,20,중상사고,0,1,0,0,17,남,1년미만,,이륜,데이터오류,이륜,진입회전사고,맑음,출퇴근,차대차,추돌(진행중),신호위반,특별광역시도,중계역사거리,37.645783,127.065316,노원구,
2019,5,30,목요일,6,경상사고,0,0,4,0,34,남,15년이상,0,승용,비사업용,승용,일직선사고,맑음,새벽,차대차,추돌(진행중),안전운전불이행,특별광역시도,중계역사거리,37.645783,127.065316,노원구,
2019,5,19,일요일,19,경상사고,0,0,1,0,49,여,15년이상,,승용,비사업용,이륜,진입회전사고,흐림,출퇴근,차대차,차대차-기타,신호위반,특별광역시도,중계역사거리,37.645783,127.065316,노원구,
2019,8,13,화요일,8,경상사고,0,0,2,0,57,남,15년이상,,승용,비사업용,승용,일직선사고,맑음,출퇴근,차대차,추돌(진행중),안전운전불이행,특별광역시도,중계역사거리,37.645783,127.065316,노원구,
2019,8,28,수요일,16,중상사고,0,1,0,0,46,남,15년이상,,승합,비사업용,승합,일직선사고,맑음,주간,차대차,추돌(진행중),안전거리미확보,특별광역시도,중계역사거리,37.645783,127.065316,노원구,
2019,8,25,일요일,21,경상사고,0,0,1,0,75,여,15년이상,,승용,비사업용,이륜,진입회전사고,맑음,심야,차대차,측면직각충돌,신호위반,특별광역시도,중계역사거리,37.645783,127.065316,노원구,
2019,11,21,목요일,9,경상사고,0,0,1,0,42,남,15년이상,,승용,비사업용,보행자,기타사고,맑음,주간,차대사람,차도통행중,안전운전불이행,특별광역시도,중계역사거리,37.645783,127.065316,노원구,
2017,1,7,토요일,0,중상사고,0,1,4,1,27,남,15년미만,0,승용,비사업용,승용,진입회전사고,맑음,심야,차대차,측면직각충돌,안전운전불이행,특별광역시도,창동교동단사거리,37.65297,127.0541263,노원구,
2017,1,18,수요일,22,경상사고,0,0,1,0,51,남,15년이상,,승용,사업용,승용,일직선사고,맑음,심야,차대차,추돌(진행중),안전거리미확보,특별광역시도,창동교동단사거리,37.65297,127.0541263,노원구,
2017,3,15,수요일,8,경상사고,0,0,1,0,56,남,15년이상,,승용,사업용,승용,일직선사고,맑음,출퇴근,차대차,추돌(진행중),안전거리미확보,특별광역시도,창동교동단사거리,37.65297,127.0541263,노원구,
2017,6,24,토요일,8,경상사고,0,0,1,0,69,남,15년이상,,승용,사업용,승용,일직선사고,맑음,출퇴근,차대차,추돌(진행중),안전거리미확보,특별광역시도,창동교동단사거리,37.65297,127.0541263,노원구,
2017,8,20,일요일,2,경상사고,0,0,1,0,49,남,15년이상,0,승용,비사업용,화물,진입회전사고,비,심야,차대차,측면직각충돌,안전운전불이행,특별광역시도,창동교동단사거리,37.65297,127.0541263,노원구,
2017,8,15,화요일,14,경상사고,0,0,2,0,29,남,15년이상,,승용,비사업용,승용,일직선사고,비,주간,차대차,추돌(진행중),안전거리미확보,특별광역시도,창동교동단사거리,37.65297,127.0541263,노원구,
2017,8,24,목요일,23,경상사고,0,0,1,0,63,남,15년이상,,승용,사업용,승용,일직선사고,맑음,심야,차대차,추돌(진행중),안전거리미확보,특별광역시도,창동교동단사거리,37.65297,127.0541263,노원구,
2017,9,24,일요일,10,경상사고,0,0,2,1,54,남,15년이상,,승용,사업용,승용,진입회전사고,맑음,주간,차대차,정면충돌,신호위반,특별광역시도,창동교동단사거리,37.65297,127.0541263,노원구,
2017,9,18,월요일,23,경상사고,0,0,1,0,43,남,1년미만,0,승용,비사업용,자전거,진입회전사고,맑음,심야,차대차,측면직각충돌,중앙선침범,특별광역시도,창동교동단사거리,37.65297,127.0541263,노원구,
2017,10,19,목요일,0,경상사고,0,0,1,0,23,남,15년이상,0,승용,비사업용,승용,일직선사고,맑음,심야,차대차,추돌(진행중),안전운전불이행,특별광역시도,창동교동단사거리,37.65297,127.0541263,노원구,
2017,10,21,토요일,2,경상사고,0,0,4,0,61,남,15년이상,,승용,비사업용,승용,진입회전사고,맑음,심야,차대차,측면직각충돌,안전거리미확보,특별광역시도,창동교동단사거리,37.65297,127.0541263,노원구,
2017,10,13,금요일,2,경상사고,0,0,5,0,28,남,15년미만,0,승용,비사업용,승합,진입회전사고,맑음,심야,차대차,차대차-기타,신호위반,특별광역시도,창동교동단사거리,37.65297,127.0541263,노원구,
2017,10,8,일요일,6,중상사고,0,1,0,0,52,남,15년이상,,화물,비사업용,화물,진입회전사고,맑음,새벽,차대차,차대차-기타,신호위반,특별광역시도,창동교동단사거리,37.65297,127.0541263,노원구,
2017,10,17,화요일,12,중상사고,0,2,0,0,37,여,15년미만,,승용,비사업용,승용,진입회전사고,맑음,주간,차대차,측면직각충돌,교차로운행방법위반,특별광역시도,창동교동단사거리,37.65297,127.0541263,노원구,
2017,10,15,일요일,14,경상사고,0,0,1,3,63,남,15년이상,,승용,비사업용,승용,진입회전사고,맑음,주간,차대차,측면직각충돌,안전운전불이행,특별광역시도,창동교동단사거리,37.65297,127.0541263,노원구,
2017,11,16,목요일,5,경상사고,0,0,2,0,65,남,15년이상,,승용,비사업용,승용,진입회전사고,맑음,새벽,차대차,측면직각충돌,신호위반,특별광역시도,창동교동단사거리,37.65297,127.0541263,노원구,
2017,11,9,목요일,16,경상사고,0,0,1,0,불명,불명,데이터오류,,기타,데이터오류,기타,기타사고,흐림,주간,차대차,차대차-기타,안전운전불이행,특별광역시도,창동교동단사거리,37.65297,127.0541263,노원구,
2018,2,15,목요일,0,경상사고,0,0,1,0,51,남,15년이상,0,승용,비사업용,승용,진입회전사고,맑음,심야,차대차,측면직각충돌,안전운전불이행,특별광역시도,창동교동단사거리,37.65297,127.0541263,노원구,
2018,2,13,화요일,7,경상사고,0,0,1,0,39,남,15년이상,0,화물,비사업용,화물,일직선사고,맑음,출퇴근,차대차,추돌(진행중),안전운전불이행,특별광역시도,창동교동단사거리,37.65297,127.0541263,노원구,
2018,5,29,화요일,20,경상사고,0,0,1,0,51,남,15년이상,,승용,사업용,자전거,기타사고,맑음,출퇴근,차대차,차대차-기타,안전운전불이행,특별광역시도,창동교동단사거리,37.65297,127.0541263,노원구,
2018,5,9,수요일,22,경상사고,0,0,1,0,47,남,15년이상,,승용,사업용,승용,일직선사고,맑음,심야,차대차,추돌(진행중),안전운전불이행,특별광역시도,창동교동단사거리,37.65297,127.0541263,노원구,
2018,9,22,토요일,5,부상사고,0,0,0,1,52,남,15년이상,,승용,사업용,자전거,진입회전사고,맑음,새벽,차대차,측면직각충돌,불법유턴,특별광역시도,창동교동단사거리,37.65297,127.0541263,노원구,
2018,9,9,일요일,14,경상사고,0,0,1,0,50,여,15년이상,,승용,비사업용,자전거,진입회전사고,흐림,주간,차대차,측면직각충돌,신호위반,특별광역시도,창동교동단사거리,37.65297,127.0541263,노원구,
2018,9,19,수요일,14,경상사고,0,0,3,0,74,남,10년미만,,승용,사업용,승용,일직선사고,맑음,주간,차대차,추돌(진행중),안전운전불이행,특별광역시도,창동교동단사거리,37.65297,127.0541263,노원구,
2018,12,22,토요일,2,중상사고,0,1,3,0,36,남,15년이상,0,승용,비사업용,승용,일직선사고,흐림,심야,차대차,추돌(진행중),안전운전불이행,특별광역시도,창동교동단사거리,37.65297,127.0541263,노원구,
2019,1,13,일요일,15,중상사고,0,1,1,0,75,남,15년이상,,승합,비사업용,승합,진입회전사고,맑음,주간,차대차,측면직각충돌,교차로운행방법위반,특별광역시도,창동교동단사거리,37.65297,127.0541263,노원구,
2019,1,20,일요일,17,경상사고,0,0,3,0,46,남,15년이상,,승용,비사업용,승용,기타사고,맑음,주간,차대차,차대차-기타,안전운전불이행,특별광역시도,창동교동단사거리,37.65297,127.0541263,노원구,
2019,3,26,화요일,22,경상사고,0,0,1,0,53,여,15년이상,,승용,비사업용,이륜,일직선사고,맑음,심야,차대차,추돌(진행중),안전거리미확보,특별광역시도,창동교동단사거리,37.65297,127.0541263,노원구,
2019,4,16,화요일,6,경상사고,0,0,1,0,49,남,데이터오류,,자전거,데이터오류,자전거,진입회전사고,맑음,새벽,차대차,측면직각충돌,안전운전불이행,특별광역시도,창동교동단사거리,37.65297,127.0541263,노원구,
2019,4,6,토요일,21,경상사고,0,0,1,0,54,여,15년이상,,승용,비사업용,승용,진입회전사고,비,심야,차대차,측면직각충돌,교차로운행방법위반,특별광역시도,창동교동단사거리,37.65297,127.0541263,노원구,
2019,5,7,화요일,20,경상사고,0,0,1,0,66,남,15년이상,,승용,사업용,승용,일직선사고,맑음,출퇴근,차대차,추돌(진행중),안전운전불이행,특별광역시도,창동교동단사거리,37.65297,127.0541263,노원구,
2019,7,16,화요일,15,경상사고,0,0,1,0,78,남,15년이상,,승용,비사업용,화물,진입회전사고,맑음,주간,차대차,측면직각충돌,교차로운행방법위반,특별광역시도,창동교동단사거리,37.65297,127.0541263,노원구,
2019,8,18,일요일,16,중상사고,0,1,3,0,54,남,15년이상,,승용,사업용,승용,진입회전사고,맑음,주간,차대차,측면직각충돌,중앙선침범,특별광역시도,창동교동단사거리,37.65297,127.0541263,노원구,
2019,9,14,토요일,1,중상사고,0,1,0,0,16,남,1년미만,,이륜,데이터오류,이륜,기타사고,맑음,심야,차대차,차대차-기타,안전운전불이행,특별광역시도,창동교동단사거리,37.65297,127.0541263,노원구,
2019,9,6,금요일,10,부상사고,0,0,0,1,60,남,15년이상,,화물,사업용,자전거,진입회전사고,맑음,주간,차대차,측면직각충돌,안전운전불이행,특별광역시도,창동교동단사거리,37.65297,127.0541263,노원구,
2019,10,15,화요일,15,경상사고,0,0,1,0,70,남,15년이상,,승용,비사업용,승용,일직선사고,맑음,주간,차대차,추돌(진행중),교차로운행방법위반,특별광역시도,창동교동단사거리,37.65297,127.0541263,노원구,
2019,11,6,수요일,4,경상사고,0,0,1,0,22,남,데이터오류,,승용,비사업용,승용,진입회전사고,맑음,심야,차대차,측면직각충돌,신호위반,특별광역시도,창동교동단사거리,37.65297,127.0541263,노원구,
2019,11,17,일요일,17,부상사고,0,0,0,1,49,여,15년이상,,승용,비사업용,승용,기타사고,비,주간,차대차,차대차-기타,안전운전불이행,특별광역시도,창동교동단사거리,37.65297,127.0541263,노원구,
2019,12,27,금요일,11,경상사고,0,0,1,0,60,남,15년미만,,승용,비사업용,승용,진입회전사고,맑음,주간,차대차,측면직각충돌,안전운전불이행,특별광역시도,창동교동단사거리,37.65297,127.0541263,노원구,
2017,2,13,월요일,1,경상사고,0,0,1,0,42,여,15년이상,,승용,비사업용,보행자,보행횡단사고,맑음,심야,차대사람,횡단중,안전운전불이행,특별광역시도,창동교동단사거리,37.65297,127.0541263,노원구,
2017,4,24,월요일,7,경상사고,0,0,1,0,44,남,15년이상,,화물,비사업용,화물,일직선사고,맑음,출퇴근,차대차,추돌(진행중),안전거리미확보,특별광역시도,창동교동단사거리,37.65297,127.0541263,노원구,
2017,6,9,금요일,9,경상사고,0,0,2,0,39,여,2년미만,,승용,비사업용,승용,진입회전사고,맑음,주간,차대차,측면직각충돌,안전거리미확보,특별광역시도,창동교동단사거리,37.65297,127.0541263,노원구,
2017,7,11,화요일,11,경상사고,0,0,1,0,66,남,15년이상,,승용,사업용,승용,기타사고,맑음,주간,차대차,차대차-기타,안전운전불이행,특별광역시도,창동교동단사거리,37.65297,127.0541263,노원구,
2018,6,9,토요일,1,경상사고,0,0,2,0,26,남,15년이상,0,승용,비사업용,승용,일직선사고,맑음,심야,차대차,추돌(진행중),안전운전불이행,특별광역시도,창동교동단사거리,37.65297,127.0541263,노원구,
2019,1,15,화요일,2,경상사고,0,0,1,0,39,남,15년이상,0,승용,비사업용,승용,일직선사고,맑음,심야,차대차,추돌(진행중),안전운전불이행,특별광역시도,창동교동단사거리,37.65297,127.0541263,노원구,
2019,5,3,금요일,18,경상사고,0,0,1,0,39,남,15년이상,,화물,비사업용,화물,일직선사고,맑음,출퇴근,차대차,추돌(진행중),안전운전불이행,특별광역시도,창동교동단사거리,37.65297,127.0541263,노원구,
2019,9,22,일요일,7,경상사고,0,0,1,0,67,남,15년이상,,승용,사업용,승용,일직선사고,흐림,출퇴근,차대차,추돌(진행중),안전거리미확보,특별광역시도,창동교동단사거리,37.65297,127.0541263,노원구,
2019,11,9,토요일,14,부상사고,0,0,0,1,56,남,15년이상,,자전거,데이터오류,자전거,진입회전사고,맑음,주간,차대차,측면직각충돌,안전거리미확보,기타,창동교동단사거리,37.65297,127.0541263,노원구,
2019,12,19,목요일,6,경상사고,0,0,1,0,62,남,15년이상,,승합,비사업용,승합,일직선사고,맑음,새벽,차대차,추돌(진행중),안전운전불이행,특별광역시도,창동교동단사거리,37.65297,127.0541263,노원구,
2017,1,15,일요일,0,경상사고,0,0,1,0,40,남,15년이상,,승용,비사업용,이륜,진입회전사고,맑음,심야,차대차,측면직각충돌,신호위반,특별광역시도,태릉입구역사거리,37.619457,127.078231,노원구,
2017,2,10,금요일,3,중상사고,0,1,1,0,33,여,15년미만,0,승용,비사업용,승용,일직선사고,맑음,심야,차대차,추돌(진행중),안전운전불이행,특별광역시도,태릉입구역사거리,37.619457,127.078231,노원구,
2017,2,16,목요일,4,경상사고,0,0,1,0,55,여,15년이상,,승용,비사업용,승용,진입회전사고,맑음,심야,차대차,정면충돌,신호위반,특별광역시도,태릉입구역사거리,37.619457,127.078231,노원구,
2017,3,6,월요일,9,중상사고,0,1,0,0,67,남,15년이상,,승용,사업용,자전거,진입회전사고,맑음,주간,차대차,측면직각충돌,안전운전불이행,특별광역시도,태릉입구역사거리,37.619457,127.078231,노원구,
2017,8,8,화요일,13,경상사고,0,0,1,0,24,여,10년미만,,승용,비사업용,이륜,진입회전사고,맑음,주간,차대차,측면직각충돌,신호위반,특별광역시도,태릉입구역사거리,37.619457,127.078231,노원구,
2017,9,1,금요일,8,경상사고,0,0,1,0,34,남,10년미만,,승용,비사업용,이륜,진입회전사고,맑음,출퇴근,차대차,차대차-기타,신호위반,특별광역시도,태릉입구역사거리,37.619457,127.078231,노원구,
2017,10,29,일요일,0,경상사고,0,0,7,0,33,남,15년이상,,승합,비사업용,승합,진입회전사고,맑음,심야,차대차,측면직각충돌,신호위반,특별광역시도,태릉입구역사거리,37.619457,127.078231,노원구,
2017,12,4,월요일,7,경상사고,0,0,1,0,38,여,15년이상,,승용,비사업용,이륜,진입회전사고,맑음,출퇴근,차대차,측면직각충돌,신호위반,특별광역시도,태릉입구역사거리,37.619457,127.078231,노원구,
2017,12,3,일요일,9,경상사고,0,0,1,0,57,남,15년이상,,승용,비사업용,승용,기타사고,맑음,주간,차대차,차대차-기타,안전운전불이행,특별광역시도,태릉입구역사거리,37.619457,127.078231,노원구,
2018,1,29,월요일,9,경상사고,0,0,1,0,56,남,15년이상,,화물,비사업용,화물,진입회전사고,맑음,주간,차대차,측면직각충돌,교차로운행방법위반,특별광역시도,태릉입구역사거리,37.619457,127.078231,노원구,
2018,2,15,목요일,2,경상사고,0,0,2,0,33,남,15년이상,0,승용,사업용,승용,일직선사고,맑음,심야,차대차,추돌(진행중),안전운전불이행,특별광역시도,태릉입구역사거리,37.619457,127.078231,노원구,
2018,2,11,일요일,11,경상사고,0,0,2,0,37,남,5년미만,,승합,사업용,승합,일직선사고,맑음,주간,차대차,추돌(진행중),안전운전불이행,특별광역시도,태릉입구역사거리,37.619457,127.078231,노원구,
2018,3,24,토요일,1,중상사고,0,1,0,0,51,남,2년미만,,승용,사업용,승용,진입회전사고,맑음,심야,차대차,측면직각충돌,신호위반,특별광역시도,태릉입구역사거리,37.619457,127.078231,노원구,
2018,3,10,토요일,3,중상사고,0,1,4,0,60,남,15년이상,,승용,사업용,승합,진입회전사고,맑음,심야,차대차,측면직각충돌,신호위반,특별광역시도,태릉입구역사거리,37.619457,127.078231,노원구,
2018,3,11,일요일,13,경상사고,0,0,3,0,52,여,15년이상,,승용,비사업용,특수,진입회전사고,맑음,주간,차대차,측면직각충돌,안전운전불이행,특별광역시도,태릉입구역사거리,37.619457,127.078231,노원구,
2018,3,28,수요일,16,경상사고,0,0,1,0,63,남,2년미만,,승용,비사업용,건설기계,진입회전사고,맑음,주간,차대차,측면직각충돌,안전운전불이행,특별광역시도,태릉입구역사거리,37.619457,127.078231,노원구,
2018,4,10,화요일,1,경상사고,0,0,2,0,49,남,15년이상,,승용,비사업용,이륜,진입회전사고,맑음,심야,차대차,측면직각충돌,신호위반,특별광역시도,태릉입구역사거리,37.619457,127.078231,노원구,
2018,4,30,월요일,22,경상사고,0,0,1,0,61,남,15년이상,,승용,사업용,이륜,진입회전사고,맑음,심야,차대차,측면직각충돌,안전운전불이행,특별광역시도,태릉입구역사거리,37.619457,127.078231,노원구,
2018,7,5,목요일,10,경상사고,0,0,1,0,65,여,15년이상,,승용,비사업용,화물,기타사고,맑음,주간,차대차,차대차-기타,안전운전불이행,특별광역시도,태릉입구역사거리,37.619457,127.078231,노원구,
2018,11,2,금요일,21,경상사고,0,0,1,0,50,남,15년이상,,승용,비사업용,이륜,기타사고,맑음,심야,차대차,차대차-기타,데이터없음,특별광역시도,태릉입구역사거리,37.619457,127.078231,노원구,
2019,1,26,토요일,15,경상사고,0,0,2,0,58,남,15년이상,,승용,비사업용,이륜,진입회전사고,맑음,주간,차대차,측면직각충돌,교차로운행방법위반,특별광역시도,태릉입구역사거리,37.619457,127.078231,노원구,
2019,2,16,토요일,11,중상사고,0,1,0,0,26,여,1년미만,,자전거,데이터오류,보행자,기타사고,맑음,주간,차대사람,차대사람-기타,기타,특별광역시도,태릉입구역사거리,37.619457,127.078231,노원구,
2019,4,23,화요일,13,경상사고,0,0,1,0,73,여,15년이상,,승용,비사업용,이륜,진입회전사고,맑음,주간,차대차,측면직각충돌,기타,특별광역시도,태릉입구역사거리,37.619457,127.078231,노원구,
2019,5,13,월요일,19,경상사고,0,0,3,0,30,남,15년이상,,승용,비사업용,승용,기타사고,맑음,출퇴근,차대차,차대차-기타,안전거리미확보,특별광역시도,태릉입구역사거리,37.619457,127.078231,노원구,
2019,6,15,토요일,1,중상사고,0,3,1,0,47,남,15년이상,,승용,사업용,이륜,일직선사고,맑음,심야,차대차,추돌(진행중),안전운전불이행,특별광역시도,태릉입구역사거리,37.619457,127.078231,노원구,
2019,6,17,월요일,9,중상사고,0,1,1,0,50,남,15년이상,,승용,비사업용,승용,일직선사고,맑음,주간,차대차,추돌(진행중),안전거리미확보,특별광역시도,태릉입구역사거리,37.619457,127.078231,노원구,
2019,6,4,화요일,18,경상사고,0,0,1,0,44,여,15년이상,,승용,비사업용,승용,진입회전사고,맑음,출퇴근,차대차,측면직각충돌,교차로운행방법위반,특별광역시도,태릉입구역사거리,37.619457,127.078231,노원구,
2019,7,3,수요일,9,중상사고,0,1,0,0,59,남,15년이상,,승용,사업용,자전거,진입회전사고,맑음,주간,차대차,측면직각충돌,안전운전불이행,특별광역시도,태릉입구역사거리,37.619457,127.078231,노원구,
2019,8,23,금요일,1,중상사고,0,1,1,0,44,남,15년이상,,승용,비사업용,원동기,진입회전사고,맑음,심야,차대차,측면직각충돌,신호위반,특별광역시도,태릉입구역사거리,37.619457,127.078231,노원구,
2019,10,15,화요일,2,경상사고,0,0,1,1,59,남,15년이상,,승용,사업용,승합,일직선사고,맑음,심야,차대차,추돌(진행중),안전운전불이행,특별광역시도,태릉입구역사거리,37.619457,127.078231,노원구,
2019,12,26,목요일,14,경상사고,0,0,1,0,65,여,15년이상,,승용,비사업용,승용,진입회전사고,맑음,주간,차대차,측면직각충돌,안전거리미확보,특별광역시도,태릉입구역사거리,37.619457,127.078231,노원구,
2019,12,29,일요일,20,경상사고,0,0,1,0,38,남,15년이상,,승용,비사업용,승용,진입회전사고,흐림,출퇴근,차대차,측면직각충돌,안전거리미확보,특별광역시도,태릉입구역사거리,37.619457,127.078231,노원구,
2017,3,7,화요일,8,경상사고,0,0,1,0,52,여,15년이상,,승용,비사업용,승용,일직선사고,맑음,출퇴근,차대차,추돌(진행중),안전운전불이행,특별광역시도,태릉입구역사거리,37.619457,127.078231,노원구,
2017,5,20,토요일,16,경상사고,0,0,1,0,45,남,15년이상,,승용,비사업용,승용,일직선사고,맑음,주간,차대차,정면충돌,안전운전불이행,특별광역시도,태릉입구역사거리,37.619457,127.078231,노원구,
2017,10,29,일요일,15,중상사고,0,1,0,0,40,남,15년이상,,승용,비사업용,이륜,진입회전사고,맑음,주간,차대차,측면직각충돌,안전운전불이행,특별광역시도,태릉입구역사거리,37.619457,127.078231,노원구,
2018,4,7,토요일,2,부상사고,0,0,0,1,42,남,15년미만,0,승용,비사업용,승용,일직선사고,흐림,심야,차대차,추돌(진행중),안전운전불이행,특별광역시도,태릉입구역사거리,37.619457,127.078231,노원구,
2018,5,25,금요일,17,경상사고,0,0,1,0,34,남,15년미만,,승용,비사업용,승용,진입회전사고,맑음,주간,차대차,측면직각충돌,안전거리미확보,특별광역시도,태릉입구역사거리,37.619457,127.078231,노원구,
2018,11,1,목요일,8,경상사고,0,0,1,0,48,남,15년이상,,승용,비사업용,자전거,기타사고,맑음,출퇴근,차대차,차대차-기타,안전운전불이행,특별광역시도,태릉입구역사거리,37.619457,127.078231,노원구,
2018,12,20,목요일,13,경상사고,0,0,1,1,68,남,4년미만,,승용,사업용,승용,진입회전사고,맑음,주간,차대차,측면직각충돌,안전거리미확보,특별광역시도,태릉입구역사거리,37.619457,127.078231,노원구,
2019,2,26,화요일,17,경상사고,0,0,1,0,26,남,10년미만,,화물,비사업용,화물,진입회전사고,맑음,주간,차대차,측면직각충돌,안전운전불이행,특별광역시도,태릉입구역사거리,37.619457,127.078231,노원구,
2019,5,20,월요일,20,경상사고,0,0,2,0,25,남,4년미만,,승용,비사업용,승용,진입회전사고,맑음,출퇴근,차대차,측면직각충돌,안전운전불이행,특별광역시도,태릉입구역사거리,37.619457,127.078231,노원구,
2017,4,21,금요일,0,경상사고,0,0,1,0,58,남,15년이상,,승용,사업용,기타,기타사고,맑음,심야,차량단독,차량단독-기타,안전운전불이행,특별광역시도,하계6단지사거리,37.653688,127.064743,노원구,
2017,4,21,금요일,22,경상사고,0,0,1,0,36,남,3년미만,,승용,사업용,승용,진입회전사고,맑음,심야,차대차,측면직각충돌,신호위반,특별광역시도,하계6단지사거리,37.653688,127.064743,노원구,
2017,7,8,토요일,19,중상사고,0,1,0,0,35,남,15년미만,,승용,비사업용,이륜,기타사고,맑음,출퇴근,차대차,차대차-기타,안전거리미확보,특별광역시도,하계6단지사거리,37.653688,127.064743,노원구,
2017,7,13,목요일,23,중상사고,0,1,0,0,16,남,1년미만,,이륜,기타,보행자,진입회전사고,맑음,심야,차대사람,횡단중,신호위반,특별광역시도,하계6단지사거리,37.653688,127.064743,노원구,
2017,12,10,일요일,8,경상사고,0,0,1,1,37,여,15년이상,,승용,비사업용,보행자,진입회전사고,눈,출퇴근,차대사람,횡단중,신호위반,특별광역시도,하계6단지사거리,37.653688,127.064743,노원구,