년도,월,일,요일,시각,사고등급,사망자수,중상자수,경상자수,부상자수,연령,성별,경력,음주,종별,용도,관련자2,사고형태,기상상태,일광상태,사고유형1,사고유형2,법규위반,도로종류,지점명,위도,경도,자치구,
2018,5,6,일요일,11,중상사고,0,2,1,0,59,남,15년이상,,승용,사업용,승용,일직선사고,비,주간,차대차,추돌(진행중),안전거리미확보,특별광역시도,녹천교서단사거리,37.6456716,127.0556788,도봉구,
2018,6,5,화요일,21,경상사고,0,0,1,0,58,남,5년미만,0,승용,비사업용,화물,진입회전사고,맑음,심야,차대차,측면직각충돌,신호위반,특별광역시도,녹천교서단사거리,37.6456716,127.0556788,도봉구,
2018,7,7,토요일,4,중상사고,0,1,0,0,61,남,15년이상,,승용,사업용,승용,일직선사고,맑음,심야,차대차,추돌(진행중),안전거리미확보,특별광역시도,녹천교서단사거리,37.6456716,127.0556788,도봉구,
2018,7,19,목요일,21,경상사고,0,0,1,0,49,남,15년미만,,승용,비사업용,승용,진입회전사고,맑음,심야,차대차,측면직각충돌,안전거리미확보,특별광역시도,녹천교서단사거리,37.6456716,127.0556788,도봉구,
2018,8,22,수요일,14,중상사고,0,1,0,0,82,남,15년이상,,자전거,기타,기타,기타사고,맑음,주간,차량단독,차량단독-기타,안전운전불이행,특별광역시도,녹천교서단사거리,37.6456716,127.0556788,도봉구,
2018,8,3,금요일,16,경상사고,0,0,1,0,71,남,15년이상,,승용,비사업용,이륜,진입회전사고,맑음,주간,차대차,측면직각충돌,신호위반,특별광역시도,녹천교서단사거리,37.6456716,127.0556788,도봉구,
2019,2,21,목요일,9,경상사고,0,0,1,0,51,여,15년이상,,승용,비사업용,이륜,진입회전사고,맑음,주간,차대차,측면직각충돌,신호위반,특별광역시도,녹천교서단사거리,37.6456716,127.0556788,도봉구,
2019,3,12,화요일,11,경상사고,0,0,1,0,47,남,15년이상,,승용,비사업용,승용,진입회전사고,비,주간,차대차,차대차-기타,신호위반,특별광역시도,녹천교서단사거리,37.6456716,127.0556788,도봉구,
2019,3,17,일요일,14,부상사고,0,0,0,1,31,남,15년이상,,승합,사업용,자전거,진입회전사고,맑음,주간,차대차,측면직각충돌,안전운전불이행,특별광역시도,녹천교서단사거리,37.6456716,127.0556788,도봉구,
2019,6,11,화요일,12,중상사고,0,1,0,0,56,여,15년이상,,승용,비사업용,화물,진입회전사고,맑음,주간,차대차,추돌(진행중),신호위반,특별광역시도,녹천교서단사거리,37.6456716,127.0556788,도봉구,
2019,8,19,월요일,10,경상사고,0,0,3,0,77,여,15년이상,,승용,비사업용,승용,진입회전사고,맑음,주간,차대차,측면직각충돌,안전운전불이행,특별광역시도,녹천교서단사거리,37.6456716,127.0556788,도봉구,
2019,9,15,일요일,13,경상사고,0,0,3,0,36,여,10년미만,,승용,비사업용,승용,진입회전사고,맑음,주간,차대차,측면직각충돌,안전거리미확보,특별광역시도,녹천교서단사거리,37.6456716,127.0556788,도봉구,
2019,9,16,월요일,16,경상사고,0,0,1,0,63,남,15년이상,,화물,사업용,화물,진입회전사고,맑음,주간,차대차,측면직각충돌,신호위반,특별광역시도,녹천교서단사거리,37.6456716,127.0556788,도봉구,
2019,9,12,목요일,19,경상사고,0,0,2,0,50,남,15년이상,,승용,비사업용,승용,기타사고,비,출퇴근,차대차,차대차-기타,안전거리미확보,특별광역시도,녹천교서단사거리,37.6456716,127.0556788,도봉구,
2017,1,7,토요일,11,중상사고,0,1,3,1,18,여,1년미만,,승용,비사업용,승용,일직선사고,맑음,주간,차대차,추돌(진행중),안전운전불이행,특별광역시도,도봉경찰서사거리,37.6533589,127.052682,도봉구,
2017,2,15,수요일,6,중상사고,0,1,0,0,64,여,15년이상,,승용,비사업용,보행자,기타사고,맑음,새벽,차대사람,차대사람-기타,안전운전불이행,특별광역시도,도봉경찰서사거리,37.6533589,127.052682,도봉구,
2017,4,30,일요일,16,중상사고,0,1,0,0,69,남,15년이상,,승용,비사업용,승용,진입회전사고,맑음,주간,차대차,측면직각충돌,안전거리미확보,특별광역시도,도봉경찰서사거리,37.6533589,127.052682,도봉구,
2017,4,7,금요일,20,경상사고,0,0,1,0,47,여,15년미만,,승용,비사업용,승용,진입회전사고,맑음,출퇴근,차대차,측면직각충돌,신호위반,특별광역시도,도봉경찰서사거리,37.6533589,127.052682,도봉구,
2017,5,15,월요일,16,사망사고,1,0,1,0,46,남,15년이상,,승용,비사업용,보행자,보행횡단사고,흐림,주간,차대사람,횡단중,안전운전불이행,특별광역시도,도봉경찰서사거리,37.6533589,127.052682,도봉구,
2017,8,8,화요일,1,경상사고,0,0,1,1,42,남,15년이상,,승용,사업용,승용,진입회전사고,맑음,심야,차대차,측면직각충돌,신호위반,특별광역시도,도봉경찰서사거리,37.6533589,127.052682,도봉구,
2017,8,18,금요일,20,부상사고,0,0,0,1,61,남,15년이상,,승용,사업용,승용,진입회전사고,맑음,출퇴근,차대차,측면직각충돌,직진우회전진행방해,특별광역시도,도봉경찰서사거리,37.6533589,127.052682,도봉구,
2017,8,23,수요일,20,부상사고,0,0,0,1,54,여,15년이상,,승용,비사업용,승용,진입회전사고,비,출퇴근,차대차,측면직각충돌,안전운전불이행,특별광역시도,도봉경찰서사거리,37.6533589,127.052682,도봉구,
2017,9,3,일요일,12,경상사고,0,0,4,0,24,여,15년이상,,승용,사업용,승용,진입회전사고,맑음,주간,차대차,측면직각충돌,신호위반,특별광역시도,도봉경찰서사거리,37.6533589,127.052682,도봉구,
2017,9,11,월요일,16,중상사고,0,1,0,0,58,남,15년이상,,화물,비사업용,화물,진입회전사고,맑음,주간,차대차,측면직각충돌,차로위반,특별광역시도,도봉경찰서사거리,37.6533589,127.052682,도봉구,
2017,9,15,금요일,19,중상사고,0,2,2,0,50,남,10년미만,,화물,비사업용,화물,진입회전사고,맑음,출퇴근,차대차,측면직각충돌,신호위반,특별광역시도,도봉경찰서사거리,37.6533589,127.052682,도봉구,
2017,12,16,토요일,17,경상사고,0,0,1,0,56,여,15년미만,,승용,비사업용,승용,진입회전사고,맑음,주간,차대차,측면직각충돌,신호위반,특별광역시도,도봉경찰서사거리,37.6533589,127.052682,도봉구,
2017,12,26,화요일,22,중상사고,0,1,0,0,48,남,10년미만,,승용,비사업용,보행자,보행횡단사고,맑음,심야,차대사람,횡단중,보행자보호의무위반,특별광역시도,도봉경찰서사거리,37.6533589,127.052682,도봉구,
2018,2,3,토요일,13,경상사고,0,0,1,0,68,남,15년이상,,승용,비사업용,승용,진입회전사고,맑음,주간,차대차,측면직각충돌,신호위반,특별광역시도,도봉경찰서사거리,37.6533589,127.052682,도봉구,
2018,2,5,월요일,23,경상사고,0,0,1,0,63,남,15년이상,,승용,사업용,승합,진입회전사고,맑음,심야,차대차,측면직각충돌,신호위반,특별광역시도,도봉경찰서사거리,37.6533589,127.052682,도봉구,
2018,3,22,목요일,16,중상사고,0,1,0,0,15,남,데이터오류,,자전거,기타,자전거,진입회전사고,맑음,주간,차대차,측면직각충돌,안전운전불이행,특별광역시도,도봉경찰서사거리,37.6533589,127.052682,도봉구,
2018,5,12,토요일,3,경상사고,0,0,1,0,56,남,15년이상,,승용,사업용,기타,기타사고,맑음,심야,차량단독,차량단독-기타,안전운전불이행,특별광역시도,도봉경찰서사거리,37.6533589,127.052682,도봉구,
2018,5,18,금요일,22,중상사고,0,1,0,0,55,남,15년이상,0,승용,비사업용,승용,일직선사고,맑음,심야,차대차,추돌(진행중),안전운전불이행,특별광역시도,도봉경찰서사거리,37.6533589,127.052682,도봉구,
2018,7,27,금요일,16,중상사고,0,1,0,0,43,남,10년미만,,승용,비사업용,보행자,보행횡단사고,맑음,주간,차대사람,횡단중,안전운전불이행,특별광역시도,도봉경찰서사거리,37.6533589,127.052682,도봉구,
2018,9,1,토요일,16,경상사고,0,0,2,0,59,남,15년이상,,승합,사업용,기타,기타사고,맑음,주간,차량단독,차량단독-기타,안전운전불이행,특별광역시도,도봉경찰서사거리,37.6533589,127.052682,도봉구,
2018,9,14,금요일,21,경상사고,0,0,1,0,77,남,15년이상,,승용,사업용,승용,기타사고,흐림,심야,차대차,차대차-기타,안전운전불이행,특별광역시도,도봉경찰서사거리,37.6533589,127.052682,도봉구,
2019,2,4,월요일,20,중상사고,0,2,1,0,63,남,15년이상,0,승용,비사업용,승용,기타사고,맑음,출퇴근,차대차,차대차-기타,안전운전불이행,특별광역시도,도봉경찰서사거리,37.6533589,127.052682,도봉구,
2019,4,19,금요일,9,경상사고,0,0,2,0,60,남,10년미만,,건설기계,사업용,건설기계,진입회전사고,흐림,주간,차대차,측면직각충돌,신호위반,특별광역시도,도봉경찰서사거리,37.6533589,127.052682,도봉구,
2019,5,18,토요일,5,경상사고,0,0,1,0,46,여,15년미만,,승용,비사업용,승용,진입회전사고,맑음,새벽,차대차,측면직각충돌,안전운전불이행,특별광역시도,도봉경찰서사거리,37.6533589,127.052682,도봉구,
2019,8,26,월요일,9,경상사고,0,0,1,0,58,남,15년이상,,승용,사업용,승용,기타사고,맑음,주간,차대차,차대차-기타,안전운전불이행,특별광역시도,도봉경찰서사거리,37.6533589,127.052682,도봉구,
2019,9,12,목요일,16,경상사고,0,0,1,0,53,여,15년이상,,승용,비사업용,승용,진입회전사고,맑음,주간,차대차,측면직각충돌,신호위반,특별광역시도,도봉경찰서사거리,37.6533589,127.052682,도봉구,
2019,10,7,월요일,20,경상사고,0,0,1,0,46,남,15년이상,,승용,비사업용,승용,진입회전사고,흐림,출퇴근,차대차,차대차-기타,신호위반,특별광역시도,도봉경찰서사거리,37.6533589,127.052682,도봉구,
2019,11,11,월요일,21,경상사고,0,0,2,0,37,남,15년미만,,승용,비사업용,승용,진입회전사고,맑음,심야,차대차,측면직각충돌,안전거리미확보,특별광역시도,도봉경찰서사거리,37.6533589,127.052682,도봉구,
2019,12,16,월요일,14,부상사고,0,0,0,1,29,남,1년미만,,승용,비사업용,기타,진입회전사고,맑음,주간,차대차,측면직각충돌,차로위반,특별광역시도,도봉경찰서사거리,37.6533589,127.052682,도봉구,
2017,2,19,일요일,22,경상사고,0,0,1,0,19,남,2년미만,,원동기,기타,보행자,진입회전사고,비,심야,차대사람,횡단중,신호위반,특별광역시도,도봉구민회관앞삼거리,37.6541085,127.0384056,도봉구,
2017,7,6,목요일,15,부상사고,0,0,0,1,43,여,15년이상,,승용,비사업용,이륜,진입회전사고,맑음,주간,차대차,측면직각충돌,안전거리미확보,특별광역시도,도봉구민회관앞삼거리,37.6541085,127.0384056,도봉구,
2017,7,24,월요일,15,경상사고,0,0,1,0,51,남,15년이상,,승합,사업용,기타,기타사고,맑음,주간,차량단독,차량단독-기타,데이터없음,특별광역시도,도봉구민회관앞삼거리,37.6541085,127.0384056,도봉구,
2017,8,8,화요일,19,부상사고,0,0,0,1,62,남,15년이상,,승합,사업용,자전거,기타사고,맑음,출퇴근,차대차,차대차-기타,안전운전불이행,특별광역시도,도봉구민회관앞삼거리,37.6541085,127.0384056,도봉구,
2017,12,13,수요일,18,경상사고,0,0,1,0,42,남,15년이상,,승합,사업용,기타,기타사고,맑음,출퇴근,차량단독,차량단독-기타,데이터없음,특별광역시도,도봉구민회관앞삼거리,37.6541085,127.0384056,도봉구,
2018,1,18,목요일,17,중상사고,0,1,0,0,51,남,15년이상,,승합,사업용,기타,기타사고,맑음,주간,차량단독,차량단독-기타,기타,특별광역시도,도봉구민회관앞삼거리,37.6541085,127.0384056,도봉구,
2018,1,31,수요일,18,경상사고,0,0,1,0,35,남,15년미만,,승용,비사업용,원동기,기타사고,맑음,출퇴근,차대차,차대차-기타,안전운전불이행,특별광역시도,도봉구민회관앞삼거리,37.6541085,127.0384056,도봉구,
2018,2,14,수요일,16,경상사고,0,0,1,0,36,남,15년미만,,승용,비사업용,승용,진입회전사고,맑음,주간,차대차,측면직각충돌,직진우회전진행방해,특별광역시도,도봉구민회관앞삼거리,37.6541085,127.0384056,도봉구,
2018,4,11,수요일,17,중상사고,0,1,0,0,73,남,15년이상,,승합,사업용,기타,기타사고,맑음,주간,차량단독,차량단독-기타,안전운전불이행,특별광역시도,도봉구민회관앞삼거리,37.6541085,127.0384056,도봉구,
2018,5,6,일요일,10,경상사고,0,0,2,0,55,남,15년이상,,승용,비사업용,승용,일직선사고,비,주간,차대차,추돌(진행중),안전운전불이행,특별광역시도,도봉구민회관앞삼거리,37.6541085,127.0384056,도봉구,
2018,7,17,화요일,12,부상사고,0,0,0,1,77,남,15년이상,,승용,사업용,이륜,일직선사고,맑음,주간,차대차,추돌(진행중),안전거리미확보,특별광역시도,도봉구민회관앞삼거리,37.6541085,127.0384056,도봉구,
2018,11,26,월요일,9,부상사고,0,0,0,1,53,남,15년이상,,승용,비사업용,이륜,진입회전사고,맑음,주간,차대차,측면직각충돌,안전거리미확보,특별광역시도,도봉구민회관앞삼거리,37.6541085,127.0384056,도봉구,
2018,12,22,토요일,5,중상사고,0,1,0,0,19,남,3년미만,,이륜,기타,기타,기타사고,맑음,새벽,차량단독,차량단독-기타,안전운전불이행,특별광역시도,도봉구민회관앞삼거리,37.6541085,127.0384056,도봉구,
2019,3,23,토요일,19,경상사고,0,0,1,0,57,남,15년이상,,자전거,데이터오류,자전거,진입회전사고,맑음,출퇴근,차대차,측면직각충돌,안전운전불이행,특별광역시도,도봉구민회관앞삼거리,37.6541085,127.0384056,도봉구,
2019,3,21,목요일,21,경상사고,0,0,5,0,57,남,데이터오류,0,승용,비사업용,승용,일직선사고,맑음,심야,차대차,추돌(진행중),안전운전불이행,특별광역시도,도봉구민회관앞삼거리,37.6541085,127.0384056,도봉구,
2019,4,18,목요일,19,경상사고,0,0,1,0,61,남,15년이상,,승용,사업용,승용,진입회전사고,맑음,출퇴근,차대차,측면직각충돌,안전거리미확보,특별광역시도,도봉구민회관앞삼거리,37.6541085,127.0384056,도봉구,
2019,11,7,목요일,7,경상사고,0,0,2,0,57,남,15년이상,,승용,사업용,승용,일직선사고,맑음,출퇴근,차대차,추돌(진행중),안전거리미확보,특별광역시도,도봉구민회관앞삼거리,37.6541085,127.0384056,도봉구,
2019,11,18,월요일,8,중상사고,0,2,8,1,61,남,15년이상,,승합,사업용,승합,진입회전사고,맑음,출퇴근,차대차,측면직각충돌,안전운전불이행,특별광역시도,도봉구민회관앞삼거리,37.6541085,127.0384056,도봉구,
2019,11,25,월요일,14,중상사고,0,1,0,0,47,남,15년이상,,승합,사업용,이륜,진입회전사고,맑음,주간,차대차,측면직각충돌,신호위반,특별광역시도,도봉구민회관앞삼거리,37.6541085,127.0384056,도봉구,
2019,11,12,화요일,17,중상사고,0,1,0,0,52,남,15년이상,,승합,사업용,기타,기타사고,맑음,주간,차량단독,차량단독-기타,기타,특별광역시도,도봉구민회관앞삼거리,37.6541085,127.0384056,도봉구,
2017,2,27,월요일,0,경상사고,0,0,1,0,32,남,2년미만,0,승용,비사업용,승합,일직선사고,흐림,심야,차대차,추돌(진행중),안전운전불이행,특별광역시도,도봉보건소사거리,37.6567466,127.0388047,도봉구,
2017,2,15,수요일,3,경상사고,0,0,1,1,65,남,15년미만,,승용,사업용,화물,진입회전사고,맑음,심야,차대차,측면직각충돌,신호위반,특별광역시도,도봉보건소사거리,37.6567466,127.0388047,도봉구,
2017,3,28,화요일,22,경상사고,0,0,1,0,33,남,15년이상,,승합,사업용,원동기,진입회전사고,맑음,심야,차대차,측면직각충돌,신호위반,특별광역시도,도봉보건소사거리,37.6567466,127.0388047,도봉구,
2017,7,9,일요일,1,경상사고,0,0,2,0,65,남,15년이상,,승용,사업용,승용,일직선사고,흐림,심야,차대차,추돌(진행중),안전운전불이행,특별광역시도,도봉보건소사거리,37.6567466,127.0388047,도봉구,
2017,7,11,화요일,1,경상사고,0,0,1,0,26,남,15년미만,0,승용,비사업용,승용,일직선사고,흐림,심야,차대차,추돌(진행중),안전운전불이행,특별광역시도,도봉보건소사거리,37.6567466,127.0388047,도봉구,
2017,11,14,화요일,8,경상사고,0,0,1,0,48,여,15년이상,,승용,비사업용,승용,진입회전사고,맑음,출퇴근,차대차,측면직각충돌,신호위반,특별광역시도,도봉보건소사거리,37.6567466,127.0388047,도봉구,
2017,11,25,토요일,10,경상사고,0,0,2,0,55,남,15년미만,,승합,사업용,승합,일직선사고,맑음,주간,차대차,추돌(진행중),안전거리미확보,특별광역시도,도봉보건소사거리,37.6567466,127.0388047,도봉구,
2017,12,19,화요일,20,경상사고,0,0,3,0,60,남,15년이상,0,승합,비사업용,승합,기타사고,흐림,출퇴근,차대차,차대차-기타,안전운전불이행,특별광역시도,도봉보건소사거리,37.6567466,127.0388047,도봉구,
2018,1,27,토요일,4,경상사고,0,0,2,0,67,남,15년이상,,승용,사업용,승용,진입회전사고,맑음,심야,차대차,측면직각충돌,안전운전불이행,특별광역시도,도봉보건소사거리,37.6567466,127.0388047,도봉구,
2018,2,19,월요일,18,중상사고,0,1,0,0,52,남,15년이상,0,승용,비사업용,화물,일직선사고,맑음,출퇴근,차대차,추돌(진행중),안전거리미확보,특별광역시도,도봉보건소사거리,37.6567466,127.0388047,도봉구,
2018,2,2,금요일,23,중상사고,0,1,1,0,39,남,15년이상,,승용,사업용,화물,진입회전사고,맑음,심야,차대차,측면직각충돌,신호위반,특별광역시도,도봉보건소사거리,37.6567466,127.0388047,도봉구,
2018,2,27,화요일,23,경상사고,0,0,2,0,29,남,15년미만,0,승용,비사업용,승용,일직선사고,맑음,심야,차대차,추돌(진행중),안전운전불이행,특별광역시도,도봉보건소사거리,37.6567466,127.0388047,도봉구,
2018,5,28,월요일,16,경상사고,0,0,1,0,61,남,15년이상,,승합,사업용,보행자,기타사고,맑음,주간,차대사람,차도통행중,안전운전불이행,특별광역시도,도봉보건소사거리,37.6567466,127.0388047,도봉구,
2018,6,1,금요일,19,중상사고,0,1,0,0,24,남,2년미만,,이륜,기타,이륜,기타사고,흐림,출퇴근,차대차,차대차-기타,안전운전불이행,특별광역시도,도봉보건소사거리,37.6567466,127.0388047,도봉구,
2018,7,2,월요일,22,경상사고,0,0,2,0,30,여,1년미만,,승용,비사업용,승용,일직선사고,비,심야,차대차,추돌(진행중),안전운전불이행,특별광역시도,도봉보건소사거리,37.6567466,127.0388047,도봉구,
2018,8,17,금요일,19,경상사고,0,0,3,0,58,남,15년이상,,승용,사업용,승용,진입회전사고,맑음,출퇴근,차대차,측면직각충돌,안전운전불이행,특별광역시도,도봉보건소사거리,37.6567466,127.0388047,도봉구,
2018,9,25,화요일,0,부상사고,0,0,0,2,73,남,15년이상,,승용,비사업용,승용,일직선사고,맑음,심야,차대차,추돌(진행중),안전거리미확보,특별광역시도,도봉보건소사거리,37.6567466,127.0388047,도봉구,
2018,9,29,토요일,0,경상사고,0,0,1,0,61,남,15년이상,,승용,비사업용,승용,진입회전사고,맑음,심야,차대차,측면직각충돌,교차로운행방법위반,특별광역시도,도봉보건소사거리,37.6567466,127.0388047,도봉구,
2018,10,16,화요일,6,경상사고,0,0,1,0,47,남,15년이상,,승용,비사업용,승용,일직선사고,맑음,새벽,차대차,추돌(진행중),안전운전불이행,특별광역시도,도봉보건소사거리,37.6567466,127.0388047,도봉구,
2018,11,21,수요일,16,경상사고,0,0,1,1,38,여,15년미만,,승용,비사업용,이륜,기타사고,맑음,주간,차대차,차대차-기타,안전운전불이행,특별광역시도,도봉보건소사거리,37.6567466,127.0388047,도봉구,
2018,11,30,금요일,23,경상사고,0,0,3,0,50,남,15년이상,0,승용,비사업용,승용,일직선사고,맑음,심야,차대차,추돌(진행중),안전운전불이행,특별광역시도,도봉보건소사거리,37.6567466,127.0388047,도봉구,
2019,1,15,화요일,20,경상사고,0,0,2,0,47,여,15년미만,,승용,비사업용,승용,진입회전사고,흐림,출퇴근,차대차,측면직각충돌,신호위반,특별광역시도,도봉보건소사거리,37.6567466,127.0388047,도봉구,
2019,2,20,수요일,12,중상사고,0,1,0,0,53,남,15년이상,,승합,사업용,기타,기타사고,맑음,주간,차량단독,차량단독-기타,안전운전불이행,특별광역시도,도봉보건소사거리,37.6567466,127.0388047,도봉구,
2019,3,26,화요일,3,중상사고,0,1,0,0,51,남,15년이상,,승용,사업용,보행자,보행횡단사고,맑음,심야,차대사람,횡단중,안전운전불이행,특별광역시도,도봉보건소사거리,37.6567466,127.0388047,도봉구,
2019,8,10,토요일,19,중상사고,0,1,2,0,68,남,15년이상,,승용,사업용,이륜,진입회전사고,맑음,출퇴근,차대차,측면직각충돌,신호위반,특별광역시도,도봉보건소사거리,37.6567466,127.0388047,도봉구,
2019,9,4,수요일,15,경상사고,0,0,4,2,47,남,10년미만,,승합,사업용,승합,일직선사고,비,주간,차대차,추돌(진행중),안전거리미확보,특별광역시도,도봉보건소사거리,37.6567466,127.0388047,도봉구,
2019,9,30,월요일,20,중상사고,0,1,1,0,19,남,15년이상,,이륜,데이터오류,이륜,진입회전사고,맑음,출퇴근,차대차,측면직각충돌,신호위반,특별광역시도,도봉보건소사거리,37.6567466,127.0388047,도봉구,
2019,10,19,토요일,6,경상사고,0,0,1,0,73,남,15년이상,,화물,비사업용,화물,진입회전사고,맑음,새벽,차대차,정면충돌,신호위반,특별광역시도,도봉보건소사거리,37.6567466,127.0388047,도봉구,
2019,12,25,수요일,21,경상사고,0,0,1,0,55,남,15년이상,,승합,사업용,이륜,진입회전사고,흐림,심야,차대차,차대차-기타,신호위반,특별광역시도,도봉보건소사거리,37.6567466,127.0388047,도봉구,
2017,1,12,목요일,11,경상사고,0,0,5,0,60,여,15년이상,,승용,비사업용,화물,기타사고,맑음,주간,차대차,차대차-기타,안전운전불이행,특별광역시도,도봉산역삼거리,37.689596,127.0461945,도봉구,
2017,1,13,금요일,14,중상사고,0,1,4,0,50,여,15년이상,,승용,비사업용,승용,진입회전사고,맑음,주간,차대차,측면직각충돌,신호위반,특별광역시도,도봉산역삼거리,37.689596,127.0461945,도봉구,
2017,4,11,화요일,10,경상사고,0,0,1,0,47,남,15년이상,,화물,비사업용,자전거,진입회전사고,맑음,주간,차대차,측면직각충돌,신호위반,특별광역시도,도봉산역삼거리,37.689596,127.0461945,도봉구,
2017,5,30,화요일,4,경상사고,0,0,1,0,65,남,15년이상,,승용,사업용,자전거,진입회전사고,맑음,심야,차대차,차대차-기타,신호위반,특별광역시도,도봉산역삼거리,37.689596,127.0461945,도봉구,
2017,5,10,수요일,8,부상사고,0,0,0,1,44,남,15년이상,,화물,비사업용,자전거,진입회전사고,맑음,출퇴근,차대차,측면직각충돌,안전운전불이행,특별광역시도,도봉산역삼거리,37.689596,127.0461945,도봉구,
2017,8,29,화요일,22,중상사고,0,1,0,0,56,남,15년이상,,승용,비사업용,보행자,보행횡단사고,맑음,심야,차대사람,횡단중,안전운전불이행,특별광역시도,도봉산역삼거리,37.689596,127.0461945,도봉구,
2017,9,20,수요일,15,경상사고,0,0,1,3,42,남,15년이상,,승합,사업용,승합,일직선사고,맑음,주간,차대차,추돌(진행중),교차로운행방법위반,특별광역시도,도봉산역삼거리,37.689596,127.0461945,도봉구,
2017,9,13,수요일,21,중상사고,0,1,0,0,55,남,15년이상,,승합,사업용,이륜,일직선사고,맑음,심야,차대차,추돌(진행중),교차로운행방법위반,특별광역시도,도봉산역삼거리,37.689596,127.0461945,도봉구,
2017,11,24,금요일,6,경상사고,0,0,2,0,28,남,15년미만,,화물,비사업용,화물,진입회전사고,눈,새벽,차대차,측면직각충돌,신호위반,특별광역시도,도봉산역삼거리,37.689596,127.0461945,도봉구,
2018,7,14,토요일,20,경상사고,0,0,1,0,41,남,10년미만,,승합,사업용,기타,진입회전사고,맑음,출퇴근,차량단독,차량단독-기타,신호위반,특별광역시도,도봉산역삼거리,37.689596,127.0461945,도봉구,
2018,10,18,목요일,8,부상사고,0,0,0,1,62,여,15년이상,,승용,비사업용,이륜,기타사고,맑음,출퇴근,차대차,차대차-기타,차로위반,특별광역시도,도봉산역삼거리,37.689596,127.0461945,도봉구,
2018,10,10,수요일,20,중상사고,0,1,0,0,49,남,15년이상,,승용,비사업용,이륜,진입회전사고,맑음,출퇴근,차대차,측면직각충돌,신호위반,특별광역시도,도봉산역삼거리,37.689596,127.0461945,도봉구,
2019,1,5,토요일,3,경상사고,0,0,1,0,64,남,15년이상,,승용,사업용,승용,일직선사고,맑음,심야,차대차,추돌(진행중),안전거리미확보,특별광역시도,도봉산역삼거리,37.689596,127.0461945,도봉구,
2019,3,21,목요일,20,경상사고,0,0,2,0,40,여,15년이상,,승용,사업용,이륜,진입회전사고,맑음,출퇴근,차대차,측면직각충돌,신호위반,특별광역시도,도봉산역삼거리,37.689596,127.0461945,도봉구,
2019,5,24,금요일,10,경상사고,0,0,1,0,31,남,15년이상,,승용,비사업용,승합,진입회전사고,맑음,주간,차대차,정면충돌,신호위반,특별광역시도,도봉산역삼거리,37.689596,127.0461945,도봉구,
2019,5,10,금요일,13,중상사고,0,1,0,0,66,여,15년이상,,승용,비사업용,이륜,진입회전사고,맑음,주간,차대차,정면충돌,신호위반,특별광역시도,도봉산역삼거리,37.689596,127.0461945,도봉구,
2019,10,30,수요일,12,중상사고,0,1,0,0,60,남,15년이상,,승합,사업용,기타,기타사고,맑음,주간,차량단독,차량단독-기타,안전운전불이행,특별광역시도,도봉산역삼거리,37.689596,127.0461945,도봉구,
2019,12,11,수요일,6,중상사고,0,1,1,0,57,남,15년이상,,승합,사업용,승합,진입회전사고,맑음,새벽,차대차,측면직각충돌,신호위반,특별광역시도,도봉산역삼거리,37.689596,127.0461945,도봉구,
2019,12,26,목요일,7,중상사고,0,5,5,0,58,남,15년이상,,승용,비사업용,승합,진입회전사고,맑음,출퇴근,차대차,차대차-기타,신호위반,특별광역시도,도봉산역삼거리,37.689596,127.0461945,도봉구,
2017,2,3,금요일,7,경상사고,0,0,1,0,53,남,15년이상,,승용,사업용,보행자,기타사고,맑음,출퇴근,차대사람,차도통행중,데이터없음,특별광역시도,도봉산역삼거리,37.689596,127.0461945,도봉구,
2017,2,24,금요일,15,경상사고,0,0,1,0,62,남,15년이상,,승합,사업용,보행자,보행횡단사고,맑음,주간,차대사람,횡단중,안전운전불이행,특별광역시도,도봉산역삼거리,37.689596,127.0461945,도봉구,
2017,3,27,월요일,15,경상사고,0,0,1,0,56,남,15년이상,,승합,사업용,기타,기타사고,맑음,주간,차량단독,차량단독-기타,데이터없음,특별광역시도,도봉산역삼거리,37.689596,127.0461945,도봉구,
2017,5,7,일요일,0,경상사고,0,0,1,0,29,남,15년이상,,승용,비사업용,보행자,보행횡단사고,맑음,심야,차대사람,횡단중,안전운전불이행,특별광역시도,도봉산역삼거리,37.689596,127.0461945,도봉구,
2017,6,17,토요일,1,경상사고,0,0,1,0,40,남,15년미만,,승합,비사업용,보행자,보행횡단사고,맑음,심야,차대사람,횡단중,안전운전불이행,특별광역시도,도봉산역삼거리,37.689596,127.0461945,도봉구,
2017,9,24,일요일,17,중상사고,0,1,0,0,39,남,15년이상,,승합,사업용,기타,기타사고,맑음,주간,차량단독,차량단독-기타,안전운전불이행,특별광역시도,도봉산역삼거리,37.689596,127.0461945,도봉구,
2017,10,10,화요일,12,중상사고,0,2,2,0,45,여,2년미만,0,승용,비사업용,승용,일직선사고,흐림,주간,차대차,추돌(진행중),안전운전불이행,특별광역시도,도봉산역삼거리,37.689596,127.0461945,도봉구,
2017,10,16,월요일,19,경상사고,0,0,1,0,55,남,15년이상,,승용,비사업용,승용,일직선사고,맑음,출퇴근,차대차,추돌(진행중),안전운전불이행,특별광역시도,도봉산역삼거리,37.689596,127.0461945,도봉구,
2017,11,9,목요일,10,중상사고,0,1,0,0,44,여,15년이상,,승용,비사업용,보행자,보행횡단사고,맑음,주간,차대사람,횡단중,안전운전불이행,특별광역시도,도봉산역삼거리,37.689596,127.0461945,도봉구,
2017,11,16,목요일,12,중상사고,0,1,0,0,75,남,15년이상,,승용,비사업용,보행자,진입회전사고,맑음,주간,차대사람,횡단중,신호위반,특별광역시도,도봉산역삼거리,37.689596,127.0461945,도봉구,
2017,12,4,월요일,15,경상사고,0,0,1,0,45,남,10년미만,0,승용,비사업용,승용,일직선사고,맑음,주간,차대차,추돌(진행중),안전운전불이행,특별광역시도,도봉산역삼거리,37.689596,127.0461945,도봉구,