년도,월,일,요일,시각,사고등급,사망자수,중상자수,경상자수,부상자수,연령,성별,경력,음주,종별,용도,관련자2,사고형태,기상상태,일광상태,사고유형1,사고유형2,법규위반,도로종류,지점명,위도,경도,자치구,
2018,1,20,토요일,22,경상사고,0,0,1,0,41,남,15년이상,,승용,비사업용,보행자,보행횡단사고,맑음,심야,차대사람,보도통행중,안전운전불이행,특별광역시도,도봉산역삼거리,37.689596,127.0461945,도봉구,
2018,3,30,금요일,17,중상사고,0,1,0,0,60,남,15년이상,,승합,사업용,기타,기타사고,맑음,주간,차량단독,차량단독-기타,기타,특별광역시도,도봉산역삼거리,37.689596,127.0461945,도봉구,
2018,6,18,월요일,19,경상사고,0,0,1,0,46,남,15년이상,,승합,사업용,승합,진입회전사고,맑음,출퇴근,차대차,측면직각충돌,안전거리미확보,특별광역시도,도봉산역삼거리,37.689596,127.0461945,도봉구,
2018,8,9,목요일,2,경상사고,0,0,2,0,61,남,15년이상,,승용,사업용,승용,진입회전사고,맑음,심야,차대차,측면직각충돌,안전거리미확보,특별광역시도,도봉산역삼거리,37.689596,127.0461945,도봉구,
2018,9,7,금요일,6,경상사고,0,0,1,0,76,여,15년이상,,승용,사업용,기타,기타사고,맑음,새벽,차량단독,차량단독-기타,안전운전불이행,특별광역시도,도봉산역삼거리,37.689596,127.0461945,도봉구,
2018,9,29,토요일,21,경상사고,0,0,1,0,50,여,15년이상,,승합,사업용,기타,기타사고,맑음,심야,차량단독,차량단독-기타,안전운전불이행,특별광역시도,도봉산역삼거리,37.689596,127.0461945,도봉구,
2019,3,29,금요일,21,중상사고,0,1,0,0,59,여,15년이상,,승합,사업용,보행자,보행횡단사고,맑음,심야,차대사람,보도통행중,안전운전불이행,특별광역시도,도봉산역삼거리,37.689596,127.0461945,도봉구,
2019,4,13,토요일,18,경상사고,0,0,1,0,49,여,15년이상,,승용,비사업용,보행자,기타사고,맑음,출퇴근,차대사람,차대사람-기타,안전운전불이행,특별광역시도,도봉산역삼거리,37.689596,127.0461945,도봉구,
2019,6,16,일요일,16,중상사고,0,1,0,0,59,남,15년미만,,승용,사업용,자전거,진입회전사고,맑음,주간,차대차,측면직각충돌,신호위반,특별광역시도,도봉산역삼거리,37.689596,127.0461945,도봉구,
2019,7,29,월요일,20,중상사고,0,1,0,1,42,남,15년이상,,이륜,데이터오류,보행자,보행횡단사고,맑음,출퇴근,차대사람,횡단중,안전운전불이행,특별광역시도,도봉산역삼거리,37.689596,127.0461945,도봉구,
2019,7,26,금요일,21,중상사고,0,1,0,0,41,여,15년이상,,승용,비사업용,보행자,진입회전사고,비,심야,차대사람,횡단중,신호위반,특별광역시도,도봉산역삼거리,37.689596,127.0461945,도봉구,
2017,1,2,월요일,12,경상사고,0,0,1,1,38,여,15년이상,,승용,비사업용,승용,진입회전사고,맑음,주간,차대차,측면직각충돌,직진우회전진행방해,특별광역시도,도봉역사거리,37.651384,127.036305,도봉구,
2017,3,5,일요일,20,경상사고,0,0,1,0,56,여,2년미만,,승용,비사업용,보행자,보행횡단사고,흐림,출퇴근,차대사람,횡단중,안전운전불이행,특별광역시도,도봉역사거리,37.651384,127.036305,도봉구,
2017,4,10,월요일,18,경상사고,0,0,1,0,41,남,15년이상,,자전거,기타,보행자,보행횡단사고,맑음,출퇴근,차대사람,보도통행중,데이터없음,특별광역시도,도봉역사거리,37.651384,127.036305,도봉구,
2017,7,12,수요일,5,경상사고,0,0,2,0,28,남,15년미만,0,승용,사업용,승용,진입회전사고,흐림,새벽,차대차,측면직각충돌,신호위반,특별광역시도,도봉역사거리,37.651384,127.036305,도봉구,
2017,9,9,토요일,7,중상사고,0,1,0,0,52,남,15년이상,,화물,비사업용,원동기,진입회전사고,맑음,출퇴근,차대차,정면충돌,신호위반,특별광역시도,도봉역사거리,37.651384,127.036305,도봉구,
2017,11,8,수요일,11,경상사고,0,0,1,0,63,남,15년이상,,화물,사업용,화물,기타사고,맑음,주간,차대차,차대차-기타,안전운전불이행,특별광역시도,도봉역사거리,37.651384,127.036305,도봉구,
2018,1,26,금요일,22,부상사고,0,0,0,1,62,남,15년이상,,승용,비사업용,이륜,기타사고,맑음,심야,차대차,차대차-기타,기타,특별광역시도,도봉역사거리,37.651384,127.036305,도봉구,
2018,2,13,화요일,22,중상사고,0,1,0,0,47,남,15년이상,,승합,사업용,이륜,진입회전사고,흐림,심야,차대차,차대차-기타,신호위반,특별광역시도,도봉역사거리,37.651384,127.036305,도봉구,
2018,3,21,수요일,16,경상사고,0,0,1,0,67,남,15년이상,,승용,비사업용,승용,진입회전사고,맑음,주간,차대차,측면직각충돌,안전거리미확보,특별광역시도,도봉역사거리,37.651384,127.036305,도봉구,
2018,4,14,토요일,3,중상사고,0,1,1,0,56,남,15년이상,0,화물,비사업용,화물,진입회전사고,비,심야,차대차,측면직각충돌,신호위반,특별광역시도,도봉역사거리,37.651384,127.036305,도봉구,
2018,5,22,화요일,21,경상사고,0,0,3,0,32,여,10년미만,,승용,비사업용,승합,진입회전사고,비,심야,차대차,측면직각충돌,안전운전불이행,특별광역시도,도봉역사거리,37.651384,127.036305,도봉구,
2018,6,26,화요일,15,경상사고,0,0,1,0,34,남,15년미만,,화물,비사업용,화물,진입회전사고,비,주간,차대차,측면직각충돌,신호위반,특별광역시도,도봉역사거리,37.651384,127.036305,도봉구,
2018,7,8,일요일,1,중상사고,0,1,0,0,44,남,15년이상,,승용,사업용,보행자,기타사고,맑음,심야,차대사람,차대사람-기타,안전운전불이행,특별광역시도,도봉역사거리,37.651384,127.036305,도봉구,
2018,8,16,목요일,23,경상사고,0,0,1,0,50,남,3년미만,0,승용,비사업용,이륜,일직선사고,맑음,심야,차대차,추돌(진행중),안전운전불이행,특별광역시도,도봉역사거리,37.651384,127.036305,도봉구,
2019,3,9,토요일,15,중상사고,0,1,1,0,56,남,15년이상,,이륜,데이터오류,보행자,진입회전사고,맑음,주간,차대사람,횡단중,신호위반,특별광역시도,도봉역사거리,37.651384,127.036305,도봉구,
2019,4,16,화요일,12,중상사고,0,1,0,0,62,남,15년이상,,승용,비사업용,이륜,기타사고,맑음,주간,차대차,차대차-기타,안전거리미확보,특별광역시도,도봉역사거리,37.651384,127.036305,도봉구,
2019,4,23,화요일,18,경상사고,0,0,1,0,54,여,10년미만,,승용,비사업용,승용,진입회전사고,흐림,출퇴근,차대차,측면직각충돌,신호위반,특별광역시도,도봉역사거리,37.651384,127.036305,도봉구,
2019,5,2,목요일,17,부상사고,0,0,0,1,26,남,10년미만,,화물,비사업용,자전거,진입회전사고,맑음,주간,차대차,측면직각충돌,안전운전불이행,특별광역시도,도봉역사거리,37.651384,127.036305,도봉구,
2019,6,23,일요일,3,중상사고,0,1,1,0,56,남,15년이상,,승용,사업용,보행자,진입회전사고,맑음,심야,차대차,정면충돌,신호위반,특별광역시도,도봉역사거리,37.651384,127.036305,도봉구,
2019,6,28,금요일,15,경상사고,0,0,1,0,56,남,15년이상,,승용,사업용,승용,일직선사고,맑음,주간,차대차,추돌(진행중),안전거리미확보,특별광역시도,도봉역사거리,37.651384,127.036305,도봉구,
2019,8,21,수요일,0,경상사고,0,0,1,0,56,남,15년이상,,승용,사업용,승용,기타사고,맑음,심야,차대차,차대차-기타,안전운전불이행,특별광역시도,도봉역사거리,37.651384,127.036305,도봉구,
2019,8,1,목요일,19,부상사고,0,0,0,1,52,남,15년이상,,승합,사업용,이륜,진입회전사고,맑음,출퇴근,차대차,측면직각충돌,신호위반,특별광역시도,도봉역사거리,37.651384,127.036305,도봉구,
2019,10,12,토요일,1,중상사고,0,1,3,0,62,남,15년이상,,승용,사업용,승합,진입회전사고,맑음,심야,차대차,차대차-기타,신호위반,특별광역시도,도봉역사거리,37.651384,127.036305,도봉구,
2019,11,24,일요일,3,경상사고,0,0,1,0,34,남,데이터오류,0,승용,비사업용,승용,기타사고,흐림,심야,차대차,차대차-기타,안전운전불이행,특별광역시도,도봉역사거리,37.651384,127.036305,도봉구,
2017,1,7,토요일,12,경상사고,0,0,2,0,54,남,15년이상,,승합,사업용,승합,진입회전사고,맑음,주간,차대차,측면직각충돌,신호위반,특별광역시도,문화고서쪽사거리,35.7725319,127.0978122,도봉구,
2017,2,10,금요일,20,경상사고,0,0,1,0,63,남,15년이상,,승용,사업용,기타,기타사고,맑음,출퇴근,차량단독,차량단독-기타,안전운전불이행,특별광역시도,문화고서쪽사거리,35.7725319,127.0978122,도봉구,
2017,3,3,금요일,1,중상사고,0,1,0,0,45,남,15년이상,,승용,비사업용,승용,진입회전사고,맑음,심야,차대차,측면직각충돌,신호위반,특별광역시도,문화고서쪽사거리,35.7725319,127.0978122,도봉구,
2017,5,31,수요일,0,중상사고,0,1,0,0,57,남,15년이상,,승합,사업용,승합,진입회전사고,맑음,심야,차대차,측면직각충돌,신호위반,특별광역시도,문화고서쪽사거리,35.7725319,127.0978122,도봉구,
2017,5,4,목요일,4,경상사고,0,0,1,0,38,남,15년이상,0,승용,비사업용,승용,일직선사고,맑음,심야,차대차,추돌(진행중),안전운전불이행,특별광역시도,문화고서쪽사거리,35.7725319,127.0978122,도봉구,
2017,5,22,월요일,13,중상사고,0,1,0,0,53,남,15년이상,,승합,사업용,기타,기타사고,맑음,주간,차량단독,차량단독-기타,안전운전불이행,특별광역시도,문화고서쪽사거리,35.7725319,127.0978122,도봉구,
2017,7,1,토요일,10,경상사고,0,0,1,0,22,남,10년미만,,승용,사업용,승용,일직선사고,맑음,주간,차대차,추돌(진행중),안전운전불이행,특별광역시도,문화고서쪽사거리,35.7725319,127.0978122,도봉구,
2017,7,25,화요일,18,중상사고,0,1,0,0,64,남,15년이상,,승용,비사업용,승용,기타사고,맑음,출퇴근,차대차,차대차-기타,안전운전불이행,특별광역시도,문화고서쪽사거리,35.7725319,127.0978122,도봉구,
2017,9,15,금요일,13,경상사고,0,0,2,0,36,남,15년이상,,화물,비사업용,화물,일직선사고,맑음,주간,차대차,추돌(진행중),안전거리미확보,특별광역시도,문화고서쪽사거리,35.7725319,127.0978122,도봉구,
2017,11,7,화요일,0,경상사고,0,0,1,0,51,남,15년이상,,승합,사업용,이륜,일직선사고,맑음,심야,차대차,추돌(진행중),안전운전불이행,특별광역시도,문화고서쪽사거리,35.7725319,127.0978122,도봉구,
2017,11,7,화요일,13,중상사고,0,1,0,0,27,남,15년미만,0,승용,비사업용,이륜,일직선사고,맑음,주간,차대차,추돌(진행중),안전거리미확보,특별광역시도,문화고서쪽사거리,35.7725319,127.0978122,도봉구,
2017,12,28,목요일,6,중상사고,0,1,2,0,37,남,15년이상,0,승용,비사업용,승용,일직선사고,맑음,새벽,차대차,추돌(진행중),안전운전불이행,특별광역시도,문화고서쪽사거리,35.7725319,127.0978122,도봉구,
2018,2,11,일요일,6,부상사고,0,0,0,1,47,여,15년미만,,승용,비사업용,화물,일직선사고,맑음,새벽,차대차,추돌(진행중),안전거리미확보,특별광역시도,문화고서쪽사거리,35.7725319,127.0978122,도봉구,
2018,4,3,화요일,8,중상사고,0,1,0,0,47,여,15년이상,,승용,비사업용,승용,진입회전사고,맑음,출퇴근,차대차,측면직각충돌,안전운전불이행,특별광역시도,문화고서쪽사거리,35.7725319,127.0978122,도봉구,
2018,5,28,월요일,15,중상사고,0,1,0,0,22,여,3년미만,,승용,비사업용,이륜,진입회전사고,맑음,주간,차대차,측면직각충돌,신호위반,특별광역시도,문화고서쪽사거리,35.7725319,127.0978122,도봉구,
2018,7,20,금요일,19,부상사고,0,0,0,1,45,남,15년이상,,승용,비사업용,이륜,기타사고,맑음,출퇴근,차대차,차대차-기타,차로위반,특별광역시도,문화고서쪽사거리,35.7725319,127.0978122,도봉구,
2018,8,29,수요일,20,중상사고,0,1,0,0,26,남,15년이상,,이륜,기타,보행자,기타사고,비,출퇴근,차대사람,차도통행중,안전운전불이행,특별광역시도,문화고서쪽사거리,35.7725319,127.0978122,도봉구,
2018,10,18,목요일,18,부상사고,0,0,0,1,48,남,15년이상,,승용,비사업용,이륜,진입회전사고,맑음,출퇴근,차대차,측면직각충돌,안전운전불이행,특별광역시도,문화고서쪽사거리,35.7725319,127.0978122,도봉구,
2018,10,30,화요일,19,부상사고,0,0,0,1,52,남,15년이상,,승용,사업용,이륜,진입회전사고,맑음,출퇴근,차대차,측면직각충돌,중앙선침범,특별광역시도,문화고서쪽사거리,35.7725319,127.0978122,도봉구,
2018,10,11,목요일,21,경상사고,0,0,3,0,59,여,5년미만,,승용,비사업용,승용,진입회전사고,흐림,심야,차대차,차대차-기타,신호위반,특별광역시도,문화고서쪽사거리,35.7725319,127.0978122,도봉구,
2019,2,8,금요일,22,중상사고,0,1,0,0,45,여,10년미만,,승용,비사업용,보행자,기타사고,맑음,심야,차대사람,차대사람-기타,안전운전불이행,특별광역시도,문화고서쪽사거리,35.7725319,127.0978122,도봉구,
2019,4,2,화요일,16,중상사고,0,1,0,0,76,남,15년이상,,승용,비사업용,보행자,보행횡단사고,맑음,주간,차대사람,횡단중,안전운전불이행,특별광역시도,문화고서쪽사거리,35.7725319,127.0978122,도봉구,
2017,6,16,금요일,16,경상사고,0,0,1,0,47,남,15년이상,,승합,사업용,기타,기타사고,맑음,주간,차량단독,차량단독-기타,안전운전불이행,특별광역시도,반석교회앞삼거리,38.6126823,-90.2773027,도봉구,
2017,8,28,월요일,19,부상사고,0,0,0,1,50,여,15년이상,,승용,비사업용,자전거,진입회전사고,비,출퇴근,차대차,측면직각충돌,안전거리미확보,특별광역시도,반석교회앞삼거리,38.6126823,-90.2773027,도봉구,
2017,12,24,일요일,22,중상사고,0,1,0,0,59,남,15년이상,,승용,사업용,보행자,보행횡단사고,맑음,심야,차대사람,횡단중,안전운전불이행,특별광역시도,반석교회앞삼거리,38.6126823,-90.2773027,도봉구,
2018,1,14,일요일,15,중상사고,0,1,0,0,30,남,10년미만,,승용,비사업용,승합,기타사고,맑음,주간,차대차,차대차-기타,안전운전불이행,특별광역시도,반석교회앞삼거리,38.6126823,-90.2773027,도봉구,
2018,3,16,금요일,23,중상사고,0,1,0,0,59,남,15년이상,,승용,사업용,이륜,진입회전사고,맑음,심야,차대차,측면직각충돌,기타,특별광역시도,반석교회앞삼거리,38.6126823,-90.2773027,도봉구,
2018,10,9,화요일,17,중상사고,0,1,6,0,64,남,15년이상,,화물,비사업용,화물,진입회전사고,맑음,주간,차대차,측면직각충돌,안전거리미확보,특별광역시도,반석교회앞삼거리,38.6126823,-90.2773027,도봉구,
2019,1,25,금요일,23,사망사고,1,0,0,0,38,남,15년이상,,승용,사업용,보행자,기타사고,맑음,심야,차대사람,차대사람-기타,안전운전불이행,특별광역시도,반석교회앞삼거리,38.6126823,-90.2773027,도봉구,
2019,5,20,월요일,22,부상사고,0,0,0,1,46,여,데이터오류,0,승용,비사업용,승용,일직선사고,맑음,심야,차대차,차대차-기타,중앙선침범,특별광역시도,반석교회앞삼거리,38.6126823,-90.2773027,도봉구,
2019,8,12,월요일,16,중상사고,0,1,0,0,18,남,1년미만,,승용,비사업용,승용,진입회전사고,비,주간,차대차,측면직각충돌,안전운전불이행,특별광역시도,반석교회앞삼거리,38.6126823,-90.2773027,도봉구,
2019,9,25,수요일,23,중상사고,0,1,0,0,39,남,데이터오류,0,승용,비사업용,이륜,일직선사고,맑음,심야,차대차,차대차-기타,중앙선침범,특별광역시도,반석교회앞삼거리,38.6126823,-90.2773027,도봉구,
2017,3,7,화요일,12,경상사고,0,0,1,0,37,남,15년미만,,승용,비사업용,이륜,진입회전사고,맑음,주간,차대차,측면직각충돌,직진우회전진행방해,특별광역시도,방학1동주민센터사거리,37.6641869,127.0406368,도봉구,
2017,3,19,일요일,13,경상사고,0,0,1,0,59,남,15년이상,,승용,사업용,보행자,기타사고,맑음,주간,차대사람,차대사람-기타,안전운전불이행,특별광역시도,방학1동주민센터사거리,37.6641869,127.0406368,도봉구,
2017,7,27,목요일,17,경상사고,0,0,2,0,67,남,15년이상,,승용,사업용,승용,기타사고,맑음,주간,차대차,차대차-기타,직진우회전진행방해,특별광역시도,방학1동주민센터사거리,37.6641869,127.0406368,도봉구,
2017,8,8,화요일,18,경상사고,0,0,1,0,70,남,15년이상,,승용,사업용,보행자,기타사고,맑음,출퇴근,차대사람,차대사람-기타,안전운전불이행,특별광역시도,방학1동주민센터사거리,37.6641869,127.0406368,도봉구,
2017,10,22,일요일,0,경상사고,0,0,1,0,66,남,15년이상,,승용,사업용,이륜,진입회전사고,맑음,심야,차대차,측면직각충돌,직진우회전진행방해,특별광역시도,방학1동주민센터사거리,37.6641869,127.0406368,도봉구,
2017,10,12,목요일,15,중상사고,0,1,0,0,38,남,15년이상,,화물,비사업용,원동기,일직선사고,맑음,주간,차대차,차대차-기타,중앙선침범,특별광역시도,방학1동주민센터사거리,37.6641869,127.0406368,도봉구,
2017,12,8,금요일,20,경상사고,0,0,1,0,23,남,10년미만,,승용,비사업용,보행자,보행횡단사고,맑음,출퇴근,차대사람,횡단중,보행자보호의무위반,특별광역시도,방학1동주민센터사거리,37.6641869,127.0406368,도봉구,
2018,1,24,수요일,9,중상사고,0,1,0,0,45,남,15년이상,,승용,사업용,보행자,보행횡단사고,맑음,주간,차대사람,횡단중,안전운전불이행,특별광역시도,방학1동주민센터사거리,37.6641869,127.0406368,도봉구,
2018,2,9,금요일,12,경상사고,0,0,1,0,59,남,15년이상,,승용,비사업용,보행자,기타사고,맑음,주간,차대사람,길가장자리구역통행중,안전운전불이행,특별광역시도,방학1동주민센터사거리,37.6641869,127.0406368,도봉구,
2018,8,9,목요일,2,경상사고,0,0,1,1,37,남,10년미만,,승용,사업용,보행자,기타사고,맑음,심야,차대차,차대차-기타,직진우회전진행방해,특별광역시도,방학1동주민센터사거리,37.6641869,127.0406368,도봉구,
2018,10,21,일요일,15,경상사고,0,0,1,0,58,여,15년이상,,승용,비사업용,보행자,기타사고,맑음,주간,차대사람,길가장자리구역통행중,안전운전불이행,특별광역시도,방학1동주민센터사거리,37.6641869,127.0406368,도봉구,
2019,2,7,목요일,15,중상사고,0,1,0,0,29,남,10년미만,,승용,비사업용,보행자,기타사고,맑음,주간,차대사람,길가장자리구역통행중,안전운전불이행,특별광역시도,방학1동주민센터사거리,37.6641869,127.0406368,도봉구,
2019,4,11,목요일,8,중상사고,0,1,0,0,30,남,15년미만,,승용,비사업용,자전거,일직선사고,맑음,출퇴근,차대차,정면충돌,직진우회전진행방해,특별광역시도,방학1동주민센터사거리,37.6641869,127.0406368,도봉구,
2019,5,10,금요일,9,경상사고,0,0,1,0,36,남,데이터오류,0,승용,비사업용,보행자,기타사고,맑음,주간,차대사람,차도통행중,안전운전불이행,특별광역시도,방학1동주민센터사거리,37.6641869,127.0406368,도봉구,
2019,8,26,월요일,23,경상사고,0,0,1,0,55,남,15년이상,,승용,사업용,이륜,진입회전사고,맑음,심야,차대차,측면직각충돌,직진우회전진행방해,특별광역시도,방학1동주민센터사거리,37.6641869,127.0406368,도봉구,
2019,11,2,토요일,19,부상사고,0,0,0,1,59,여,15년이상,,화물,비사업용,보행자,기타사고,맑음,출퇴근,차대사람,길가장자리구역통행중,안전운전불이행,특별광역시도,방학1동주민센터사거리,37.6641869,127.0406368,도봉구,
2019,12,20,금요일,19,중상사고,0,1,0,0,53,남,15년이상,,화물,비사업용,보행자,보행횡단사고,맑음,출퇴근,차대사람,횡단중,안전운전불이행,특별광역시도,방학1동주민센터사거리,37.6641869,127.0406368,도봉구,
2017,1,19,목요일,15,부상사고,0,0,0,1,64,남,15년이상,,화물,비사업용,이륜,진입회전사고,맑음,주간,차대차,측면직각충돌,신호위반,특별광역시도,방학동성원아파트,37.6615064,127.0358939,도봉구,
2017,4,3,월요일,8,경상사고,0,0,1,0,65,남,15년이상,,승용,사업용,원동기,기타사고,맑음,출퇴근,차대차,차대차-기타,안전거리미확보,특별광역시도,방학동성원아파트,37.6615064,127.0358939,도봉구,
2017,4,26,수요일,17,경상사고,0,0,1,0,75,남,15년이상,,승용,사업용,기타,기타사고,맑음,주간,차량단독,차량단독-기타,안전운전불이행,특별광역시도,방학동성원아파트,37.6615064,127.0358939,도봉구,
2017,7,31,월요일,1,경상사고,0,0,2,0,57,남,15년이상,,승용,사업용,원동기,일직선사고,맑음,심야,차대차,정면충돌,안전운전불이행,특별광역시도,방학동성원아파트,37.6615064,127.0358939,도봉구,
2017,7,16,일요일,4,경상사고,0,0,1,0,59,남,10년미만,,승용,사업용,기타,기타사고,맑음,심야,차량단독,차량단독-기타,안전거리미확보,특별광역시도,방학동성원아파트,37.6615064,127.0358939,도봉구,
2017,9,29,금요일,21,경상사고,0,0,2,0,51,남,15년미만,,승용,사업용,승용,기타사고,흐림,심야,차대차,차대차-기타,안전운전불이행,특별광역시도,방학동성원아파트,37.6615064,127.0358939,도봉구,
2017,10,6,금요일,18,경상사고,0,0,2,0,32,여,15년이상,,승용,비사업용,승용,일직선사고,맑음,출퇴근,차대차,추돌(진행중),안전거리미확보,특별광역시도,방학동성원아파트,37.6615064,127.0358939,도봉구,
2017,10,5,목요일,22,중상사고,0,1,1,1,59,남,데이터오류,0,승용,비사업용,승용,일직선사고,맑음,심야,차대차,추돌(진행중),안전운전불이행,특별광역시도,방학동성원아파트,37.6615064,127.0358939,도봉구,
2018,1,14,일요일,2,경상사고,0,0,2,0,26,남,15년미만,0,승용,비사업용,승용,일직선사고,맑음,심야,차대차,추돌(진행중),안전운전불이행,특별광역시도,방학동성원아파트,37.6615064,127.0358939,도봉구,
2018,4,1,일요일,8,경상사고,0,0,3,0,57,남,15년이상,,승용,사업용,승용,진입회전사고,흐림,출퇴근,차대차,차대차-기타,신호위반,특별광역시도,방학동성원아파트,37.6615064,127.0358939,도봉구,
2018,4,4,수요일,16,경상사고,0,0,3,0,30,여,15년미만,,승용,비사업용,승용,진입회전사고,맑음,주간,차대차,측면직각충돌,안전거리미확보,특별광역시도,방학동성원아파트,37.6615064,127.0358939,도봉구,
2018,10,8,월요일,17,중상사고,0,1,0,0,54,남,15년이상,,승용,비사업용,승용,일직선사고,맑음,주간,차대차,추돌(진행중),안전거리미확보,특별광역시도,방학동성원아파트,37.6615064,127.0358939,도봉구,
2018,12,6,목요일,19,경상사고,0,0,1,0,59,남,15년이상,,승용,비사업용,승용,진입회전사고,맑음,출퇴근,차대차,측면직각충돌,안전거리미확보,특별광역시도,방학동성원아파트,37.6615064,127.0358939,도봉구,
2019,1,25,금요일,15,경상사고,0,0,1,0,84,남,15년이상,,승용,비사업용,승용,진입회전사고,맑음,주간,차대차,측면직각충돌,신호위반,특별광역시도,방학동성원아파트,37.6615064,127.0358939,도봉구,
2019,1,13,일요일,19,경상사고,0,0,1,0,59,남,15년이상,,승용,사업용,승용,진입회전사고,맑음,출퇴근,차대차,측면직각충돌,신호위반,특별광역시도,방학동성원아파트,37.6615064,127.0358939,도봉구,
2019,4,15,월요일,15,경상사고,0,0,1,0,49,여,15년이상,,승용,비사업용,보행자,보행횡단사고,맑음,주간,차대사람,횡단중,안전운전불이행,특별광역시도,방학동성원아파트,37.6615064,127.0358939,도봉구,
2019,6,17,월요일,1,경상사고,0,0,2,0,62,남,15년이상,,승용,사업용,이륜,진입회전사고,맑음,심야,차대차,측면직각충돌,신호위반,특별광역시도,방학동성원아파트,37.6615064,127.0358939,도봉구,
2019,7,11,목요일,14,경상사고,0,0,1,0,36,남,15년이상,,화물,비사업용,화물,일직선사고,맑음,주간,차대차,추돌(진행중),안전거리미확보,특별광역시도,방학동성원아파트,37.6615064,127.0358939,도봉구,
2019,10,8,화요일,16,경상사고,0,0,2,0,52,남,15년이상,,승합,사업용,승합,진입회전사고,맑음,주간,차대차,측면직각충돌,안전운전불이행,특별광역시도,방학동성원아파트,37.6615064,127.0358939,도봉구,
2019,11,20,수요일,19,중상사고,0,1,0,0,28,남,10년미만,,승용,비사업용,자전거,기타사고,맑음,출퇴근,차대차,차대차-기타,안전운전불이행,특별광역시도,방학동성원아파트,37.6615064,127.0358939,도봉구,
2019,12,6,금요일,20,경상사고,0,0,1,0,42,여,15년미만,,승용,비사업용,이륜,진입회전사고,맑음,출퇴근,차대차,차대차-기타,신호위반,특별광역시도,방학동성원아파트,37.6615064,127.0358939,도봉구,
2017,1,13,금요일,23,경상사고,0,0,2,1,24,남,1년미만,,승용,비사업용,이륜,진입회전사고,맑음,심야,차대차,측면직각충돌,신호위반,특별광역시도,방학사거리,37.6629131,127.0424327,도봉구,
2017,3,13,월요일,13,중상사고,0,1,2,0,45,남,15년이상,,승용,비사업용,승용,일직선사고,맑음,주간,차대차,추돌(진행중),안전운전불이행,특별광역시도,방학사거리,37.6629131,127.0424327,도봉구,
2017,6,6,화요일,9,부상사고,0,0,0,1,64,남,15년이상,,승용,사업용,자전거,진입회전사고,맑음,주간,차대차,측면직각충돌,안전운전불이행,특별광역시도,방학사거리,37.6629131,127.0424327,도봉구,
2017,7,10,월요일,10,경상사고,0,0,3,0,44,남,15년이상,,승합,비사업용,승합,진입회전사고,비,주간,차대차,측면직각충돌,신호위반,특별광역시도,방학사거리,37.6629131,127.0424327,도봉구,
2017,9,28,목요일,10,경상사고,0,0,1,0,48,여,15년이상,,승용,비사업용,승용,진입회전사고,맑음,주간,차대차,측면직각충돌,신호위반,특별광역시도,방학사거리,37.6629131,127.0424327,도봉구,
2017,11,27,월요일,3,부상사고,0,0,0,1,60,남,15년이상,,승용,사업용,기타,기타사고,맑음,심야,차량단독,차량단독-기타,안전운전불이행,특별광역시도,방학사거리,37.6629131,127.0424327,도봉구,
2017,12,21,목요일,6,경상사고,0,0,1,0,61,남,10년미만,,승용,사업용,승용,일직선사고,맑음,새벽,차대차,추돌(진행중),안전거리미확보,특별광역시도,방학사거리,37.6629131,127.0424327,도봉구,
2017,12,26,화요일,12,경상사고,0,0,1,0,57,여,15년이상,,승용,비사업용,이륜,진입회전사고,맑음,주간,차대차,차대차-기타,신호위반,특별광역시도,방학사거리,37.6629131,127.0424327,도봉구,
2018,1,22,월요일,13,중상사고,0,1,0,0,74,남,15년이상,,승용,비사업용,이륜,진입회전사고,맑음,주간,차대차,측면직각충돌,신호위반,특별광역시도,방학사거리,37.6629131,127.0424327,도봉구,
2018,6,27,수요일,12,부상사고,0,0,0,1,59,여,15년이상,,승용,사업용,이륜,진입회전사고,맑음,주간,차대차,측면직각충돌,신호위반,특별광역시도,방학사거리,37.6629131,127.0424327,도봉구,
2018,7,15,일요일,13,중상사고,0,1,0,0,51,남,15년이상,,승용,비사업용,이륜,진입회전사고,맑음,주간,차대차,측면직각충돌,신호위반,특별광역시도,방학사거리,37.6629131,127.0424327,도봉구,
2018,7,10,화요일,22,경상사고,0,0,4,0,27,여,1년미만,,승용,비사업용,승용,일직선사고,비,심야,차대차,추돌(진행중),안전운전불이행,특별광역시도,방학사거리,37.6629131,127.0424327,도봉구,
2018,8,30,목요일,15,경상사고,0,0,1,1,58,남,15년이상,,승합,사업용,이륜,진입회전사고,맑음,주간,차대차,측면직각충돌,신호위반,특별광역시도,방학사거리,37.6629131,127.0424327,도봉구,
2018,10,27,토요일,22,중상사고,0,2,2,0,57,남,15년이상,,승용,사업용,화물,진입회전사고,흐림,심야,차대차,차대차-기타,신호위반,특별광역시도,방학사거리,37.6629131,127.0424327,도봉구,
2018,12,30,일요일,2,중상사고,0,1,0,0,51,남,15년이상,,승용,사업용,승용,진입회전사고,맑음,심야,차대차,측면직각충돌,신호위반,특별광역시도,방학사거리,37.6629131,127.0424327,도봉구,
2018,12,13,목요일,21,경상사고,0,0,1,0,50,남,15년이상,,승용,비사업용,승용,진입회전사고,맑음,심야,차대차,측면직각충돌,교차로운행방법위반,특별광역시도,방학사거리,37.6629131,127.0424327,도봉구,
2019,1,20,일요일,18,경상사고,0,0,1,0,27,남,15년이상,0,승용,비사업용,승용,일직선사고,맑음,출퇴근,차대차,추돌(진행중),안전운전불이행,특별광역시도,방학사거리,37.6629131,127.0424327,도봉구,