년도,월,일,요일,시각,사고등급,사망자수,중상자수,경상자수,부상자수,연령,성별,경력,음주,종별,용도,관련자2,사고형태,기상상태,일광상태,사고유형1,사고유형2,법규위반,도로종류,지점명,위도,경도,자치구,
2019,3,15,금요일,14,경상사고,0,0,1,0,35,여,1년미만,,승용,비사업용,승용,진입회전사고,맑음,주간,차대차,측면직각충돌,안전거리미확보,특별광역시도,방학사거리,37.6629131,127.0424327,도봉구,
2019,8,9,금요일,12,경상사고,0,0,1,0,53,남,15년이상,,건설기계,사업용,건설기계,진입회전사고,맑음,주간,차대차,측면직각충돌,교차로운행방법위반,특별광역시도,방학사거리,37.6629131,127.0424327,도봉구,
2019,8,8,목요일,18,부상사고,0,0,0,1,54,남,2년미만,,승용,비사업용,승용,기타사고,맑음,출퇴근,차대차,차대차-기타,안전거리미확보,특별광역시도,방학사거리,37.6629131,127.0424327,도봉구,
2019,9,7,토요일,1,경상사고,0,0,1,0,56,남,15년이상,,승용,사업용,승용,진입회전사고,맑음,심야,차대차,측면직각충돌,안전운전불이행,특별광역시도,방학사거리,37.6629131,127.0424327,도봉구,
2019,9,5,목요일,17,경상사고,0,0,1,0,71,남,15년이상,,화물,비사업용,화물,진입회전사고,맑음,주간,차대차,측면직각충돌,안전운전불이행,특별광역시도,방학사거리,37.6629131,127.0424327,도봉구,
2019,10,28,월요일,5,경상사고,0,0,3,0,52,남,15년이상,,승용,사업용,승용,진입회전사고,맑음,새벽,차대차,측면직각충돌,신호위반,특별광역시도,방학사거리,37.6629131,127.0424327,도봉구,
2019,10,10,목요일,23,경상사고,0,0,1,0,27,남,15년이상,,승용,비사업용,이륜,진입회전사고,흐림,심야,차대차,측면직각충돌,신호위반,특별광역시도,방학사거리,37.6629131,127.0424327,도봉구,
2019,11,6,수요일,16,경상사고,0,0,1,0,25,남,10년미만,,화물,사업용,화물,일직선사고,맑음,주간,차대차,추돌(진행중),안전운전불이행,특별광역시도,방학사거리,37.6629131,127.0424327,도봉구,
2019,12,7,토요일,21,경상사고,0,0,2,0,49,여,10년미만,,승용,비사업용,승용,진입회전사고,맑음,심야,차대차,측면직각충돌,안전운전불이행,특별광역시도,방학사거리,37.6629131,127.0424327,도봉구,
2019,12,30,월요일,23,중상사고,0,1,0,0,27,남,15년이상,,승용,비사업용,이륜,진입회전사고,맑음,심야,차대차,차대차-기타,신호위반,특별광역시도,방학사거리,37.6629131,127.0424327,도봉구,
2017,2,8,수요일,20,경상사고,0,0,1,0,54,남,15년이상,,승합,사업용,보행자,기타사고,맑음,출퇴근,차대사람,차대사람-기타,안전운전불이행,특별광역시도,방학역앞삼거리,37.6625796,127.0310631,도봉구,
2017,4,29,토요일,9,중상사고,0,1,0,0,55,여,15년이상,,승용,비사업용,자전거,진입회전사고,맑음,주간,차대차,측면직각충돌,직진우회전진행방해,특별광역시도,방학역앞삼거리,37.6625796,127.0310631,도봉구,
2017,5,22,월요일,7,부상사고,0,0,0,1,62,남,15년이상,,승합,사업용,이륜,진입회전사고,맑음,출퇴근,차대차,측면직각충돌,안전운전불이행,특별광역시도,방학역앞삼거리,37.6625796,127.0310631,도봉구,
2017,10,2,월요일,11,중상사고,0,1,0,0,54,남,15년이상,,승용,비사업용,승용,진입회전사고,맑음,주간,차대차,측면직각충돌,차로위반,특별광역시도,방학역앞삼거리,37.6625796,127.0310631,도봉구,
2017,10,18,수요일,13,중상사고,0,1,0,0,72,남,15년이상,,승용,사업용,보행자,기타사고,맑음,주간,차대사람,차대사람-기타,안전운전불이행,특별광역시도,방학역앞삼거리,37.6625796,127.0310631,도봉구,
2017,11,2,목요일,9,부상사고,0,0,0,1,38,남,15년이상,,승합,사업용,보행자,보행횡단사고,맑음,주간,차대사람,횡단중,안전운전불이행,특별광역시도,방학역앞삼거리,37.6625796,127.0310631,도봉구,
2018,1,31,수요일,13,경상사고,0,0,1,0,48,남,15년이상,,승합,사업용,기타,단독사고,맑음,주간,차량단독,공작물추돌,기타,특별광역시도,방학역앞삼거리,37.6625796,127.0310631,도봉구,
2018,3,4,일요일,22,경상사고,0,0,1,0,66,남,15년이상,,승용,사업용,보행자,진입회전사고,비,심야,차대사람,횡단중,신호위반,특별광역시도,방학역앞삼거리,37.6625796,127.0310631,도봉구,
2018,5,5,토요일,15,경상사고,0,0,1,0,38,남,1년미만,,승합,비사업용,기타,단독사고,맑음,주간,차량단독,공작물추돌,기타,특별광역시도,방학역앞삼거리,37.6625796,127.0310631,도봉구,
2018,6,19,화요일,19,사망사고,1,0,0,0,68,남,15년이상,,승합,사업용,보행자,보행횡단사고,맑음,출퇴근,차대사람,횡단중,안전운전불이행,특별광역시도,방학역앞삼거리,37.6625796,127.0310631,도봉구,
2018,9,15,토요일,1,중상사고,0,1,0,2,62,남,15년이상,,승용,사업용,보행자,보행횡단사고,맑음,심야,차대사람,횡단중,안전운전불이행,특별광역시도,방학역앞삼거리,37.6625796,127.0310631,도봉구,
2019,5,6,월요일,1,경상사고,0,0,1,1,60,남,15년이상,,승용,사업용,승용,기타사고,맑음,심야,차대차,차대차-기타,교차로운행방법위반,특별광역시도,방학역앞삼거리,37.6625796,127.0310631,도봉구,
2019,5,9,목요일,15,중상사고,0,1,0,0,47,남,15년이상,,승용,비사업용,자전거,기타사고,맑음,주간,차대차,차대차-기타,안전운전불이행,특별광역시도,방학역앞삼거리,37.6625796,127.0310631,도봉구,
2019,6,22,토요일,15,부상사고,0,0,0,1,59,남,15년미만,,승용,사업용,이륜,진입회전사고,맑음,주간,차대차,측면직각충돌,안전운전불이행,특별광역시도,방학역앞삼거리,37.6625796,127.0310631,도봉구,
2019,9,10,화요일,5,경상사고,0,0,1,0,57,남,15년이상,,승용,비사업용,자전거,진입회전사고,비,새벽,차대차,차대차-기타,신호위반,특별광역시도,방학역앞삼거리,37.6625796,127.0310631,도봉구,
2017,2,16,목요일,23,경상사고,0,0,2,0,52,여,15년이상,0,승용,비사업용,승용,진입회전사고,맑음,심야,차대차,측면직각충돌,안전운전불이행,특별광역시도,삼성래미안2단지,37.666049,127.044421,도봉구,
2017,4,10,월요일,6,경상사고,0,0,1,0,33,남,15년이상,,승용,비사업용,자전거,일직선사고,맑음,새벽,차대차,추돌(진행중),안전운전불이행,특별광역시도,삼성래미안2단지,37.666049,127.044421,도봉구,
2017,4,18,화요일,6,경상사고,0,0,1,0,66,여,15년이상,,승용,사업용,화물,일직선사고,맑음,새벽,차대차,정면충돌,중앙선침범,특별광역시도,삼성래미안2단지,37.666049,127.044421,도봉구,
2017,10,2,월요일,0,중상사고,0,1,0,0,33,남,15년이상,,승용,사업용,보행자,보행횡단사고,비,심야,차대사람,횡단중,안전운전불이행,특별광역시도,삼성래미안2단지,37.666049,127.044421,도봉구,
2017,10,9,월요일,19,경상사고,0,0,1,0,56,남,10년미만,,승용,비사업용,이륜,진입회전사고,흐림,출퇴근,차대차,측면직각충돌,안전운전불이행,특별광역시도,삼성래미안2단지,37.666049,127.044421,도봉구,
2017,11,12,일요일,9,경상사고,0,0,1,0,67,남,15년이상,,승용,사업용,승용,일직선사고,맑음,주간,차대차,추돌(진행중),안전운전불이행,특별광역시도,삼성래미안2단지,37.666049,127.044421,도봉구,
2017,11,3,금요일,19,중상사고,0,1,0,0,22,남,15년이상,,승용,비사업용,원동기,일직선사고,맑음,출퇴근,차대차,추돌(진행중),안전운전불이행,특별광역시도,삼성래미안2단지,37.666049,127.044421,도봉구,
2018,1,8,월요일,6,부상사고,0,0,0,1,50,남,15년이상,,승용,비사업용,자전거,진입회전사고,맑음,새벽,차대차,측면직각충돌,안전운전불이행,특별광역시도,삼성래미안2단지,37.666049,127.044421,도봉구,
2018,2,23,금요일,19,경상사고,0,0,1,0,59,남,15년이상,,화물,비사업용,원동기,진입회전사고,흐림,출퇴근,차대차,측면직각충돌,중앙선침범,특별광역시도,삼성래미안2단지,37.666049,127.044421,도봉구,
2018,8,5,일요일,9,부상사고,0,0,0,1,29,남,3년미만,,승용,비사업용,기타,진입회전사고,맑음,주간,차대차,측면직각충돌,안전운전불이행,특별광역시도,삼성래미안2단지,37.666049,127.044421,도봉구,
2018,8,15,수요일,17,경상사고,0,0,1,0,63,남,15년이상,,승합,사업용,기타,기타사고,맑음,주간,차량단독,차량단독-기타,안전운전불이행,특별광역시도,삼성래미안2단지,37.666049,127.044421,도봉구,
2018,8,24,금요일,18,중상사고,0,1,0,0,57,남,15년이상,,승용,사업용,이륜,기타사고,비,출퇴근,차대차,차대차-기타,안전운전불이행,특별광역시도,삼성래미안2단지,37.666049,127.044421,도봉구,
2018,9,4,화요일,20,경상사고,0,0,1,0,63,남,15년이상,,승합,사업용,기타,기타사고,맑음,출퇴근,차량단독,차량단독-기타,기타,특별광역시도,삼성래미안2단지,37.666049,127.044421,도봉구,
2018,10,16,화요일,12,중상사고,0,1,0,0,52,남,15년이상,,승용,비사업용,이륜,일직선사고,맑음,주간,차대차,정면충돌,교차로운행방법위반,특별광역시도,삼성래미안2단지,37.666049,127.044421,도봉구,
2019,5,8,수요일,18,경상사고,0,0,1,0,37,남,4년미만,,승용,비사업용,보행자,기타사고,맑음,출퇴근,차대사람,길가장자리구역통행중,안전운전불이행,특별광역시도,삼성래미안2단지,37.666049,127.044421,도봉구,
2019,8,7,수요일,6,중상사고,0,1,0,0,67,남,15년이상,,승합,비사업용,보행자,진입회전사고,비,새벽,차대사람,횡단중,신호위반,특별광역시도,삼성래미안2단지,37.666049,127.044421,도봉구,
2019,8,29,목요일,19,경상사고,0,0,1,0,43,남,15년이상,,승용,비사업용,이륜,기타사고,비,출퇴근,차대차,차대차-기타,안전운전불이행,특별광역시도,삼성래미안2단지,37.666049,127.044421,도봉구,
2019,10,27,일요일,11,경상사고,0,0,1,0,57,남,15년이상,,승용,사업용,화물,진입회전사고,맑음,주간,차대차,측면직각충돌,안전운전불이행,특별광역시도,삼성래미안2단지,37.666049,127.044421,도봉구,
2017,3,16,목요일,23,경상사고,0,0,1,0,25,남,10년미만,,이륜,기타,보행자,보행횡단사고,맑음,심야,차대사람,횡단중,안전운전불이행,특별광역시도,서울숭미초삼거리,37.660566,127.073202,도봉구,
2017,4,7,금요일,18,경상사고,0,0,2,0,42,남,10년미만,,승용,비사업용,승용,진입회전사고,맑음,출퇴근,차대차,측면직각충돌,안전운전불이행,특별광역시도,서울숭미초삼거리,37.660566,127.073202,도봉구,
2017,8,19,토요일,16,중상사고,0,4,5,0,32,남,15년이상,,승용,비사업용,승용,일직선사고,맑음,주간,차대차,정면충돌,중앙선침범,특별광역시도,서울숭미초삼거리,37.660566,127.073202,도봉구,
2017,8,28,월요일,16,경상사고,0,0,1,0,69,여,15년이상,,승용,비사업용,보행자,기타사고,맑음,주간,차대사람,길가장자리구역통행중,안전운전불이행,특별광역시도,서울숭미초삼거리,37.660566,127.073202,도봉구,
2017,11,28,화요일,22,경상사고,0,0,1,0,65,남,15년이상,,승용,사업용,보행자,보행횡단사고,비,심야,차대사람,횡단중,데이터없음,특별광역시도,서울숭미초삼거리,37.660566,127.073202,도봉구,
2018,1,31,수요일,23,중상사고,0,1,0,0,59,남,15년이상,,승용,비사업용,이륜,진입회전사고,맑음,심야,차대차,측면직각충돌,차로위반,특별광역시도,서울숭미초삼거리,37.660566,127.073202,도봉구,
2018,4,21,토요일,23,경상사고,0,0,1,1,48,남,10년미만,,승용,사업용,보행자,보행횡단사고,맑음,심야,차대사람,횡단중,안전운전불이행,특별광역시도,서울숭미초삼거리,37.660566,127.073202,도봉구,
2018,5,19,토요일,15,중상사고,0,1,0,0,23,남,15년이상,,화물,비사업용,화물,기타사고,맑음,주간,차대차,차대차-기타,안전운전불이행,특별광역시도,서울숭미초삼거리,37.660566,127.073202,도봉구,
2018,5,21,월요일,16,경상사고,0,0,1,0,62,남,15년이상,,승합,사업용,원동기,진입회전사고,맑음,주간,차대차,측면직각충돌,직진우회전진행방해,특별광역시도,서울숭미초삼거리,37.660566,127.073202,도봉구,
2018,6,27,수요일,16,중상사고,0,1,0,0,73,남,15년이상,,승용,사업용,이륜,진입회전사고,맑음,주간,차대차,측면직각충돌,신호위반,특별광역시도,서울숭미초삼거리,37.660566,127.073202,도봉구,
2018,9,7,금요일,14,중상사고,0,1,1,0,31,남,1년미만,,승용,비사업용,승용,진입회전사고,맑음,주간,차대차,측면직각충돌,직진우회전진행방해,특별광역시도,서울숭미초삼거리,37.660566,127.073202,도봉구,
2018,10,5,금요일,14,사망사고,1,0,0,0,61,남,15년이상,,승합,사업용,보행자,보행횡단사고,비,주간,차대사람,횡단중,안전운전불이행,특별광역시도,서울숭미초삼거리,37.660566,127.073202,도봉구,
2018,12,14,금요일,19,경상사고,0,0,2,0,44,여,15년이상,,승용,비사업용,승용,진입회전사고,맑음,출퇴근,차대차,측면직각충돌,안전운전불이행,특별광역시도,서울숭미초삼거리,37.660566,127.073202,도봉구,
2019,7,23,화요일,14,경상사고,0,0,1,0,46,남,15년이상,,승용,사업용,이륜,일직선사고,맑음,주간,차대차,추돌(진행중),차로위반,특별광역시도,서울숭미초삼거리,37.660566,127.073202,도봉구,
2019,10,19,토요일,21,경상사고,0,0,1,0,57,남,15년이상,,승용,비사업용,승합,기타사고,맑음,심야,차대차,차대차-기타,교차로운행방법위반,특별광역시도,서울숭미초삼거리,37.660566,127.073202,도봉구,
2019,11,4,월요일,21,경상사고,0,0,1,0,36,여,15년미만,,승용,비사업용,이륜,일직선사고,맑음,심야,차대차,차대차-기타,중앙선침범,특별광역시도,서울숭미초삼거리,37.660566,127.073202,도봉구,
2019,12,8,일요일,8,경상사고,0,0,1,0,61,남,15년이상,,승용,비사업용,보행자,기타사고,맑음,출퇴근,차대사람,차대사람-기타,안전운전불이행,특별광역시도,서울숭미초삼거리,37.660566,127.073202,도봉구,
2017,1,12,목요일,9,중상사고,0,1,0,0,47,여,15년이상,,승용,비사업용,보행자,보행횡단사고,맑음,주간,차대사람,횡단중,안전운전불이행,특별광역시도,서울창립초사거리,37.557175,126.9872189,도봉구,
2017,1,4,수요일,11,경상사고,0,0,1,0,53,남,15년이상,,화물,비사업용,화물,진입회전사고,맑음,주간,차대차,차대차-기타,신호위반,특별광역시도,서울창립초사거리,37.557175,126.9872189,도봉구,
2017,1,17,화요일,20,중상사고,0,1,0,0,52,남,15년이상,,승용,사업용,이륜,진입회전사고,맑음,출퇴근,차대차,차대차-기타,신호위반,특별광역시도,서울창립초사거리,37.557175,126.9872189,도봉구,
2017,2,15,수요일,22,경상사고,0,0,1,0,65,남,15년이상,,승용,사업용,원동기,진입회전사고,맑음,심야,차대차,측면직각충돌,안전운전불이행,특별광역시도,서울창립초사거리,37.557175,126.9872189,도봉구,
2017,4,18,화요일,11,경상사고,0,0,1,0,63,남,15년이상,,승용,사업용,승용,진입회전사고,비,주간,차대차,측면직각충돌,신호위반,특별광역시도,서울창립초사거리,37.557175,126.9872189,도봉구,
2017,5,26,금요일,9,경상사고,0,0,1,0,34,남,15년이상,,승용,비사업용,원동기,진입회전사고,맑음,주간,차대차,측면직각충돌,안전운전불이행,특별광역시도,서울창립초사거리,37.557175,126.9872189,도봉구,
2017,5,6,토요일,15,경상사고,0,0,1,0,70,남,15년이상,,승용,비사업용,승용,진입회전사고,맑음,주간,차대차,측면직각충돌,안전운전불이행,특별광역시도,서울창립초사거리,37.557175,126.9872189,도봉구,
2017,7,5,수요일,22,중상사고,0,1,1,0,43,남,15년이상,0,승용,비사업용,승용,진입회전사고,맑음,심야,차대차,측면직각충돌,신호위반,특별광역시도,서울창립초사거리,37.557175,126.9872189,도봉구,
2018,3,7,수요일,20,경상사고,0,0,1,0,49,남,15년미만,,승용,비사업용,자전거,일직선사고,비,출퇴근,차대차,차대차-기타,중앙선침범,특별광역시도,서울창립초사거리,37.557175,126.9872189,도봉구,
2018,6,4,월요일,5,경상사고,0,0,1,0,63,남,15년이상,0,승용,비사업용,승용,일직선사고,맑음,새벽,차대차,정면충돌,안전운전불이행,특별광역시도,서울창립초사거리,37.557175,126.9872189,도봉구,
2018,6,12,화요일,16,경상사고,0,0,1,1,27,남,2년미만,,승용,비사업용,승용,진입회전사고,맑음,주간,차대차,측면직각충돌,안전운전불이행,특별광역시도,서울창립초사거리,37.557175,126.9872189,도봉구,
2018,6,2,토요일,17,중상사고,0,1,0,0,49,남,15년이상,,승용,비사업용,보행자,보행횡단사고,맑음,주간,차대사람,보도통행중,기타,특별광역시도,서울창립초사거리,37.557175,126.9872189,도봉구,
2018,7,30,월요일,19,경상사고,0,0,1,0,70,남,15년이상,,승합,사업용,기타,기타사고,맑음,출퇴근,차량단독,차량단독-기타,안전운전불이행,특별광역시도,서울창립초사거리,37.557175,126.9872189,도봉구,
2018,10,9,화요일,19,경상사고,0,0,1,0,65,남,15년이상,,승용,비사업용,이륜,일직선사고,맑음,출퇴근,차대차,차대차-기타,중앙선침범,특별광역시도,서울창립초사거리,37.557175,126.9872189,도봉구,
2019,2,13,수요일,6,부상사고,0,0,0,1,43,여,15년이상,,승용,비사업용,이륜,진입회전사고,맑음,새벽,차대차,정면충돌,신호위반,특별광역시도,서울창립초사거리,37.557175,126.9872189,도봉구,
2019,5,25,토요일,17,경상사고,0,0,1,0,22,남,15년이상,,자전거,데이터오류,보행자,진입회전사고,맑음,주간,차대사람,횡단중,신호위반,특별광역시도,서울창립초사거리,37.557175,126.9872189,도봉구,
2019,9,11,수요일,21,중상사고,0,1,0,0,12,남,데이터오류,,자전거,데이터오류,자전거,일직선사고,맑음,심야,차대차,차대차-기타,중앙선침범,특별광역시도,서울창립초사거리,37.557175,126.9872189,도봉구,
2019,11,6,수요일,15,경상사고,0,0,5,0,47,여,15년이상,,승용,비사업용,승용,일직선사고,맑음,주간,차대차,추돌(진행중),안전운전불이행,특별광역시도,서울창립초사거리,37.557175,126.9872189,도봉구,
2017,2,28,화요일,5,중상사고,0,1,0,0,26,남,15년이상,,승용,비사업용,원동기,진입회전사고,맑음,새벽,차대차,정면충돌,신호위반,특별광역시도,성원아파트사거리,37.6501651,127.0700415,도봉구,
2017,3,9,목요일,7,중상사고,0,1,0,0,40,남,15년이상,,승용,사업용,보행자,보행횡단사고,맑음,출퇴근,차대사람,횡단중,안전운전불이행,특별광역시도,성원아파트사거리,37.6501651,127.0700415,도봉구,
2017,3,12,일요일,10,경상사고,0,0,2,0,65,여,1년미만,,승용,비사업용,승용,일직선사고,흐림,주간,차대차,정면충돌,중앙선침범,특별광역시도,성원아파트사거리,37.6501651,127.0700415,도봉구,
2017,4,14,금요일,20,부상사고,0,0,0,1,44,남,15년이상,,승용,비사업용,이륜,진입회전사고,맑음,출퇴근,차대차,측면직각충돌,안전운전불이행,특별광역시도,성원아파트사거리,37.6501651,127.0700415,도봉구,
2017,4,18,화요일,20,부상사고,0,0,0,1,59,남,15년이상,,승용,사업용,이륜,진입회전사고,맑음,출퇴근,차대차,측면직각충돌,안전운전불이행,특별광역시도,성원아파트사거리,37.6501651,127.0700415,도봉구,
2017,4,9,일요일,21,경상사고,0,0,1,0,51,남,15년이상,,승용,비사업용,원동기,일직선사고,맑음,심야,차대차,추돌(진행중),안전운전불이행,특별광역시도,성원아파트사거리,37.6501651,127.0700415,도봉구,
2017,8,21,월요일,17,경상사고,0,0,1,1,65,남,15년이상,,화물,사업용,화물,진입회전사고,맑음,주간,차대차,측면직각충돌,안전운전불이행,특별광역시도,성원아파트사거리,37.6501651,127.0700415,도봉구,
2017,11,21,화요일,19,경상사고,0,0,1,0,48,남,15년이상,,승용,비사업용,자전거,기타사고,흐림,출퇴근,차대차,차대차-기타,안전운전불이행,특별광역시도,성원아파트사거리,37.6501651,127.0700415,도봉구,
2017,12,15,금요일,21,경상사고,0,0,1,0,57,남,15년이상,,원동기,기타,보행자,보행횡단사고,맑음,심야,차대사람,횡단중,보행자보호의무위반,특별광역시도,성원아파트사거리,37.6501651,127.0700415,도봉구,
2018,1,15,월요일,18,경상사고,0,0,1,0,67,남,15년이상,,승합,비사업용,이륜,진입회전사고,맑음,출퇴근,차대차,측면직각충돌,차로위반,특별광역시도,성원아파트사거리,37.6501651,127.0700415,도봉구,
2018,6,9,토요일,15,경상사고,0,0,1,0,61,여,15년이상,,승용,비사업용,자전거,기타사고,맑음,주간,차대차,차대차-기타,안전운전불이행,특별광역시도,성원아파트사거리,37.6501651,127.0700415,도봉구,
2018,8,22,수요일,18,중상사고,0,1,0,0,27,남,15년이상,,승용,비사업용,보행자,보행횡단사고,맑음,출퇴근,차대사람,횡단중,안전운전불이행,특별광역시도,성원아파트사거리,37.6501651,127.0700415,도봉구,
2018,10,16,화요일,1,경상사고,0,0,3,0,26,여,10년미만,0,승용,비사업용,승용,기타사고,흐림,심야,차대차,차대차-기타,안전운전불이행,특별광역시도,성원아파트사거리,37.6501651,127.0700415,도봉구,
2019,2,20,수요일,14,경상사고,0,0,1,0,39,여,15년이상,,승용,비사업용,건설기계,진입회전사고,맑음,주간,차대차,측면직각충돌,신호위반,특별광역시도,성원아파트사거리,37.6501651,127.0700415,도봉구,
2019,10,11,금요일,1,중상사고,0,1,0,0,44,남,15년이상,0,승용,비사업용,승용,일직선사고,맑음,심야,차대차,추돌(진행중),안전운전불이행,특별광역시도,성원아파트사거리,37.6501651,127.0700415,도봉구,
2019,10,31,목요일,22,경상사고,0,0,1,0,52,남,15년이상,,이륜,데이터오류,이륜,진입회전사고,맑음,심야,차대차,차대차-기타,신호위반,특별광역시도,성원아파트사거리,37.6501651,127.0700415,도봉구,
2019,12,1,일요일,13,경상사고,0,0,1,0,38,남,10년미만,,승용,비사업용,승용,기타사고,맑음,주간,차대차,차대차-기타,안전거리미확보,특별광역시도,성원아파트사거리,37.6501651,127.0700415,도봉구,
2019,12,9,월요일,13,부상사고,0,0,0,2,42,여,15년이상,,승용,비사업용,이륜,진입회전사고,맑음,주간,차대차,측면직각충돌,중앙선침범,특별광역시도,성원아파트사거리,37.6501651,127.0700415,도봉구,
2019,12,30,월요일,20,경상사고,0,0,1,0,67,남,15년이상,,승용,사업용,승용,일직선사고,맑음,출퇴근,차대차,추돌(진행중),안전운전불이행,특별광역시도,성원아파트사거리,37.6501651,127.0700415,도봉구,
2017,1,9,월요일,17,경상사고,0,0,1,0,61,남,15년이상,,승용,사업용,이륜,진입회전사고,맑음,주간,차대차,측면직각충돌,직진우회전진행방해,특별광역시도,신도봉삼거리,37.6702177,127.0412104,도봉구,
2017,4,6,목요일,3,중상사고,0,1,0,0,62,남,15년미만,,승용,사업용,승용,진입회전사고,비,심야,차대차,측면직각충돌,신호위반,특별광역시도,신도봉삼거리,37.6702177,127.0412104,도봉구,
2017,5,5,금요일,14,부상사고,0,0,0,1,56,남,15년이상,,화물,사업용,화물,진입회전사고,맑음,주간,차대차,측면직각충돌,안전운전불이행,특별광역시도,신도봉삼거리,37.6702177,127.0412104,도봉구,
2017,6,23,금요일,17,중상사고,0,1,0,0,41,남,15년이상,,화물,비사업용,보행자,기타사고,맑음,주간,차대사람,차대사람-기타,안전운전불이행,특별광역시도,신도봉삼거리,37.6702177,127.0412104,도봉구,
2017,6,21,수요일,19,경상사고,0,0,2,2,45,여,15년이상,,승용,비사업용,이륜,진입회전사고,맑음,출퇴근,차대차,측면직각충돌,안전운전불이행,특별광역시도,신도봉삼거리,37.6702177,127.0412104,도봉구,
2017,7,1,토요일,10,경상사고,0,0,1,0,55,여,15년이상,,승용,비사업용,승용,일직선사고,맑음,주간,차대차,추돌(진행중),안전운전불이행,특별광역시도,신도봉삼거리,37.6702177,127.0412104,도봉구,
2017,7,17,월요일,13,경상사고,0,0,1,0,56,남,15년이상,,화물,비사업용,화물,진입회전사고,비,주간,차대차,측면직각충돌,안전운전불이행,특별광역시도,신도봉삼거리,37.6702177,127.0412104,도봉구,
2017,7,10,월요일,20,중상사고,0,2,2,0,24,남,10년미만,,승용,비사업용,승용,주정차사고,비,출퇴근,차대차,추돌(주정차중),안전거리미확보,특별광역시도,신도봉삼거리,37.6702177,127.0412104,도봉구,
2017,8,3,목요일,20,중상사고,0,1,0,0,40,남,15년미만,,승용,사업용,이륜,기타사고,맑음,출퇴근,차대차,차대차-기타,안전거리미확보,특별광역시도,신도봉삼거리,37.6702177,127.0412104,도봉구,
2017,11,1,수요일,11,경상사고,0,0,1,0,51,남,15년이상,,승용,비사업용,자전거,진입회전사고,맑음,주간,차대차,측면직각충돌,안전운전불이행,특별광역시도,신도봉삼거리,37.6702177,127.0412104,도봉구,
2017,12,1,금요일,14,중상사고,0,1,0,0,72,남,15년이상,0,승용,비사업용,자전거,진입회전사고,맑음,주간,차대차,측면직각충돌,안전운전불이행,특별광역시도,신도봉삼거리,37.6702177,127.0412104,도봉구,
2018,1,8,월요일,11,경상사고,0,0,1,0,47,남,5년미만,,화물,사업용,화물,진입회전사고,맑음,주간,차대차,측면직각충돌,신호위반,특별광역시도,신도봉삼거리,37.6702177,127.0412104,도봉구,
2018,1,14,일요일,18,중상사고,0,2,0,0,56,남,15년이상,,승용,사업용,승용,진입회전사고,맑음,출퇴근,차대차,차대차-기타,신호위반,특별광역시도,신도봉삼거리,37.6702177,127.0412104,도봉구,
2018,2,14,수요일,11,경상사고,0,0,1,0,62,남,15년이상,,승합,비사업용,승합,진입회전사고,맑음,주간,차대차,측면직각충돌,차로위반,특별광역시도,신도봉삼거리,37.6702177,127.0412104,도봉구,
2018,5,23,수요일,2,경상사고,0,0,1,0,60,남,15년이상,,승용,비사업용,승용,일직선사고,비,심야,차대차,추돌(진행중),안전운전불이행,특별광역시도,신도봉삼거리,37.6702177,127.0412104,도봉구,
2018,5,5,토요일,17,경상사고,0,0,1,0,61,남,15년이상,,승용,비사업용,자전거,진입회전사고,맑음,주간,차대차,측면직각충돌,신호위반,특별광역시도,신도봉삼거리,37.6702177,127.0412104,도봉구,
2018,7,11,수요일,17,경상사고,0,0,1,0,61,남,15년이상,,승용,사업용,보행자,기타사고,맑음,주간,차대사람,차대사람-기타,안전운전불이행,특별광역시도,신도봉삼거리,37.6702177,127.0412104,도봉구,
2018,9,11,화요일,3,경상사고,0,0,1,0,57,남,15년이상,,승용,사업용,승용,진입회전사고,맑음,심야,차대차,측면직각충돌,안전거리미확보,특별광역시도,신도봉삼거리,37.6702177,127.0412104,도봉구,
2018,11,8,목요일,1,경상사고,0,0,2,0,81,남,15년미만,,승용,비사업용,승용,일직선사고,비,심야,차대차,추돌(진행중),안전거리미확보,특별광역시도,신도봉삼거리,37.6702177,127.0412104,도봉구,
2019,2,11,월요일,21,중상사고,0,1,0,0,18,남,3년미만,,이륜,데이터오류,기타,단독사고,맑음,심야,차량단독,공작물추돌,안전운전불이행,특별광역시도,신도봉삼거리,37.6702177,127.0412104,도봉구,
2019,3,10,일요일,10,경상사고,0,0,2,1,30,남,15년미만,,승용,비사업용,승용,진입회전사고,맑음,주간,차대차,정면충돌,신호위반,특별광역시도,신도봉삼거리,37.6702177,127.0412104,도봉구,
2019,6,30,일요일,17,중상사고,0,1,0,0,34,여,15년이상,,승용,비사업용,자전거,진입회전사고,흐림,주간,차대차,측면직각충돌,직진우회전진행방해,특별광역시도,신도봉삼거리,37.6702177,127.0412104,도봉구,
2019,8,10,토요일,19,경상사고,0,0,2,0,70,남,15년이상,,승용,사업용,승합,진입회전사고,맑음,출퇴근,차대차,측면직각충돌,신호위반,특별광역시도,신도봉삼거리,37.6702177,127.0412104,도봉구,
2019,12,2,월요일,16,경상사고,0,0,1,0,57,남,15년이상,,이륜,데이터오류,이륜,진입회전사고,맑음,주간,차대차,측면직각충돌,직진우회전진행방해,특별광역시도,신도봉삼거리,37.6702177,127.0412104,도봉구,
2017,3,4,토요일,2,경상사고,0,0,1,0,64,남,15년이상,,승용,사업용,승용,일직선사고,맑음,심야,차대차,추돌(진행중),안전운전불이행,특별광역시도,쌍문3치안센터앞사거리,37.647201,127.025729,도봉구,
2017,4,12,수요일,14,부상사고,0,0,0,1,45,남,15년이상,,승용,비사업용,원동기,기타사고,맑음,주간,차대차,차대차-기타,차로위반,특별광역시도,쌍문3치안센터앞사거리,37.647201,127.025729,도봉구,