년도,월,일,요일,시각,사고등급,사망자수,중상자수,경상자수,부상자수,연령,성별,경력,음주,종별,용도,관련자2,사고형태,기상상태,일광상태,사고유형1,사고유형2,법규위반,도로종류,지점명,위도,경도,자치구,
2018,12,7,금요일,11,경상사고,0,0,2,0,25,남,15년이상,,승용,비사업용,승용,일직선사고,맑음,주간,차대차,추돌(진행중),안전거리미확보,특별광역시도,홈플러스앞사거리,37.4853216,126.8143453,도봉구,
2019,1,14,월요일,23,부상사고,0,0,0,1,64,남,15년이상,,승용,사업용,기타,일직선사고,맑음,심야,차대차,추돌(진행중),안전거리미확보,특별광역시도,홈플러스앞사거리,37.4853216,126.8143453,도봉구,
2019,9,9,월요일,0,경상사고,0,0,1,0,19,남,15년이상,,승용,비사업용,자전거,기타사고,흐림,심야,차대차,차대차-기타,안전운전불이행,특별광역시도,홈플러스앞사거리,37.4853216,126.8143453,도봉구,
2019,9,21,토요일,9,부상사고,0,0,0,1,52,남,15년이상,,승합,사업용,이륜,진입회전사고,맑음,주간,차대차,측면직각충돌,안전운전불이행,특별광역시도,홈플러스앞사거리,37.4853216,126.8143453,도봉구,
2019,9,30,월요일,9,경상사고,0,0,1,0,64,남,15년이상,,승합,사업용,기타,기타사고,맑음,주간,차량단독,차량단독-기타,안전운전불이행,특별광역시도,홈플러스앞사거리,37.4853216,126.8143453,도봉구,
2019,11,24,일요일,17,중상사고,0,1,0,0,51,남,15년이상,,승합,사업용,기타,기타사고,비,주간,차량단독,차량단독-기타,안전운전불이행,특별광역시도,홈플러스앞사거리,37.4853216,126.8143453,도봉구,
2019,11,27,수요일,23,경상사고,0,0,2,0,38,여,2년미만,0,승용,비사업용,승용,진입회전사고,흐림,심야,차대차,차대차-기타,신호위반,특별광역시도,홈플러스앞사거리,37.4853216,126.8143453,도봉구,
2017,2,6,월요일,0,경상사고,0,0,1,0,45,남,15년이상,,승용,비사업용,승용,진입회전사고,맑음,심야,차대차,차대차-기타,신호위반,특별광역시도,경동시장사거리,37.577201,127.038104,동대문구,
2017,2,10,금요일,9,중상사고,0,1,0,0,48,남,15년이상,,화물,비사업용,보행자,보행횡단사고,맑음,주간,차대사람,횡단중,보행자보호의무위반,특별광역시도,경동시장사거리,37.577201,127.038104,동대문구,
2017,2,14,화요일,10,경상사고,0,0,2,0,27,남,4년미만,,승용,비사업용,원동기,일직선사고,맑음,주간,차대차,추돌(진행중),차로위반,특별광역시도,경동시장사거리,37.577201,127.038104,동대문구,
2017,3,13,월요일,5,중상사고,0,1,1,0,66,남,15년미만,,승용,비사업용,승용,진입회전사고,맑음,새벽,차대차,측면직각충돌,신호위반,특별광역시도,경동시장사거리,37.577201,127.038104,동대문구,
2017,4,10,월요일,16,중상사고,0,1,0,0,68,남,15년이상,,승용,사업용,자전거,기타사고,맑음,주간,차대차,차대차-기타,안전운전불이행,특별광역시도,경동시장사거리,37.577201,127.038104,동대문구,
2017,5,5,금요일,1,경상사고,0,0,1,0,56,남,15년이상,,승용,사업용,승용,일직선사고,맑음,심야,차대차,추돌(진행중),안전거리미확보,특별광역시도,경동시장사거리,37.577201,127.038104,동대문구,
2017,5,30,화요일,13,경상사고,0,0,2,0,60,남,15년이상,,화물,비사업용,화물,진입회전사고,맑음,주간,차대차,측면직각충돌,안전거리미확보,특별광역시도,경동시장사거리,37.577201,127.038104,동대문구,
2017,5,31,수요일,15,경상사고,0,0,1,0,52,남,15년미만,,자전거,기타,보행자,기타사고,맑음,주간,차대사람,차대사람-기타,안전운전불이행,특별광역시도,경동시장사거리,37.577201,127.038104,동대문구,
2017,5,25,목요일,21,경상사고,0,0,1,0,41,남,15년이상,,승합,사업용,보행자,보행횡단사고,흐림,심야,차대사람,횡단중,보행자보호의무위반,특별광역시도,경동시장사거리,37.577201,127.038104,동대문구,
2017,6,25,일요일,10,경상사고,0,0,1,0,57,남,15년이상,,승용,비사업용,승용,진입회전사고,맑음,주간,차대차,측면직각충돌,안전거리미확보,특별광역시도,경동시장사거리,37.577201,127.038104,동대문구,
2017,7,26,수요일,2,경상사고,0,0,1,0,38,남,15년미만,,승용,비사업용,승용,기타사고,맑음,심야,차대차,차대차-기타,안전운전불이행,특별광역시도,경동시장사거리,37.577201,127.038104,동대문구,
2017,9,2,토요일,5,부상사고,0,0,0,1,38,남,15년미만,,승용,비사업용,승용,일직선사고,맑음,새벽,차대차,추돌(진행중),안전운전불이행,특별광역시도,경동시장사거리,37.577201,127.038104,동대문구,
2017,9,25,월요일,15,중상사고,0,1,0,0,불명,불명,데이터오류,,기타,데이터오류,기타,진입회전사고,맑음,주간,차대차,차대차-기타,신호위반,특별광역시도,경동시장사거리,37.577201,127.038104,동대문구,
2017,10,12,목요일,0,경상사고,0,0,1,0,64,남,15년이상,,승용,사업용,보행자,보행횡단사고,맑음,심야,차대사람,횡단중,안전운전불이행,특별광역시도,경동시장사거리,37.577201,127.038104,동대문구,
2017,11,3,금요일,15,중상사고,0,1,0,0,55,남,15년이상,,화물,사업용,이륜,진입회전사고,맑음,주간,차대차,측면직각충돌,신호위반,특별광역시도,경동시장사거리,37.577201,127.038104,동대문구,
2017,12,15,금요일,1,경상사고,0,0,1,0,30,남,15년이상,0,승용,비사업용,승용,일직선사고,맑음,심야,차대차,추돌(진행중),안전운전불이행,특별광역시도,경동시장사거리,37.577201,127.038104,동대문구,
2017,12,28,목요일,2,경상사고,0,0,1,0,68,남,15년이상,,승용,사업용,기타,기타사고,흐림,심야,차량단독,차량단독-기타,차로위반,특별광역시도,경동시장사거리,37.577201,127.038104,동대문구,
2017,12,17,일요일,19,중상사고,0,1,0,0,32,남,15년이상,,승용,비사업용,원동기,진입회전사고,흐림,출퇴근,차대차,측면직각충돌,신호위반,특별광역시도,경동시장사거리,37.577201,127.038104,동대문구,
2018,1,5,금요일,9,경상사고,0,0,2,0,62,남,15년이상,,승용,사업용,승용,진입회전사고,맑음,주간,차대차,측면직각충돌,신호위반,특별광역시도,경동시장사거리,37.577201,127.038104,동대문구,
2018,1,26,금요일,15,경상사고,0,0,1,0,불명,불명,데이터오류,,기타,기타,기타,기타사고,맑음,주간,차대차,차대차-기타,안전거리미확보,특별광역시도,경동시장사거리,37.577201,127.038104,동대문구,
2018,1,23,화요일,19,중상사고,0,2,0,0,38,남,15년이상,0,승용,비사업용,이륜,일직선사고,맑음,출퇴근,차대차,추돌(진행중),안전운전불이행,특별광역시도,경동시장사거리,37.577201,127.038104,동대문구,
2018,2,3,토요일,5,중상사고,0,1,0,0,44,남,15년이상,,화물,비사업용,보행자,보행횡단사고,맑음,새벽,차대사람,횡단중,안전운전불이행,특별광역시도,경동시장사거리,37.577201,127.038104,동대문구,
2018,3,9,금요일,16,경상사고,0,0,1,0,37,여,10년미만,,승용,비사업용,승용,기타사고,맑음,주간,차대차,차대차-기타,안전거리미확보,특별광역시도,경동시장사거리,37.577201,127.038104,동대문구,
2018,3,11,일요일,16,경상사고,0,0,1,0,61,여,15년이상,,승용,비사업용,이륜,기타사고,맑음,주간,차대차,차대차-기타,안전운전불이행,특별광역시도,경동시장사거리,37.577201,127.038104,동대문구,
2018,4,20,금요일,14,중상사고,0,1,0,0,63,남,15년이상,,승합,사업용,기타,기타사고,맑음,주간,차량단독,차량단독-기타,안전운전불이행,특별광역시도,경동시장사거리,37.577201,127.038104,동대문구,
2018,4,22,일요일,22,경상사고,0,0,1,0,25,남,10년미만,,승용,비사업용,승합,진입회전사고,비,심야,차대차,측면직각충돌,안전거리미확보,특별광역시도,경동시장사거리,37.577201,127.038104,동대문구,
2018,5,29,화요일,12,경상사고,0,0,1,0,70,남,15년이상,,승용,비사업용,승합,기타사고,맑음,주간,차대차,차대차-기타,안전거리미확보,특별광역시도,경동시장사거리,37.577201,127.038104,동대문구,
2018,5,9,수요일,21,경상사고,0,0,1,0,59,남,15년이상,,승용,사업용,자전거,진입회전사고,맑음,심야,차대차,측면직각충돌,신호위반,특별광역시도,경동시장사거리,37.577201,127.038104,동대문구,
2018,7,16,월요일,17,경상사고,0,0,2,0,60,남,15년이상,,승용,비사업용,승용,기타사고,맑음,주간,차대차,차대차-기타,안전거리미확보,특별광역시도,경동시장사거리,37.577201,127.038104,동대문구,
2018,8,4,토요일,12,경상사고,0,0,1,0,57,남,15년이상,,승용,비사업용,이륜,진입회전사고,맑음,주간,차대차,측면직각충돌,안전거리미확보,특별광역시도,경동시장사거리,37.577201,127.038104,동대문구,
2018,9,15,토요일,12,경상사고,0,0,1,0,64,남,15년이상,,승용,비사업용,이륜,진입회전사고,맑음,주간,차대차,측면직각충돌,안전운전불이행,특별광역시도,경동시장사거리,37.577201,127.038104,동대문구,
2018,9,14,금요일,19,경상사고,0,0,2,0,56,남,15년이상,,승용,비사업용,승용,진입회전사고,맑음,출퇴근,차대차,측면직각충돌,신호위반,특별광역시도,경동시장사거리,37.577201,127.038104,동대문구,
2018,10,15,월요일,9,경상사고,0,0,1,0,76,남,15년이상,,승용,사업용,승용,기타사고,맑음,주간,차대차,차대차-기타,차로위반,특별광역시도,경동시장사거리,37.577201,127.038104,동대문구,
2018,12,27,목요일,19,경상사고,0,0,1,0,37,여,15년미만,,승용,비사업용,승용,진입회전사고,맑음,출퇴근,차대차,측면직각충돌,교차로운행방법위반,특별광역시도,경동시장사거리,37.577201,127.038104,동대문구,
2019,1,19,토요일,18,경상사고,0,0,1,0,57,여,15년이상,,승용,비사업용,승용,진입회전사고,흐림,출퇴근,차대차,차대차-기타,신호위반,특별광역시도,경동시장사거리,37.577201,127.038104,동대문구,
2019,3,16,토요일,11,경상사고,0,0,1,0,28,남,15년미만,,화물,비사업용,화물,기타사고,맑음,주간,차대차,차대차-기타,안전운전불이행,특별광역시도,경동시장사거리,37.577201,127.038104,동대문구,
2019,4,29,월요일,10,경상사고,0,0,1,0,20,남,15년이상,,이륜,데이터오류,보행자,보행횡단사고,맑음,주간,차대사람,보도통행중,안전운전불이행,특별광역시도,경동시장사거리,37.577201,127.038104,동대문구,
2019,4,23,화요일,14,경상사고,0,0,1,0,55,남,15년이상,,승용,사업용,이륜,진입회전사고,맑음,주간,차대차,측면직각충돌,안전운전불이행,특별광역시도,경동시장사거리,37.577201,127.038104,동대문구,
2019,4,19,금요일,15,중상사고,0,1,0,1,48,여,15년이상,,승용,비사업용,이륜,진입회전사고,맑음,주간,차대차,측면직각충돌,안전운전불이행,특별광역시도,경동시장사거리,37.577201,127.038104,동대문구,
2019,4,14,일요일,23,경상사고,0,0,1,0,58,남,10년미만,,화물,비사업용,자전거,기타사고,맑음,심야,차대차,차대차-기타,안전운전불이행,특별광역시도,경동시장사거리,37.577201,127.038104,동대문구,
2019,6,15,토요일,6,사망사고,1,0,0,0,22,남,4년미만,,승용,사업용,이륜,진입회전사고,맑음,새벽,차대차,차대차-기타,신호위반,특별광역시도,경동시장사거리,37.577201,127.038104,동대문구,
2019,7,4,목요일,1,경상사고,0,0,1,0,64,남,15년이상,,승용,사업용,승용,진입회전사고,맑음,심야,차대차,측면직각충돌,신호위반,특별광역시도,경동시장사거리,37.577201,127.038104,동대문구,
2019,7,9,화요일,15,경상사고,0,0,1,0,47,남,15년이상,,화물,사업용,이륜,진입회전사고,맑음,주간,차대차,측면직각충돌,신호위반,특별광역시도,경동시장사거리,37.577201,127.038104,동대문구,
2019,7,3,수요일,18,경상사고,0,0,1,0,47,남,15년이상,,승용,비사업용,원동기,진입회전사고,맑음,출퇴근,차대차,측면직각충돌,안전거리미확보,특별광역시도,경동시장사거리,37.577201,127.038104,동대문구,
2019,8,9,금요일,2,중상사고,0,1,0,0,55,남,15년이상,,승용,비사업용,승용,진입회전사고,맑음,심야,차대차,측면직각충돌,신호위반,특별광역시도,경동시장사거리,37.577201,127.038104,동대문구,
2019,8,25,일요일,10,경상사고,0,0,1,0,68,남,15년이상,,화물,사업용,화물,일직선사고,맑음,주간,차대차,추돌(진행중),교차로운행방법위반,특별광역시도,경동시장사거리,37.577201,127.038104,동대문구,
2019,8,7,수요일,15,경상사고,0,0,1,0,63,여,10년미만,,승용,비사업용,이륜,일직선사고,맑음,주간,차대차,추돌(진행중),안전거리미확보,특별광역시도,경동시장사거리,37.577201,127.038104,동대문구,
2019,9,28,토요일,8,경상사고,0,0,2,0,33,남,15년이상,,건설기계,사업용,건설기계,일직선사고,맑음,출퇴근,차대차,추돌(진행중),안전운전불이행,특별광역시도,경동시장사거리,37.577201,127.038104,동대문구,
2019,11,4,월요일,13,경상사고,0,0,1,0,46,여,10년미만,,승용,비사업용,이륜,진입회전사고,맑음,주간,차대차,측면직각충돌,신호위반,특별광역시도,경동시장사거리,37.577201,127.038104,동대문구,
2019,11,12,화요일,16,경상사고,0,0,1,0,65,남,15년이상,,승용,사업용,승용,진입회전사고,맑음,주간,차대차,측면직각충돌,신호위반,특별광역시도,경동시장사거리,37.577201,127.038104,동대문구,
2019,11,5,화요일,22,경상사고,0,0,2,0,61,여,5년미만,,승용,비사업용,승용,진입회전사고,맑음,심야,차대차,측면직각충돌,신호위반,특별광역시도,경동시장사거리,37.577201,127.038104,동대문구,
2019,12,20,금요일,12,경상사고,0,0,1,0,59,남,15년이상,,승용,비사업용,이륜,진입회전사고,맑음,주간,차대차,측면직각충돌,안전운전불이행,특별광역시도,경동시장사거리,37.577201,127.038104,동대문구,
2017,1,7,토요일,10,중상사고,0,1,0,0,75,남,15년이상,,승용,사업용,이륜,진입회전사고,맑음,주간,차대차,측면직각충돌,안전운전불이행,특별광역시도,경동시장사거리,37.577201,127.038104,동대문구,
2017,1,11,수요일,10,경상사고,0,0,1,0,61,남,15년이상,,화물,비사업용,자전거,진입회전사고,맑음,주간,차대차,측면직각충돌,안전운전불이행,특별광역시도,경동시장사거리,37.577201,127.038104,동대문구,
2017,8,25,금요일,14,경상사고,0,0,1,0,26,남,10년미만,,승용,비사업용,자전거,기타사고,맑음,주간,차대차,차대차-기타,안전운전불이행,특별광역시도,경동시장사거리,37.577201,127.038104,동대문구,
2017,10,16,월요일,16,경상사고,0,0,1,0,48,여,15년이상,,승용,비사업용,이륜,기타사고,맑음,주간,차대차,차대차-기타,데이터없음,특별광역시도,경동시장사거리,37.577201,127.038104,동대문구,
2018,3,2,금요일,9,중상사고,0,1,0,0,75,남,15년이상,,승용,사업용,승합,진입회전사고,맑음,주간,차대차,측면직각충돌,안전거리미확보,특별광역시도,경동시장사거리,37.577201,127.038104,동대문구,
2018,8,13,월요일,16,경상사고,0,0,1,0,56,남,15년이상,,승합,사업용,보행자,기타사고,맑음,주간,차대사람,차대사람-기타,기타,특별광역시도,경동시장사거리,37.577201,127.038104,동대문구,
2018,8,18,토요일,17,경상사고,0,0,2,0,25,여,15년이상,,승용,비사업용,화물,일직선사고,맑음,주간,차대차,추돌(진행중),안전운전불이행,특별광역시도,경동시장사거리,37.577201,127.038104,동대문구,
2019,5,30,목요일,18,경상사고,0,0,1,0,50,남,15년이상,,승용,비사업용,이륜,일직선사고,맑음,출퇴근,차대차,추돌(진행중),직진우회전진행방해,특별광역시도,경동시장사거리,37.577201,127.038104,동대문구,
2019,8,18,일요일,2,경상사고,0,0,2,0,62,남,15년이상,,승용,사업용,원동기,진입회전사고,맑음,심야,차대차,측면직각충돌,기타,특별광역시도,경동시장사거리,37.577201,127.038104,동대문구,
2019,8,10,토요일,13,경상사고,0,0,1,0,60,남,15년이상,,승용,사업용,이륜,일직선사고,맑음,주간,차대차,추돌(진행중),안전거리미확보,특별광역시도,경동시장사거리,37.577201,127.038104,동대문구,
2019,9,24,화요일,3,경상사고,0,0,1,0,60,남,15년이상,,승용,사업용,기타,기타사고,맑음,심야,차량단독,차량단독-기타,안전운전불이행,특별광역시도,경동시장사거리,37.577201,127.038104,동대문구,
2017,2,5,일요일,18,경상사고,0,0,1,0,61,남,15년이상,,승합,사업용,보행자,보행횡단사고,맑음,출퇴근,차대사람,횡단중,안전운전불이행,특별광역시도,경동시장사거리,37.577201,127.038104,동대문구,
2017,3,4,토요일,14,중상사고,0,1,0,0,23,남,10년미만,,승용,비사업용,보행자,보행횡단사고,맑음,주간,차대사람,횡단중,안전운전불이행,특별광역시도,경동시장사거리,37.577201,127.038104,동대문구,
2017,5,5,금요일,13,경상사고,0,0,1,0,62,남,15년이상,,승용,비사업용,이륜,진입회전사고,맑음,주간,차대차,측면직각충돌,데이터없음,특별광역시도,경동시장사거리,37.577201,127.038104,동대문구,
2017,5,30,화요일,17,부상사고,0,0,0,1,37,여,15년미만,,승용,비사업용,원동기,일직선사고,맑음,주간,차대차,추돌(진행중),안전운전불이행,특별광역시도,경동시장사거리,37.577201,127.038104,동대문구,
2017,7,5,수요일,18,중상사고,0,1,0,0,53,남,15년이상,,승용,사업용,이륜,진입회전사고,맑음,출퇴근,차대차,측면직각충돌,데이터없음,특별광역시도,경동시장사거리,37.577201,127.038104,동대문구,
2018,2,5,월요일,4,경상사고,0,0,1,0,23,남,10년미만,0,승용,사업용,화물,기타사고,흐림,심야,차대차,차대차-기타,안전운전불이행,특별광역시도,경동시장사거리,37.577201,127.038104,동대문구,
2018,5,17,목요일,10,경상사고,0,0,2,0,38,여,15년미만,,화물,비사업용,화물,일직선사고,맑음,주간,차대차,추돌(진행중),안전운전불이행,특별광역시도,경동시장사거리,37.577201,127.038104,동대문구,
2018,6,13,수요일,11,부상사고,0,0,0,1,47,남,15년이상,,승용,비사업용,보행자,기타사고,맑음,주간,차대사람,차대사람-기타,안전운전불이행,특별광역시도,경동시장사거리,37.577201,127.038104,동대문구,
2019,2,25,월요일,2,경상사고,0,0,1,2,57,남,15년이상,,화물,비사업용,화물,진입회전사고,맑음,심야,차대차,측면직각충돌,안전운전불이행,특별광역시도,경동시장사거리,37.577201,127.038104,동대문구,
2019,4,22,월요일,12,경상사고,0,0,1,0,64,남,15년이상,,승용,비사업용,승용,일직선사고,맑음,주간,차대차,추돌(진행중),안전운전불이행,특별광역시도,경동시장사거리,37.577201,127.038104,동대문구,
2019,5,8,수요일,10,경상사고,0,0,1,0,48,남,15년이상,,화물,비사업용,보행자,기타사고,맑음,주간,차대사람,차대사람-기타,안전운전불이행,특별광역시도,경동시장사거리,37.577201,127.038104,동대문구,
2019,10,16,수요일,14,경상사고,0,0,1,0,43,여,10년미만,,승용,비사업용,보행자,기타사고,맑음,주간,차대사람,차도통행중,안전운전불이행,특별광역시도,경동시장사거리,37.577201,127.038104,동대문구,
2019,12,18,수요일,23,경상사고,0,0,1,0,41,남,15년이상,0,승용,비사업용,승용,일직선사고,맑음,심야,차대차,추돌(진행중),안전운전불이행,기타,경동시장사거리,37.577201,127.038104,동대문구,
2017,1,3,화요일,18,경상사고,0,0,2,0,60,남,15년이상,,승용,사업용,승용,진입회전사고,맑음,출퇴근,차대차,측면직각충돌,교차로운행방법위반,특별광역시도,떡전교사거리,37.5856171,127.0514618,동대문구,
2017,2,4,토요일,19,경상사고,0,0,1,0,17,남,1년미만,,원동기,기타,원동기,진입회전사고,맑음,출퇴근,차대차,측면직각충돌,직진우회전진행방해,특별광역시도,떡전교사거리,37.5856171,127.0514618,동대문구,
2017,3,17,금요일,17,부상사고,0,0,0,1,37,여,15년이상,,승용,비사업용,기타,일직선사고,맑음,주간,차대차,추돌(진행중),안전운전불이행,특별광역시도,떡전교사거리,37.5856171,127.0514618,동대문구,
2017,3,23,목요일,20,경상사고,0,0,1,0,53,남,15년이상,,승합,사업용,보행자,보행횡단사고,맑음,출퇴근,차대사람,횡단중,안전운전불이행,특별광역시도,떡전교사거리,37.5856171,127.0514618,동대문구,
2017,4,30,일요일,20,중상사고,0,1,0,0,67,남,15년이상,,승용,비사업용,이륜,기타사고,맑음,출퇴근,차대차,차대차-기타,안전운전불이행,특별광역시도,떡전교사거리,37.5856171,127.0514618,동대문구,
2017,4,23,일요일,21,중상사고,0,1,1,0,47,여,15년이상,,승합,사업용,기타,기타사고,맑음,심야,차량단독,차량단독-기타,안전운전불이행,특별광역시도,떡전교사거리,37.5856171,127.0514618,동대문구,
2017,5,16,화요일,15,중상사고,0,2,0,0,55,남,15년이상,,화물,비사업용,화물,일직선사고,맑음,주간,차대차,추돌(진행중),안전거리미확보,특별광역시도,떡전교사거리,37.5856171,127.0514618,동대문구,
2017,6,12,월요일,17,경상사고,0,0,1,0,61,남,15년이상,,승용,사업용,원동기,진입회전사고,맑음,주간,차대차,측면직각충돌,안전운전불이행,특별광역시도,떡전교사거리,37.5856171,127.0514618,동대문구,
2017,6,16,금요일,23,부상사고,0,0,0,1,49,남,15년이상,,승용,사업용,원동기,진입회전사고,맑음,심야,차대차,측면직각충돌,중앙선침범,특별광역시도,떡전교사거리,37.5856171,127.0514618,동대문구,
2017,7,4,화요일,3,경상사고,0,0,1,0,31,남,15년미만,,이륜,기타,보행자,진입회전사고,맑음,심야,차대사람,횡단중,신호위반,특별광역시도,떡전교사거리,37.5856171,127.0514618,동대문구,
2017,7,2,일요일,9,경상사고,0,0,1,0,45,남,15년이상,,승용,비사업용,승용,진입회전사고,비,주간,차대차,측면직각충돌,안전운전불이행,특별광역시도,떡전교사거리,37.5856171,127.0514618,동대문구,
2017,7,15,토요일,21,경상사고,0,0,1,0,17,남,1년미만,,이륜,기타,보행자,보행횡단사고,비,심야,차대사람,횡단중,보행자보호의무위반,특별광역시도,떡전교사거리,37.5856171,127.0514618,동대문구,
2017,10,24,화요일,3,경상사고,0,0,2,0,28,여,4년미만,,승용,비사업용,승용,일직선사고,맑음,심야,차대차,추돌(진행중),안전운전불이행,특별광역시도,떡전교사거리,37.5856171,127.0514618,동대문구,
2017,10,6,금요일,5,경상사고,0,0,1,0,38,남,1년미만,,승용,사업용,승용,진입회전사고,맑음,새벽,차대차,측면직각충돌,안전운전불이행,특별광역시도,떡전교사거리,37.5856171,127.0514618,동대문구,
2017,11,18,토요일,0,중상사고,0,1,0,0,44,남,15년이상,0,승용,비사업용,승용,기타사고,맑음,심야,차대차,차대차-기타,안전운전불이행,특별광역시도,떡전교사거리,37.5856171,127.0514618,동대문구,
2017,12,23,토요일,2,중상사고,0,1,0,0,33,여,5년미만,,승용,비사업용,승용,진입회전사고,맑음,심야,차대차,측면직각충돌,안전운전불이행,특별광역시도,떡전교사거리,37.5856171,127.0514618,동대문구,
2017,12,27,수요일,10,경상사고,0,0,1,0,52,남,15년이상,,화물,비사업용,화물,진입회전사고,맑음,주간,차대차,측면직각충돌,안전운전불이행,특별광역시도,떡전교사거리,37.5856171,127.0514618,동대문구,
2018,1,29,월요일,7,경상사고,0,0,3,0,37,남,10년미만,,승용,비사업용,화물,일직선사고,맑음,출퇴근,차대차,추돌(진행중),안전운전불이행,특별광역시도,떡전교사거리,37.5856171,127.0514618,동대문구,
2018,2,2,금요일,16,경상사고,0,0,1,0,50,남,15년이상,,승용,비사업용,승용,기타사고,맑음,주간,차대차,차대차-기타,안전거리미확보,특별광역시도,떡전교사거리,37.5856171,127.0514618,동대문구,
2018,5,29,화요일,6,경상사고,0,0,1,0,36,남,4년미만,,화물,비사업용,자전거,진입회전사고,맑음,새벽,차대차,차대차-기타,신호위반,특별광역시도,떡전교사거리,37.5856171,127.0514618,동대문구,
2018,5,2,수요일,9,중상사고,0,1,0,0,52,여,15년미만,,승용,비사업용,이륜,기타사고,흐림,주간,차대차,차대차-기타,안전거리미확보,특별광역시도,떡전교사거리,37.5856171,127.0514618,동대문구,
2018,5,10,목요일,9,경상사고,0,0,1,0,30,남,15년미만,,승용,비사업용,원동기,기타사고,맑음,주간,차대차,차대차-기타,안전운전불이행,특별광역시도,떡전교사거리,37.5856171,127.0514618,동대문구,
2018,5,21,월요일,22,경상사고,0,0,1,0,38,여,15년이상,,승용,비사업용,보행자,보행횡단사고,맑음,심야,차대사람,횡단중,안전운전불이행,특별광역시도,떡전교사거리,37.5856171,127.0514618,동대문구,
2018,6,6,수요일,5,경상사고,0,0,3,0,67,남,15년이상,,승용,비사업용,승용,일직선사고,맑음,새벽,차대차,추돌(진행중),안전운전불이행,특별광역시도,떡전교사거리,37.5856171,127.0514618,동대문구,
2018,6,11,월요일,16,경상사고,0,0,2,0,55,여,15년이상,,승용,사업용,승합,기타사고,맑음,주간,차대차,차대차-기타,안전거리미확보,특별광역시도,떡전교사거리,37.5856171,127.0514618,동대문구,
2018,7,14,토요일,1,중상사고,0,1,0,0,69,남,15년이상,,승용,사업용,이륜,기타사고,맑음,심야,차대차,차대차-기타,안전거리미확보,특별광역시도,떡전교사거리,37.5856171,127.0514618,동대문구,
2018,7,13,금요일,7,경상사고,0,0,1,0,50,여,15년이상,,승용,비사업용,자전거,기타사고,맑음,출퇴근,차대차,차대차-기타,안전운전불이행,특별광역시도,떡전교사거리,37.5856171,127.0514618,동대문구,
2018,9,10,월요일,19,중상사고,0,1,0,0,64,남,15년이상,,화물,비사업용,화물,기타사고,맑음,출퇴근,차대차,차대차-기타,차로위반,특별광역시도,떡전교사거리,37.5856171,127.0514618,동대문구,
2018,9,8,토요일,22,경상사고,0,0,1,0,40,남,15년이상,,승용,사업용,이륜,일직선사고,맑음,심야,차대차,추돌(진행중),안전거리미확보,특별광역시도,떡전교사거리,37.5856171,127.0514618,동대문구,
2018,10,28,일요일,3,중상사고,0,1,0,0,21,남,5년미만,,이륜,기타,기타,단독사고,맑음,심야,차량단독,공작물추돌,안전운전불이행,특별광역시도,떡전교사거리,37.5856171,127.0514618,동대문구,
2018,10,8,월요일,22,경상사고,0,0,1,0,28,남,3년미만,,원동기,기타,원동기,진입회전사고,맑음,심야,차대차,차대차-기타,신호위반,특별광역시도,떡전교사거리,37.5856171,127.0514618,동대문구,
2018,11,17,토요일,8,중상사고,0,5,14,0,58,남,15년이상,,승합,사업용,이륜,기타사고,맑음,출퇴근,차대차,차대차-기타,안전운전불이행,특별광역시도,떡전교사거리,37.5856171,127.0514618,동대문구,
2018,12,4,화요일,10,경상사고,0,0,1,0,불명,불명,데이터오류,,기타,기타,기타,기타사고,맑음,주간,차대차,차대차-기타,기타,특별광역시도,떡전교사거리,37.5856171,127.0514618,동대문구,
2018,12,5,수요일,17,중상사고,0,1,0,0,47,남,15년이상,,화물,비사업용,이륜,진입회전사고,맑음,주간,차대차,측면직각충돌,신호위반,특별광역시도,떡전교사거리,37.5856171,127.0514618,동대문구,
2018,12,22,토요일,18,경상사고,0,0,1,0,49,남,15년이상,,화물,비사업용,화물,진입회전사고,맑음,출퇴근,차대차,차대차-기타,신호위반,특별광역시도,떡전교사거리,37.5856171,127.0514618,동대문구,
2019,5,26,일요일,7,경상사고,0,0,2,0,57,여,15년미만,,승용,사업용,승용,진입회전사고,맑음,출퇴근,차대차,측면직각충돌,신호위반,특별광역시도,떡전교사거리,37.5856171,127.0514618,동대문구,
2019,5,7,화요일,11,경상사고,0,0,1,0,69,여,15년이상,,승용,비사업용,승용,진입회전사고,맑음,주간,차대차,측면직각충돌,안전거리미확보,특별광역시도,떡전교사거리,37.5856171,127.0514618,동대문구,
2019,6,19,수요일,7,경상사고,0,0,1,0,63,남,15년이상,,승합,사업용,이륜,진입회전사고,맑음,출퇴근,차대차,측면직각충돌,안전거리미확보,특별광역시도,떡전교사거리,37.5856171,127.0514618,동대문구,
2019,6,2,일요일,11,경상사고,0,0,1,0,60,남,15년이상,,승용,사업용,이륜,기타사고,맑음,주간,차대차,차대차-기타,기타,특별광역시도,떡전교사거리,37.5856171,127.0514618,동대문구,
2019,7,2,화요일,13,경상사고,0,0,1,0,51,남,15년이상,,승합,사업용,이륜,기타사고,맑음,주간,차대차,차대차-기타,안전운전불이행,특별광역시도,떡전교사거리,37.5856171,127.0514618,동대문구,