년도,월,일,요일,시각,사고등급,사망자수,중상자수,경상자수,부상자수,연령,성별,경력,음주,종별,용도,관련자2,사고형태,기상상태,일광상태,사고유형1,사고유형2,법규위반,도로종류,지점명,위도,경도,자치구,
2019,7,17,수요일,19,중상사고,0,1,0,0,55,여,15년미만,,승용,비사업용,이륜,진입회전사고,맑음,출퇴근,차대차,측면직각충돌,신호위반,특별광역시도,떡전교사거리,37.5856171,127.0514618,동대문구,
2019,8,2,금요일,15,경상사고,0,0,1,0,52,여,15년이상,,자전거,데이터오류,자전거,진입회전사고,맑음,주간,차대차,측면직각충돌,안전운전불이행,특별광역시도,떡전교사거리,37.5856171,127.0514618,동대문구,
2019,10,4,금요일,14,경상사고,0,0,1,0,64,남,15년이상,,승용,사업용,이륜,진입회전사고,맑음,주간,차대차,측면직각충돌,안전운전불이행,특별광역시도,떡전교사거리,37.5856171,127.0514618,동대문구,
2019,10,13,일요일,19,중상사고,0,1,0,0,53,남,15년이상,,승합,사업용,보행자,보행횡단사고,맑음,출퇴근,차대사람,횡단중,보행자보호의무위반,특별광역시도,떡전교사거리,37.5856171,127.0514618,동대문구,
2019,10,31,목요일,21,경상사고,0,0,1,0,58,남,15년미만,,승용,사업용,이륜,일직선사고,맑음,심야,차대차,추돌(진행중),안전거리미확보,특별광역시도,떡전교사거리,37.5856171,127.0514618,동대문구,
2019,12,12,목요일,9,경상사고,0,0,1,0,66,남,15년이상,,화물,비사업용,화물,일직선사고,맑음,주간,차대차,추돌(진행중),안전거리미확보,특별광역시도,떡전교사거리,37.5856171,127.0514618,동대문구,
2019,12,4,수요일,19,중상사고,0,1,0,0,22,남,15년이상,,자전거,데이터오류,보행자,보행횡단사고,맑음,출퇴근,차대사람,횡단중,안전운전불이행,특별광역시도,떡전교사거리,37.5856171,127.0514618,동대문구,
2019,12,20,금요일,22,경상사고,0,0,1,0,72,남,15년이상,,승용,비사업용,이륜,기타사고,맑음,심야,차대차,차대차-기타,안전거리미확보,특별광역시도,떡전교사거리,37.5856171,127.0514618,동대문구,
2017,1,6,금요일,18,경상사고,0,0,1,0,57,남,15년이상,,화물,비사업용,자전거,진입회전사고,맑음,출퇴근,차대차,측면직각충돌,중앙선침범,특별광역시도,배봉초사거리,37.5801932,127.0661224,동대문구,
2017,2,16,목요일,4,경상사고,0,0,1,0,58,남,15년이상,,승합,사업용,승합,진입회전사고,맑음,심야,차대차,측면직각충돌,신호위반,특별광역시도,배봉초사거리,37.5801932,127.0661224,동대문구,
2017,4,23,일요일,3,경상사고,0,0,1,0,36,남,15년이상,,승용,비사업용,원동기,기타사고,맑음,심야,차대차,차대차-기타,안전운전불이행,특별광역시도,배봉초사거리,37.5801932,127.0661224,동대문구,
2017,8,18,금요일,0,중상사고,0,1,0,1,52,남,15년이상,,승용,사업용,승용,진입회전사고,맑음,심야,차대차,차대차-기타,신호위반,특별광역시도,배봉초사거리,37.5801932,127.0661224,동대문구,
2017,8,28,월요일,8,사망사고,1,0,0,0,56,남,15년이상,,승합,사업용,보행자,기타사고,맑음,출퇴근,차대사람,차대사람-기타,안전운전불이행,특별광역시도,배봉초사거리,37.5801932,127.0661224,동대문구,
2017,8,7,월요일,13,경상사고,0,0,2,0,63,남,15년이상,,화물,사업용,화물,진입회전사고,맑음,주간,차대차,측면직각충돌,교차로운행방법위반,특별광역시도,배봉초사거리,37.5801932,127.0661224,동대문구,
2017,8,26,토요일,21,경상사고,0,0,3,0,43,여,15년이상,,승용,비사업용,승용,진입회전사고,맑음,심야,차대차,측면직각충돌,교차로운행방법위반,특별광역시도,배봉초사거리,37.5801932,127.0661224,동대문구,
2017,9,20,수요일,7,경상사고,0,0,1,0,25,남,10년미만,,승합,사업용,승합,기타사고,맑음,출퇴근,차대차,차대차-기타,교차로운행방법위반,특별광역시도,배봉초사거리,37.5801932,127.0661224,동대문구,
2017,9,10,일요일,9,중상사고,0,1,2,0,35,남,3년미만,,승용,비사업용,승용,진입회전사고,맑음,주간,차대차,측면직각충돌,신호위반,특별광역시도,배봉초사거리,37.5801932,127.0661224,동대문구,
2017,10,31,화요일,11,중상사고,0,1,0,0,49,남,15년이상,,승용,비사업용,원동기,진입회전사고,맑음,주간,차대차,측면직각충돌,안전운전불이행,특별광역시도,배봉초사거리,37.5801932,127.0661224,동대문구,
2017,10,3,화요일,17,경상사고,0,0,4,0,42,남,15년이상,,승용,비사업용,승용,진입회전사고,맑음,주간,차대차,차대차-기타,신호위반,특별광역시도,배봉초사거리,37.5801932,127.0661224,동대문구,
2017,11,7,화요일,7,경상사고,0,0,1,0,72,남,15년이상,,승용,사업용,보행자,보행횡단사고,맑음,출퇴근,차대사람,횡단중,보행자보호의무위반,특별광역시도,배봉초사거리,37.5801932,127.0661224,동대문구,
2017,12,26,화요일,8,경상사고,0,0,1,0,55,남,15년이상,,승용,사업용,승용,일직선사고,맑음,출퇴근,차대차,차대차-기타,중앙선침범,특별광역시도,배봉초사거리,37.5801932,127.0661224,동대문구,
2018,2,24,토요일,0,중상사고,0,1,0,0,57,남,15년미만,,승용,비사업용,이륜,진입회전사고,맑음,심야,차대차,측면직각충돌,신호위반,특별광역시도,배봉초사거리,37.5801932,127.0661224,동대문구,
2018,2,1,목요일,2,중상사고,0,1,0,0,66,남,15년이상,,승합,사업용,보행자,진입회전사고,맑음,심야,차대사람,차대사람-기타,신호위반,특별광역시도,배봉초사거리,37.5801932,127.0661224,동대문구,
2018,2,2,금요일,21,경상사고,0,0,1,0,36,남,15년이상,,이륜,기타,보행자,기타사고,맑음,심야,차대사람,차대사람-기타,안전운전불이행,특별광역시도,배봉초사거리,37.5801932,127.0661224,동대문구,
2018,5,9,수요일,8,경상사고,0,0,1,0,61,남,15년이상,,승합,사업용,기타,기타사고,맑음,출퇴근,차량단독,차량단독-기타,안전운전불이행,특별광역시도,배봉초사거리,37.5801932,127.0661224,동대문구,
2018,5,25,금요일,9,경상사고,0,0,1,0,31,남,15년미만,,승합,비사업용,승합,진입회전사고,맑음,주간,차대차,차대차-기타,신호위반,특별광역시도,배봉초사거리,37.5801932,127.0661224,동대문구,
2018,5,19,토요일,14,중상사고,0,1,0,0,41,남,15년이상,,이륜,기타,이륜,진입회전사고,맑음,주간,차대차,측면직각충돌,교차로운행방법위반,특별광역시도,배봉초사거리,37.5801932,127.0661224,동대문구,
2018,6,24,일요일,17,경상사고,0,0,2,0,30,남,15년이상,,승용,비사업용,승용,일직선사고,맑음,주간,차대차,추돌(진행중),안전운전불이행,특별광역시도,배봉초사거리,37.5801932,127.0661224,동대문구,
2018,8,8,수요일,16,경상사고,0,0,3,0,63,남,15년이상,,승용,사업용,승용,일직선사고,맑음,주간,차대차,추돌(진행중),안전운전불이행,특별광역시도,배봉초사거리,37.5801932,127.0661224,동대문구,
2018,8,4,토요일,18,중상사고,0,1,0,0,36,여,15년미만,,승용,비사업용,원동기,기타사고,맑음,출퇴근,차대차,차대차-기타,안전운전불이행,특별광역시도,배봉초사거리,37.5801932,127.0661224,동대문구,
2018,10,5,금요일,16,중상사고,0,1,0,0,58,남,15년이상,,승합,비사업용,이륜,진입회전사고,비,주간,차대차,측면직각충돌,신호위반,특별광역시도,배봉초사거리,37.5801932,127.0661224,동대문구,
2018,12,27,목요일,20,경상사고,0,0,1,0,54,남,15년이상,,승용,사업용,승용,일직선사고,맑음,출퇴근,차대차,추돌(진행중),안전운전불이행,특별광역시도,배봉초사거리,37.5801932,127.0661224,동대문구,
2019,5,5,일요일,1,중상사고,0,3,2,0,26,남,15년이상,,승용,비사업용,승용,진입회전사고,맑음,심야,차대차,정면충돌,신호위반,특별광역시도,배봉초사거리,37.5801932,127.0661224,동대문구,
2019,7,15,월요일,23,경상사고,0,0,1,0,52,남,1년미만,0,승용,비사업용,승용,진입회전사고,비,심야,차대차,측면직각충돌,안전거리미확보,특별광역시도,배봉초사거리,37.5801932,127.0661224,동대문구,
2019,9,22,일요일,22,경상사고,0,0,1,0,19,남,3년미만,,이륜,데이터오류,이륜,진입회전사고,맑음,심야,차대차,측면직각충돌,안전거리미확보,특별광역시도,배봉초사거리,37.5801932,127.0661224,동대문구,
2019,10,12,토요일,0,경상사고,0,0,3,0,24,남,15년이상,0,승용,비사업용,승용,일직선사고,맑음,심야,차대차,추돌(진행중),안전운전불이행,특별광역시도,배봉초사거리,37.5801932,127.0661224,동대문구,
2019,10,13,일요일,19,경상사고,0,0,2,0,69,여,15년이상,,승용,사업용,이륜,진입회전사고,맑음,출퇴근,차대차,측면직각충돌,중앙선침범,특별광역시도,배봉초사거리,37.5801932,127.0661224,동대문구,
2019,12,15,일요일,1,중상사고,0,1,0,0,62,남,15년미만,0,승용,비사업용,승용,일직선사고,맑음,심야,차대차,추돌(진행중),안전운전불이행,특별광역시도,배봉초사거리,37.5801932,127.0661224,동대문구,
2019,12,14,토요일,17,중상사고,0,1,6,0,49,여,15년이상,,승용,비사업용,보행자,진입회전사고,맑음,주간,차대차,측면직각충돌,안전거리미확보,특별광역시도,배봉초사거리,37.5801932,127.0661224,동대문구,
2017,2,23,목요일,13,경상사고,0,0,1,0,46,남,1년미만,,승용,비사업용,원동기,일직선사고,맑음,주간,차대차,추돌(진행중),안전운전불이행,특별광역시도,삼육보건대사거리,37.588978,127.06571,동대문구,
2017,5,17,수요일,10,중상사고,0,1,0,0,45,남,10년미만,,화물,비사업용,보행자,기타사고,맑음,주간,차대사람,차대사람-기타,안전운전불이행,특별광역시도,삼육보건대사거리,37.588978,127.06571,동대문구,
2017,6,5,월요일,23,경상사고,0,0,1,0,37,여,15년미만,,승용,비사업용,이륜,진입회전사고,맑음,심야,차대차,차대차-기타,신호위반,특별광역시도,삼육보건대사거리,37.588978,127.06571,동대문구,
2017,9,23,토요일,14,경상사고,0,0,1,0,57,남,15년이상,,화물,사업용,이륜,기타사고,맑음,주간,차대차,차대차-기타,안전운전불이행,특별광역시도,삼육보건대사거리,37.588978,127.06571,동대문구,
2017,9,20,수요일,19,중상사고,0,1,0,0,27,남,2년미만,,승용,비사업용,이륜,진입회전사고,맑음,출퇴근,차대차,측면직각충돌,교차로운행방법위반,특별광역시도,삼육보건대사거리,37.588978,127.06571,동대문구,
2017,9,15,금요일,23,중상사고,0,2,1,0,35,남,2년미만,0,승용,비사업용,승합,진입회전사고,맑음,심야,차대차,정면충돌,신호위반,특별광역시도,삼육보건대사거리,37.588978,127.06571,동대문구,
2017,11,8,수요일,11,중상사고,0,1,0,0,66,남,15년이상,,승용,사업용,보행자,기타사고,맑음,주간,차대사람,차대사람-기타,안전운전불이행,특별광역시도,삼육보건대사거리,37.588978,127.06571,동대문구,
2017,11,28,화요일,11,경상사고,0,0,1,0,33,남,15년미만,,승용,사업용,승용,일직선사고,맑음,주간,차대차,추돌(진행중),안전거리미확보,특별광역시도,삼육보건대사거리,37.588978,127.06571,동대문구,
2017,11,4,토요일,17,중상사고,0,1,0,0,31,남,15년미만,,승용,비사업용,자전거,진입회전사고,맑음,주간,차대차,측면직각충돌,안전운전불이행,특별광역시도,삼육보건대사거리,37.588978,127.06571,동대문구,
2017,12,2,토요일,19,경상사고,0,0,2,0,59,남,15년이상,,승용,사업용,승용,기타사고,맑음,출퇴근,차대차,차대차-기타,안전운전불이행,특별광역시도,삼육보건대사거리,37.588978,127.06571,동대문구,
2018,3,29,목요일,15,경상사고,0,0,2,0,29,여,3년미만,0,승용,비사업용,승용,일직선사고,맑음,주간,차대차,정면충돌,안전운전불이행,특별광역시도,삼육보건대사거리,37.588978,127.06571,동대문구,
2018,3,1,목요일,17,중상사고,0,1,0,0,53,남,15년이상,,승합,사업용,이륜,진입회전사고,맑음,주간,차대차,측면직각충돌,신호위반,특별광역시도,삼육보건대사거리,37.588978,127.06571,동대문구,
2018,3,31,토요일,17,중상사고,0,1,0,0,48,여,15년이상,,승용,비사업용,이륜,기타사고,맑음,주간,차대차,차대차-기타,안전운전불이행,특별광역시도,삼육보건대사거리,37.588978,127.06571,동대문구,
2018,3,22,목요일,20,경상사고,0,0,1,0,29,남,15년미만,,이륜,기타,이륜,진입회전사고,맑음,출퇴근,차대차,측면직각충돌,신호위반,특별광역시도,삼육보건대사거리,37.588978,127.06571,동대문구,
2018,5,7,월요일,1,경상사고,0,0,1,0,53,남,15년이상,,화물,비사업용,화물,일직선사고,맑음,심야,차대차,추돌(진행중),안전운전불이행,특별광역시도,삼육보건대사거리,37.588978,127.06571,동대문구,
2018,9,10,월요일,14,중상사고,0,1,0,0,33,남,15년이상,,이륜,기타,보행자,보행횡단사고,맑음,주간,차대사람,횡단중,안전운전불이행,특별광역시도,삼육보건대사거리,37.588978,127.06571,동대문구,
2018,11,29,목요일,13,경상사고,0,0,1,0,55,남,15년이상,,승합,사업용,기타,기타사고,맑음,주간,차량단독,차량단독-기타,안전운전불이행,특별광역시도,삼육보건대사거리,37.588978,127.06571,동대문구,
2018,12,22,토요일,14,경상사고,0,0,1,0,44,남,15년이상,,승용,비사업용,자전거,기타사고,맑음,주간,차대차,차대차-기타,직진우회전진행방해,특별광역시도,삼육보건대사거리,37.588978,127.06571,동대문구,
2019,2,6,수요일,19,경상사고,0,0,1,0,54,남,15년이상,,승용,사업용,승용,진입회전사고,흐림,출퇴근,차대차,측면직각충돌,안전거리미확보,특별광역시도,삼육보건대사거리,37.588978,127.06571,동대문구,
2019,4,25,목요일,22,경상사고,0,0,1,0,56,남,15년이상,,화물,비사업용,보행자,기타사고,비,심야,차대사람,차도통행중,안전운전불이행,특별광역시도,삼육보건대사거리,37.588978,127.06571,동대문구,
2019,5,28,화요일,5,경상사고,0,0,2,0,63,남,15년이상,,승합,비사업용,화물,진입회전사고,맑음,새벽,차대차,추돌(진행중),신호위반,특별광역시도,삼육보건대사거리,37.588978,127.06571,동대문구,
2019,6,2,일요일,12,경상사고,0,0,1,0,58,남,15년이상,,화물,비사업용,보행자,기타사고,맑음,주간,차대사람,차대사람-기타,안전운전불이행,특별광역시도,삼육보건대사거리,37.588978,127.06571,동대문구,
2019,6,20,목요일,13,경상사고,0,0,2,0,34,여,4년미만,,승용,비사업용,화물,진입회전사고,맑음,주간,차대차,측면직각충돌,신호위반,특별광역시도,삼육보건대사거리,37.588978,127.06571,동대문구,
2019,7,13,토요일,10,경상사고,0,0,3,0,52,남,15년이상,,화물,비사업용,화물,일직선사고,맑음,주간,차대차,추돌(진행중),안전운전불이행,특별광역시도,삼육보건대사거리,37.588978,127.06571,동대문구,
2019,9,17,화요일,8,경상사고,0,0,1,0,68,남,15년이상,,승용,사업용,자전거,기타사고,맑음,출퇴근,차대차,차대차-기타,안전거리미확보,특별광역시도,삼육보건대사거리,37.588978,127.06571,동대문구,
2019,11,6,수요일,17,경상사고,0,0,1,0,28,남,3년미만,,승용,비사업용,원동기,진입회전사고,맑음,주간,차대차,측면직각충돌,안전운전불이행,특별광역시도,삼육보건대사거리,37.588978,127.06571,동대문구,
2019,11,23,토요일,20,경상사고,0,0,1,0,59,남,15년이상,,승용,비사업용,보행자,기타사고,맑음,출퇴근,차대사람,차대사람-기타,안전운전불이행,특별광역시도,삼육보건대사거리,37.588978,127.06571,동대문구,
2019,12,12,목요일,9,경상사고,0,0,1,0,53,여,15년이상,,승용,비사업용,승용,진입회전사고,맑음,주간,차대차,측면직각충돌,안전운전불이행,기타,삼육보건대사거리,37.588978,127.06571,동대문구,
2019,12,29,일요일,23,사망사고,1,0,0,0,63,남,15년이상,,승용,사업용,보행자,보행횡단사고,비,심야,차대사람,횡단중,과속,특별광역시도,삼육보건대사거리,37.588978,127.06571,동대문구,
2017,1,19,목요일,23,경상사고,0,0,2,0,34,남,2년미만,0,승용,비사업용,승용,일직선사고,맑음,심야,차대차,추돌(진행중),안전운전불이행,특별광역시도,성바오로병원교차로,37.5783265,127.0433815,동대문구,
2017,3,24,금요일,15,경상사고,0,0,1,0,48,여,10년미만,,승용,비사업용,보행자,기타사고,맑음,주간,차대사람,차대사람-기타,안전운전불이행,특별광역시도,성바오로병원교차로,37.5783265,127.0433815,동대문구,
2017,4,13,목요일,6,경상사고,0,0,1,0,63,남,15년미만,,승용,사업용,승용,기타사고,맑음,새벽,차대차,차대차-기타,안전거리미확보,특별광역시도,성바오로병원교차로,37.5783265,127.0433815,동대문구,
2017,5,18,목요일,8,중상사고,0,1,0,0,61,남,15년이상,,승용,사업용,보행자,보행횡단사고,맑음,출퇴근,차대사람,횡단중,안전운전불이행,특별광역시도,성바오로병원교차로,37.5783265,127.0433815,동대문구,
2017,6,3,토요일,3,경상사고,0,0,1,0,48,남,15년이상,,화물,사업용,화물,기타사고,맑음,심야,차대차,차대차-기타,안전운전불이행,특별광역시도,성바오로병원교차로,37.5783265,127.0433815,동대문구,
2017,8,24,목요일,23,경상사고,0,0,2,0,42,남,10년미만,0,승용,사업용,승용,일직선사고,맑음,심야,차대차,추돌(진행중),안전운전불이행,특별광역시도,성바오로병원교차로,37.5783265,127.0433815,동대문구,
2017,10,20,금요일,12,부상사고,0,0,0,1,58,남,10년미만,,화물,비사업용,원동기,일직선사고,맑음,주간,차대차,추돌(진행중),안전운전불이행,특별광역시도,성바오로병원교차로,37.5783265,127.0433815,동대문구,
2017,11,27,월요일,18,중상사고,0,1,0,0,47,여,4년미만,,승용,비사업용,자전거,일직선사고,맑음,출퇴근,차대차,추돌(진행중),안전운전불이행,특별광역시도,성바오로병원교차로,37.5783265,127.0433815,동대문구,
2018,1,16,화요일,18,경상사고,0,0,1,0,62,남,15년이상,,승용,비사업용,자전거,진입회전사고,맑음,출퇴근,차대차,차대차-기타,신호위반,특별광역시도,성바오로병원교차로,37.5783265,127.0433815,동대문구,
2018,1,12,금요일,20,중상사고,0,1,0,0,25,남,10년미만,,승용,비사업용,승용,일직선사고,맑음,출퇴근,차대차,추돌(진행중),안전거리미확보,특별광역시도,성바오로병원교차로,37.5783265,127.0433815,동대문구,
2018,2,23,금요일,19,경상사고,0,0,1,0,58,남,15년이상,,승용,비사업용,보행자,보행횡단사고,맑음,출퇴근,차대사람,횡단중,안전운전불이행,특별광역시도,성바오로병원교차로,37.5783265,127.0433815,동대문구,
2018,2,5,월요일,22,중상사고,0,1,0,0,68,남,15년이상,,건설기계,비사업용,보행자,기타사고,맑음,심야,차대사람,차대사람-기타,안전운전불이행,특별광역시도,성바오로병원교차로,37.5783265,127.0433815,동대문구,
2018,3,21,수요일,19,부상사고,0,0,0,1,37,남,10년미만,,승용,비사업용,승합,기타사고,맑음,출퇴근,차대차,차대차-기타,안전운전불이행,특별광역시도,성바오로병원교차로,37.5783265,127.0433815,동대문구,
2018,4,12,목요일,20,중상사고,0,1,0,0,58,남,데이터오류,,자전거,기타,보행자,기타사고,맑음,출퇴근,차대사람,차대사람-기타,안전운전불이행,특별광역시도,성바오로병원교차로,37.5783265,127.0433815,동대문구,
2018,5,27,일요일,8,중상사고,0,1,0,0,50,남,15년이상,,승합,사업용,기타,기타사고,맑음,출퇴근,차량단독,차량단독-기타,안전운전불이행,특별광역시도,성바오로병원교차로,37.5783265,127.0433815,동대문구,
2018,6,16,토요일,15,경상사고,0,0,1,0,54,남,15년이상,,승합,사업용,기타,기타사고,맑음,주간,차량단독,차량단독-기타,안전운전불이행,특별광역시도,성바오로병원교차로,37.5783265,127.0433815,동대문구,
2018,6,22,금요일,16,중상사고,0,1,0,0,50,여,15년이상,,승용,비사업용,보행자,보행횡단사고,맑음,주간,차대사람,횡단중,안전운전불이행,특별광역시도,성바오로병원교차로,37.5783265,127.0433815,동대문구,
2018,7,31,화요일,4,경상사고,0,0,1,0,65,남,15년이상,,승용,사업용,이륜,진입회전사고,맑음,심야,차대차,측면직각충돌,신호위반,특별광역시도,성바오로병원교차로,37.5783265,127.0433815,동대문구,
2018,7,24,화요일,13,중상사고,0,1,0,0,57,여,15년이상,,승용,비사업용,이륜,기타사고,맑음,주간,차대차,차대차-기타,차로위반,특별광역시도,성바오로병원교차로,37.5783265,127.0433815,동대문구,
2018,7,14,토요일,20,경상사고,0,0,1,0,33,남,15년이상,,승합,사업용,자전거,기타사고,맑음,출퇴근,차대차,차대차-기타,안전운전불이행,특별광역시도,성바오로병원교차로,37.5783265,127.0433815,동대문구,
2018,9,30,일요일,15,경상사고,0,0,1,0,59,남,15년이상,,건설기계,사업용,건설기계,일직선사고,맑음,주간,차대차,추돌(진행중),안전운전불이행,특별광역시도,성바오로병원교차로,37.5783265,127.0433815,동대문구,
2018,10,10,수요일,15,경상사고,0,0,1,1,74,남,5년미만,,승용,사업용,승용,진입회전사고,맑음,주간,차대차,측면직각충돌,교차로운행방법위반,특별광역시도,성바오로병원교차로,37.5783265,127.0433815,동대문구,
2018,11,5,월요일,16,중상사고,0,1,0,0,48,여,4년미만,,승용,비사업용,보행자,기타사고,맑음,주간,차대사람,차대사람-기타,안전운전불이행,특별광역시도,성바오로병원교차로,37.5783265,127.0433815,동대문구,
2018,12,25,화요일,23,경상사고,0,0,3,0,49,남,10년미만,,승용,사업용,승용,기타사고,맑음,심야,차대차,차대차-기타,안전운전불이행,특별광역시도,성바오로병원교차로,37.5783265,127.0433815,동대문구,
2019,5,10,금요일,7,경상사고,0,0,1,0,67,남,15년이상,,승용,사업용,이륜,진입회전사고,맑음,출퇴근,차대차,차대차-기타,신호위반,특별광역시도,성바오로병원교차로,37.5783265,127.0433815,동대문구,
2019,5,27,월요일,8,경상사고,0,0,2,0,64,남,15년이상,,승용,사업용,승용,일직선사고,비,출퇴근,차대차,추돌(진행중),안전운전불이행,특별광역시도,성바오로병원교차로,37.5783265,127.0433815,동대문구,
2019,5,11,토요일,22,중상사고,0,1,0,0,57,남,15년이상,,승용,사업용,이륜,기타사고,맑음,심야,차대차,차대차-기타,기타,특별광역시도,성바오로병원교차로,37.5783265,127.0433815,동대문구,
2019,6,28,금요일,16,경상사고,0,0,1,0,73,남,15년이상,,이륜,데이터오류,이륜,진입회전사고,맑음,주간,차대차,측면직각충돌,신호위반,특별광역시도,성바오로병원교차로,37.5783265,127.0433815,동대문구,
2019,8,26,월요일,20,부상사고,0,0,0,1,62,남,15년이상,,승용,사업용,보행자,기타사고,맑음,출퇴근,차대사람,차대사람-기타,안전운전불이행,특별광역시도,성바오로병원교차로,37.5783265,127.0433815,동대문구,
2019,9,4,수요일,21,경상사고,0,0,1,0,46,남,15년이상,,화물,사업용,보행자,진입회전사고,맑음,심야,차대차,측면직각충돌,안전운전불이행,특별광역시도,성바오로병원교차로,37.5783265,127.0433815,동대문구,
2019,11,24,일요일,11,부상사고,0,0,0,1,85,남,15년이상,,승용,사업용,이륜,기타사고,맑음,주간,차대차,차대차-기타,안전거리미확보,기타,성바오로병원교차로,37.5783265,127.0433815,동대문구,
2017,2,25,토요일,22,경상사고,0,0,2,0,61,남,15년이상,,승용,사업용,승용,일직선사고,맑음,심야,차대차,추돌(진행중),안전운전불이행,특별광역시도,성바오로병원교차로,37.5783265,127.0433815,동대문구,
2018,2,17,토요일,12,경상사고,0,0,1,0,62,남,15년이상,,승용,사업용,승합,기타사고,맑음,주간,차대차,차대차-기타,안전거리미확보,특별광역시도,성바오로병원교차로,37.5783265,127.0433815,동대문구,
2018,2,4,일요일,13,중상사고,0,1,0,0,52,남,15년이상,,승합,사업용,기타,기타사고,맑음,주간,차량단독,차량단독-기타,안전운전불이행,특별광역시도,성바오로병원교차로,37.5783265,127.0433815,동대문구,
2018,5,28,월요일,10,중상사고,0,5,9,1,46,남,15년이상,,승합,사업용,승합,일직선사고,맑음,주간,차대차,추돌(진행중),안전운전불이행,특별광역시도,성바오로병원교차로,37.5783265,127.0433815,동대문구,
2019,7,6,토요일,16,경상사고,0,0,1,0,57,남,15년이상,,승합,사업용,기타,기타사고,맑음,주간,차량단독,차량단독-기타,안전운전불이행,특별광역시도,성바오로병원교차로,37.5783265,127.0433815,동대문구,
2019,9,2,월요일,15,중상사고,0,1,0,0,43,남,15년이상,,승합,사업용,기타,기타사고,맑음,주간,차량단독,차량단독-기타,안전운전불이행,특별광역시도,성바오로병원교차로,37.5783265,127.0433815,동대문구,
2017,2,2,목요일,20,중상사고,0,1,0,0,31,여,15년이상,,승용,사업용,보행자,보행횡단사고,맑음,출퇴근,차대사람,횡단중,안전운전불이행,특별광역시도,시립동부병원앞교차로,37.57391,127.031042,동대문구,
2017,2,24,금요일,21,중상사고,0,1,0,0,36,남,15년이상,,승용,비사업용,이륜,진입회전사고,흐림,심야,차대차,측면직각충돌,신호위반,특별광역시도,시립동부병원앞교차로,37.57391,127.031042,동대문구,
2017,3,5,일요일,5,중상사고,0,1,0,0,52,여,15년미만,,승용,비사업용,보행자,보행횡단사고,맑음,새벽,차대사람,횡단중,보행자보호의무위반,특별광역시도,시립동부병원앞교차로,37.57391,127.031042,동대문구,
2017,3,11,토요일,12,중상사고,0,1,0,0,78,남,15년이상,,승용,비사업용,이륜,진입회전사고,맑음,주간,차대차,측면직각충돌,신호위반,특별광역시도,시립동부병원앞교차로,37.57391,127.031042,동대문구,
2017,3,14,화요일,14,중상사고,0,1,0,0,61,남,15년이상,,이륜,기타,이륜,진입회전사고,맑음,주간,차대차,측면직각충돌,신호위반,특별광역시도,시립동부병원앞교차로,37.57391,127.031042,동대문구,
2017,4,3,월요일,11,경상사고,0,0,1,0,37,여,10년미만,,승용,비사업용,이륜,진입회전사고,맑음,주간,차대차,측면직각충돌,차로위반,특별광역시도,시립동부병원앞교차로,37.57391,127.031042,동대문구,
2017,4,14,금요일,18,경상사고,0,0,1,0,48,남,15년이상,,승용,비사업용,이륜,진입회전사고,맑음,출퇴근,차대차,측면직각충돌,안전운전불이행,특별광역시도,시립동부병원앞교차로,37.57391,127.031042,동대문구,
2017,7,17,월요일,21,중상사고,0,2,0,0,65,남,15년이상,,승용,사업용,이륜,진입회전사고,흐림,심야,차대차,측면직각충돌,신호위반,특별광역시도,시립동부병원앞교차로,37.57391,127.031042,동대문구,
2017,8,26,토요일,0,경상사고,0,0,1,0,61,남,15년이상,,승용,사업용,이륜,진입회전사고,맑음,심야,차대차,측면직각충돌,신호위반,특별광역시도,시립동부병원앞교차로,37.57391,127.031042,동대문구,
2017,8,3,목요일,14,중상사고,0,1,0,0,62,남,15년이상,,승용,사업용,이륜,진입회전사고,맑음,주간,차대차,측면직각충돌,신호위반,특별광역시도,시립동부병원앞교차로,37.57391,127.031042,동대문구,
2017,9,30,토요일,1,중상사고,0,1,0,0,61,남,15년이상,,승용,사업용,이륜,진입회전사고,맑음,심야,차대차,측면직각충돌,신호위반,특별광역시도,시립동부병원앞교차로,37.57391,127.031042,동대문구,
2017,10,17,화요일,20,경상사고,0,0,1,0,55,남,15년이상,,승용,사업용,이륜,기타사고,맑음,출퇴근,차대차,차대차-기타,안전운전불이행,특별광역시도,시립동부병원앞교차로,37.57391,127.031042,동대문구,
2017,12,25,월요일,20,중상사고,0,1,0,0,35,남,15년이상,,승용,사업용,보행자,기타사고,맑음,출퇴근,차대사람,차대사람-기타,안전운전불이행,특별광역시도,시립동부병원앞교차로,37.57391,127.031042,동대문구,
2018,5,31,목요일,20,경상사고,0,0,1,0,54,남,15년이상,,승용,비사업용,이륜,기타사고,맑음,출퇴근,차대차,차대차-기타,안전운전불이행,특별광역시도,시립동부병원앞교차로,37.57391,127.031042,동대문구,
2018,6,1,금요일,22,중상사고,0,1,0,0,60,남,15년이상,,승용,비사업용,보행자,보행횡단사고,맑음,심야,차대사람,횡단중,안전운전불이행,특별광역시도,시립동부병원앞교차로,37.57391,127.031042,동대문구,
2018,8,1,수요일,2,중상사고,0,1,0,0,59,남,15년이상,,승용,사업용,승용,진입회전사고,맑음,심야,차대차,측면직각충돌,교차로운행방법위반,특별광역시도,시립동부병원앞교차로,37.57391,127.031042,동대문구,
2018,8,12,일요일,9,중상사고,0,2,3,0,28,남,15년이상,,승용,사업용,승용,진입회전사고,맑음,주간,차대차,측면직각충돌,신호위반,특별광역시도,시립동부병원앞교차로,37.57391,127.031042,동대문구,