년도,월,일,요일,시각,사고등급,사망자수,중상자수,경상자수,부상자수,연령,성별,경력,음주,종별,용도,관련자2,사고형태,기상상태,일광상태,사고유형1,사고유형2,법규위반,도로종류,지점명,위도,경도,자치구,
2017,8,13,일요일,10,경상사고,0,0,1,0,64,남,15년이상,,승용,사업용,보행자,기타사고,맑음,주간,차대사람,차대사람-기타,안전운전불이행,특별광역시도,용두동사거리,37.577701,127.0304641,동대문구,
2017,10,19,목요일,19,경상사고,0,0,1,0,32,여,1년미만,,승용,비사업용,보행자,진입회전사고,맑음,출퇴근,차대사람,횡단중,신호위반,특별광역시도,용두동사거리,37.577701,127.0304641,동대문구,
2017,12,10,일요일,6,중상사고,0,1,0,0,60,남,15년이상,,승용,사업용,승합,진입회전사고,눈,새벽,차대차,측면직각충돌,중앙선침범,특별광역시도,용두동사거리,37.577701,127.0304641,동대문구,
2018,1,14,일요일,0,경상사고,0,0,1,0,48,남,15년이상,,승용,비사업용,이륜,진입회전사고,맑음,심야,차대차,차대차-기타,신호위반,특별광역시도,용두동사거리,37.577701,127.0304641,동대문구,
2018,1,31,수요일,6,중상사고,0,1,0,0,71,남,15년이상,,화물,사업용,화물,기타사고,맑음,새벽,차대차,차대차-기타,안전운전불이행,특별광역시도,용두동사거리,37.577701,127.0304641,동대문구,
2018,1,29,월요일,14,경상사고,0,0,1,0,60,남,15년이상,,화물,비사업용,보행자,기타사고,맑음,주간,차대사람,차도통행중,안전운전불이행,특별광역시도,용두동사거리,37.577701,127.0304641,동대문구,
2018,1,10,수요일,23,중상사고,0,1,0,0,50,여,15년이상,,승용,비사업용,자전거,기타사고,맑음,심야,차대차,차대차-기타,안전운전불이행,특별광역시도,용두동사거리,37.577701,127.0304641,동대문구,
2018,2,20,화요일,8,경상사고,0,0,1,0,57,남,15년이상,,승용,사업용,보행자,보행횡단사고,맑음,출퇴근,차대사람,횡단중,보행자보호의무위반,특별광역시도,용두동사거리,37.577701,127.0304641,동대문구,
2018,3,27,화요일,1,중상사고,0,1,1,0,36,남,15년이상,,승용,비사업용,승용,진입회전사고,맑음,심야,차대차,차대차-기타,신호위반,특별광역시도,용두동사거리,37.577701,127.0304641,동대문구,
2018,4,18,수요일,9,경상사고,0,0,1,0,46,남,10년미만,,원동기,기타,원동기,일직선사고,맑음,주간,차대차,추돌(진행중),안전운전불이행,특별광역시도,용두동사거리,37.577701,127.0304641,동대문구,
2018,4,27,금요일,9,경상사고,0,0,1,0,35,남,15년이상,,승합,사업용,원동기,진입회전사고,맑음,주간,차대차,측면직각충돌,안전거리미확보,특별광역시도,용두동사거리,37.577701,127.0304641,동대문구,
2018,4,11,수요일,16,경상사고,0,0,1,0,56,남,15년이상,,승합,사업용,승합,일직선사고,맑음,주간,차대차,추돌(진행중),안전운전불이행,특별광역시도,용두동사거리,37.577701,127.0304641,동대문구,
2018,7,28,토요일,13,경상사고,0,0,1,0,55,남,15년이상,,승용,비사업용,이륜,기타사고,비,주간,차대차,차대차-기타,안전거리미확보,특별광역시도,용두동사거리,37.577701,127.0304641,동대문구,
2018,7,24,화요일,15,경상사고,0,0,1,0,37,여,15년이상,,승용,비사업용,이륜,기타사고,맑음,주간,차대차,차대차-기타,안전거리미확보,특별광역시도,용두동사거리,37.577701,127.0304641,동대문구,
2018,8,11,토요일,6,경상사고,0,0,1,0,77,남,15년이상,,승용,비사업용,승용,진입회전사고,맑음,새벽,차대차,측면직각충돌,신호위반,특별광역시도,용두동사거리,37.577701,127.0304641,동대문구,
2018,8,10,금요일,21,중상사고,0,2,1,0,37,남,15년이상,,승용,사업용,승용,진입회전사고,맑음,심야,차대차,측면직각충돌,신호위반,특별광역시도,용두동사거리,37.577701,127.0304641,동대문구,
2018,10,29,월요일,6,경상사고,0,0,1,0,60,남,15년이상,,승용,사업용,승용,일직선사고,맑음,새벽,차대차,추돌(진행중),안전운전불이행,특별광역시도,용두동사거리,37.577701,127.0304641,동대문구,
2018,11,23,금요일,0,중상사고,0,2,0,0,35,남,10년미만,,승용,비사업용,승용,진입회전사고,맑음,심야,차대차,정면충돌,신호위반,특별광역시도,용두동사거리,37.577701,127.0304641,동대문구,
2019,8,26,월요일,4,경상사고,0,0,1,0,54,남,10년미만,,승용,사업용,승용,일직선사고,맑음,심야,차대차,추돌(진행중),안전거리미확보,특별광역시도,용두동사거리,37.577701,127.0304641,동대문구,
2019,8,26,월요일,17,경상사고,0,0,1,0,66,남,15년미만,,원동기,데이터오류,원동기,진입회전사고,맑음,주간,차대차,측면직각충돌,신호위반,특별광역시도,용두동사거리,37.577701,127.0304641,동대문구,
2019,12,1,일요일,9,경상사고,0,0,2,0,57,남,15년이상,,승용,사업용,승용,일직선사고,비,주간,차대차,추돌(진행중),안전거리미확보,특별광역시도,용두동사거리,37.577701,127.0304641,동대문구,
2017,4,16,일요일,4,부상사고,0,0,0,1,64,남,15년이상,,승용,사업용,원동기,진입회전사고,맑음,심야,차대차,차대차-기타,신호위반,특별광역시도,용두역사거리,37.577586,127.029998,동대문구,2
2017,4,15,토요일,13,경상사고,0,0,2,0,38,여,15년미만,,승용,비사업용,화물,진입회전사고,맑음,주간,차대차,측면직각충돌,신호위반,특별광역시도,용두역사거리,37.577586,127.029998,동대문구,3
2017,4,18,화요일,21,경상사고,0,0,1,0,79,남,15년이상,,승용,비사업용,승용,일직선사고,맑음,심야,차대차,추돌(진행중),안전운전불이행,특별광역시도,용두역사거리,37.577586,127.029998,동대문구,4
2017,4,29,토요일,21,중상사고,0,1,1,0,57,여,15년이상,,승용,비사업용,승용,진입회전사고,맑음,심야,차대차,측면직각충돌,신호위반,특별광역시도,용두역사거리,37.577586,127.029998,동대문구,5
2017,5,22,월요일,9,중상사고,0,1,0,0,55,여,15년이상,,승용,비사업용,자전거,진입회전사고,맑음,주간,차대차,측면직각충돌,신호위반,특별광역시도,용두역사거리,37.577586,127.029998,동대문구,6
2017,5,3,수요일,21,중상사고,0,1,0,0,62,남,15년이상,,승용,사업용,보행자,보행횡단사고,맑음,심야,차대사람,횡단중,보행자보호의무위반,특별광역시도,용두역사거리,37.577586,127.029998,동대문구,7
2017,6,25,일요일,10,중상사고,0,1,0,0,66,남,15년이상,,승용,사업용,이륜,진입회전사고,맑음,주간,차대차,측면직각충돌,신호위반,특별광역시도,용두역사거리,37.577586,127.029998,동대문구,8
2017,7,31,월요일,11,경상사고,0,0,2,0,51,남,15년이상,,승용,비사업용,승용,일직선사고,비,주간,차대차,추돌(진행중),안전거리미확보,특별광역시도,용두역사거리,37.577586,127.029998,동대문구,9
2017,7,18,화요일,16,경상사고,0,0,1,0,56,남,15년이상,,승용,비사업용,승용,일직선사고,맑음,주간,차대차,추돌(진행중),안전거리미확보,특별광역시도,용두역사거리,37.577586,127.029998,동대문구,10
2017,7,12,수요일,19,경상사고,0,0,1,0,60,남,15년이상,,승용,사업용,이륜,기타사고,맑음,출퇴근,차대차,차대차-기타,데이터없음,특별광역시도,용두역사거리,37.577586,127.029998,동대문구,11
2017,8,29,화요일,1,경상사고,0,0,1,0,67,남,15년이상,,승용,사업용,이륜,일직선사고,맑음,심야,차대차,추돌(진행중),안전운전불이행,특별광역시도,용두역사거리,37.577586,127.029998,동대문구,12
2017,8,9,수요일,15,경상사고,0,0,1,0,65,남,15년이상,,승용,비사업용,이륜,기타사고,맑음,주간,차대차,차대차-기타,안전운전불이행,특별광역시도,용두역사거리,37.577586,127.029998,동대문구,13
2017,8,30,수요일,17,중상사고,0,2,0,0,74,남,15년이상,,승용,비사업용,승용,일직선사고,맑음,주간,차대차,추돌(진행중),안전운전불이행,특별광역시도,용두역사거리,37.577586,127.029998,동대문구,14
2017,8,27,일요일,20,경상사고,0,0,1,0,70,남,15년이상,,승용,비사업용,이륜,진입회전사고,맑음,출퇴근,차대차,측면직각충돌,안전운전불이행,특별광역시도,용두역사거리,37.577586,127.029998,동대문구,15
2017,9,15,금요일,13,경상사고,0,0,2,0,29,여,10년미만,,승용,비사업용,화물,일직선사고,맑음,주간,차대차,추돌(진행중),안전운전불이행,특별광역시도,용두역사거리,37.577586,127.029998,동대문구,16
2017,10,31,화요일,8,중상사고,0,1,0,0,55,남,3년미만,,승용,사업용,이륜,기타사고,맑음,출퇴근,차대차,차대차-기타,안전운전불이행,특별광역시도,용두역사거리,37.577586,127.029998,동대문구,17
2017,10,14,토요일,15,중상사고,0,1,0,0,54,남,15년이상,,화물,사업용,원동기,진입회전사고,맑음,주간,차대차,차대차-기타,신호위반,특별광역시도,용두역사거리,37.577586,127.029998,동대문구,18
2017,12,25,월요일,0,경상사고,0,0,2,0,30,남,15년이상,,승용,사업용,승용,진입회전사고,맑음,심야,차대차,측면직각충돌,중앙선침범,특별광역시도,용두역사거리,37.577586,127.029998,동대문구,19
2017,12,23,토요일,16,경상사고,0,0,1,0,28,남,15년이상,,승용,비사업용,이륜,기타사고,맑음,주간,차대차,차대차-기타,안전운전불이행,특별광역시도,용두역사거리,37.577586,127.029998,동대문구,20
2018,1,23,화요일,8,경상사고,0,0,2,0,60,남,15년이상,,화물,비사업용,화물,진입회전사고,맑음,출퇴근,차대차,측면직각충돌,신호위반,특별광역시도,용두역사거리,37.577586,127.029998,동대문구,21
2018,2,19,월요일,8,중상사고,0,1,0,0,62,남,15년이상,,승합,비사업용,승합,기타사고,맑음,출퇴근,차대차,차대차-기타,교차로운행방법위반,특별광역시도,용두역사거리,37.577586,127.029998,동대문구,22
2018,5,24,목요일,14,중상사고,0,1,0,0,56,여,15년이상,,승용,비사업용,이륜,진입회전사고,맑음,주간,차대차,측면직각충돌,교차로운행방법위반,특별광역시도,용두역사거리,37.577586,127.029998,동대문구,23
2018,5,13,일요일,21,중상사고,0,2,0,0,51,남,15년이상,,승용,비사업용,이륜,진입회전사고,맑음,심야,차대차,차대차-기타,신호위반,특별광역시도,용두역사거리,37.577586,127.029998,동대문구,24
2018,6,20,수요일,13,경상사고,0,0,1,0,28,남,5년미만,,승용,비사업용,승용,일직선사고,맑음,주간,차대차,추돌(진행중),안전운전불이행,특별광역시도,용두역사거리,37.577586,127.029998,동대문구,25
2018,7,22,일요일,0,중상사고,0,1,0,0,38,남,4년미만,,승용,비사업용,이륜,진입회전사고,흐림,심야,차대차,차대차-기타,신호위반,특별광역시도,용두역사거리,37.577586,127.029998,동대문구,26
2018,8,17,금요일,6,경상사고,0,0,1,0,불명,불명,데이터오류,,기타,기타,기타,일직선사고,맑음,새벽,차대차,추돌(진행중),안전운전불이행,특별광역시도,용두역사거리,37.577586,127.029998,동대문구,27
2018,9,7,금요일,13,경상사고,0,0,1,0,68,남,15년이상,,승용,사업용,승용,일직선사고,맑음,주간,차대차,추돌(진행중),안전운전불이행,특별광역시도,용두역사거리,37.577586,127.029998,동대문구,28
2018,11,12,월요일,22,중상사고,0,1,0,0,33,남,15년미만,,승용,비사업용,보행자,보행횡단사고,맑음,심야,차대사람,횡단중,보행자보호의무위반,특별광역시도,용두역사거리,37.577586,127.029998,동대문구,29
2019,2,12,화요일,19,경상사고,0,0,1,0,31,남,15년미만,,승용,비사업용,승용,기타사고,맑음,출퇴근,차대차,차대차-기타,안전운전불이행,특별광역시도,용두역사거리,37.577586,127.029998,동대문구,30
2019,4,1,월요일,11,경상사고,0,0,2,0,33,남,15년이상,,승용,사업용,승용,일직선사고,맑음,주간,차대차,추돌(진행중),안전운전불이행,특별광역시도,용두역사거리,37.577586,127.029998,동대문구,31
2019,4,25,목요일,19,부상사고,0,0,0,1,38,남,15년미만,,승용,비사업용,자전거,진입회전사고,비,출퇴근,차대차,측면직각충돌,신호위반,특별광역시도,용두역사거리,37.577586,127.029998,동대문구,32
2019,5,16,목요일,16,부상사고,0,0,0,1,75,남,15년이상,,자전거,데이터오류,보행자,보행횡단사고,맑음,주간,차대사람,보도통행중,기타,특별광역시도,용두역사거리,37.577586,127.029998,동대문구,33
2019,5,24,금요일,17,중상사고,0,1,0,0,36,여,4년미만,,승용,비사업용,이륜,일직선사고,맑음,주간,차대차,추돌(진행중),기타,특별광역시도,용두역사거리,37.577586,127.029998,동대문구,34
2019,10,18,금요일,19,중상사고,0,1,0,0,50,남,15년이상,,승용,비사업용,이륜,진입회전사고,맑음,출퇴근,차대차,측면직각충돌,신호위반,특별광역시도,용두역사거리,37.577586,127.029998,동대문구,35
2019,10,18,금요일,23,경상사고,0,0,2,0,53,남,15년이상,,승용,사업용,이륜,일직선사고,맑음,심야,차대차,추돌(진행중),안전운전불이행,특별광역시도,용두역사거리,37.577586,127.029998,동대문구,36
2019,12,13,금요일,9,경상사고,0,0,1,0,53,남,15년이상,,승용,비사업용,화물,기타사고,맑음,주간,차대차,차대차-기타,안전운전불이행,특별광역시도,용두역사거리,37.577586,127.029998,동대문구,37
2019,12,31,화요일,9,경상사고,0,0,1,0,83,남,15년미만,,승용,비사업용,자전거,진입회전사고,맑음,주간,차대차,측면직각충돌,안전운전불이행,특별광역시도,용두역사거리,37.577586,127.029998,동대문구,38
2019,12,4,수요일,16,경상사고,0,0,1,0,67,남,15년이상,,화물,비사업용,이륜,기타사고,맑음,주간,차대차,차대차-기타,안전운전불이행,특별광역시도,용두역사거리,37.577586,127.029998,동대문구,39
2017,1,1,일요일,15,경상사고,0,0,3,0,50,남,15년이상,,승용,비사업용,승용,진입회전사고,맑음,주간,차대차,측면직각충돌,안전거리미확보,특별광역시도,장안동사거리,37.5723136,127.0716825,동대문구,
2017,2,16,목요일,12,경상사고,0,0,2,0,46,여,3년미만,0,승용,비사업용,승용,진입회전사고,맑음,주간,차대차,측면직각충돌,중앙선침범,특별광역시도,장안동사거리,37.5723136,127.0716825,동대문구,
2017,3,9,목요일,18,중상사고,0,1,0,0,73,여,15년이상,,승합,비사업용,보행자,보행횡단사고,맑음,출퇴근,차대사람,보도통행중,보행자보호의무위반,특별광역시도,장안동사거리,37.5723136,127.0716825,동대문구,
2017,3,28,화요일,19,부상사고,0,0,0,1,64,남,15년이상,,승용,사업용,보행자,기타사고,맑음,출퇴근,차대사람,차대사람-기타,안전운전불이행,특별광역시도,장안동사거리,37.5723136,127.0716825,동대문구,
2017,4,14,금요일,21,중상사고,0,1,0,0,33,남,15년이상,,승용,비사업용,이륜,진입회전사고,흐림,심야,차대차,측면직각충돌,안전거리미확보,특별광역시도,장안동사거리,37.5723136,127.0716825,동대문구,
2017,5,28,일요일,1,경상사고,0,0,1,0,62,남,10년미만,,승용,사업용,승용,기타사고,맑음,심야,차대차,차대차-기타,안전운전불이행,특별광역시도,장안동사거리,37.5723136,127.0716825,동대문구,
2017,7,15,토요일,22,중상사고,0,1,0,0,55,남,4년미만,,화물,비사업용,보행자,진입회전사고,맑음,심야,차대사람,횡단중,신호위반,특별광역시도,장안동사거리,37.5723136,127.0716825,동대문구,
2017,8,13,일요일,21,경상사고,0,0,1,0,67,남,15년이상,,승용,사업용,기타,기타사고,맑음,심야,차량단독,차량단독-기타,안전거리미확보,특별광역시도,장안동사거리,37.5723136,127.0716825,동대문구,
2017,9,28,목요일,3,경상사고,0,0,2,0,40,남,15년이상,,승용,비사업용,승용,진입회전사고,맑음,심야,차대차,측면직각충돌,신호위반,특별광역시도,장안동사거리,37.5723136,127.0716825,동대문구,
2017,10,29,일요일,9,부상사고,0,0,0,1,53,남,15년이상,,승용,사업용,자전거,일직선사고,맑음,주간,차대차,추돌(진행중),안전운전불이행,특별광역시도,장안동사거리,37.5723136,127.0716825,동대문구,
2017,11,29,수요일,11,경상사고,0,0,1,0,50,남,15년이상,,승용,비사업용,보행자,기타사고,맑음,주간,차대사람,차대사람-기타,안전운전불이행,특별광역시도,장안동사거리,37.5723136,127.0716825,동대문구,
2017,12,18,월요일,0,경상사고,0,0,1,0,64,남,15년이상,,승용,사업용,승용,진입회전사고,눈,심야,차대차,측면직각충돌,안전운전불이행,특별광역시도,장안동사거리,37.5723136,127.0716825,동대문구,
2017,12,31,일요일,12,경상사고,0,0,1,0,66,남,15년이상,,승용,사업용,자전거,진입회전사고,맑음,주간,차대차,측면직각충돌,불법유턴,특별광역시도,장안동사거리,37.5723136,127.0716825,동대문구,
2017,12,20,수요일,20,부상사고,0,0,0,1,50,여,15년미만,,승용,비사업용,원동기,기타사고,비,출퇴근,차대차,차대차-기타,안전운전불이행,특별광역시도,장안동사거리,37.5723136,127.0716825,동대문구,
2018,1,10,수요일,7,경상사고,0,0,1,0,60,남,15년이상,,승용,사업용,기타,일직선사고,흐림,출퇴근,차대차,추돌(진행중),기타,특별광역시도,장안동사거리,37.5723136,127.0716825,동대문구,
2018,1,8,월요일,23,중상사고,0,1,1,0,62,남,3년미만,,승용,사업용,승용,진입회전사고,흐림,심야,차대차,정면충돌,신호위반,특별광역시도,장안동사거리,37.5723136,127.0716825,동대문구,
2018,3,4,일요일,22,경상사고,0,0,1,0,27,남,2년미만,,화물,비사업용,보행자,진입회전사고,비,심야,차대사람,횡단중,신호위반,특별광역시도,장안동사거리,37.5723136,127.0716825,동대문구,
2018,4,29,일요일,1,경상사고,0,0,1,0,34,남,15년이상,,승용,비사업용,이륜,진입회전사고,맑음,심야,차대차,측면직각충돌,안전운전불이행,특별광역시도,장안동사거리,37.5723136,127.0716825,동대문구,
2018,6,15,금요일,16,중상사고,0,1,0,0,53,남,15년이상,,승합,사업용,자전거,진입회전사고,맑음,주간,차대차,측면직각충돌,안전운전불이행,특별광역시도,장안동사거리,37.5723136,127.0716825,동대문구,
2018,7,10,화요일,9,경상사고,0,0,1,0,56,남,2년미만,,승용,사업용,보행자,기타사고,흐림,주간,차대사람,차대사람-기타,안전운전불이행,특별광역시도,장안동사거리,37.5723136,127.0716825,동대문구,
2018,9,5,수요일,1,중상사고,0,1,0,0,16,남,1년미만,,원동기,기타,원동기,기타사고,맑음,심야,차대차,차대차-기타,안전거리미확보,특별광역시도,장안동사거리,37.5723136,127.0716825,동대문구,
2018,10,5,금요일,6,경상사고,0,0,1,0,53,남,3년미만,,승용,비사업용,화물,기타사고,맑음,새벽,차대차,차대차-기타,안전운전불이행,특별광역시도,장안동사거리,37.5723136,127.0716825,동대문구,
2018,11,16,금요일,17,경상사고,0,0,1,0,63,남,15년이상,,승용,사업용,이륜,기타사고,맑음,주간,차대차,차대차-기타,안전운전불이행,특별광역시도,장안동사거리,37.5723136,127.0716825,동대문구,
2019,1,14,월요일,1,경상사고,0,0,2,0,65,남,15년이상,,승용,사업용,승용,진입회전사고,맑음,심야,차대차,측면직각충돌,신호위반,특별광역시도,장안동사거리,37.5723136,127.0716825,동대문구,
2019,1,6,일요일,6,중상사고,0,1,0,0,70,여,15년이상,,자전거,데이터오류,자전거,일직선사고,맑음,새벽,차대차,차대차-기타,중앙선침범,특별광역시도,장안동사거리,37.5723136,127.0716825,동대문구,
2019,2,22,금요일,0,중상사고,0,1,0,0,57,남,10년미만,,승용,사업용,이륜,진입회전사고,맑음,심야,차대차,측면직각충돌,신호위반,특별광역시도,장안동사거리,37.5723136,127.0716825,동대문구,
2019,2,14,목요일,11,중상사고,0,2,0,0,55,남,15년이상,,화물,비사업용,이륜,진입회전사고,맑음,주간,차대차,측면직각충돌,신호위반,특별광역시도,장안동사거리,37.5723136,127.0716825,동대문구,
2019,4,16,화요일,11,부상사고,0,0,0,1,49,남,15년이상,,화물,사업용,원동기,진입회전사고,맑음,주간,차대차,측면직각충돌,안전운전불이행,특별광역시도,장안동사거리,37.5723136,127.0716825,동대문구,
2019,4,14,일요일,19,중상사고,0,1,0,0,66,남,15년이상,,승용,비사업용,이륜,진입회전사고,맑음,출퇴근,차대차,측면직각충돌,신호위반,특별광역시도,장안동사거리,37.5723136,127.0716825,동대문구,
2019,5,22,수요일,17,부상사고,0,0,0,1,46,여,15년이상,,승용,비사업용,이륜,진입회전사고,맑음,주간,차대차,정면충돌,신호위반,특별광역시도,장안동사거리,37.5723136,127.0716825,동대문구,
2019,6,6,목요일,19,중상사고,0,1,0,0,39,남,15년이상,,이륜,데이터오류,이륜,진입회전사고,비,출퇴근,차대차,차대차-기타,신호위반,특별광역시도,장안동사거리,37.5723136,127.0716825,동대문구,
2019,8,27,화요일,1,사망사고,1,0,0,0,74,남,15년이상,,승용,사업용,이륜,진입회전사고,맑음,심야,차대차,정면충돌,신호위반,특별광역시도,장안동사거리,37.5723136,127.0716825,동대문구,
2019,9,16,월요일,16,중상사고,0,1,3,0,59,남,15년이상,,화물,사업용,화물,일직선사고,맑음,주간,차대차,추돌(진행중),안전운전불이행,특별광역시도,장안동사거리,37.5723136,127.0716825,동대문구,
2019,11,17,일요일,20,경상사고,0,0,3,0,65,남,15년이상,,승용,사업용,승용,진입회전사고,비,출퇴근,차대차,측면직각충돌,교차로운행방법위반,특별광역시도,장안동사거리,37.5723136,127.0716825,동대문구,
2017,8,7,월요일,0,중상사고,0,1,1,0,27,남,10년미만,0,원동기,기타,자전거,진입회전사고,맑음,심야,차대차,측면직각충돌,안전운전불이행,특별광역시도,장안동사거리,37.5723136,127.0716825,동대문구,
2017,9,18,월요일,19,부상사고,0,0,0,1,50,여,15년이상,,승용,비사업용,보행자,기타사고,맑음,출퇴근,차대사람,차대사람-기타,보행자보호의무위반,특별광역시도,장안동사거리,37.5723136,127.0716825,동대문구,
2018,1,19,금요일,0,경상사고,0,0,4,0,40,여,15년미만,0,승용,비사업용,승용,일직선사고,맑음,심야,차대차,추돌(진행중),안전운전불이행,특별광역시도,장안동사거리,37.5723136,127.0716825,동대문구,
2018,4,1,일요일,0,사망사고,1,0,0,0,46,남,15년이상,,승용,비사업용,보행자,기타사고,맑음,심야,차대사람,차대사람-기타,안전운전불이행,특별광역시도,장안동사거리,37.5723136,127.0716825,동대문구,
2019,10,22,화요일,19,경상사고,0,0,1,0,70,남,15년이상,,화물,비사업용,자전거,진입회전사고,맑음,출퇴근,차대차,측면직각충돌,불법유턴,특별광역시도,장안동사거리,37.5723136,127.0716825,동대문구,
2019,12,19,목요일,0,중상사고,0,1,0,0,62,남,15년이상,,승용,사업용,원동기,진입회전사고,맑음,심야,차대차,측면직각충돌,신호위반,특별광역시도,장안동사거리,37.5723136,127.0716825,동대문구,
2017,2,5,일요일,6,사망사고,1,0,0,0,64,남,15년이상,,화물,비사업용,화물,진입회전사고,맑음,새벽,차대차,정면충돌,신호위반,특별광역시도,전농동사거리,37.5773682,127.057767,동대문구,2
2017,4,9,일요일,14,중상사고,0,1,0,0,53,남,15년이상,,승용,비사업용,보행자,기타사고,맑음,주간,차대사람,차대사람-기타,안전운전불이행,기타,전농동사거리,37.5773682,127.057767,동대문구,3
2017,5,7,일요일,11,경상사고,0,0,1,0,46,여,15년이상,,승용,비사업용,원동기,진입회전사고,맑음,주간,차대차,측면직각충돌,안전운전불이행,특별광역시도,전농동사거리,37.5773682,127.057767,동대문구,4
2017,5,21,일요일,19,부상사고,0,0,0,1,41,여,15년미만,,승용,비사업용,자전거,기타사고,맑음,출퇴근,차대차,차대차-기타,안전운전불이행,특별광역시도,전농동사거리,37.5773682,127.057767,동대문구,5
2017,5,14,일요일,20,경상사고,0,0,2,0,34,남,15년이상,,승용,비사업용,승용,진입회전사고,맑음,출퇴근,차대차,측면직각충돌,신호위반,특별광역시도,전농동사거리,37.5773682,127.057767,동대문구,6
2017,6,24,토요일,11,경상사고,0,0,2,0,53,여,15년이상,,승용,비사업용,승용,일직선사고,흐림,주간,차대차,추돌(진행중),안전운전불이행,특별광역시도,전농동사거리,37.5773682,127.057767,동대문구,7
2017,7,9,일요일,21,경상사고,0,0,2,0,54,남,15년이상,,승용,비사업용,승용,일직선사고,비,심야,차대차,추돌(진행중),안전운전불이행,특별광역시도,전농동사거리,37.5773682,127.057767,동대문구,8
2017,10,4,수요일,18,경상사고,0,0,5,0,45,남,15년이상,0,승용,비사업용,승용,일직선사고,맑음,출퇴근,차대차,추돌(진행중),안전운전불이행,특별광역시도,전농동사거리,37.5773682,127.057767,동대문구,9
2017,11,25,토요일,12,경상사고,0,0,2,0,39,남,10년미만,,승용,비사업용,승용,일직선사고,맑음,주간,차대차,추돌(진행중),안전운전불이행,특별광역시도,전농동사거리,37.5773682,127.057767,동대문구,10
2017,11,17,금요일,17,경상사고,0,0,1,0,52,여,15년이상,,승용,사업용,원동기,일직선사고,맑음,주간,차대차,차대차-기타,중앙선침범,특별광역시도,전농동사거리,37.5773682,127.057767,동대문구,11
2018,3,1,목요일,7,경상사고,0,0,1,0,59,남,15년이상,,승용,사업용,승용,진입회전사고,흐림,출퇴근,차대차,측면직각충돌,신호위반,특별광역시도,전농동사거리,37.5773682,127.057767,동대문구,12
2018,4,4,수요일,3,중상사고,0,1,0,1,26,남,10년미만,0,승용,사업용,기타,단독사고,비,심야,차량단독,공작물추돌,안전운전불이행,특별광역시도,전농동사거리,37.5773682,127.057767,동대문구,13
2018,4,19,목요일,16,중상사고,0,1,2,0,43,남,데이터오류,,화물,비사업용,화물,진입회전사고,맑음,주간,차대차,측면직각충돌,교차로운행방법위반,특별광역시도,전농동사거리,37.5773682,127.057767,동대문구,14
2018,4,6,금요일,22,경상사고,0,0,1,0,62,남,15년이상,,승용,사업용,이륜,진입회전사고,맑음,심야,차대차,측면직각충돌,신호위반,특별광역시도,전농동사거리,37.5773682,127.057767,동대문구,15
2018,9,9,일요일,15,경상사고,0,0,1,0,58,남,15년이상,,승합,사업용,보행자,기타사고,맑음,주간,차대사람,차대사람-기타,안전운전불이행,특별광역시도,전농동사거리,37.5773682,127.057767,동대문구,16
2018,10,25,목요일,18,중상사고,0,1,0,0,19,남,3년미만,,이륜,기타,이륜,진입회전사고,맑음,출퇴근,차대차,측면직각충돌,신호위반,특별광역시도,전농동사거리,37.5773682,127.057767,동대문구,17
2018,11,29,목요일,0,경상사고,0,0,1,0,43,남,15년이상,0,승용,비사업용,승합,일직선사고,흐림,심야,차대차,차대차-기타,중앙선침범,특별광역시도,전농동사거리,37.5773682,127.057767,동대문구,18
2018,11,3,토요일,11,중상사고,0,1,0,0,51,남,15년이상,,화물,비사업용,자전거,진입회전사고,맑음,주간,차대차,측면직각충돌,불법유턴,특별광역시도,전농동사거리,37.5773682,127.057767,동대문구,19
2019,2,7,목요일,7,경상사고,0,0,1,0,49,여,15년이상,,승용,비사업용,승용,일직선사고,맑음,출퇴근,차대차,추돌(진행중),안전운전불이행,특별광역시도,전농동사거리,37.5773682,127.057767,동대문구,20
2019,2,15,금요일,18,경상사고,0,0,1,0,61,남,15년이상,,화물,비사업용,화물,진입회전사고,맑음,출퇴근,차대차,측면직각충돌,차로위반,특별광역시도,전농동사거리,37.5773682,127.057767,동대문구,21
2019,4,4,목요일,9,중상사고,0,1,1,0,34,남,15년미만,,승용,사업용,승합,일직선사고,맑음,주간,차대차,추돌(진행중),교차로운행방법위반,특별광역시도,전농동사거리,37.5773682,127.057767,동대문구,22
2019,4,1,월요일,20,경상사고,0,0,1,0,46,남,15년이상,,승용,사업용,승합,기타사고,맑음,출퇴근,차대차,차대차-기타,안전거리미확보,특별광역시도,전농동사거리,37.5773682,127.057767,동대문구,23
2019,7,8,월요일,15,중상사고,0,1,0,0,55,남,15년이상,,승용,비사업용,보행자,기타사고,맑음,주간,차대사람,차대사람-기타,안전운전불이행,특별광역시도,전농동사거리,37.5773682,127.057767,동대문구,24
2019,7,11,목요일,18,중상사고,0,1,0,0,61,남,15년이상,,승용,사업용,이륜,진입회전사고,맑음,출퇴근,차대차,측면직각충돌,안전운전불이행,특별광역시도,전농동사거리,37.5773682,127.057767,동대문구,25