년도,월,일,요일,시각,사고등급,사망자수,중상자수,경상자수,부상자수,연령,성별,경력,음주,종별,용도,관련자2,사고형태,기상상태,일광상태,사고유형1,사고유형2,법규위반,도로종류,지점명,위도,경도,자치구,
2019,10,9,수요일,21,중상사고,0,1,1,0,49,남,15년이상,,승용,비사업용,승용,진입회전사고,흐림,심야,차대차,측면직각충돌,신호위반,특별광역시도,전농동사거리,37.5773682,127.057767,동대문구,26
2019,11,17,일요일,1,부상사고,0,0,0,1,29,남,10년미만,,승용,비사업용,이륜,일직선사고,맑음,심야,차대차,추돌(진행중),안전운전불이행,특별광역시도,전농동사거리,37.5773682,127.057767,동대문구,27
2019,11,4,월요일,13,경상사고,0,0,1,0,40,남,15년미만,,승용,비사업용,자전거,기타사고,맑음,주간,차대차,차대차-기타,안전운전불이행,특별광역시도,전농동사거리,37.5773682,127.057767,동대문구,28
2017,1,30,월요일,7,경상사고,0,0,2,0,59,남,15년이상,,승용,사업용,화물,일직선사고,맑음,출퇴근,차대차,추돌(진행중),안전운전불이행,특별광역시도,제기동역4번출구앞,37.57802,127.03582,동대문구,
2017,2,17,금요일,20,중상사고,0,2,0,0,57,남,15년이상,,원동기,기타,보행자,보행횡단사고,맑음,출퇴근,차대사람,횡단중,안전운전불이행,특별광역시도,제기동역4번출구앞,37.57802,127.03582,동대문구,
2017,3,13,월요일,8,부상사고,0,0,0,1,12,남,데이터오류,,자전거,기타,보행자,보행횡단사고,맑음,출퇴근,차대사람,횡단중,안전운전불이행,특별광역시도,제기동역4번출구앞,37.57802,127.03582,동대문구,
2017,3,16,목요일,12,경상사고,0,0,1,0,76,남,데이터오류,,자전거,기타,보행자,보행횡단사고,맑음,주간,차대사람,횡단중,데이터없음,특별광역시도,제기동역4번출구앞,37.57802,127.03582,동대문구,
2017,4,26,수요일,7,중상사고,0,2,0,0,31,남,15년미만,,승용,사업용,이륜,일직선사고,맑음,출퇴근,차대차,추돌(진행중),안전거리미확보,특별광역시도,제기동역4번출구앞,37.57802,127.03582,동대문구,
2017,4,20,목요일,14,경상사고,0,0,1,0,33,남,15년이상,,승용,비사업용,승용,진입회전사고,맑음,주간,차대차,측면직각충돌,안전거리미확보,특별광역시도,제기동역4번출구앞,37.57802,127.03582,동대문구,
2017,4,25,화요일,22,경상사고,0,0,1,0,29,남,15년이상,,원동기,기타,원동기,진입회전사고,맑음,심야,차대차,차대차-기타,신호위반,특별광역시도,제기동역4번출구앞,37.57802,127.03582,동대문구,
2017,5,24,수요일,14,경상사고,0,0,1,0,49,남,15년이상,,승용,사업용,자전거,진입회전사고,맑음,주간,차대차,측면직각충돌,데이터없음,특별광역시도,제기동역4번출구앞,37.57802,127.03582,동대문구,
2017,5,9,화요일,16,경상사고,0,0,2,0,45,남,10년미만,,승용,비사업용,승용,일직선사고,비,주간,차대차,추돌(진행중),안전운전불이행,특별광역시도,제기동역4번출구앞,37.57802,127.03582,동대문구,
2017,5,26,금요일,23,경상사고,0,0,1,0,23,남,15년이상,,승용,비사업용,승용,진입회전사고,맑음,심야,차대차,측면직각충돌,차로위반,특별광역시도,제기동역4번출구앞,37.57802,127.03582,동대문구,
2017,6,24,토요일,20,경상사고,0,0,2,0,34,남,15년이상,,승용,사업용,승합,진입회전사고,비,출퇴근,차대차,측면직각충돌,신호위반,특별광역시도,제기동역4번출구앞,37.57802,127.03582,동대문구,
2017,10,17,화요일,17,경상사고,0,0,1,0,42,남,15년이상,,승용,사업용,보행자,기타사고,맑음,주간,차대사람,차대사람-기타,데이터없음,특별광역시도,제기동역4번출구앞,37.57802,127.03582,동대문구,
2018,2,10,토요일,18,경상사고,0,0,1,0,54,남,15년이상,,승용,사업용,보행자,기타사고,맑음,출퇴근,차대사람,차대사람-기타,안전운전불이행,특별광역시도,제기동역4번출구앞,37.57802,127.03582,동대문구,
2018,3,7,수요일,4,경상사고,0,0,2,0,54,남,15년이상,,승용,사업용,승용,일직선사고,흐림,심야,차대차,추돌(진행중),안전운전불이행,특별광역시도,제기동역4번출구앞,37.57802,127.03582,동대문구,
2018,5,31,목요일,5,중상사고,0,1,0,0,66,남,15년이상,,승용,사업용,화물,진입회전사고,맑음,새벽,차대차,측면직각충돌,신호위반,특별광역시도,제기동역4번출구앞,37.57802,127.03582,동대문구,
2018,5,27,일요일,10,경상사고,0,0,1,0,48,남,15년이상,,이륜,기타,보행자,진입회전사고,맑음,주간,차대사람,차대사람-기타,신호위반,특별광역시도,제기동역4번출구앞,37.57802,127.03582,동대문구,
2018,5,14,월요일,14,중상사고,0,1,0,0,26,남,10년미만,,승용,비사업용,자전거,기타사고,맑음,주간,차대차,차대차-기타,안전운전불이행,특별광역시도,제기동역4번출구앞,37.57802,127.03582,동대문구,
2018,6,13,수요일,13,경상사고,0,0,1,0,64,남,15년이상,,승합,사업용,기타,기타사고,맑음,주간,차량단독,차량단독-기타,안전운전불이행,특별광역시도,제기동역4번출구앞,37.57802,127.03582,동대문구,
2018,7,2,월요일,12,경상사고,0,0,1,0,35,남,15년이상,,승용,비사업용,이륜,기타사고,비,주간,차대차,차대차-기타,안전운전불이행,특별광역시도,제기동역4번출구앞,37.57802,127.03582,동대문구,
2018,11,3,토요일,2,경상사고,0,0,1,0,64,남,15년이상,,승용,사업용,보행자,보행횡단사고,맑음,심야,차대사람,횡단중,안전운전불이행,특별광역시도,제기동역4번출구앞,37.57802,127.03582,동대문구,
2018,12,19,수요일,19,중상사고,0,1,0,0,46,남,15년미만,,승합,사업용,이륜,진입회전사고,흐림,출퇴근,차대차,차대차-기타,신호위반,특별광역시도,제기동역4번출구앞,37.57802,127.03582,동대문구,
2019,1,16,수요일,12,경상사고,0,0,1,0,69,여,15년이상,,승용,비사업용,승용,진입회전사고,맑음,주간,차대차,차대차-기타,신호위반,특별광역시도,제기동역4번출구앞,37.57802,127.03582,동대문구,
2019,5,15,수요일,10,중상사고,0,1,0,0,23,남,10년미만,,승용,비사업용,자전거,기타사고,맑음,주간,차대차,차대차-기타,안전운전불이행,특별광역시도,제기동역4번출구앞,37.57802,127.03582,동대문구,
2019,5,14,화요일,11,부상사고,0,0,0,1,39,여,15년이상,,승용,비사업용,이륜,기타사고,맑음,주간,차대차,차대차-기타,차로위반,특별광역시도,제기동역4번출구앞,37.57802,127.03582,동대문구,
2019,6,10,월요일,12,부상사고,0,0,0,1,20,남,3년미만,,승용,비사업용,이륜,기타사고,맑음,주간,차대차,차대차-기타,안전거리미확보,특별광역시도,제기동역4번출구앞,37.57802,127.03582,동대문구,
2019,10,2,수요일,14,부상사고,0,0,0,1,71,남,15년이상,,승용,사업용,이륜,일직선사고,맑음,주간,차대차,추돌(진행중),안전거리미확보,특별광역시도,제기동역4번출구앞,37.57802,127.03582,동대문구,
2017,1,3,화요일,1,중상사고,0,1,0,0,50,남,15년이상,,승용,사업용,승용,진입회전사고,맑음,심야,차대차,차대차-기타,신호위반,특별광역시도,제기동주민센터앞교차로,37.5830644,127.0378921,동대문구,2
2017,3,14,화요일,19,중상사고,0,1,1,0,70,남,15년이상,,승용,사업용,원동기,진입회전사고,흐림,출퇴근,차대차,측면직각충돌,안전거리미확보,특별광역시도,제기동주민센터앞교차로,37.5830644,127.0378921,동대문구,3
2017,5,23,화요일,19,경상사고,0,0,1,0,불명,불명,데이터오류,,기타,데이터오류,기타,기타사고,비,출퇴근,차대차,차대차-기타,교차로운행방법위반,특별광역시도,제기동주민센터앞교차로,37.5830644,127.0378921,동대문구,4
2017,6,13,화요일,16,경상사고,0,0,1,0,59,여,15년이상,,승용,비사업용,이륜,진입회전사고,맑음,주간,차대차,측면직각충돌,신호위반,특별광역시도,제기동주민센터앞교차로,37.5830644,127.0378921,동대문구,5
2017,6,15,목요일,23,중상사고,0,2,0,0,58,남,15년이상,,승용,비사업용,승용,진입회전사고,흐림,심야,차대차,측면직각충돌,신호위반,특별광역시도,제기동주민센터앞교차로,37.5830644,127.0378921,동대문구,6
2017,7,1,토요일,1,경상사고,0,0,2,0,35,남,15년이상,,승용,비사업용,이륜,일직선사고,맑음,심야,차대차,추돌(진행중),안전운전불이행,특별광역시도,제기동주민센터앞교차로,37.5830644,127.0378921,동대문구,7
2017,7,7,금요일,8,중상사고,0,1,0,0,41,여,15년이상,,승용,비사업용,이륜,진입회전사고,흐림,출퇴근,차대차,차대차-기타,신호위반,특별광역시도,제기동주민센터앞교차로,37.5830644,127.0378921,동대문구,8
2017,7,20,목요일,13,중상사고,0,2,0,0,33,남,15년미만,,승용,비사업용,승용,진입회전사고,맑음,주간,차대차,측면직각충돌,차로위반,특별광역시도,제기동주민센터앞교차로,37.5830644,127.0378921,동대문구,9
2017,7,6,목요일,23,경상사고,0,0,2,0,62,남,15년미만,,승용,사업용,특수,일직선사고,맑음,심야,차대차,추돌(진행중),안전운전불이행,특별광역시도,제기동주민센터앞교차로,37.5830644,127.0378921,동대문구,10
2017,10,27,금요일,20,경상사고,0,0,2,1,59,남,15년이상,,승용,비사업용,이륜,진입회전사고,맑음,출퇴근,차대차,추돌(진행중),신호위반,특별광역시도,제기동주민센터앞교차로,37.5830644,127.0378921,동대문구,11
2017,11,8,수요일,17,경상사고,0,0,1,0,46,남,15년이상,,화물,사업용,화물,기타사고,맑음,주간,차대차,차대차-기타,안전거리미확보,특별광역시도,제기동주민센터앞교차로,37.5830644,127.0378921,동대문구,12
2017,12,6,수요일,11,경상사고,0,0,1,0,23,남,5년미만,,승용,사업용,자전거,진입회전사고,맑음,주간,차대차,측면직각충돌,신호위반,특별광역시도,제기동주민센터앞교차로,37.5830644,127.0378921,동대문구,13
2017,12,22,금요일,19,경상사고,0,0,1,0,62,남,15년이상,,승용,비사업용,이륜,진입회전사고,맑음,출퇴근,차대차,측면직각충돌,신호위반,특별광역시도,제기동주민센터앞교차로,37.5830644,127.0378921,동대문구,14
2018,2,8,목요일,8,중상사고,0,1,0,0,64,남,10년미만,,승용,사업용,승용,기타사고,맑음,출퇴근,차대차,차대차-기타,안전운전불이행,특별광역시도,제기동주민센터앞교차로,37.5830644,127.0378921,동대문구,15
2018,3,29,목요일,1,중상사고,0,2,2,0,62,남,10년미만,,승용,사업용,승용,일직선사고,맑음,심야,차대차,추돌(진행중),안전운전불이행,특별광역시도,제기동주민센터앞교차로,37.5830644,127.0378921,동대문구,16
2018,4,25,수요일,23,경상사고,0,0,1,0,52,남,15년이상,0,승용,비사업용,승용,일직선사고,맑음,심야,차대차,추돌(진행중),안전운전불이행,특별광역시도,제기동주민센터앞교차로,37.5830644,127.0378921,동대문구,17
2018,5,11,금요일,5,중상사고,0,3,1,0,70,여,15년이상,,승용,비사업용,승용,진입회전사고,맑음,새벽,차대차,차대차-기타,신호위반,특별광역시도,제기동주민센터앞교차로,37.5830644,127.0378921,동대문구,18
2018,6,9,토요일,4,경상사고,0,0,1,0,49,남,15년이상,0,승용,비사업용,승용,일직선사고,맑음,심야,차대차,추돌(진행중),안전운전불이행,특별광역시도,제기동주민센터앞교차로,37.5830644,127.0378921,동대문구,19
2018,6,12,화요일,10,중상사고,0,1,0,0,38,남,3년미만,,화물,비사업용,화물,일직선사고,맑음,주간,차대차,추돌(진행중),안전운전불이행,특별광역시도,제기동주민센터앞교차로,37.5830644,127.0378921,동대문구,20
2018,6,22,금요일,17,경상사고,0,0,1,0,49,여,15년미만,,승용,비사업용,이륜,진입회전사고,맑음,주간,차대차,측면직각충돌,안전운전불이행,특별광역시도,제기동주민센터앞교차로,37.5830644,127.0378921,동대문구,21
2018,7,6,금요일,1,경상사고,0,0,2,0,46,남,15년이상,0,승용,비사업용,승용,일직선사고,맑음,심야,차대차,추돌(진행중),안전운전불이행,특별광역시도,제기동주민센터앞교차로,37.5830644,127.0378921,동대문구,22
2018,7,31,화요일,2,중상사고,0,1,0,0,21,여,1년미만,,승용,비사업용,이륜,기타사고,맑음,심야,차대차,차대차-기타,안전운전불이행,특별광역시도,제기동주민센터앞교차로,37.5830644,127.0378921,동대문구,23
2018,8,20,월요일,12,경상사고,0,0,1,0,63,남,15년이상,,화물,사업용,보행자,기타사고,맑음,주간,차대사람,차대사람-기타,안전운전불이행,특별광역시도,제기동주민센터앞교차로,37.5830644,127.0378921,동대문구,24
2018,9,27,목요일,11,중상사고,0,1,0,0,49,남,10년미만,,승용,비사업용,이륜,일직선사고,맑음,주간,차대차,추돌(진행중),안전거리미확보,특별광역시도,제기동주민센터앞교차로,37.5830644,127.0378921,동대문구,25
2018,9,17,월요일,17,경상사고,0,0,1,0,52,남,15년이상,,이륜,기타,자전거,진입회전사고,맑음,주간,차대차,측면직각충돌,신호위반,특별광역시도,제기동주민센터앞교차로,37.5830644,127.0378921,동대문구,26
2018,11,1,목요일,18,경상사고,0,0,1,0,39,남,15년이상,,이륜,기타,이륜,진입회전사고,흐림,출퇴근,차대차,차대차-기타,신호위반,특별광역시도,제기동주민센터앞교차로,37.5830644,127.0378921,동대문구,27
2018,11,24,토요일,20,경상사고,0,0,1,0,27,남,10년미만,,승용,비사업용,이륜,기타사고,맑음,출퇴근,차대차,차대차-기타,안전운전불이행,특별광역시도,제기동주민센터앞교차로,37.5830644,127.0378921,동대문구,28
2018,12,6,목요일,0,중상사고,0,1,1,0,65,남,15년이상,,승용,사업용,원동기,진입회전사고,맑음,심야,차대차,측면직각충돌,신호위반,특별광역시도,제기동주민센터앞교차로,37.5830644,127.0378921,동대문구,29
2018,12,6,목요일,14,중상사고,0,1,0,0,39,남,15년이상,,화물,비사업용,화물,일직선사고,맑음,주간,차대차,추돌(진행중),안전거리미확보,특별광역시도,제기동주민센터앞교차로,37.5830644,127.0378921,동대문구,30
2019,3,14,목요일,9,경상사고,0,0,3,0,69,남,15년이상,,승용,사업용,화물,진입회전사고,맑음,주간,차대차,측면직각충돌,안전거리미확보,특별광역시도,제기동주민센터앞교차로,37.5830644,127.0378921,동대문구,31
2019,3,6,수요일,21,경상사고,0,0,3,0,47,여,15년이상,,승용,비사업용,승용,진입회전사고,맑음,심야,차대차,측면직각충돌,신호위반,특별광역시도,제기동주민센터앞교차로,37.5830644,127.0378921,동대문구,32
2019,5,11,토요일,14,부상사고,0,0,0,1,62,남,15년이상,0,이륜,데이터오류,기타,단독사고,맑음,주간,차량단독,공작물추돌,안전운전불이행,특별광역시도,제기동주민센터앞교차로,37.5830644,127.0378921,동대문구,33
2019,6,26,수요일,18,중상사고,0,1,0,0,24,남,15년이상,,승용,비사업용,이륜,기타사고,흐림,출퇴근,차대차,차대차-기타,기타,특별광역시도,제기동주민센터앞교차로,37.5830644,127.0378921,동대문구,34
2019,6,8,토요일,23,경상사고,0,0,1,0,35,남,15년미만,,이륜,데이터오류,보행자,보행횡단사고,맑음,심야,차대사람,횡단중,안전운전불이행,특별광역시도,제기동주민센터앞교차로,37.5830644,127.0378921,동대문구,35
2019,6,27,목요일,23,경상사고,0,0,2,0,19,남,1년미만,,원동기,데이터오류,원동기,진입회전사고,맑음,심야,차대차,측면직각충돌,신호위반,특별광역시도,제기동주민센터앞교차로,37.5830644,127.0378921,동대문구,36
2019,7,8,월요일,6,경상사고,0,0,2,0,54,남,4년미만,,승용,비사업용,승용,진입회전사고,맑음,새벽,차대차,측면직각충돌,신호위반,특별광역시도,제기동주민센터앞교차로,37.5830644,127.0378921,동대문구,37
2019,11,24,일요일,16,중상사고,0,1,0,0,불명,불명,데이터오류,,기타,데이터오류,기타,기타사고,비,주간,차대차,차대차-기타,안전거리미확보,특별광역시도,제기동주민센터앞교차로,37.5830644,127.0378921,동대문구,38
2019,12,30,월요일,16,경상사고,0,0,1,0,24,남,10년미만,,승용,비사업용,원동기,진입회전사고,맑음,주간,차대차,차대차-기타,신호위반,특별광역시도,제기동주민센터앞교차로,37.5830644,127.0378921,동대문구,39
2019,12,13,금요일,19,중상사고,0,1,0,0,63,남,15년이상,,승용,사업용,이륜,기타사고,맑음,출퇴근,차대차,차대차-기타,안전운전불이행,특별광역시도,제기동주민센터앞교차로,37.5830644,127.0378921,동대문구,40
2017,1,23,월요일,20,경상사고,0,0,1,0,62,남,15년이상,,승용,사업용,승용,일직선사고,맑음,출퇴근,차대차,추돌(진행중),안전거리미확보,특별광역시도,청량리동주민센터부근,37.5862281,127.0472678,동대문구,
2017,7,1,토요일,23,경상사고,0,0,1,0,63,남,15년이상,,승용,사업용,이륜,기타사고,맑음,심야,차대차,차대차-기타,안전거리미확보,특별광역시도,청량리동주민센터부근,37.5862281,127.0472678,동대문구,
2017,9,15,금요일,16,경상사고,0,0,1,0,37,여,15년이상,,승용,비사업용,자전거,진입회전사고,맑음,주간,차대차,측면직각충돌,안전운전불이행,특별광역시도,청량리동주민센터부근,37.5862281,127.0472678,동대문구,
2017,11,28,화요일,20,경상사고,0,0,1,0,60,남,15년이상,,승용,비사업용,보행자,보행횡단사고,맑음,출퇴근,차대사람,횡단중,보행자보호의무위반,특별광역시도,청량리동주민센터부근,37.5862281,127.0472678,동대문구,
2018,6,22,금요일,5,경상사고,0,0,1,0,58,남,15년이상,,승용,비사업용,승용,기타사고,맑음,새벽,차대차,차대차-기타,안전거리미확보,특별광역시도,청량리동주민센터부근,37.5862281,127.0472678,동대문구,
2018,11,20,화요일,21,경상사고,0,0,1,0,37,남,15년이상,0,승용,비사업용,승용,일직선사고,맑음,심야,차대차,추돌(진행중),안전운전불이행,특별광역시도,청량리동주민센터부근,37.5862281,127.0472678,동대문구,
2017,2,15,수요일,12,경상사고,0,0,1,0,62,남,15년이상,,승합,사업용,보행자,기타사고,맑음,주간,차대사람,차대사람-기타,데이터없음,특별광역시도,청량리역교차로,37.5801177,127.0450459,동대문구,
2017,3,28,화요일,20,중상사고,0,1,0,0,35,남,10년미만,,승합,사업용,보행자,기타사고,맑음,출퇴근,차대사람,차대사람-기타,데이터없음,특별광역시도,청량리역교차로,37.5801177,127.0450459,동대문구,
2017,7,11,화요일,20,경상사고,0,0,1,0,60,남,15년이상,,승용,사업용,이륜,진입회전사고,맑음,출퇴근,차대차,측면직각충돌,데이터없음,특별광역시도,청량리역교차로,37.5801177,127.0450459,동대문구,
2017,9,24,일요일,20,경상사고,0,0,1,0,58,남,15년이상,,승용,사업용,보행자,보행횡단사고,맑음,출퇴근,차대사람,횡단중,보행자보호의무위반,특별광역시도,청량리역교차로,37.5801177,127.0450459,동대문구,
2017,10,13,금요일,9,경상사고,0,0,1,0,47,남,15년이상,,승용,비사업용,이륜,기타사고,맑음,주간,차대차,차대차-기타,데이터없음,특별광역시도,청량리역교차로,37.5801177,127.0450459,동대문구,
2018,1,30,화요일,23,경상사고,0,0,1,0,35,남,15년미만,0,승용,비사업용,승용,일직선사고,흐림,심야,차대차,추돌(진행중),안전운전불이행,특별광역시도,청량리역교차로,37.5801177,127.0450459,동대문구,
2018,10,24,수요일,8,중상사고,0,1,0,0,43,남,10년미만,,이륜,기타,보행자,진입회전사고,맑음,출퇴근,차대사람,횡단중,신호위반,특별광역시도,청량리역교차로,37.5801177,127.0450459,동대문구,
2018,12,27,목요일,19,경상사고,0,0,1,0,57,남,10년미만,,승용,사업용,이륜,기타사고,맑음,출퇴근,차대차,차대차-기타,기타,특별광역시도,청량리역교차로,37.5801177,127.0450459,동대문구,
2019,1,3,목요일,0,중상사고,0,2,0,0,70,남,15년이상,,승용,사업용,보행자,기타사고,맑음,심야,차대사람,차대사람-기타,안전운전불이행,특별광역시도,청량리역교차로,37.5801177,127.0450459,동대문구,
2019,2,1,금요일,15,경상사고,0,0,1,0,62,남,15년이상,,승용,사업용,원동기,기타사고,맑음,주간,차대차,차대차-기타,기타,특별광역시도,청량리역교차로,37.5801177,127.0450459,동대문구,
2017,1,10,화요일,10,중상사고,0,1,0,0,57,남,15년이상,,승용,사업용,보행자,보행횡단사고,맑음,주간,차대사람,횡단중,보행자보호의무위반,특별광역시도,청량리역교차로,37.5801177,127.0450459,동대문구,
2017,1,17,화요일,13,경상사고,0,0,1,0,23,남,3년미만,,이륜,기타,보행자,보행횡단사고,맑음,주간,차대사람,횡단중,안전운전불이행,특별광역시도,청량리역교차로,37.5801177,127.0450459,동대문구,
2017,2,20,월요일,6,중상사고,0,1,0,0,56,남,2년미만,,승용,비사업용,보행자,보행횡단사고,맑음,새벽,차대사람,횡단중,안전운전불이행,특별광역시도,청량리역교차로,37.5801177,127.0450459,동대문구,
2017,2,9,목요일,7,경상사고,0,0,2,0,50,여,15년이상,,승용,비사업용,승합,기타사고,맑음,출퇴근,차대차,차대차-기타,안전거리미확보,특별광역시도,청량리역교차로,37.5801177,127.0450459,동대문구,
2017,2,19,일요일,19,경상사고,0,0,1,0,57,남,15년이상,,승합,사업용,보행자,기타사고,맑음,출퇴근,차대사람,차대사람-기타,안전운전불이행,특별광역시도,청량리역교차로,37.5801177,127.0450459,동대문구,
2017,3,14,화요일,9,경상사고,0,0,1,0,60,남,10년미만,,승용,비사업용,승용,기타사고,맑음,주간,차대차,차대차-기타,안전운전불이행,특별광역시도,청량리역교차로,37.5801177,127.0450459,동대문구,
2017,3,6,월요일,20,중상사고,0,1,0,0,60,남,15년이상,,승용,사업용,보행자,보행횡단사고,맑음,출퇴근,차대사람,횡단중,안전운전불이행,특별광역시도,청량리역교차로,37.5801177,127.0450459,동대문구,
2017,5,22,월요일,16,중상사고,0,1,0,0,43,남,15년이상,,승합,사업용,보행자,기타사고,맑음,주간,차대사람,차대사람-기타,데이터없음,특별광역시도,청량리역교차로,37.5801177,127.0450459,동대문구,
2017,5,3,수요일,23,경상사고,0,0,1,0,24,남,10년미만,,자전거,기타,보행자,진입회전사고,맑음,심야,차대사람,횡단중,신호위반,특별광역시도,청량리역교차로,37.5801177,127.0450459,동대문구,
2017,6,28,수요일,19,경상사고,0,0,1,0,31,남,15년미만,,승용,비사업용,보행자,보행횡단사고,맑음,출퇴근,차대사람,횡단중,안전운전불이행,특별광역시도,청량리역교차로,37.5801177,127.0450459,동대문구,
2017,6,22,목요일,20,경상사고,0,0,1,0,31,남,15년이상,,승용,비사업용,자전거,기타사고,맑음,출퇴근,차대차,차대차-기타,안전거리미확보,특별광역시도,청량리역교차로,37.5801177,127.0450459,동대문구,
2017,6,25,일요일,22,중상사고,0,1,0,0,56,남,15년이상,,승용,사업용,보행자,보행횡단사고,맑음,심야,차대사람,횡단중,안전운전불이행,특별광역시도,청량리역교차로,37.5801177,127.0450459,동대문구,
2017,7,10,월요일,10,경상사고,0,0,2,0,53,여,15년이상,,승용,비사업용,원동기,진입회전사고,비,주간,차대차,측면직각충돌,안전운전불이행,특별광역시도,청량리역교차로,37.5801177,127.0450459,동대문구,
2017,7,4,화요일,12,경상사고,0,0,2,0,27,여,1년미만,,승용,비사업용,승용,일직선사고,맑음,주간,차대차,추돌(진행중),안전운전불이행,특별광역시도,청량리역교차로,37.5801177,127.0450459,동대문구,
2017,7,11,화요일,17,경상사고,0,0,1,0,70,남,15년이상,,승용,사업용,보행자,보행횡단사고,맑음,주간,차대사람,횡단중,안전운전불이행,특별광역시도,청량리역교차로,37.5801177,127.0450459,동대문구,
2017,7,7,금요일,21,중상사고,0,1,0,0,56,남,15년이상,,승합,사업용,보행자,기타사고,비,심야,차대사람,차대사람-기타,데이터없음,특별광역시도,청량리역교차로,37.5801177,127.0450459,동대문구,
2017,8,22,화요일,8,경상사고,0,0,1,0,66,남,15년이상,,승용,비사업용,승용,기타사고,맑음,출퇴근,차대차,차대차-기타,안전운전불이행,특별광역시도,청량리역교차로,37.5801177,127.0450459,동대문구,
2017,8,18,금요일,9,경상사고,0,0,1,0,60,남,15년이상,,승합,사업용,기타,기타사고,맑음,주간,차량단독,차량단독-기타,안전운전불이행,특별광역시도,청량리역교차로,37.5801177,127.0450459,동대문구,
2017,8,13,일요일,16,경상사고,0,0,1,0,57,남,15년이상,,승용,비사업용,보행자,보행횡단사고,맑음,주간,차대사람,횡단중,안전운전불이행,특별광역시도,청량리역교차로,37.5801177,127.0450459,동대문구,
2017,9,10,일요일,0,경상사고,0,0,1,0,26,남,1년미만,,승용,사업용,승용,진입회전사고,맑음,심야,차대차,측면직각충돌,안전거리미확보,특별광역시도,청량리역교차로,37.5801177,127.0450459,동대문구,
2017,12,22,금요일,5,중상사고,0,1,0,0,63,남,15년이상,,화물,사업용,보행자,보행횡단사고,맑음,새벽,차대사람,횡단중,안전운전불이행,특별광역시도,청량리역교차로,37.5801177,127.0450459,동대문구,
2018,1,19,금요일,18,경상사고,0,0,1,0,48,여,15년이상,,승용,비사업용,보행자,기타사고,맑음,출퇴근,차대사람,차대사람-기타,안전운전불이행,특별광역시도,청량리역교차로,37.5801177,127.0450459,동대문구,
2018,2,11,일요일,12,중상사고,0,1,0,0,40,남,15년이상,,승합,사업용,보행자,기타사고,맑음,주간,차대사람,차대사람-기타,기타,특별광역시도,청량리역교차로,37.5801177,127.0450459,동대문구,
2018,5,17,목요일,9,경상사고,0,0,1,1,31,남,15년이상,,승용,비사업용,승용,일직선사고,비,주간,차대차,추돌(진행중),안전운전불이행,특별광역시도,청량리역교차로,37.5801177,127.0450459,동대문구,
2018,7,1,일요일,20,경상사고,0,0,1,0,66,여,15년이상,,승용,사업용,승용,기타사고,비,출퇴근,차대차,차대차-기타,안전거리미확보,특별광역시도,청량리역교차로,37.5801177,127.0450459,동대문구,
2018,8,3,금요일,15,중상사고,0,1,0,0,53,남,15년이상,,승합,사업용,기타,기타사고,맑음,주간,차대차,차대차-기타,안전거리미확보,특별광역시도,청량리역교차로,37.5801177,127.0450459,동대문구,
2018,9,19,수요일,13,경상사고,0,0,1,0,58,남,15년이상,,승합,사업용,보행자,기타사고,맑음,주간,차대사람,차대사람-기타,안전운전불이행,특별광역시도,청량리역교차로,37.5801177,127.0450459,동대문구,
2018,9,9,일요일,19,부상사고,0,0,0,2,불명,불명,데이터오류,,기타,기타,기타,기타사고,맑음,출퇴근,차대차,차대차-기타,교차로운행방법위반,특별광역시도,청량리역교차로,37.5801177,127.0450459,동대문구,
2018,10,28,일요일,0,중상사고,0,1,0,0,56,남,15년이상,,승용,사업용,보행자,기타사고,맑음,심야,차대사람,차대사람-기타,안전운전불이행,특별광역시도,청량리역교차로,37.5801177,127.0450459,동대문구,
2018,10,30,화요일,17,경상사고,0,0,1,0,63,남,15년이상,,승용,사업용,보행자,보행횡단사고,맑음,주간,차대사람,횡단중,보행자보호의무위반,특별광역시도,청량리역교차로,37.5801177,127.0450459,동대문구,
2018,12,8,토요일,12,경상사고,0,0,1,0,53,남,15년이상,,승합,사업용,기타,기타사고,맑음,주간,차량단독,차량단독-기타,안전운전불이행,특별광역시도,청량리역교차로,37.5801177,127.0450459,동대문구,
2019,1,6,일요일,16,경상사고,0,0,1,0,69,남,15년이상,,승용,비사업용,보행자,진입회전사고,맑음,주간,차대사람,횡단중,신호위반,특별광역시도,청량리역교차로,37.5801177,127.0450459,동대문구,
2019,3,24,일요일,0,경상사고,0,0,1,0,62,남,15년이상,,승용,사업용,승용,기타사고,맑음,심야,차대차,차대차-기타,안전거리미확보,특별광역시도,청량리역교차로,37.5801177,127.0450459,동대문구,
2019,4,7,일요일,7,경상사고,0,0,2,0,67,남,15년이상,,승용,사업용,승용,일직선사고,맑음,출퇴근,차대차,추돌(진행중),안전운전불이행,특별광역시도,청량리역교차로,37.5801177,127.0450459,동대문구,
2019,4,24,수요일,10,경상사고,0,0,1,0,68,남,15년이상,,승용,사업용,보행자,보행횡단사고,맑음,주간,차대사람,횡단중,안전운전불이행,특별광역시도,청량리역교차로,37.5801177,127.0450459,동대문구,
2019,4,15,월요일,18,경상사고,0,0,1,0,53,남,15년이상,,승합,사업용,보행자,기타사고,맑음,출퇴근,차대사람,차대사람-기타,안전운전불이행,특별광역시도,청량리역교차로,37.5801177,127.0450459,동대문구,