년도,월,일,요일,시각,사고등급,사망자수,중상자수,경상자수,부상자수,연령,성별,경력,음주,종별,용도,관련자2,사고형태,기상상태,일광상태,사고유형1,사고유형2,법규위반,도로종류,지점명,위도,경도,자치구,
2017,1,20,금요일,21,중상사고,0,1,0,0,56,남,15년이상,,승용,비사업용,자전거,진입회전사고,맑음,심야,차대차,측면직각충돌,안전운전불이행,특별광역시도,휘경센트레빌사거리,37.5910458,127.0684105,동대문구,5
2017,2,3,금요일,19,중상사고,0,1,0,0,35,남,15년이상,,승용,비사업용,보행자,보행횡단사고,맑음,출퇴근,차대사람,횡단중,안전운전불이행,특별광역시도,휘경센트레빌사거리,37.5910458,127.0684105,동대문구,6
2017,4,10,월요일,14,경상사고,0,0,1,0,46,여,10년미만,,승용,비사업용,원동기,진입회전사고,흐림,주간,차대차,측면직각충돌,안전운전불이행,특별광역시도,휘경센트레빌사거리,37.5910458,127.0684105,동대문구,7
2017,6,25,일요일,21,경상사고,0,0,1,0,42,남,15년이상,,승합,사업용,보행자,기타사고,맑음,심야,차대사람,차대사람-기타,안전운전불이행,특별광역시도,휘경센트레빌사거리,37.5910458,127.0684105,동대문구,8
2017,8,21,월요일,17,중상사고,0,1,0,0,67,남,15년이상,,승용,사업용,승용,일직선사고,맑음,주간,차대차,추돌(진행중),안전운전불이행,특별광역시도,휘경센트레빌사거리,37.5910458,127.0684105,동대문구,9
2017,9,18,월요일,16,경상사고,0,0,2,0,49,여,5년미만,,승용,사업용,승용,일직선사고,맑음,주간,차대차,추돌(진행중),안전운전불이행,특별광역시도,휘경센트레빌사거리,37.5910458,127.0684105,동대문구,10
2017,9,14,목요일,22,경상사고,0,0,1,0,44,남,5년미만,,승용,비사업용,보행자,보행횡단사고,맑음,심야,차대사람,횡단중,안전운전불이행,특별광역시도,휘경센트레빌사거리,37.5910458,127.0684105,동대문구,11
2017,10,2,월요일,12,중상사고,0,1,0,0,58,남,4년미만,,승용,사업용,이륜,진입회전사고,맑음,주간,차대차,측면직각충돌,신호위반,특별광역시도,휘경센트레빌사거리,37.5910458,127.0684105,동대문구,12
2017,12,16,토요일,5,중상사고,0,1,0,0,75,남,15년이상,,승용,사업용,보행자,보행횡단사고,맑음,새벽,차대사람,횡단중,보행자보호의무위반,특별광역시도,휘경센트레빌사거리,37.5910458,127.0684105,동대문구,13
2017,12,21,목요일,21,중상사고,0,1,0,0,30,여,15년이상,,승용,비사업용,보행자,기타사고,맑음,심야,차대사람,차대사람-기타,안전운전불이행,특별광역시도,휘경센트레빌사거리,37.5910458,127.0684105,동대문구,14
2018,9,8,토요일,9,중상사고,0,1,0,0,77,남,15년이상,,승용,사업용,보행자,기타사고,맑음,주간,차대사람,차대사람-기타,기타,특별광역시도,휘경센트레빌사거리,37.5910458,127.0684105,동대문구,15
2018,12,26,수요일,10,경상사고,0,0,1,0,62,남,15년이상,,승용,사업용,승용,진입회전사고,맑음,주간,차대차,측면직각충돌,중앙선침범,특별광역시도,휘경센트레빌사거리,37.5910458,127.0684105,동대문구,16
2018,12,27,목요일,22,경상사고,0,0,3,0,44,남,15년이상,,승용,비사업용,승용,일직선사고,맑음,심야,차대차,추돌(진행중),안전운전불이행,특별광역시도,휘경센트레빌사거리,37.5910458,127.0684105,동대문구,17
2019,1,22,화요일,20,중상사고,0,1,0,0,63,남,15년이상,,승용,사업용,보행자,보행횡단사고,맑음,출퇴근,차대사람,횡단중,보행자보호의무위반,특별광역시도,휘경센트레빌사거리,37.5910458,127.0684105,동대문구,18
2019,3,12,화요일,8,경상사고,0,0,1,0,71,남,10년미만,,승용,비사업용,승용,일직선사고,맑음,출퇴근,차대차,추돌(진행중),안전운전불이행,특별광역시도,휘경센트레빌사거리,37.5910458,127.0684105,동대문구,19
2019,4,29,월요일,16,경상사고,0,0,1,0,81,남,15년이상,,승용,비사업용,보행자,기타사고,맑음,주간,차대사람,차대사람-기타,기타,특별광역시도,휘경센트레빌사거리,37.5910458,127.0684105,동대문구,20
2019,6,14,금요일,8,경상사고,0,0,1,0,61,남,15년이상,,승용,사업용,승용,일직선사고,맑음,출퇴근,차대차,추돌(진행중),안전운전불이행,특별광역시도,휘경센트레빌사거리,37.5910458,127.0684105,동대문구,21
2019,7,28,일요일,21,중상사고,0,1,0,0,61,여,15년이상,,승용,비사업용,보행자,기타사고,맑음,심야,차대사람,차대사람-기타,안전운전불이행,특별광역시도,휘경센트레빌사거리,37.5910458,127.0684105,동대문구,22
2019,9,7,토요일,6,경상사고,0,0,2,0,44,남,15년이상,,승용,비사업용,이륜,진입회전사고,맑음,새벽,차대차,측면직각충돌,신호위반,특별광역시도,휘경센트레빌사거리,37.5910458,127.0684105,동대문구,23
2019,10,20,일요일,0,경상사고,0,0,3,0,56,남,15년이상,,승용,사업용,화물,일직선사고,흐림,심야,차대차,추돌(진행중),안전운전불이행,특별광역시도,휘경센트레빌사거리,37.5910458,127.0684105,동대문구,24
2019,10,17,목요일,13,경상사고,0,0,1,0,36,남,3년미만,,승용,비사업용,승용,일직선사고,맑음,주간,차대차,추돌(진행중),안전운전불이행,특별광역시도,휘경센트레빌사거리,37.5910458,127.0684105,동대문구,25
2019,10,12,토요일,22,경상사고,0,0,2,0,31,남,2년미만,,승용,비사업용,승용,일직선사고,맑음,심야,차대차,추돌(진행중),안전거리미확보,특별광역시도,휘경센트레빌사거리,37.5910458,127.0684105,동대문구,26
2019,11,4,월요일,13,경상사고,0,0,4,0,55,남,15년이상,,화물,비사업용,화물,일직선사고,맑음,주간,차대차,추돌(진행중),안전거리미확보,특별광역시도,휘경센트레빌사거리,37.5910458,127.0684105,동대문구,27
2017,1,14,토요일,9,경상사고,0,0,2,0,62,남,15년이상,,승용,사업용,화물,일직선사고,맑음,주간,차대차,추돌(진행중),안전운전불이행,특별광역시도,국립현충원삼거리,37.5005944,126.9726349,동작구,
2017,1,16,월요일,19,경상사고,0,0,2,0,25,남,10년미만,,승용,비사업용,승용,일직선사고,맑음,출퇴근,차대차,추돌(진행중),안전거리미확보,특별광역시도,국립현충원삼거리,37.5005944,126.9726349,동작구,
2017,1,25,수요일,22,중상사고,0,1,1,0,56,남,15년이상,,승용,비사업용,승용,진입회전사고,맑음,심야,차대차,측면직각충돌,불법유턴,특별광역시도,국립현충원삼거리,37.5005944,126.9726349,동작구,
2017,1,16,월요일,23,경상사고,0,0,1,0,69,남,15년이상,,승용,비사업용,승용,진입회전사고,맑음,심야,차대차,측면직각충돌,안전운전불이행,특별광역시도,국립현충원삼거리,37.5005944,126.9726349,동작구,
2017,2,2,목요일,9,경상사고,0,0,2,0,72,여,1년미만,,승용,비사업용,기타,단독사고,맑음,주간,차량단독,공작물추돌,안전운전불이행,특별광역시도,국립현충원삼거리,37.5005944,126.9726349,동작구,
2017,2,8,수요일,19,경상사고,0,0,1,0,36,남,15년이상,,승용,사업용,보행자,기타사고,맑음,출퇴근,차대사람,차대사람-기타,안전운전불이행,특별광역시도,국립현충원삼거리,37.5005944,126.9726349,동작구,
2017,2,25,토요일,19,경상사고,0,0,2,2,25,남,10년미만,,승용,사업용,승용,기타사고,맑음,출퇴근,차대차,차대차-기타,안전운전불이행,특별광역시도,국립현충원삼거리,37.5005944,126.9726349,동작구,
2017,2,17,금요일,20,경상사고,0,0,1,0,57,여,15년이상,,승용,비사업용,승용,기타사고,맑음,출퇴근,차대차,차대차-기타,안전거리미확보,특별광역시도,국립현충원삼거리,37.5005944,126.9726349,동작구,
2017,3,17,금요일,15,중상사고,0,1,0,0,28,남,10년미만,,승용,비사업용,이륜,진입회전사고,맑음,주간,차대차,차대차-기타,신호위반,특별광역시도,국립현충원삼거리,37.5005944,126.9726349,동작구,
2017,3,17,금요일,18,경상사고,0,0,1,0,43,여,15년이상,,승용,비사업용,승용,일직선사고,맑음,출퇴근,차대차,추돌(진행중),안전운전불이행,특별광역시도,국립현충원삼거리,37.5005944,126.9726349,동작구,
2017,5,11,목요일,22,경상사고,0,0,1,0,49,남,15년이상,,승용,비사업용,승용,일직선사고,맑음,심야,차대차,추돌(진행중),안전운전불이행,특별광역시도,국립현충원삼거리,37.5005944,126.9726349,동작구,
2017,6,1,목요일,8,경상사고,0,0,1,0,70,남,15년이상,,승합,비사업용,승합,진입회전사고,맑음,출퇴근,차대차,측면직각충돌,차로위반,특별광역시도,국립현충원삼거리,37.5005944,126.9726349,동작구,
2017,6,3,토요일,23,경상사고,0,0,2,0,40,여,4년미만,,승용,사업용,승용,기타사고,맑음,심야,차대차,차대차-기타,안전거리미확보,특별광역시도,국립현충원삼거리,37.5005944,126.9726349,동작구,
2017,7,27,목요일,16,경상사고,0,0,2,0,64,남,15년이상,,건설기계,사업용,건설기계,진입회전사고,맑음,주간,차대차,측면직각충돌,차로위반,특별광역시도,국립현충원삼거리,37.5005944,126.9726349,동작구,
2017,7,19,수요일,21,중상사고,0,1,0,0,52,남,15년이상,,승용,비사업용,승용,일직선사고,맑음,심야,차대차,추돌(진행중),안전운전불이행,특별광역시도,국립현충원삼거리,37.5005944,126.9726349,동작구,
2017,8,25,금요일,11,경상사고,0,0,1,0,59,남,3년미만,,승용,비사업용,승용,진입회전사고,맑음,주간,차대차,측면직각충돌,교차로운행방법위반,특별광역시도,국립현충원삼거리,37.5005944,126.9726349,동작구,
2017,8,9,수요일,22,중상사고,0,1,1,0,23,여,5년미만,,승용,비사업용,승용,진입회전사고,흐림,심야,차대차,측면직각충돌,안전거리미확보,특별광역시도,국립현충원삼거리,37.5005944,126.9726349,동작구,
2017,10,14,토요일,13,경상사고,0,0,1,0,69,남,15년이상,,승용,사업용,원동기,일직선사고,맑음,주간,차대차,추돌(진행중),안전운전불이행,특별광역시도,국립현충원삼거리,37.5005944,126.9726349,동작구,
2017,11,30,목요일,11,중상사고,0,1,0,0,32,남,15년미만,,승용,비사업용,승용,일직선사고,맑음,주간,차대차,추돌(진행중),안전거리미확보,특별광역시도,국립현충원삼거리,37.5005944,126.9726349,동작구,
2018,1,11,목요일,19,경상사고,0,0,1,0,52,여,15년이상,,승용,비사업용,승용,진입회전사고,맑음,출퇴근,차대차,측면직각충돌,차로위반,특별광역시도,국립현충원삼거리,37.5005944,126.9726349,동작구,
2018,2,24,토요일,5,중상사고,0,1,4,0,64,남,15년이상,,승용,사업용,승용,진입회전사고,맑음,새벽,차대차,차대차-기타,신호위반,특별광역시도,국립현충원삼거리,37.5005944,126.9726349,동작구,
2018,4,20,금요일,10,중상사고,0,1,0,0,60,남,15년이상,,승용,사업용,승용,기타사고,맑음,주간,차대차,차대차-기타,안전운전불이행,특별광역시도,국립현충원삼거리,37.5005944,126.9726349,동작구,
2018,5,18,금요일,7,경상사고,0,0,1,0,61,남,15년이상,,승용,사업용,승용,일직선사고,비,출퇴근,차대차,추돌(진행중),안전거리미확보,특별광역시도,국립현충원삼거리,37.5005944,126.9726349,동작구,
2018,5,3,목요일,15,경상사고,0,0,1,0,43,남,15년이상,,승용,비사업용,화물,일직선사고,비,주간,차대차,추돌(진행중),안전거리미확보,특별광역시도,국립현충원삼거리,37.5005944,126.9726349,동작구,
2018,5,23,수요일,20,경상사고,0,0,1,0,51,남,15년이상,,승용,비사업용,이륜,진입회전사고,맑음,출퇴근,차대차,측면직각충돌,안전거리미확보,특별광역시도,국립현충원삼거리,37.5005944,126.9726349,동작구,
2018,6,24,일요일,16,경상사고,0,0,2,0,39,여,15년이상,,승용,비사업용,승용,진입회전사고,맑음,주간,차대차,측면직각충돌,안전운전불이행,특별광역시도,국립현충원삼거리,37.5005944,126.9726349,동작구,
2018,8,7,화요일,18,경상사고,0,0,1,0,41,남,15년이상,,승용,비사업용,승용,진입회전사고,맑음,출퇴근,차대차,측면직각충돌,차로위반,특별광역시도,국립현충원삼거리,37.5005944,126.9726349,동작구,
2018,9,28,금요일,2,중상사고,0,1,1,0,42,남,15년이상,,승용,사업용,원동기,진입회전사고,맑음,심야,차대차,측면직각충돌,신호위반,특별광역시도,국립현충원삼거리,37.5005944,126.9726349,동작구,
2018,9,22,토요일,10,중상사고,0,1,1,0,74,남,15년이상,,승용,사업용,이륜,진입회전사고,맑음,주간,차대차,측면직각충돌,신호위반,특별광역시도,국립현충원삼거리,37.5005944,126.9726349,동작구,
2018,10,22,월요일,8,중상사고,0,1,0,0,43,남,15년이상,,승용,비사업용,승용,진입회전사고,맑음,출퇴근,차대차,측면직각충돌,안전거리미확보,특별광역시도,국립현충원삼거리,37.5005944,126.9726349,동작구,
2018,10,11,목요일,12,경상사고,0,0,2,0,27,여,10년미만,,승용,사업용,이륜,진입회전사고,맑음,주간,차대차,측면직각충돌,신호위반,특별광역시도,국립현충원삼거리,37.5005944,126.9726349,동작구,
2018,10,1,월요일,22,경상사고,0,0,2,0,37,남,15년이상,,승용,비사업용,승용,일직선사고,맑음,심야,차대차,추돌(진행중),안전운전불이행,특별광역시도,국립현충원삼거리,37.5005944,126.9726349,동작구,
2018,12,18,화요일,12,경상사고,0,0,1,0,72,남,15년이상,,승용,사업용,승용,일직선사고,맑음,주간,차대차,추돌(진행중),안전거리미확보,특별광역시도,국립현충원삼거리,37.5005944,126.9726349,동작구,
2018,12,1,토요일,18,중상사고,0,1,0,0,59,남,15년미만,,승용,비사업용,이륜,진입회전사고,맑음,출퇴근,차대차,측면직각충돌,신호위반,특별광역시도,국립현충원삼거리,37.5005944,126.9726349,동작구,
2018,12,19,수요일,20,경상사고,0,0,1,0,22,남,3년미만,,승용,비사업용,승용,기타사고,맑음,출퇴근,차대차,차대차-기타,안전거리미확보,특별광역시도,국립현충원삼거리,37.5005944,126.9726349,동작구,
2019,2,12,화요일,11,경상사고,0,0,2,0,76,남,15년이상,,승용,사업용,화물,진입회전사고,맑음,주간,차대차,측면직각충돌,안전거리미확보,특별광역시도,국립현충원삼거리,37.5005944,126.9726349,동작구,
2019,3,14,목요일,12,중상사고,0,2,0,0,32,남,10년미만,,승용,비사업용,승용,일직선사고,맑음,주간,차대차,추돌(진행중),안전운전불이행,특별광역시도,국립현충원삼거리,37.5005944,126.9726349,동작구,
2019,4,5,금요일,20,경상사고,0,0,1,0,72,남,데이터오류,,승합,비사업용,승합,일직선사고,맑음,출퇴근,차대차,추돌(진행중),안전운전불이행,특별광역시도,국립현충원삼거리,37.5005944,126.9726349,동작구,
2019,6,20,목요일,1,경상사고,0,0,2,0,58,남,15년이상,,승용,사업용,이륜,진입회전사고,맑음,심야,차대차,측면직각충돌,신호위반,특별광역시도,국립현충원삼거리,37.5005944,126.9726349,동작구,
2019,6,1,토요일,6,경상사고,0,0,1,0,30,남,15년미만,0,화물,비사업용,화물,일직선사고,맑음,새벽,차대차,추돌(진행중),안전운전불이행,특별광역시도,국립현충원삼거리,37.5005944,126.9726349,동작구,
2019,6,19,수요일,17,경상사고,0,0,1,0,56,남,15년이상,,건설기계,사업용,건설기계,기타사고,맑음,주간,차대차,차대차-기타,안전운전불이행,특별광역시도,국립현충원삼거리,37.5005944,126.9726349,동작구,
2019,7,16,화요일,17,중상사고,0,1,0,0,54,남,15년이상,,승용,비사업용,승용,진입회전사고,맑음,주간,차대차,측면직각충돌,안전운전불이행,특별광역시도,국립현충원삼거리,37.5005944,126.9726349,동작구,
2019,8,13,화요일,14,중상사고,0,1,1,1,64,남,15년이상,,승용,비사업용,승용,진입회전사고,맑음,주간,차대차,측면직각충돌,안전거리미확보,특별광역시도,국립현충원삼거리,37.5005944,126.9726349,동작구,
2019,8,8,목요일,15,경상사고,0,0,1,0,58,여,15년이상,,승용,비사업용,승용,진입회전사고,맑음,주간,차대차,측면직각충돌,안전거리미확보,특별광역시도,국립현충원삼거리,37.5005944,126.9726349,동작구,
2019,9,25,수요일,15,중상사고,0,1,0,0,36,남,10년미만,,승용,사업용,원동기,진입회전사고,맑음,주간,차대차,측면직각충돌,신호위반,특별광역시도,국립현충원삼거리,37.5005944,126.9726349,동작구,
2019,9,5,목요일,22,경상사고,0,0,1,0,34,남,15년이상,0,승용,비사업용,승용,일직선사고,비,심야,차대차,추돌(진행중),안전운전불이행,특별광역시도,국립현충원삼거리,37.5005944,126.9726349,동작구,
2019,10,16,수요일,14,중상사고,0,2,3,0,57,여,15년이상,,승용,비사업용,승합,진입회전사고,맑음,주간,차대차,정면충돌,신호위반,특별광역시도,국립현충원삼거리,37.5005944,126.9726349,동작구,
2017,2,25,토요일,8,경상사고,0,0,1,0,40,남,15년이상,,승합,사업용,이륜,진입회전사고,맑음,출퇴근,차대차,측면직각충돌,신호위반,특별광역시도,노량진삼거리,37.5134851,126.9402247,동작구,
2017,5,16,화요일,22,중상사고,0,1,0,1,16,남,데이터오류,,자전거,기타,자전거,일직선사고,맑음,심야,차대차,차대차-기타,중앙선침범,특별광역시도,노량진삼거리,37.5134851,126.9402247,동작구,
2017,6,17,토요일,17,중상사고,0,2,5,0,78,남,15년이상,,승용,비사업용,승용,일직선사고,맑음,주간,차대차,추돌(진행중),안전운전불이행,특별광역시도,노량진삼거리,37.5134851,126.9402247,동작구,
2017,7,25,화요일,0,경상사고,0,0,1,0,42,남,15년이상,,승합,사업용,기타,기타사고,흐림,심야,차량단독,차량단독-기타,안전운전불이행,특별광역시도,노량진삼거리,37.5134851,126.9402247,동작구,
2017,8,4,금요일,12,경상사고,0,0,1,0,49,남,15년이상,,승합,사업용,이륜,진입회전사고,맑음,주간,차대차,측면직각충돌,안전운전불이행,특별광역시도,노량진삼거리,37.5134851,126.9402247,동작구,
2017,9,20,수요일,16,경상사고,0,0,1,1,65,남,15년이상,,승용,사업용,승용,일직선사고,맑음,주간,차대차,추돌(진행중),안전운전불이행,특별광역시도,노량진삼거리,37.5134851,126.9402247,동작구,
2017,9,25,월요일,21,경상사고,0,0,2,0,57,남,15년이상,,승용,비사업용,승용,진입회전사고,맑음,심야,차대차,측면직각충돌,안전거리미확보,특별광역시도,노량진삼거리,37.5134851,126.9402247,동작구,
2017,11,29,수요일,14,경상사고,0,0,3,0,60,여,15년이상,,승용,비사업용,승합,진입회전사고,맑음,주간,차대차,측면직각충돌,차로위반,특별광역시도,노량진삼거리,37.5134851,126.9402247,동작구,
2017,12,26,화요일,21,경상사고,0,0,1,0,62,남,15년이상,,승용,사업용,승용,일직선사고,맑음,심야,차대차,추돌(진행중),안전거리미확보,특별광역시도,노량진삼거리,37.5134851,126.9402247,동작구,
2018,1,13,토요일,16,경상사고,0,0,1,0,50,여,15년이상,,승용,비사업용,승합,기타사고,맑음,주간,차대차,차대차-기타,안전거리미확보,특별광역시도,노량진삼거리,37.5134851,126.9402247,동작구,
2018,5,20,일요일,20,중상사고,0,1,0,0,67,남,15년이상,,승용,비사업용,이륜,진입회전사고,맑음,출퇴근,차대차,차대차-기타,신호위반,특별광역시도,노량진삼거리,37.5134851,126.9402247,동작구,
2018,8,23,목요일,23,중상사고,0,1,0,0,55,남,15년이상,,승합,사업용,이륜,진입회전사고,비,심야,차대차,측면직각충돌,안전운전불이행,특별광역시도,노량진삼거리,37.5134851,126.9402247,동작구,
2018,9,17,월요일,19,경상사고,0,0,1,1,26,남,10년미만,,승합,사업용,승합,진입회전사고,맑음,출퇴근,차대차,측면직각충돌,안전운전불이행,특별광역시도,노량진삼거리,37.5134851,126.9402247,동작구,
2018,10,8,월요일,13,부상사고,0,0,0,1,53,남,5년미만,,승합,사업용,이륜,진입회전사고,맑음,주간,차대차,측면직각충돌,불법유턴,특별광역시도,노량진삼거리,37.5134851,126.9402247,동작구,
2018,12,22,토요일,6,경상사고,0,0,2,0,50,남,15년미만,,승용,사업용,화물,일직선사고,맑음,새벽,차대차,추돌(진행중),안전운전불이행,특별광역시도,노량진삼거리,37.5134851,126.9402247,동작구,
2019,2,25,월요일,19,경상사고,0,0,3,0,53,남,15년이상,,승용,사업용,승합,일직선사고,맑음,출퇴근,차대차,추돌(진행중),안전거리미확보,특별광역시도,노량진삼거리,37.5134851,126.9402247,동작구,
2019,3,27,수요일,14,중상사고,0,1,0,0,31,여,15년미만,,승용,사업용,승용,일직선사고,맑음,주간,차대차,추돌(진행중),안전운전불이행,특별광역시도,노량진삼거리,37.5134851,126.9402247,동작구,
2019,4,3,수요일,5,중상사고,0,1,0,1,54,남,5년미만,,이륜,데이터오류,보행자,기타사고,맑음,새벽,차대사람,차도통행중,안전운전불이행,특별광역시도,노량진삼거리,37.5134851,126.9402247,동작구,
2019,4,13,토요일,5,경상사고,0,0,1,0,71,여,15년이상,,승용,비사업용,승합,진입회전사고,맑음,새벽,차대차,측면직각충돌,신호위반,특별광역시도,노량진삼거리,37.5134851,126.9402247,동작구,
2019,4,17,수요일,12,경상사고,0,0,1,0,34,남,15년이상,,이륜,데이터오류,보행자,진입회전사고,맑음,주간,차대사람,차도통행중,신호위반,특별광역시도,노량진삼거리,37.5134851,126.9402247,동작구,
2019,5,6,월요일,22,경상사고,0,0,1,0,41,남,15년미만,,승용,비사업용,이륜,진입회전사고,맑음,심야,차대차,측면직각충돌,신호위반,특별광역시도,노량진삼거리,37.5134851,126.9402247,동작구,
2019,6,3,월요일,16,부상사고,0,0,0,1,36,남,15년이상,,화물,비사업용,이륜,진입회전사고,맑음,주간,차대차,측면직각충돌,교차로운행방법위반,특별광역시도,노량진삼거리,37.5134851,126.9402247,동작구,
2019,7,21,일요일,16,경상사고,0,0,1,0,27,남,10년미만,,승용,비사업용,이륜,기타사고,맑음,주간,차대차,차대차-기타,교차로운행방법위반,특별광역시도,노량진삼거리,37.5134851,126.9402247,동작구,
2019,7,1,월요일,18,중상사고,0,1,0,0,58,남,15년이상,,승합,사업용,이륜,진입회전사고,맑음,출퇴근,차대차,측면직각충돌,신호위반,특별광역시도,노량진삼거리,37.5134851,126.9402247,동작구,
2019,7,27,토요일,18,부상사고,0,0,0,1,불명,불명,데이터오류,,기타,데이터오류,기타,기타사고,맑음,출퇴근,차대사람,차대사람-기타,기타,특별광역시도,노량진삼거리,37.5134851,126.9402247,동작구,
2019,7,4,목요일,19,경상사고,0,0,1,0,32,남,15년미만,,승합,사업용,승합,진입회전사고,맑음,출퇴근,차대차,추돌(진행중),신호위반,특별광역시도,노량진삼거리,37.5134851,126.9402247,동작구,
2019,7,25,목요일,20,경상사고,0,0,1,0,65,남,10년미만,,승용,사업용,승용,일직선사고,맑음,출퇴근,차대차,추돌(진행중),안전운전불이행,특별광역시도,노량진삼거리,37.5134851,126.9402247,동작구,
2019,8,5,월요일,22,경상사고,0,0,1,1,27,남,10년미만,,승합,사업용,이륜,진입회전사고,맑음,심야,차대차,측면직각충돌,신호위반,특별광역시도,노량진삼거리,37.5134851,126.9402247,동작구,
2019,9,11,수요일,4,경상사고,0,0,2,0,59,남,4년미만,0,화물,사업용,화물,진입회전사고,비,심야,차대차,측면직각충돌,차로위반,특별광역시도,노량진삼거리,37.5134851,126.9402247,동작구,
2019,10,13,일요일,4,경상사고,0,0,2,1,44,여,15년이상,,승용,비사업용,승용,진입회전사고,맑음,심야,차대차,측면직각충돌,신호위반,특별광역시도,노량진삼거리,37.5134851,126.9402247,동작구,
2019,10,12,토요일,13,중상사고,0,1,1,0,28,남,4년미만,,승용,비사업용,승용,진입회전사고,맑음,주간,차대차,측면직각충돌,신호위반,특별광역시도,노량진삼거리,37.5134851,126.9402247,동작구,
2019,10,23,수요일,15,경상사고,0,0,1,0,57,남,15년이상,,화물,비사업용,화물,일직선사고,맑음,주간,차대차,추돌(진행중),안전거리미확보,특별광역시도,노량진삼거리,37.5134851,126.9402247,동작구,
2019,11,10,일요일,17,중상사고,0,1,3,0,68,남,15년이상,,승용,사업용,승용,일직선사고,맑음,주간,차대차,추돌(진행중),안전운전불이행,특별광역시도,노량진삼거리,37.5134851,126.9402247,동작구,
2019,12,7,토요일,4,경상사고,0,0,1,0,68,남,15년이상,,승용,사업용,보행자,진입회전사고,맑음,심야,차대사람,차도통행중,신호위반,특별광역시도,노량진삼거리,37.5134851,126.9402247,동작구,
2017,1,12,목요일,13,경상사고,0,0,1,0,57,남,15년이상,,승용,사업용,이륜,진입회전사고,맑음,주간,차대차,측면직각충돌,차로위반,특별광역시도,노량진삼거리,37.5134851,126.9402247,동작구,
2017,3,15,수요일,13,중상사고,0,1,0,0,67,남,15년이상,,화물,사업용,보행자,보행횡단사고,맑음,주간,차대사람,횡단중,안전운전불이행,특별광역시도,노량진삼거리,37.5134851,126.9402247,동작구,
2017,3,16,목요일,16,중상사고,0,1,0,0,29,남,10년미만,,이륜,기타,보행자,진입회전사고,맑음,주간,차대사람,횡단중,신호위반,특별광역시도,노량진삼거리,37.5134851,126.9402247,동작구,
2017,5,28,일요일,14,중상사고,0,1,0,0,56,남,10년미만,,승용,사업용,보행자,보행횡단사고,맑음,주간,차대사람,횡단중,안전운전불이행,특별광역시도,노량진삼거리,37.5134851,126.9402247,동작구,
2017,8,26,토요일,10,중상사고,0,1,0,0,57,여,15년미만,,승용,비사업용,보행자,진입회전사고,맑음,주간,차대사람,횡단중,신호위반,특별광역시도,노량진삼거리,37.5134851,126.9402247,동작구,
2017,10,13,금요일,23,중상사고,0,3,1,0,62,남,15년이상,,승용,사업용,승용,일직선사고,맑음,심야,차대차,추돌(진행중),안전운전불이행,특별광역시도,노량진삼거리,37.5134851,126.9402247,동작구,
2017,12,5,화요일,15,경상사고,0,0,1,0,57,남,15년이상,,화물,사업용,원동기,진입회전사고,맑음,주간,차대차,측면직각충돌,차로위반,특별광역시도,노량진삼거리,37.5134851,126.9402247,동작구,
2017,12,1,금요일,21,경상사고,0,0,2,1,28,남,10년미만,,승용,사업용,승용,일직선사고,눈,심야,차대차,추돌(진행중),안전거리미확보,특별광역시도,노량진삼거리,37.5134851,126.9402247,동작구,
2018,2,1,목요일,19,중상사고,0,1,0,0,63,여,15년이상,,원동기,기타,보행자,기타사고,맑음,출퇴근,차대사람,차대사람-기타,안전운전불이행,특별광역시도,노량진삼거리,37.5134851,126.9402247,동작구,
2018,3,3,토요일,8,중상사고,0,1,0,0,70,남,15년미만,,승용,비사업용,보행자,보행횡단사고,맑음,출퇴근,차대사람,횡단중,안전운전불이행,특별광역시도,노량진삼거리,37.5134851,126.9402247,동작구,
2018,4,9,월요일,13,중상사고,0,1,1,0,44,남,10년미만,,승용,비사업용,승용,진입회전사고,맑음,주간,차대차,측면직각충돌,차로위반,특별광역시도,노량진삼거리,37.5134851,126.9402247,동작구,
2018,4,13,금요일,14,사망사고,1,0,0,0,45,남,1년미만,,승용,비사업용,보행자,진입회전사고,맑음,주간,차대사람,횡단중,신호위반,특별광역시도,노량진삼거리,37.5134851,126.9402247,동작구,
2018,10,19,금요일,19,경상사고,0,0,1,0,62,남,15년이상,,승합,사업용,기타,기타사고,맑음,출퇴근,차량단독,차량단독-기타,안전운전불이행,특별광역시도,노량진삼거리,37.5134851,126.9402247,동작구,
2018,12,4,화요일,12,중상사고,0,1,0,0,44,남,15년미만,,이륜,기타,자전거,진입회전사고,맑음,주간,차대차,측면직각충돌,신호위반,특별광역시도,노량진삼거리,37.5134851,126.9402247,동작구,
2019,2,16,토요일,6,중상사고,0,1,0,0,64,남,15년이상,,화물,비사업용,보행자,기타사고,맑음,새벽,차대사람,차도통행중,안전운전불이행,특별광역시도,노량진삼거리,37.5134851,126.9402247,동작구,
2019,4,1,월요일,22,중상사고,0,1,0,0,17,남,1년미만,,이륜,데이터오류,보행자,진입회전사고,맑음,심야,차대사람,횡단중,신호위반,특별광역시도,노량진삼거리,37.5134851,126.9402247,동작구,
2019,5,10,금요일,8,경상사고,0,0,1,0,52,남,15년이상,,승합,사업용,기타,기타사고,맑음,출퇴근,차량단독,차량단독-기타,안전운전불이행,특별광역시도,노량진삼거리,37.5134851,126.9402247,동작구,