년도,월,일,요일,시각,사고등급,사망자수,중상자수,경상자수,부상자수,연령,성별,경력,음주,종별,용도,관련자2,사고형태,기상상태,일광상태,사고유형1,사고유형2,법규위반,도로종류,지점명,위도,경도,자치구,
2019,5,4,토요일,12,부상사고,0,0,0,1,22,남,1년미만,,승용,비사업용,화물,진입회전사고,맑음,주간,차대차,측면직각충돌,신호위반,특별광역시도,노량진삼거리,37.5134851,126.9402247,동작구,
2019,6,17,월요일,23,경상사고,0,0,1,0,79,남,15년이상,,승용,사업용,승용,일직선사고,맑음,심야,차대차,추돌(진행중),안전운전불이행,특별광역시도,노량진삼거리,37.5134851,126.9402247,동작구,
2019,7,5,금요일,22,중상사고,0,1,0,0,18,남,15년이상,,자전거,데이터오류,보행자,기타사고,맑음,심야,차대사람,차대사람-기타,안전운전불이행,특별광역시도,노량진삼거리,37.5134851,126.9402247,동작구,
2019,10,9,수요일,1,경상사고,0,0,1,0,75,남,15년이상,,승용,사업용,보행자,기타사고,맑음,심야,차대사람,차도통행중,안전운전불이행,특별광역시도,노량진삼거리,37.5134851,126.9402247,동작구,
2019,11,7,목요일,11,경상사고,0,0,1,0,35,남,15년이상,,승용,비사업용,이륜,진입회전사고,맑음,주간,차대차,측면직각충돌,안전거리미확보,특별광역시도,노량진삼거리,37.5134851,126.9402247,동작구,
2019,11,17,일요일,13,중상사고,0,1,1,0,62,남,15년이상,,이륜,데이터오류,보행자,보행횡단사고,비,주간,차대사람,횡단중,보행자보호의무위반,특별광역시도,노량진삼거리,37.5134851,126.9402247,동작구,
2019,11,23,토요일,18,경상사고,0,0,1,0,43,여,15년이상,,승용,비사업용,기타,진입회전사고,맑음,출퇴근,차대차,측면직각충돌,안전운전불이행,특별광역시도,노량진삼거리,37.5134851,126.9402247,동작구,
2017,1,13,금요일,13,중상사고,0,1,0,0,49,남,15년이상,,승합,사업용,승합,진입회전사고,맑음,주간,차대차,측면직각충돌,신호위반,특별광역시도,노량진역부근삼거리,37.514082,126.941687,동작구,
2017,1,4,수요일,22,경상사고,0,0,1,0,36,남,15년이상,,승용,비사업용,승합,진입회전사고,맑음,심야,차대차,측면직각충돌,신호위반,특별광역시도,노량진역부근삼거리,37.514082,126.941687,동작구,
2017,2,22,수요일,18,중상사고,0,1,0,0,56,남,15년이상,,승합,사업용,보행자,기타사고,흐림,출퇴근,차대사람,차대사람-기타,안전운전불이행,특별광역시도,노량진역부근삼거리,37.514082,126.941687,동작구,
2017,5,4,목요일,18,중상사고,0,1,0,0,72,남,15년이상,,승용,사업용,보행자,진입회전사고,맑음,출퇴근,차대사람,횡단중,신호위반,특별광역시도,노량진역부근삼거리,37.514082,126.941687,동작구,
2017,5,26,금요일,18,경상사고,0,0,7,0,60,남,15년이상,,승합,사업용,승합,기타사고,맑음,출퇴근,차대차,차대차-기타,안전운전불이행,특별광역시도,노량진역부근삼거리,37.514082,126.941687,동작구,
2017,9,2,토요일,13,경상사고,0,0,3,0,55,여,15년이상,,승용,비사업용,원동기,일직선사고,맑음,주간,차대차,추돌(진행중),안전운전불이행,특별광역시도,노량진역부근삼거리,37.514082,126.941687,동작구,
2017,9,23,토요일,14,경상사고,0,0,1,0,53,여,15년이상,,승용,비사업용,보행자,기타사고,맑음,주간,차대사람,차도통행중,안전운전불이행,특별광역시도,노량진역부근삼거리,37.514082,126.941687,동작구,
2017,9,11,월요일,22,중상사고,0,1,0,0,55,남,15년이상,,승합,사업용,기타,기타사고,맑음,심야,차대차,차대차-기타,안전운전불이행,특별광역시도,노량진역부근삼거리,37.514082,126.941687,동작구,
2017,10,29,일요일,16,경상사고,0,0,1,0,70,남,15년이상,,승용,사업용,승합,진입회전사고,맑음,주간,차대차,측면직각충돌,신호위반,특별광역시도,노량진역부근삼거리,37.514082,126.941687,동작구,
2017,12,22,금요일,18,부상사고,0,0,0,1,32,남,15년미만,,승용,비사업용,이륜,일직선사고,맑음,출퇴근,차대차,추돌(진행중),안전운전불이행,특별광역시도,노량진역부근삼거리,37.514082,126.941687,동작구,
2018,1,26,금요일,13,경상사고,0,0,1,0,47,남,15년이상,,승합,사업용,기타,기타사고,맑음,주간,차량단독,차량단독-기타,안전운전불이행,특별광역시도,노량진역부근삼거리,37.514082,126.941687,동작구,
2018,4,26,목요일,16,경상사고,0,0,1,0,44,남,15년이상,,승용,비사업용,보행자,기타사고,맑음,주간,차대사람,차도통행중,안전운전불이행,특별광역시도,노량진역부근삼거리,37.514082,126.941687,동작구,
2018,4,18,수요일,17,경상사고,0,0,1,0,29,여,15년이상,,승용,비사업용,보행자,기타사고,맑음,주간,차대사람,길가장자리구역통행중,안전운전불이행,특별광역시도,노량진역부근삼거리,37.514082,126.941687,동작구,
2018,6,5,화요일,18,경상사고,0,0,1,0,34,남,15년이상,,승용,비사업용,이륜,진입회전사고,맑음,출퇴근,차대차,측면직각충돌,중앙선침범,특별광역시도,노량진역부근삼거리,37.514082,126.941687,동작구,
2018,6,18,월요일,23,중상사고,0,1,1,0,31,남,15년이상,,승용,비사업용,승용,진입회전사고,맑음,심야,차대차,측면직각충돌,안전거리미확보,특별광역시도,노량진역부근삼거리,37.514082,126.941687,동작구,
2018,9,19,수요일,16,부상사고,0,0,0,1,26,남,10년미만,,승용,비사업용,자전거,진입회전사고,맑음,주간,차대차,측면직각충돌,중앙선침범,특별광역시도,노량진역부근삼거리,37.514082,126.941687,동작구,
2018,10,3,수요일,18,경상사고,0,0,1,0,69,남,15년이상,,승용,사업용,원동기,진입회전사고,맑음,출퇴근,차대차,측면직각충돌,기타,특별광역시도,노량진역부근삼거리,37.514082,126.941687,동작구,
2018,10,23,화요일,21,경상사고,0,0,1,0,21,남,15년이상,,이륜,기타,보행자,진입회전사고,맑음,심야,차대사람,횡단중,신호위반,특별광역시도,노량진역부근삼거리,37.514082,126.941687,동작구,
2018,11,29,목요일,2,경상사고,0,0,1,0,62,남,15년이상,,승용,사업용,승용,진입회전사고,맑음,심야,차대차,측면직각충돌,안전운전불이행,특별광역시도,노량진역부근삼거리,37.514082,126.941687,동작구,
2018,12,10,월요일,11,경상사고,0,0,2,0,47,남,15년이상,,승합,사업용,승합,기타사고,맑음,주간,차대차,차대차-기타,안전거리미확보,특별광역시도,노량진역부근삼거리,37.514082,126.941687,동작구,
2019,1,17,목요일,16,경상사고,0,0,1,0,55,남,15년이상,,승용,비사업용,보행자,기타사고,맑음,주간,차대사람,차대사람-기타,기타,특별광역시도,노량진역부근삼거리,37.514082,126.941687,동작구,
2019,1,23,수요일,21,경상사고,0,0,1,0,50,남,15년이상,,승합,사업용,보행자,보행횡단사고,맑음,심야,차대사람,횡단중,안전운전불이행,특별광역시도,노량진역부근삼거리,37.514082,126.941687,동작구,
2019,4,29,월요일,18,경상사고,0,0,2,0,70,여,15년이상,,승용,비사업용,승용,진입회전사고,맑음,출퇴근,차대차,측면직각충돌,교차로운행방법위반,특별광역시도,노량진역부근삼거리,37.514082,126.941687,동작구,
2019,5,22,수요일,13,중상사고,0,1,0,0,51,남,15년이상,,승합,사업용,이륜,진입회전사고,맑음,주간,차대차,차대차-기타,신호위반,특별광역시도,노량진역부근삼거리,37.514082,126.941687,동작구,
2019,5,31,금요일,14,경상사고,0,0,1,0,41,남,15년미만,,화물,비사업용,보행자,기타사고,맑음,주간,차대사람,차대사람-기타,안전운전불이행,기타,노량진역부근삼거리,37.514082,126.941687,동작구,
2019,6,14,금요일,10,경상사고,0,0,1,0,19,남,2년미만,,승용,비사업용,보행자,기타사고,맑음,주간,차대사람,길가장자리구역통행중,안전운전불이행,특별광역시도,노량진역부근삼거리,37.514082,126.941687,동작구,
2019,6,30,일요일,13,경상사고,0,0,1,0,46,남,15년이상,,승합,사업용,승합,기타사고,맑음,주간,차대차,차대차-기타,안전거리미확보,특별광역시도,노량진역부근삼거리,37.514082,126.941687,동작구,
2019,6,28,금요일,17,중상사고,0,1,0,0,31,남,15년미만,,이륜,데이터오류,자전거,진입회전사고,맑음,주간,차대차,측면직각충돌,안전운전불이행,특별광역시도,노량진역부근삼거리,37.514082,126.941687,동작구,
2019,7,25,목요일,16,경상사고,0,0,1,0,57,여,15년이상,,승용,비사업용,보행자,기타사고,흐림,주간,차대사람,차대사람-기타,안전운전불이행,기타,노량진역부근삼거리,37.514082,126.941687,동작구,
2019,7,10,수요일,17,중상사고,0,2,0,0,27,남,데이터오류,,이륜,데이터오류,보행자,진입회전사고,맑음,주간,차대사람,횡단중,신호위반,특별광역시도,노량진역부근삼거리,37.514082,126.941687,동작구,
2019,7,20,토요일,21,경상사고,0,0,1,0,61,남,15년이상,,승용,사업용,승용,진입회전사고,맑음,심야,차대차,측면직각충돌,안전거리미확보,특별광역시도,노량진역부근삼거리,37.514082,126.941687,동작구,
2019,8,31,토요일,14,경상사고,0,0,1,0,28,여,15년이상,,승용,비사업용,이륜,일직선사고,맑음,주간,차대차,정면충돌,교차로운행방법위반,특별광역시도,노량진역부근삼거리,37.514082,126.941687,동작구,
2019,8,20,화요일,20,중상사고,0,1,0,0,30,남,15년미만,,이륜,데이터오류,보행자,기타사고,맑음,출퇴근,차대사람,차대사람-기타,안전운전불이행,특별광역시도,노량진역부근삼거리,37.514082,126.941687,동작구,
2019,9,17,화요일,19,경상사고,0,0,1,0,39,남,10년미만,,승합,사업용,기타,기타사고,맑음,출퇴근,차량단독,차량단독-기타,안전운전불이행,특별광역시도,노량진역부근삼거리,37.514082,126.941687,동작구,
2019,10,9,수요일,13,중상사고,0,1,0,0,46,남,15년이상,,승합,비사업용,이륜,기타사고,맑음,주간,차대차,차대차-기타,안전운전불이행,특별광역시도,노량진역부근삼거리,37.514082,126.941687,동작구,
2019,12,16,월요일,18,경상사고,0,0,1,0,49,남,15년이상,,이륜,데이터오류,보행자,기타사고,맑음,출퇴근,차대사람,차대사람-기타,보행자보호의무위반,특별광역시도,노량진역부근삼거리,37.514082,126.941687,동작구,
2017,1,11,수요일,5,경상사고,0,0,2,0,52,남,15년이상,,화물,사업용,화물,기타사고,맑음,새벽,차대차,차대차-기타,안전운전불이행,특별광역시도,대림사거리,37.4888486,126.9062843,동작구,
2017,1,5,목요일,17,중상사고,0,1,0,0,59,여,데이터오류,,자전거,기타,기타,진입회전사고,맑음,주간,차대차,측면직각충돌,중앙선침범,특별광역시도,대림사거리,37.4888486,126.9062843,동작구,
2017,4,5,수요일,18,경상사고,0,0,1,0,47,남,10년미만,,승용,비사업용,승용,일직선사고,맑음,출퇴근,차대차,추돌(진행중),안전운전불이행,특별광역시도,대림사거리,37.4888486,126.9062843,동작구,
2017,5,21,일요일,0,경상사고,0,0,1,0,47,남,15년이상,,승용,사업용,승용,일직선사고,맑음,심야,차대차,추돌(진행중),안전운전불이행,특별광역시도,대림사거리,37.4888486,126.9062843,동작구,
2017,5,9,화요일,1,부상사고,0,0,0,1,32,남,15년미만,0,승용,비사업용,승용,일직선사고,맑음,심야,차대차,추돌(진행중),안전운전불이행,특별광역시도,대림사거리,37.4888486,126.9062843,동작구,
2017,5,11,목요일,22,부상사고,0,0,0,1,53,남,15년이상,,승용,사업용,이륜,진입회전사고,맑음,심야,차대차,측면직각충돌,안전운전불이행,특별광역시도,대림사거리,37.4888486,126.9062843,동작구,
2017,6,24,토요일,22,경상사고,0,0,2,0,32,남,15년이상,,승용,비사업용,승용,진입회전사고,맑음,심야,차대차,측면직각충돌,안전운전불이행,특별광역시도,대림사거리,37.4888486,126.9062843,동작구,
2017,7,12,수요일,0,중상사고,0,1,1,0,55,남,3년미만,0,승용,비사업용,승용,일직선사고,흐림,심야,차대차,추돌(진행중),안전운전불이행,특별광역시도,대림사거리,37.4888486,126.9062843,동작구,
2017,7,15,토요일,4,경상사고,0,0,1,0,48,남,15년이상,,건설기계,사업용,보행자,보행횡단사고,맑음,심야,차대사람,횡단중,보행자보호의무위반,특별광역시도,대림사거리,37.4888486,126.9062843,동작구,
2017,7,23,일요일,19,경상사고,0,0,1,0,32,남,1년미만,,승용,비사업용,원동기,기타사고,맑음,출퇴근,차대차,차대차-기타,안전운전불이행,특별광역시도,대림사거리,37.4888486,126.9062843,동작구,
2017,7,28,금요일,21,경상사고,0,0,1,0,25,남,10년미만,,승용,비사업용,보행자,보행횡단사고,맑음,심야,차대사람,횡단중,보행자보호의무위반,특별광역시도,대림사거리,37.4888486,126.9062843,동작구,
2017,7,6,목요일,22,경상사고,0,0,1,0,불명,불명,데이터오류,,기타,데이터오류,기타,기타사고,흐림,심야,차대차,차대차-기타,안전운전불이행,기타,대림사거리,37.4888486,126.9062843,동작구,
2017,7,7,금요일,23,경상사고,0,0,1,0,53,남,15년이상,,승합,사업용,이륜,진입회전사고,비,심야,차대차,측면직각충돌,신호위반,특별광역시도,대림사거리,37.4888486,126.9062843,동작구,
2017,8,21,월요일,2,경상사고,0,0,3,0,32,남,2년미만,0,승용,비사업용,승용,진입회전사고,비,심야,차대차,측면직각충돌,신호위반,특별광역시도,대림사거리,37.4888486,126.9062843,동작구,
2017,8,5,토요일,16,경상사고,0,0,1,0,32,남,1년미만,,승용,비사업용,승용,일직선사고,맑음,주간,차대차,추돌(진행중),안전거리미확보,특별광역시도,대림사거리,37.4888486,126.9062843,동작구,
2017,10,9,월요일,5,경상사고,0,0,1,0,23,남,4년미만,,화물,사업용,보행자,보행횡단사고,맑음,새벽,차대사람,횡단중,안전운전불이행,특별광역시도,대림사거리,37.4888486,126.9062843,동작구,
2017,10,24,화요일,19,중상사고,0,1,1,0,34,남,10년미만,,원동기,기타,원동기,진입회전사고,맑음,출퇴근,차대차,측면직각충돌,안전운전불이행,특별광역시도,대림사거리,37.4888486,126.9062843,동작구,
2017,10,27,금요일,19,경상사고,0,0,1,0,52,여,15년미만,,승용,비사업용,이륜,진입회전사고,맑음,출퇴근,차대차,측면직각충돌,데이터없음,특별광역시도,대림사거리,37.4888486,126.9062843,동작구,
2017,10,13,금요일,21,경상사고,0,0,1,0,53,남,15년이상,,원동기,기타,자전거,진입회전사고,맑음,심야,차대차,측면직각충돌,신호위반,기타,대림사거리,37.4888486,126.9062843,동작구,
2017,11,27,월요일,20,경상사고,0,0,1,0,56,남,15년이상,0,화물,비사업용,화물,진입회전사고,맑음,출퇴근,차대차,측면직각충돌,안전운전불이행,특별광역시도,대림사거리,37.4888486,126.9062843,동작구,
2017,12,2,토요일,4,경상사고,0,0,1,0,42,남,15년이상,,승합,비사업용,자전거,진입회전사고,맑음,심야,차대차,측면직각충돌,안전운전불이행,특별광역시도,대림사거리,37.4888486,126.9062843,동작구,
2018,1,27,토요일,22,부상사고,0,0,0,1,65,남,15년이상,,승용,사업용,승용,일직선사고,맑음,심야,차대차,추돌(진행중),안전운전불이행,특별광역시도,대림사거리,37.4888486,126.9062843,동작구,
2018,2,13,화요일,17,부상사고,0,0,0,1,58,남,15년이상,,특수,사업용,보행자,보행횡단사고,맑음,주간,차대사람,횡단중,안전운전불이행,특별광역시도,대림사거리,37.4888486,126.9062843,동작구,
2018,4,24,화요일,13,경상사고,0,0,1,0,62,남,15년이상,,승용,사업용,승용,일직선사고,맑음,주간,차대차,추돌(진행중),안전운전불이행,특별광역시도,대림사거리,37.4888486,126.9062843,동작구,
2018,6,19,화요일,12,경상사고,0,0,1,0,50,남,데이터오류,,자전거,기타,보행자,보행횡단사고,맑음,주간,차대사람,보도통행중,안전운전불이행,특별광역시도,대림사거리,37.4888486,126.9062843,동작구,
2018,6,19,화요일,13,경상사고,0,0,1,0,71,남,15년이상,,승용,사업용,이륜,진입회전사고,맑음,주간,차대차,측면직각충돌,차로위반,특별광역시도,대림사거리,37.4888486,126.9062843,동작구,
2018,6,28,목요일,17,중상사고,0,1,0,0,50,남,1년미만,,승용,비사업용,이륜,기타사고,비,주간,차대차,차대차-기타,교차로운행방법위반,특별광역시도,대림사거리,37.4888486,126.9062843,동작구,
2018,8,31,금요일,1,중상사고,0,1,0,0,불명,불명,데이터오류,,기타,기타,기타,진입회전사고,비,심야,차대차,측면직각충돌,안전운전불이행,특별광역시도,대림사거리,37.4888486,126.9062843,동작구,
2018,8,31,금요일,13,경상사고,0,0,1,0,34,남,15년이상,,승용,비사업용,승용,일직선사고,맑음,주간,차대차,추돌(진행중),안전운전불이행,특별광역시도,대림사거리,37.4888486,126.9062843,동작구,
2018,9,20,목요일,6,경상사고,0,0,1,0,55,남,15년이상,,승합,사업용,승합,일직선사고,맑음,새벽,차대차,추돌(진행중),안전운전불이행,특별광역시도,대림사거리,37.4888486,126.9062843,동작구,
2018,10,30,화요일,6,경상사고,0,0,1,0,46,남,15년이상,,화물,비사업용,자전거,진입회전사고,맑음,새벽,차대차,측면직각충돌,안전운전불이행,특별광역시도,대림사거리,37.4888486,126.9062843,동작구,
2018,10,7,일요일,7,경상사고,0,0,1,0,34,남,15년미만,,승용,비사업용,자전거,진입회전사고,맑음,출퇴근,차대차,측면직각충돌,불법유턴,특별광역시도,대림사거리,37.4888486,126.9062843,동작구,
2018,10,23,화요일,18,경상사고,0,0,2,0,32,남,10년미만,,승용,비사업용,승용,기타사고,흐림,출퇴근,차대차,차대차-기타,교차로운행방법위반,특별광역시도,대림사거리,37.4888486,126.9062843,동작구,
2018,11,8,목요일,3,중상사고,0,1,0,0,52,남,15년이상,,승용,사업용,보행자,보행횡단사고,비,심야,차대사람,횡단중,안전운전불이행,특별광역시도,대림사거리,37.4888486,126.9062843,동작구,
2018,11,29,목요일,8,경상사고,0,0,1,0,27,남,15년이상,0,승용,비사업용,승용,일직선사고,흐림,출퇴근,차대차,추돌(진행중),안전운전불이행,특별광역시도,대림사거리,37.4888486,126.9062843,동작구,
2018,12,2,일요일,5,부상사고,0,0,0,1,62,남,15년이상,,승용,사업용,자전거,진입회전사고,맑음,새벽,차대차,측면직각충돌,신호위반,특별광역시도,대림사거리,37.4888486,126.9062843,동작구,
2018,12,19,수요일,18,경상사고,0,0,1,0,77,남,데이터오류,,승용,비사업용,승용,일직선사고,맑음,출퇴근,차대차,추돌(진행중),안전운전불이행,특별광역시도,대림사거리,37.4888486,126.9062843,동작구,
2019,1,6,일요일,18,중상사고,0,1,0,0,38,여,15년이상,,승용,비사업용,이륜,진입회전사고,맑음,출퇴근,차대차,측면직각충돌,안전운전불이행,특별광역시도,대림사거리,37.4888486,126.9062843,동작구,
2019,2,16,토요일,20,경상사고,0,0,1,0,45,남,4년미만,,승용,비사업용,승용,일직선사고,맑음,출퇴근,차대차,정면충돌,안전운전불이행,특별광역시도,대림사거리,37.4888486,126.9062843,동작구,
2019,4,25,목요일,6,경상사고,0,0,1,0,38,여,10년미만,,승용,비사업용,승용,일직선사고,맑음,새벽,차대차,추돌(진행중),과속,특별광역시도,대림사거리,37.4888486,126.9062843,동작구,
2019,4,18,목요일,7,경상사고,0,0,1,0,52,남,15년이상,,승용,사업용,이륜,일직선사고,맑음,출퇴근,차대차,추돌(진행중),안전운전불이행,특별광역시도,대림사거리,37.4888486,126.9062843,동작구,
2019,5,16,목요일,3,경상사고,0,0,2,0,16,남,1년미만,,이륜,데이터오류,이륜,일직선사고,맑음,심야,차대차,추돌(진행중),안전거리미확보,특별광역시도,대림사거리,37.4888486,126.9062843,동작구,
2019,5,2,목요일,8,경상사고,0,0,1,0,77,남,10년미만,,승용,비사업용,승용,진입회전사고,맑음,출퇴근,차대차,측면직각충돌,안전거리미확보,특별광역시도,대림사거리,37.4888486,126.9062843,동작구,
2019,5,10,금요일,14,중상사고,0,1,0,0,54,남,15년이상,,승합,비사업용,이륜,진입회전사고,맑음,주간,차대차,측면직각충돌,신호위반,특별광역시도,대림사거리,37.4888486,126.9062843,동작구,
2019,6,24,월요일,15,중상사고,0,1,1,0,56,남,15년미만,,건설기계,사업용,건설기계,진입회전사고,맑음,주간,차대차,측면직각충돌,교차로운행방법위반,특별광역시도,대림사거리,37.4888486,126.9062843,동작구,
2019,6,9,일요일,20,경상사고,0,0,2,0,57,남,15년이상,,승용,사업용,승용,진입회전사고,맑음,출퇴근,차대차,측면직각충돌,안전거리미확보,특별광역시도,대림사거리,37.4888486,126.9062843,동작구,
2019,7,25,목요일,4,중상사고,0,1,0,0,40,남,3년미만,,화물,비사업용,이륜,진입회전사고,비,심야,차대차,측면직각충돌,신호위반,특별광역시도,대림사거리,37.4888486,126.9062843,동작구,
2019,7,8,월요일,9,경상사고,0,0,2,0,26,남,4년미만,,승용,비사업용,승용,일직선사고,맑음,주간,차대차,추돌(진행중),안전운전불이행,특별광역시도,대림사거리,37.4888486,126.9062843,동작구,
2019,8,12,월요일,2,경상사고,0,0,1,0,47,남,15년이상,,승용,사업용,이륜,진입회전사고,비,심야,차대차,측면직각충돌,안전거리미확보,특별광역시도,대림사거리,37.4888486,126.9062843,동작구,
2019,8,16,금요일,10,부상사고,0,0,0,1,57,여,15년이상,,승용,사업용,원동기,진입회전사고,맑음,주간,차대차,측면직각충돌,차로위반,특별광역시도,대림사거리,37.4888486,126.9062843,동작구,
2019,8,6,화요일,20,중상사고,0,1,0,0,20,여,2년미만,,승용,비사업용,이륜,진입회전사고,맑음,출퇴근,차대차,측면직각충돌,차로위반,특별광역시도,대림사거리,37.4888486,126.9062843,동작구,
2019,9,13,금요일,2,중상사고,0,1,4,0,66,남,15년이상,,승용,사업용,승용,진입회전사고,흐림,심야,차대차,측면직각충돌,신호위반,특별광역시도,대림사거리,37.4888486,126.9062843,동작구,
2019,9,25,수요일,16,중상사고,0,1,0,1,65,여,15년이상,,자전거,데이터오류,자전거,진입회전사고,맑음,주간,차대차,측면직각충돌,불법유턴,특별광역시도,대림사거리,37.4888486,126.9062843,동작구,
2019,9,19,목요일,23,경상사고,0,0,4,0,61,남,15년이상,,승용,사업용,승용,진입회전사고,맑음,심야,차대차,측면직각충돌,안전운전불이행,특별광역시도,대림사거리,37.4888486,126.9062843,동작구,
2019,10,3,목요일,4,경상사고,0,0,1,0,23,남,10년미만,,승용,비사업용,승용,일직선사고,비,심야,차대차,추돌(진행중),안전운전불이행,특별광역시도,대림사거리,37.4888486,126.9062843,동작구,
2019,10,21,월요일,4,중상사고,0,1,1,0,69,남,15년이상,,승용,사업용,이륜,진입회전사고,맑음,심야,차대차,측면직각충돌,신호위반,특별광역시도,대림사거리,37.4888486,126.9062843,동작구,
2019,10,16,수요일,11,경상사고,0,0,1,0,71,여,15년이상,,승합,비사업용,승합,기타사고,맑음,주간,차대차,차대차-기타,차로위반,특별광역시도,대림사거리,37.4888486,126.9062843,동작구,
2019,10,22,화요일,15,중상사고,0,2,3,0,41,여,15년이상,,승용,비사업용,승용,진입회전사고,맑음,주간,차대차,측면직각충돌,신호위반,특별광역시도,대림사거리,37.4888486,126.9062843,동작구,
2019,10,25,금요일,19,경상사고,0,0,1,0,73,남,15년이상,,승용,사업용,승용,기타사고,맑음,출퇴근,차대차,차대차-기타,교차로운행방법위반,특별광역시도,대림사거리,37.4888486,126.9062843,동작구,
2019,11,15,금요일,3,중상사고,0,1,2,0,35,남,15년이상,0,승용,비사업용,승용,일직선사고,맑음,심야,차대차,추돌(진행중),안전운전불이행,특별광역시도,대림사거리,37.4888486,126.9062843,동작구,
2019,11,27,수요일,18,경상사고,0,0,1,1,63,남,15년이상,,승용,비사업용,승용,진입회전사고,맑음,출퇴근,차대차,차대차-기타,신호위반,특별광역시도,대림사거리,37.4888486,126.9062843,동작구,
2019,12,30,월요일,10,경상사고,0,0,1,0,71,남,5년미만,,승합,비사업용,승합,기타사고,맑음,주간,차대차,차대차-기타,교차로운행방법위반,특별광역시도,대림사거리,37.4888486,126.9062843,동작구,
2017,1,22,일요일,5,사망사고,1,0,1,0,35,남,10년미만,0,승용,비사업용,승합,진입회전사고,눈,새벽,차대차,측면직각충돌,신호위반,특별광역시도,대림삼거리,37.742741,128.896637,동작구,
2017,1,13,금요일,8,경상사고,0,0,1,1,79,남,15년이상,,승용,비사업용,화물,일직선사고,맑음,출퇴근,차대차,정면충돌,안전운전불이행,특별광역시도,대림삼거리,37.742741,128.896637,동작구,
2017,1,13,금요일,9,경상사고,0,0,1,0,64,남,15년이상,,승용,사업용,승용,일직선사고,맑음,주간,차대차,추돌(진행중),안전거리미확보,특별광역시도,대림삼거리,37.742741,128.896637,동작구,
2017,1,10,화요일,21,경상사고,0,0,1,1,22,남,15년이상,,이륜,기타,보행자,보행횡단사고,맑음,심야,차대사람,횡단중,안전운전불이행,특별광역시도,대림삼거리,37.742741,128.896637,동작구,
2017,1,28,토요일,22,경상사고,0,0,1,0,34,남,2년미만,0,승용,비사업용,승용,일직선사고,맑음,심야,차대차,추돌(진행중),안전운전불이행,특별광역시도,대림삼거리,37.742741,128.896637,동작구,
2017,3,22,수요일,17,경상사고,0,0,1,0,32,여,15년미만,,승용,비사업용,승용,일직선사고,맑음,주간,차대차,추돌(진행중),안전거리미확보,특별광역시도,대림삼거리,37.742741,128.896637,동작구,
2017,4,13,목요일,20,경상사고,0,0,1,0,58,남,15년미만,,승용,비사업용,기타,일직선사고,맑음,출퇴근,차대차,추돌(진행중),안전운전불이행,특별광역시도,대림삼거리,37.742741,128.896637,동작구,
2017,6,10,토요일,7,경상사고,0,0,2,0,28,남,4년미만,,승용,비사업용,승용,일직선사고,맑음,출퇴근,차대차,추돌(진행중),안전운전불이행,특별광역시도,대림삼거리,37.742741,128.896637,동작구,
2017,6,24,토요일,7,부상사고,0,0,0,1,45,남,15년이상,,승용,사업용,원동기,일직선사고,맑음,출퇴근,차대차,추돌(진행중),안전운전불이행,특별광역시도,대림삼거리,37.742741,128.896637,동작구,
2017,8,5,토요일,17,부상사고,0,0,0,1,46,남,15년이상,,승용,비사업용,이륜,기타사고,맑음,주간,차대차,차대차-기타,안전운전불이행,특별광역시도,대림삼거리,37.742741,128.896637,동작구,
2017,9,26,화요일,3,부상사고,0,0,0,1,46,남,10년미만,,승용,비사업용,원동기,진입회전사고,맑음,심야,차대차,측면직각충돌,신호위반,특별광역시도,대림삼거리,37.742741,128.896637,동작구,
2017,9,23,토요일,13,경상사고,0,0,2,0,30,남,10년미만,,승용,비사업용,화물,일직선사고,맑음,주간,차대차,추돌(진행중),안전거리미확보,특별광역시도,대림삼거리,37.742741,128.896637,동작구,
2017,9,7,목요일,14,중상사고,0,1,0,0,49,남,15년이상,,이륜,기타,보행자,기타사고,맑음,주간,차대사람,차도통행중,안전운전불이행,특별광역시도,대림삼거리,37.742741,128.896637,동작구,
2017,10,7,토요일,11,경상사고,0,0,1,0,46,여,15년이상,,승용,비사업용,승용,일직선사고,맑음,주간,차대차,추돌(진행중),안전거리미확보,특별광역시도,대림삼거리,37.742741,128.896637,동작구,
2017,12,20,수요일,15,경상사고,0,0,1,0,불명,불명,데이터오류,,기타,데이터오류,기타,기타사고,맑음,주간,차대사람,차대사람-기타,보행자보호의무위반,특별광역시도,대림삼거리,37.742741,128.896637,동작구,
2018,2,22,목요일,10,부상사고,0,0,0,1,32,남,15년미만,,화물,비사업용,이륜,일직선사고,맑음,주간,차대차,추돌(진행중),안전운전불이행,특별광역시도,대림삼거리,37.742741,128.896637,동작구,
2018,4,12,목요일,14,중상사고,0,1,1,0,30,여,1년미만,,승용,비사업용,승용,진입회전사고,맑음,주간,차대차,측면직각충돌,안전거리미확보,특별광역시도,대림삼거리,37.742741,128.896637,동작구,
2018,5,21,월요일,0,경상사고,0,0,2,0,69,남,15년이상,,승용,사업용,승용,진입회전사고,맑음,심야,차대차,측면직각충돌,안전거리미확보,특별광역시도,대림삼거리,37.742741,128.896637,동작구,
2018,6,2,토요일,0,경상사고,0,0,1,0,66,남,15년이상,,승용,비사업용,승용,기타사고,맑음,심야,차대차,차대차-기타,안전운전불이행,특별광역시도,대림삼거리,37.742741,128.896637,동작구,