년도,월,일,요일,시각,사고등급,사망자수,중상자수,경상자수,부상자수,연령,성별,경력,음주,종별,용도,관련자2,사고형태,기상상태,일광상태,사고유형1,사고유형2,법규위반,도로종류,지점명,위도,경도,자치구,
2018,3,3,토요일,5,경상사고,0,0,1,1,56,남,15년이상,,승용,사업용,승용,일직선사고,맑음,새벽,차대차,추돌(진행중),안전운전불이행,특별광역시도,상도역사거리,37.496104,126.936781,동작구,
2018,3,16,금요일,19,경상사고,0,0,1,0,60,남,15년이상,,승용,비사업용,원동기,진입회전사고,맑음,출퇴근,차대차,측면직각충돌,신호위반,특별광역시도,상도역사거리,37.496104,126.936781,동작구,
2018,3,12,월요일,19,중상사고,0,1,0,0,49,남,15년이상,,승용,사업용,승용,진입회전사고,맑음,출퇴근,차대차,측면직각충돌,안전운전불이행,특별광역시도,상도역사거리,37.496104,126.936781,동작구,
2018,3,11,일요일,20,경상사고,0,0,1,0,62,남,15년이상,,승용,사업용,보행자,보행횡단사고,맑음,출퇴근,차대사람,횡단중,보행자보호의무위반,특별광역시도,상도역사거리,37.496104,126.936781,동작구,
2018,4,15,일요일,18,경상사고,0,0,3,0,29,남,10년미만,,승용,비사업용,승용,진입회전사고,맑음,출퇴근,차대차,측면직각충돌,안전운전불이행,특별광역시도,상도역사거리,37.496104,126.936781,동작구,
2018,5,2,수요일,21,중상사고,0,1,0,0,33,여,15년이상,,승용,비사업용,승용,진입회전사고,맑음,심야,차대차,차대차-기타,신호위반,특별광역시도,상도역사거리,37.496104,126.936781,동작구,
2018,6,23,토요일,0,경상사고,0,0,2,0,40,남,15년이상,0,승용,비사업용,승용,일직선사고,맑음,심야,차대차,추돌(진행중),안전운전불이행,특별광역시도,상도역사거리,37.496104,126.936781,동작구,
2018,6,24,일요일,5,경상사고,0,0,2,0,49,남,15년이상,,승용,비사업용,승합,진입회전사고,맑음,새벽,차대차,측면직각충돌,안전운전불이행,특별광역시도,상도역사거리,37.496104,126.936781,동작구,
2018,6,15,금요일,7,부상사고,0,0,0,1,46,남,15년이상,,승용,사업용,승합,진입회전사고,흐림,출퇴근,차대차,측면직각충돌,안전운전불이행,특별광역시도,상도역사거리,37.496104,126.936781,동작구,
2018,6,8,금요일,12,경상사고,0,0,1,0,78,남,15년이상,,승용,비사업용,승용,진입회전사고,맑음,주간,차대차,측면직각충돌,안전운전불이행,특별광역시도,상도역사거리,37.496104,126.936781,동작구,
2018,8,7,화요일,22,경상사고,0,0,1,0,69,남,15년이상,,승용,사업용,이륜,진입회전사고,맑음,심야,차대차,측면직각충돌,중앙선침범,특별광역시도,상도역사거리,37.496104,126.936781,동작구,
2018,9,20,목요일,7,경상사고,0,0,2,0,57,남,15년미만,,승용,사업용,승용,진입회전사고,비,출퇴근,차대차,측면직각충돌,교차로운행방법위반,특별광역시도,상도역사거리,37.496104,126.936781,동작구,
2018,9,20,목요일,16,부상사고,0,0,0,1,62,남,15년이상,,승용,사업용,원동기,진입회전사고,흐림,주간,차대차,측면직각충돌,안전운전불이행,특별광역시도,상도역사거리,37.496104,126.936781,동작구,
2018,9,5,수요일,23,경상사고,0,0,1,0,56,남,15년이상,,승용,사업용,승용,진입회전사고,맑음,심야,차대차,측면직각충돌,안전운전불이행,특별광역시도,상도역사거리,37.496104,126.936781,동작구,
2018,10,24,수요일,11,경상사고,0,0,1,0,66,남,15년이상,,승용,사업용,승용,일직선사고,맑음,주간,차대차,추돌(진행중),안전운전불이행,특별광역시도,상도역사거리,37.496104,126.936781,동작구,
2018,10,7,일요일,12,경상사고,0,0,1,0,29,남,10년미만,,승용,비사업용,승용,일직선사고,맑음,주간,차대차,추돌(진행중),안전운전불이행,특별광역시도,상도역사거리,37.496104,126.936781,동작구,
2018,11,4,일요일,5,중상사고,0,1,2,0,34,남,10년미만,0,승용,비사업용,승용,일직선사고,맑음,새벽,차대차,정면충돌,중앙선침범,특별광역시도,상도역사거리,37.496104,126.936781,동작구,
2018,12,8,토요일,4,중상사고,0,1,0,0,49,남,10년미만,,승용,사업용,이륜,진입회전사고,맑음,심야,차대차,정면충돌,신호위반,특별광역시도,상도역사거리,37.496104,126.936781,동작구,
2018,12,8,토요일,5,경상사고,0,0,1,0,52,남,15년이상,,승용,비사업용,이륜,일직선사고,맑음,새벽,차대차,추돌(진행중),안전거리미확보,특별광역시도,상도역사거리,37.496104,126.936781,동작구,
2018,12,13,목요일,10,부상사고,0,0,0,1,28,남,5년미만,,승용,비사업용,화물,일직선사고,눈,주간,차대차,추돌(진행중),안전운전불이행,특별광역시도,상도역사거리,37.496104,126.936781,동작구,
2019,1,8,화요일,2,경상사고,0,0,1,0,62,남,15년이상,,승용,사업용,승용,진입회전사고,맑음,심야,차대차,측면직각충돌,안전운전불이행,특별광역시도,상도역사거리,37.496104,126.936781,동작구,
2019,1,1,화요일,20,부상사고,0,0,0,1,39,여,15년미만,,승용,비사업용,이륜,진입회전사고,맑음,출퇴근,차대차,측면직각충돌,안전운전불이행,특별광역시도,상도역사거리,37.496104,126.936781,동작구,
2019,2,20,수요일,18,경상사고,0,0,1,0,37,남,15년이상,,승용,비사업용,보행자,보행횡단사고,맑음,출퇴근,차대사람,횡단중,보행자보호의무위반,특별광역시도,상도역사거리,37.496104,126.936781,동작구,
2019,3,20,수요일,15,경상사고,0,0,1,0,22,남,5년미만,,승용,비사업용,승용,진입회전사고,비,주간,차대차,측면직각충돌,신호위반,특별광역시도,상도역사거리,37.496104,126.936781,동작구,
2019,3,11,월요일,17,중상사고,0,1,0,0,45,여,15년이상,,승용,비사업용,이륜,진입회전사고,맑음,주간,차대차,측면직각충돌,교차로운행방법위반,특별광역시도,상도역사거리,37.496104,126.936781,동작구,
2019,3,2,토요일,21,경상사고,0,0,1,0,25,남,10년미만,,화물,비사업용,화물,진입회전사고,맑음,심야,차대차,측면직각충돌,신호위반,특별광역시도,상도역사거리,37.496104,126.936781,동작구,
2019,4,18,목요일,22,경상사고,0,0,1,0,62,여,15년이상,,승용,비사업용,보행자,보행횡단사고,맑음,심야,차대사람,횡단중,보행자보호의무위반,특별광역시도,상도역사거리,37.496104,126.936781,동작구,
2019,4,26,금요일,22,중상사고,0,1,0,0,17,남,1년미만,,이륜,데이터오류,이륜,진입회전사고,맑음,심야,차대차,정면충돌,신호위반,특별광역시도,상도역사거리,37.496104,126.936781,동작구,
2019,5,11,토요일,2,경상사고,0,0,2,0,65,남,15년미만,,승용,사업용,승용,진입회전사고,맑음,심야,차대차,측면직각충돌,안전거리미확보,특별광역시도,상도역사거리,37.496104,126.936781,동작구,
2019,5,26,일요일,19,경상사고,0,0,1,0,71,남,15년이상,,승용,비사업용,보행자,보행횡단사고,맑음,출퇴근,차대사람,횡단중,보행자보호의무위반,기타,상도역사거리,37.496104,126.936781,동작구,
2019,6,10,월요일,1,중상사고,0,1,0,2,64,남,15년이상,,승용,사업용,승용,진입회전사고,맑음,심야,차대차,측면직각충돌,신호위반,특별광역시도,상도역사거리,37.496104,126.936781,동작구,
2019,6,3,월요일,6,경상사고,0,0,1,0,62,남,15년이상,,화물,비사업용,화물,진입회전사고,맑음,새벽,차대차,측면직각충돌,교차로운행방법위반,특별광역시도,상도역사거리,37.496104,126.936781,동작구,
2019,6,27,목요일,19,경상사고,0,0,1,0,26,여,10년미만,,승용,비사업용,승용,일직선사고,맑음,출퇴근,차대차,추돌(진행중),안전운전불이행,특별광역시도,상도역사거리,37.496104,126.936781,동작구,
2019,6,2,일요일,22,부상사고,0,0,0,1,62,남,15년이상,,승용,사업용,승용,기타사고,맑음,심야,차대차,차대차-기타,안전운전불이행,특별광역시도,상도역사거리,37.496104,126.936781,동작구,
2019,6,22,토요일,23,경상사고,0,0,1,0,64,남,15년이상,,승용,비사업용,이륜,진입회전사고,맑음,심야,차대차,측면직각충돌,신호위반,특별광역시도,상도역사거리,37.496104,126.936781,동작구,
2019,7,4,목요일,0,경상사고,0,0,1,0,70,남,15년이상,,승용,사업용,보행자,진입회전사고,맑음,심야,차대사람,횡단중,신호위반,특별광역시도,상도역사거리,37.496104,126.936781,동작구,
2019,7,10,수요일,17,중상사고,0,1,0,0,67,남,15년이상,,화물,사업용,보행자,보행횡단사고,맑음,주간,차대사람,횡단중,보행자보호의무위반,특별광역시도,상도역사거리,37.496104,126.936781,동작구,
2019,7,26,금요일,19,경상사고,0,0,1,1,47,남,15년이상,,승용,비사업용,이륜,진입회전사고,비,출퇴근,차대차,측면직각충돌,신호위반,특별광역시도,상도역사거리,37.496104,126.936781,동작구,
2019,8,20,화요일,6,경상사고,0,0,3,0,60,남,15년미만,,승합,비사업용,승합,진입회전사고,맑음,새벽,차대차,측면직각충돌,차로위반,특별광역시도,상도역사거리,37.496104,126.936781,동작구,
2019,8,1,목요일,13,경상사고,0,0,2,0,67,남,15년이상,,화물,사업용,화물,진입회전사고,맑음,주간,차대차,측면직각충돌,안전거리미확보,특별광역시도,상도역사거리,37.496104,126.936781,동작구,
2019,8,16,금요일,19,경상사고,0,0,2,0,70,남,15년이상,,승용,사업용,승용,진입회전사고,맑음,출퇴근,차대차,추돌(진행중),신호위반,특별광역시도,상도역사거리,37.496104,126.936781,동작구,
2019,8,9,금요일,22,중상사고,0,2,0,0,54,남,15년이상,,승용,사업용,승용,진입회전사고,맑음,심야,차대차,측면직각충돌,안전거리미확보,특별광역시도,상도역사거리,37.496104,126.936781,동작구,
2019,9,23,월요일,1,부상사고,0,0,0,1,60,남,10년미만,,화물,비사업용,보행자,기타사고,맑음,심야,차대사람,차대사람-기타,안전운전불이행,특별광역시도,상도역사거리,37.496104,126.936781,동작구,
2019,9,1,일요일,11,부상사고,0,0,0,1,51,남,4년미만,,승용,비사업용,화물,진입회전사고,맑음,주간,차대차,측면직각충돌,교차로운행방법위반,특별광역시도,상도역사거리,37.496104,126.936781,동작구,
2019,10,29,화요일,7,경상사고,0,0,1,0,84,남,15년이상,,승용,비사업용,승용,진입회전사고,맑음,출퇴근,차대차,측면직각충돌,안전운전불이행,특별광역시도,상도역사거리,37.496104,126.936781,동작구,
2019,10,12,토요일,12,경상사고,0,0,1,0,54,남,15년이상,,승용,비사업용,승용,일직선사고,맑음,주간,차대차,추돌(진행중),차로위반,특별광역시도,상도역사거리,37.496104,126.936781,동작구,
2019,10,17,목요일,14,경상사고,0,0,1,1,56,여,3년미만,,승용,비사업용,화물,진입회전사고,맑음,주간,차대차,측면직각충돌,안전거리미확보,특별광역시도,상도역사거리,37.496104,126.936781,동작구,
2019,11,17,일요일,2,경상사고,0,0,1,0,68,남,15년이상,,승용,사업용,이륜,진입회전사고,맑음,심야,차대차,측면직각충돌,신호위반,특별광역시도,상도역사거리,37.496104,126.936781,동작구,
2019,11,20,수요일,13,중상사고,0,1,0,0,16,남,1년미만,,이륜,데이터오류,이륜,일직선사고,맑음,주간,차대차,차대차-기타,중앙선침범,특별광역시도,상도역사거리,37.496104,126.936781,동작구,
2019,12,9,월요일,9,중상사고,0,1,0,0,46,남,10년미만,,화물,비사업용,보행자,기타사고,맑음,주간,차대사람,차도통행중,안전운전불이행,특별광역시도,상도역사거리,37.496104,126.936781,동작구,
2017,4,15,토요일,6,경상사고,0,0,1,0,62,남,15년이상,,승용,사업용,이륜,진입회전사고,맑음,새벽,차대차,측면직각충돌,안전운전불이행,특별광역시도,상도역사거리,37.496104,126.936781,동작구,
2017,8,6,일요일,10,경상사고,0,0,1,0,44,남,15년미만,,승용,비사업용,승용,진입회전사고,맑음,주간,차대차,차대차-기타,신호위반,특별광역시도,상도역사거리,37.496104,126.936781,동작구,
2017,9,12,화요일,22,부상사고,0,0,0,1,58,남,15년이상,,승용,비사업용,원동기,진입회전사고,맑음,심야,차대차,측면직각충돌,차로위반,특별광역시도,상도역사거리,37.496104,126.936781,동작구,
2018,8,22,수요일,19,경상사고,0,0,1,0,63,여,15년이상,,승용,비사업용,승합,진입회전사고,맑음,출퇴근,차대차,측면직각충돌,교차로운행방법위반,특별광역시도,상도역사거리,37.496104,126.936781,동작구,
2019,5,3,금요일,18,중상사고,0,1,0,0,45,남,15년이상,,화물,비사업용,이륜,기타사고,맑음,출퇴근,차대차,차대차-기타,기타,특별광역시도,상도역사거리,37.496104,126.936781,동작구,
2019,8,31,토요일,11,부상사고,0,0,0,1,51,남,15년이상,,승용,비사업용,이륜,일직선사고,맑음,주간,차대차,추돌(진행중),안전운전불이행,특별광역시도,상도역사거리,37.496104,126.936781,동작구,
2017,6,3,토요일,16,경상사고,0,0,1,0,68,남,15년이상,,승용,비사업용,자전거,진입회전사고,맑음,주간,차대차,측면직각충돌,안전거리미확보,특별광역시도,상도역사거리,37.496104,126.936781,동작구,
2017,10,12,목요일,15,부상사고,0,0,0,1,37,남,15년이상,,원동기,기타,원동기,진입회전사고,맑음,주간,차대차,측면직각충돌,직진우회전진행방해,특별광역시도,상도역사거리,37.496104,126.936781,동작구,
2018,4,21,토요일,20,경상사고,0,0,1,0,16,남,1년미만,,이륜,기타,이륜,진입회전사고,맑음,출퇴근,차대차,추돌(진행중),신호위반,특별광역시도,상도역사거리,37.496104,126.936781,동작구,
2018,12,31,월요일,19,경상사고,0,0,1,0,34,남,5년미만,,승용,비사업용,이륜,진입회전사고,맑음,출퇴근,차대차,측면직각충돌,안전거리미확보,특별광역시도,상도역사거리,37.496104,126.936781,동작구,
2019,12,28,토요일,15,경상사고,0,0,1,0,58,남,15년이상,,승합,사업용,기타,기타사고,맑음,주간,차량단독,차량단독-기타,안전운전불이행,특별광역시도,상도역사거리,37.496104,126.936781,동작구,
2017,1,14,토요일,4,경상사고,0,0,2,0,34,남,15년미만,0,승용,비사업용,승용,일직선사고,맑음,심야,차대차,추돌(진행중),안전운전불이행,특별광역시도,서울공고앞사거리,37.5018245,126.9225543,동작구,
2017,1,7,토요일,20,경상사고,0,0,1,0,42,남,10년미만,,화물,기타,화물,진입회전사고,맑음,출퇴근,차대차,측면직각충돌,신호위반,특별광역시도,서울공고앞사거리,37.5018245,126.9225543,동작구,
2017,3,4,토요일,3,경상사고,0,0,4,0,31,남,2년미만,0,승용,사업용,승용,일직선사고,맑음,심야,차대차,추돌(진행중),안전운전불이행,특별광역시도,서울공고앞사거리,37.5018245,126.9225543,동작구,
2017,3,2,목요일,13,중상사고,0,1,0,0,55,여,15년이상,,승용,사업용,보행자,기타사고,맑음,주간,차대사람,차대사람-기타,안전운전불이행,특별광역시도,서울공고앞사거리,37.5018245,126.9225543,동작구,
2017,3,18,토요일,18,경상사고,0,0,2,0,46,남,15년미만,,화물,비사업용,화물,일직선사고,맑음,출퇴근,차대차,추돌(진행중),차로위반,특별광역시도,서울공고앞사거리,37.5018245,126.9225543,동작구,
2017,4,9,일요일,0,경상사고,0,0,1,0,55,남,15년이상,,승용,사업용,이륜,일직선사고,맑음,심야,차대차,추돌(진행중),안전운전불이행,특별광역시도,서울공고앞사거리,37.5018245,126.9225543,동작구,
2017,5,1,월요일,13,경상사고,0,0,1,0,59,여,15년이상,,승용,사업용,보행자,기타사고,맑음,주간,차대사람,차대사람-기타,안전운전불이행,특별광역시도,서울공고앞사거리,37.5018245,126.9225543,동작구,
2017,6,7,수요일,12,경상사고,0,0,3,0,63,남,15년이상,,승합,사업용,승합,일직선사고,맑음,주간,차대차,추돌(진행중),안전거리미확보,특별광역시도,서울공고앞사거리,37.5018245,126.9225543,동작구,
2017,6,3,토요일,17,경상사고,0,0,1,0,61,남,4년미만,,화물,비사업용,이륜,진입회전사고,맑음,주간,차대차,측면직각충돌,안전운전불이행,특별광역시도,서울공고앞사거리,37.5018245,126.9225543,동작구,
2017,7,27,목요일,7,중상사고,0,1,0,0,62,남,15년이상,,승용,사업용,자전거,진입회전사고,맑음,출퇴근,차대차,측면직각충돌,데이터없음,특별광역시도,서울공고앞사거리,37.5018245,126.9225543,동작구,
2017,7,18,화요일,16,경상사고,0,0,1,0,14,남,데이터오류,,자전거,기타,자전거,진입회전사고,맑음,주간,차대차,측면직각충돌,데이터없음,특별광역시도,서울공고앞사거리,37.5018245,126.9225543,동작구,
2017,8,21,월요일,15,부상사고,0,0,0,1,56,남,15년이상,,승용,사업용,원동기,기타사고,맑음,주간,차대차,차대차-기타,데이터없음,특별광역시도,서울공고앞사거리,37.5018245,126.9225543,동작구,
2017,8,25,금요일,15,사망사고,1,0,0,0,38,남,15년미만,,화물,비사업용,원동기,진입회전사고,맑음,주간,차대차,측면직각충돌,신호위반,특별광역시도,서울공고앞사거리,37.5018245,126.9225543,동작구,
2017,9,3,일요일,20,중상사고,0,1,0,0,30,남,10년미만,,승용,비사업용,보행자,보행횡단사고,흐림,출퇴근,차대사람,횡단중,안전운전불이행,특별광역시도,서울공고앞사거리,37.5018245,126.9225543,동작구,
2017,11,10,금요일,0,경상사고,0,0,1,0,61,남,15년이상,,승용,사업용,승용,일직선사고,맑음,심야,차대차,추돌(진행중),안전운전불이행,특별광역시도,서울공고앞사거리,37.5018245,126.9225543,동작구,
2017,11,5,일요일,14,경상사고,0,0,2,0,41,여,15년이상,,승용,비사업용,승용,일직선사고,맑음,주간,차대차,추돌(진행중),안전거리미확보,특별광역시도,서울공고앞사거리,37.5018245,126.9225543,동작구,
2017,11,21,화요일,20,경상사고,0,0,1,0,57,여,10년미만,,승용,사업용,승용,진입회전사고,맑음,출퇴근,차대차,측면직각충돌,교차로운행방법위반,특별광역시도,서울공고앞사거리,37.5018245,126.9225543,동작구,
2018,1,16,화요일,3,경상사고,0,0,1,2,23,남,1년미만,,승용,사업용,승용,진입회전사고,맑음,심야,차대차,차대차-기타,신호위반,특별광역시도,서울공고앞사거리,37.5018245,126.9225543,동작구,
2018,3,10,토요일,2,경상사고,0,0,1,0,37,남,15년미만,0,승용,비사업용,승용,일직선사고,맑음,심야,차대차,추돌(진행중),안전운전불이행,특별광역시도,서울공고앞사거리,37.5018245,126.9225543,동작구,
2018,4,13,금요일,3,경상사고,0,0,1,0,63,남,15년이상,,승용,사업용,승용,진입회전사고,맑음,심야,차대차,측면직각충돌,신호위반,특별광역시도,서울공고앞사거리,37.5018245,126.9225543,동작구,
2018,4,10,화요일,8,경상사고,0,0,1,0,54,남,15년이상,,승용,비사업용,승용,진입회전사고,맑음,출퇴근,차대차,측면직각충돌,안전운전불이행,특별광역시도,서울공고앞사거리,37.5018245,126.9225543,동작구,
2018,5,15,화요일,3,경상사고,0,0,1,0,52,남,15년이상,,승용,사업용,승용,진입회전사고,맑음,심야,차대차,측면직각충돌,신호위반,특별광역시도,서울공고앞사거리,37.5018245,126.9225543,동작구,
2018,5,14,월요일,7,경상사고,0,0,2,0,66,남,15년이상,,승용,사업용,승합,진입회전사고,맑음,출퇴근,차대차,측면직각충돌,차로위반,특별광역시도,서울공고앞사거리,37.5018245,126.9225543,동작구,
2018,5,2,수요일,17,경상사고,0,0,3,0,52,남,15년이상,,승합,사업용,승합,일직선사고,맑음,주간,차대차,추돌(진행중),안전거리미확보,특별광역시도,서울공고앞사거리,37.5018245,126.9225543,동작구,
2018,5,10,목요일,19,부상사고,0,0,0,1,63,남,15년이상,,승용,사업용,자전거,일직선사고,맑음,출퇴근,차대차,추돌(진행중),안전운전불이행,특별광역시도,서울공고앞사거리,37.5018245,126.9225543,동작구,
2018,7,30,월요일,14,부상사고,0,0,0,1,49,남,15년이상,,승합,사업용,보행자,기타사고,맑음,주간,차대사람,차대사람-기타,안전운전불이행,특별광역시도,서울공고앞사거리,37.5018245,126.9225543,동작구,
2018,7,6,금요일,18,경상사고,0,0,1,0,56,남,15년이상,,승용,비사업용,자전거,일직선사고,맑음,출퇴근,차대차,차대차-기타,중앙선침범,특별광역시도,서울공고앞사거리,37.5018245,126.9225543,동작구,
2018,8,30,목요일,0,중상사고,0,1,0,0,48,남,15년이상,,승합,사업용,이륜,진입회전사고,비,심야,차대차,차대차-기타,신호위반,특별광역시도,서울공고앞사거리,37.5018245,126.9225543,동작구,
2018,8,25,토요일,11,경상사고,0,0,1,0,53,남,10년미만,,화물,비사업용,이륜,진입회전사고,맑음,주간,차대차,측면직각충돌,차로위반,특별광역시도,서울공고앞사거리,37.5018245,126.9225543,동작구,
2018,8,20,월요일,19,경상사고,0,0,1,0,57,남,15년이상,,승합,사업용,기타,기타사고,맑음,출퇴근,차량단독,차량단독-기타,안전운전불이행,특별광역시도,서울공고앞사거리,37.5018245,126.9225543,동작구,
2018,10,20,토요일,21,중상사고,0,1,2,0,33,남,15년미만,,승용,사업용,승용,일직선사고,맑음,심야,차대차,추돌(진행중),안전운전불이행,특별광역시도,서울공고앞사거리,37.5018245,126.9225543,동작구,
2018,11,22,목요일,8,경상사고,0,0,1,0,55,남,15년이상,,승합,사업용,승합,진입회전사고,맑음,출퇴근,차대차,측면직각충돌,교차로운행방법위반,특별광역시도,서울공고앞사거리,37.5018245,126.9225543,동작구,
2018,11,24,토요일,8,경상사고,0,0,1,0,69,남,15년이상,,화물,비사업용,화물,진입회전사고,눈,출퇴근,차대차,측면직각충돌,안전운전불이행,특별광역시도,서울공고앞사거리,37.5018245,126.9225543,동작구,
2018,11,20,화요일,19,경상사고,0,0,1,0,61,남,15년이상,,승합,사업용,승합,기타사고,맑음,출퇴근,차대차,차대차-기타,교차로운행방법위반,특별광역시도,서울공고앞사거리,37.5018245,126.9225543,동작구,
2019,1,20,일요일,7,경상사고,0,0,1,0,78,남,10년미만,,화물,비사업용,화물,진입회전사고,맑음,출퇴근,차대차,측면직각충돌,신호위반,특별광역시도,서울공고앞사거리,37.5018245,126.9225543,동작구,
2019,5,29,수요일,3,경상사고,0,0,2,0,66,남,15년이상,,승용,사업용,승용,일직선사고,맑음,심야,차대차,추돌(진행중),안전운전불이행,특별광역시도,서울공고앞사거리,37.5018245,126.9225543,동작구,
2019,6,17,월요일,17,경상사고,0,0,1,0,43,남,10년미만,,승용,비사업용,원동기,기타사고,맑음,주간,차대차,차대차-기타,기타,특별광역시도,서울공고앞사거리,37.5018245,126.9225543,동작구,
2019,8,24,토요일,3,경상사고,0,0,2,0,55,남,15년이상,,승용,사업용,이륜,진입회전사고,맑음,심야,차대차,차대차-기타,신호위반,특별광역시도,서울공고앞사거리,37.5018245,126.9225543,동작구,
2017,2,4,토요일,3,경상사고,0,0,1,0,40,남,15년이상,,승용,사업용,이륜,진입회전사고,맑음,심야,차대차,측면직각충돌,안전운전불이행,특별광역시도,성대시장앞삼거리,37.498295,126.92794,동작구,
2017,4,23,일요일,23,경상사고,0,0,2,1,71,남,15년이상,,승용,사업용,승용,진입회전사고,맑음,심야,차대차,측면직각충돌,직진우회전진행방해,특별광역시도,성대시장앞삼거리,37.498295,126.92794,동작구,
2017,5,26,금요일,5,경상사고,0,0,2,0,58,남,15년이상,,승용,사업용,승용,진입회전사고,맑음,새벽,차대차,측면직각충돌,직진우회전진행방해,특별광역시도,성대시장앞삼거리,37.498295,126.92794,동작구,
2017,6,16,금요일,0,경상사고,0,0,1,0,53,남,15년이상,,승용,비사업용,자전거,기타사고,맑음,심야,차대차,차대차-기타,안전운전불이행,특별광역시도,성대시장앞삼거리,37.498295,126.92794,동작구,
2017,6,24,토요일,14,중상사고,0,1,0,0,63,남,15년이상,,승용,비사업용,보행자,기타사고,맑음,주간,차대사람,차대사람-기타,안전운전불이행,특별광역시도,성대시장앞삼거리,37.498295,126.92794,동작구,
2017,6,14,수요일,16,중상사고,0,1,0,0,34,남,15년이상,,화물,비사업용,보행자,기타사고,맑음,주간,차대사람,차대사람-기타,안전운전불이행,특별광역시도,성대시장앞삼거리,37.498295,126.92794,동작구,
2017,7,16,일요일,12,경상사고,0,0,1,0,39,남,15년이상,,승용,비사업용,보행자,보행횡단사고,맑음,주간,차대사람,횡단중,안전운전불이행,특별광역시도,성대시장앞삼거리,37.498295,126.92794,동작구,
2017,10,16,월요일,23,경상사고,0,0,1,0,67,남,15년이상,,승합,비사업용,이륜,진입회전사고,맑음,심야,차대차,측면직각충돌,신호위반,특별광역시도,성대시장앞삼거리,37.498295,126.92794,동작구,
2017,11,22,수요일,17,부상사고,0,0,0,1,31,여,1년미만,,승용,비사업용,보행자,기타사고,맑음,주간,차대사람,길가장자리구역통행중,안전운전불이행,특별광역시도,성대시장앞삼거리,37.498295,126.92794,동작구,
2017,12,23,토요일,0,경상사고,0,0,1,0,43,남,15년이상,,승용,비사업용,보행자,기타사고,맑음,심야,차대사람,차대사람-기타,안전운전불이행,특별광역시도,성대시장앞삼거리,37.498295,126.92794,동작구,
2017,12,16,토요일,14,부상사고,0,0,0,1,48,남,15년이상,,승용,비사업용,이륜,진입회전사고,흐림,주간,차대차,측면직각충돌,안전운전불이행,특별광역시도,성대시장앞삼거리,37.498295,126.92794,동작구,
2018,2,21,수요일,9,경상사고,0,0,1,0,32,여,10년미만,,승용,비사업용,보행자,기타사고,맑음,주간,차대사람,차대사람-기타,안전운전불이행,특별광역시도,성대시장앞삼거리,37.498295,126.92794,동작구,
2018,2,5,월요일,17,중상사고,0,1,0,0,69,남,15년이상,,승용,사업용,이륜,진입회전사고,맑음,주간,차대차,측면직각충돌,기타,특별광역시도,성대시장앞삼거리,37.498295,126.92794,동작구,
2018,4,4,수요일,6,경상사고,0,0,2,0,74,남,15년이상,,승용,비사업용,승용,진입회전사고,맑음,새벽,차대차,측면직각충돌,직진우회전진행방해,특별광역시도,성대시장앞삼거리,37.498295,126.92794,동작구,
2018,4,28,토요일,14,경상사고,0,0,1,0,61,남,15년이상,,화물,비사업용,이륜,기타사고,맑음,주간,차대차,차대차-기타,안전거리미확보,특별광역시도,성대시장앞삼거리,37.498295,126.92794,동작구,
2018,4,21,토요일,17,경상사고,0,0,2,1,44,여,15년이상,,승용,비사업용,이륜,진입회전사고,맑음,주간,차대차,측면직각충돌,안전운전불이행,특별광역시도,성대시장앞삼거리,37.498295,126.92794,동작구,
2018,4,9,월요일,20,경상사고,0,0,1,0,57,남,3년미만,0,승용,비사업용,이륜,기타사고,맑음,출퇴근,차대차,차대차-기타,교차로운행방법위반,특별광역시도,성대시장앞삼거리,37.498295,126.92794,동작구,
2018,7,21,토요일,22,중상사고,0,1,1,0,28,남,3년미만,,승용,비사업용,승합,기타사고,맑음,심야,차대차,차대차-기타,안전운전불이행,특별광역시도,성대시장앞삼거리,37.498295,126.92794,동작구,
2018,8,4,토요일,12,경상사고,0,0,2,0,32,남,15년미만,,승용,비사업용,원동기,기타사고,맑음,주간,차대차,차대차-기타,안전운전불이행,특별광역시도,성대시장앞삼거리,37.498295,126.92794,동작구,
2018,9,30,일요일,1,경상사고,0,0,2,0,61,남,15년이상,,승용,사업용,승용,진입회전사고,맑음,심야,차대차,측면직각충돌,안전운전불이행,특별광역시도,성대시장앞삼거리,37.498295,126.92794,동작구,
2018,9,1,토요일,7,경상사고,0,0,1,0,45,남,15년미만,,화물,사업용,보행자,기타사고,맑음,출퇴근,차대사람,차대사람-기타,안전운전불이행,특별광역시도,성대시장앞삼거리,37.498295,126.92794,동작구,
2018,11,22,목요일,14,경상사고,0,0,2,0,50,여,2년미만,,승용,비사업용,이륜,진입회전사고,맑음,주간,차대차,측면직각충돌,신호위반,특별광역시도,성대시장앞삼거리,37.498295,126.92794,동작구,
2018,11,13,화요일,16,경상사고,0,0,1,0,62,남,15년이상,,승용,비사업용,승용,일직선사고,맑음,주간,차대차,추돌(진행중),안전운전불이행,특별광역시도,성대시장앞삼거리,37.498295,126.92794,동작구,
2018,11,14,수요일,16,중상사고,0,1,1,0,58,남,15년이상,,승용,사업용,이륜,기타사고,맑음,주간,차대차,차대차-기타,기타,특별광역시도,성대시장앞삼거리,37.498295,126.92794,동작구,
2019,3,24,일요일,2,경상사고,0,0,1,0,30,남,10년미만,,승용,비사업용,보행자,기타사고,맑음,심야,차대사람,차대사람-기타,안전운전불이행,특별광역시도,성대시장앞삼거리,37.498295,126.92794,동작구,