년도,월,일,요일,시각,사고등급,사망자수,중상자수,경상자수,부상자수,연령,성별,경력,음주,종별,용도,관련자2,사고형태,기상상태,일광상태,사고유형1,사고유형2,법규위반,도로종류,지점명,위도,경도,자치구,
2019,5,21,화요일,9,경상사고,0,0,1,0,36,남,15년미만,,승용,비사업용,보행자,보행횡단사고,맑음,주간,차대사람,횡단중,보행자보호의무위반,특별광역시도,성대시장앞삼거리,37.498295,126.92794,동작구,
2019,5,16,목요일,14,부상사고,0,0,0,1,불명,불명,데이터오류,,기타,데이터오류,기타,보행횡단사고,맑음,주간,차대사람,보도통행중,기타,특별광역시도,성대시장앞삼거리,37.498295,126.92794,동작구,
2019,6,26,수요일,14,경상사고,0,0,1,0,73,남,15년이상,,화물,비사업용,이륜,진입회전사고,맑음,주간,차대차,측면직각충돌,안전운전불이행,특별광역시도,성대시장앞삼거리,37.498295,126.92794,동작구,
2019,6,6,목요일,22,경상사고,0,0,1,0,62,남,15년이상,,승용,사업용,보행자,보행횡단사고,비,심야,차대사람,보도통행중,안전운전불이행,특별광역시도,성대시장앞삼거리,37.498295,126.92794,동작구,
2019,7,26,금요일,15,경상사고,0,0,1,0,43,남,15년이상,,화물,비사업용,보행자,보행횡단사고,맑음,주간,차대사람,횡단중,보행자보호의무위반,특별광역시도,성대시장앞삼거리,37.498295,126.92794,동작구,
2019,8,8,목요일,8,경상사고,0,0,1,0,44,남,15년이상,,승합,사업용,기타,기타사고,맑음,출퇴근,차량단독,차량단독-기타,기타,특별광역시도,성대시장앞삼거리,37.498295,126.92794,동작구,
2019,8,19,월요일,8,경상사고,0,0,2,0,75,남,15년이상,,승용,비사업용,화물,기타사고,맑음,출퇴근,차대차,차대차-기타,교차로운행방법위반,특별광역시도,성대시장앞삼거리,37.498295,126.92794,동작구,
2019,9,9,월요일,13,중상사고,0,1,0,0,65,남,15년이상,,승용,비사업용,보행자,기타사고,맑음,주간,차대사람,차도통행중,안전운전불이행,특별광역시도,성대시장앞삼거리,37.498295,126.92794,동작구,
2019,11,12,화요일,9,중상사고,0,1,1,0,38,남,15년이상,,승합,사업용,승합,진입회전사고,맑음,주간,차대차,측면직각충돌,안전운전불이행,특별광역시도,성대시장앞삼거리,37.498295,126.92794,동작구,
2019,11,6,수요일,11,경상사고,0,0,2,0,68,남,10년미만,,이륜,데이터오류,보행자,보행횡단사고,맑음,주간,차대사람,횡단중,중앙선침범,특별광역시도,성대시장앞삼거리,37.498295,126.92794,동작구,
2019,11,20,수요일,15,중상사고,0,1,0,0,51,남,15년이상,,승합,사업용,기타,기타사고,맑음,주간,차량단독,차량단독-기타,안전운전불이행,특별광역시도,성대시장앞삼거리,37.498295,126.92794,동작구,
2019,11,28,목요일,21,중상사고,0,1,0,0,71,남,15년이상,,승용,사업용,보행자,기타사고,맑음,심야,차대사람,차도통행중,안전운전불이행,특별광역시도,성대시장앞삼거리,37.498295,126.92794,동작구,
2017,1,25,수요일,17,경상사고,0,0,1,0,48,여,15년이상,,승용,비사업용,원동기,진입회전사고,맑음,주간,차대차,차대차-기타,신호위반,특별광역시도,숭실대입구역부근사거리,37.496374,126.953504,동작구,
2017,2,5,일요일,5,중상사고,0,2,3,0,30,남,15년미만,0,승용,비사업용,승합,일직선사고,맑음,새벽,차대차,정면충돌,안전운전불이행,특별광역시도,숭실대입구역부근사거리,37.496374,126.953504,동작구,
2017,2,16,목요일,22,부상사고,0,0,0,1,57,남,15년이상,,승용,사업용,원동기,일직선사고,흐림,심야,차대차,추돌(진행중),안전운전불이행,특별광역시도,숭실대입구역부근사거리,37.496374,126.953504,동작구,
2017,4,3,월요일,11,중상사고,0,1,0,0,59,남,15년이상,,승용,사업용,이륜,일직선사고,맑음,주간,차대차,추돌(진행중),안전거리미확보,특별광역시도,숭실대입구역부근사거리,37.496374,126.953504,동작구,
2017,7,16,일요일,20,경상사고,0,0,1,0,33,남,15년미만,,승합,사업용,이륜,진입회전사고,맑음,출퇴근,차대차,측면직각충돌,신호위반,특별광역시도,숭실대입구역부근사거리,37.496374,126.953504,동작구,
2017,8,24,목요일,23,경상사고,0,0,1,0,57,남,10년미만,0,승용,사업용,이륜,진입회전사고,맑음,심야,차대차,측면직각충돌,안전거리미확보,특별광역시도,숭실대입구역부근사거리,37.496374,126.953504,동작구,
2017,9,3,일요일,21,중상사고,0,1,0,0,불명,불명,데이터오류,,이륜,기타,보행자,진입회전사고,맑음,심야,차대사람,보도통행중,신호위반,특별광역시도,숭실대입구역부근사거리,37.496374,126.953504,동작구,
2017,10,20,금요일,8,경상사고,0,0,3,0,29,여,4년미만,,승용,비사업용,승용,진입회전사고,맑음,출퇴근,차대차,측면직각충돌,차로위반,특별광역시도,숭실대입구역부근사거리,37.496374,126.953504,동작구,
2017,10,22,일요일,9,경상사고,0,0,2,0,23,남,5년미만,,승용,비사업용,보행자,기타사고,맑음,주간,차대차,차대차-기타,안전운전불이행,특별광역시도,숭실대입구역부근사거리,37.496374,126.953504,동작구,
2017,11,12,일요일,21,중상사고,0,1,0,0,50,남,15년이상,,이륜,기타,보행자,보행횡단사고,맑음,심야,차대사람,횡단중,안전운전불이행,특별광역시도,숭실대입구역부근사거리,37.496374,126.953504,동작구,
2017,12,23,토요일,23,경상사고,0,0,2,0,58,남,15년이상,,승용,사업용,승용,일직선사고,흐림,심야,차대차,추돌(진행중),안전거리미확보,특별광역시도,숭실대입구역부근사거리,37.496374,126.953504,동작구,
2018,1,8,월요일,18,경상사고,0,0,1,0,52,남,15년이상,,승용,비사업용,보행자,기타사고,맑음,출퇴근,차대사람,차대사람-기타,안전운전불이행,특별광역시도,숭실대입구역부근사거리,37.496374,126.953504,동작구,
2018,2,26,월요일,11,경상사고,0,0,1,0,54,남,15년이상,,승용,사업용,원동기,진입회전사고,맑음,주간,차대차,측면직각충돌,교차로운행방법위반,특별광역시도,숭실대입구역부근사거리,37.496374,126.953504,동작구,
2018,2,25,일요일,16,경상사고,0,0,1,0,16,남,1년미만,,이륜,기타,보행자,보행횡단사고,맑음,주간,차대사람,횡단중,보행자보호의무위반,특별광역시도,숭실대입구역부근사거리,37.496374,126.953504,동작구,
2018,3,15,목요일,6,경상사고,0,0,1,0,55,남,15년이상,,승용,사업용,승용,일직선사고,비,새벽,차대차,추돌(진행중),안전운전불이행,특별광역시도,숭실대입구역부근사거리,37.496374,126.953504,동작구,
2018,4,26,목요일,1,경상사고,0,0,2,0,41,남,15년이상,0,승용,비사업용,화물,일직선사고,맑음,심야,차대차,추돌(진행중),안전운전불이행,특별광역시도,숭실대입구역부근사거리,37.496374,126.953504,동작구,
2018,4,26,목요일,13,부상사고,0,0,0,1,34,여,15년미만,,승용,비사업용,자전거,진입회전사고,맑음,주간,차대차,측면직각충돌,불법유턴,특별광역시도,숭실대입구역부근사거리,37.496374,126.953504,동작구,
2018,5,4,금요일,1,중상사고,0,1,1,0,55,남,15년이상,,승용,사업용,이륜,진입회전사고,맑음,심야,차대차,측면직각충돌,신호위반,특별광역시도,숭실대입구역부근사거리,37.496374,126.953504,동작구,
2018,7,5,목요일,14,중상사고,0,1,0,0,30,남,15년이상,,이륜,기타,보행자,진입회전사고,비,주간,차대사람,차도통행중,신호위반,특별광역시도,숭실대입구역부근사거리,37.496374,126.953504,동작구,
2018,8,26,일요일,3,중상사고,0,1,1,0,57,남,15년이상,,승용,사업용,이륜,일직선사고,맑음,심야,차대차,정면충돌,중앙선침범,특별광역시도,숭실대입구역부근사거리,37.496374,126.953504,동작구,
2018,8,19,일요일,20,중상사고,0,1,1,0,28,남,15년미만,,승용,비사업용,이륜,일직선사고,맑음,출퇴근,차대차,추돌(진행중),안전운전불이행,특별광역시도,숭실대입구역부근사거리,37.496374,126.953504,동작구,
2018,10,5,금요일,0,중상사고,0,1,1,1,61,남,15년이상,,승용,사업용,이륜,진입회전사고,맑음,심야,차대차,측면직각충돌,신호위반,특별광역시도,숭실대입구역부근사거리,37.496374,126.953504,동작구,
2018,10,20,토요일,18,경상사고,0,0,1,0,36,남,3년미만,,승용,비사업용,승용,기타사고,맑음,출퇴근,차대차,차대차-기타,안전운전불이행,기타,숭실대입구역부근사거리,37.496374,126.953504,동작구,
2018,10,17,수요일,20,경상사고,0,0,1,1,32,남,15년미만,,승용,비사업용,이륜,진입회전사고,맑음,출퇴근,차대차,측면직각충돌,안전거리미확보,특별광역시도,숭실대입구역부근사거리,37.496374,126.953504,동작구,
2018,10,28,일요일,22,부상사고,0,0,0,1,26,남,15년미만,,승용,비사업용,보행자,진입회전사고,맑음,심야,차대사람,횡단중,신호위반,특별광역시도,숭실대입구역부근사거리,37.496374,126.953504,동작구,
2019,9,4,수요일,15,경상사고,0,0,1,0,58,여,10년미만,,승용,비사업용,승용,일직선사고,맑음,주간,차대차,추돌(진행중),안전운전불이행,특별광역시도,숭실대입구역부근사거리,37.496374,126.953504,동작구,
2019,10,20,일요일,5,경상사고,0,0,1,0,54,남,15년이상,,승용,사업용,보행자,진입회전사고,맑음,새벽,차대사람,횡단중,신호위반,특별광역시도,숭실대입구역부근사거리,37.496374,126.953504,동작구,
2017,1,8,일요일,2,경상사고,0,0,2,0,57,남,15년이상,,승용,사업용,승용,일직선사고,맑음,심야,차대차,추돌(진행중),안전운전불이행,특별광역시도,숭실대입구역삼거리,37.495595,126.954321,동작구,
2017,2,18,토요일,12,경상사고,0,0,1,0,30,남,15년이상,,승용,비사업용,원동기,진입회전사고,맑음,주간,차대차,측면직각충돌,안전운전불이행,특별광역시도,숭실대입구역삼거리,37.495595,126.954321,동작구,
2017,2,18,토요일,20,부상사고,0,0,0,1,20,남,5년미만,,원동기,기타,보행자,보행횡단사고,맑음,출퇴근,차대사람,보도통행중,데이터없음,특별광역시도,숭실대입구역삼거리,37.495595,126.954321,동작구,
2017,2,8,수요일,23,경상사고,0,0,1,0,54,남,15년이상,,승용,사업용,이륜,진입회전사고,맑음,심야,차대차,측면직각충돌,안전운전불이행,특별광역시도,숭실대입구역삼거리,37.495595,126.954321,동작구,
2017,3,20,월요일,11,부상사고,0,0,0,1,57,남,15년이상,,승용,비사업용,화물,진입회전사고,맑음,주간,차대차,측면직각충돌,안전운전불이행,특별광역시도,숭실대입구역삼거리,37.495595,126.954321,동작구,
2017,4,24,월요일,2,경상사고,0,0,1,0,66,남,15년이상,,승용,사업용,보행자,보행횡단사고,흐림,심야,차대사람,횡단중,안전운전불이행,특별광역시도,숭실대입구역삼거리,37.495595,126.954321,동작구,
2017,4,4,화요일,18,부상사고,0,0,0,1,21,남,15년이상,,이륜,기타,기타,진입회전사고,맑음,출퇴근,차대차,측면직각충돌,안전운전불이행,특별광역시도,숭실대입구역삼거리,37.495595,126.954321,동작구,
2017,5,21,일요일,5,경상사고,0,0,1,0,26,남,1년미만,,승용,비사업용,화물,진입회전사고,맑음,새벽,차대차,측면직각충돌,교차로운행방법위반,특별광역시도,숭실대입구역삼거리,37.495595,126.954321,동작구,
2017,5,4,목요일,17,경상사고,0,0,1,0,63,남,15년이상,,승용,사업용,승용,진입회전사고,맑음,주간,차대차,측면직각충돌,안전운전불이행,특별광역시도,숭실대입구역삼거리,37.495595,126.954321,동작구,
2017,6,24,토요일,15,경상사고,0,0,1,0,44,남,15년이상,,승용,비사업용,승용,일직선사고,맑음,주간,차대차,추돌(진행중),안전운전불이행,특별광역시도,숭실대입구역삼거리,37.495595,126.954321,동작구,
2017,6,15,목요일,18,경상사고,0,0,1,0,50,여,15년이상,,승용,비사업용,보행자,보행횡단사고,맑음,출퇴근,차대사람,보도통행중,보행자보호의무위반,특별광역시도,숭실대입구역삼거리,37.495595,126.954321,동작구,
2017,7,7,금요일,16,경상사고,0,0,3,0,48,남,10년미만,,승용,비사업용,이륜,기타사고,비,주간,차대차,차대차-기타,차로위반,특별광역시도,숭실대입구역삼거리,37.495595,126.954321,동작구,
2017,9,2,토요일,18,경상사고,0,0,1,0,49,남,15년이상,,승합,사업용,승합,기타사고,맑음,출퇴근,차대차,차대차-기타,안전운전불이행,특별광역시도,숭실대입구역삼거리,37.495595,126.954321,동작구,
2017,11,4,토요일,21,경상사고,0,0,1,0,48,남,2년미만,,승용,사업용,승용,진입회전사고,맑음,심야,차대차,측면직각충돌,차로위반,특별광역시도,숭실대입구역삼거리,37.495595,126.954321,동작구,
2018,2,5,월요일,10,부상사고,0,0,0,1,61,남,15년이상,,승용,비사업용,승용,진입회전사고,맑음,주간,차대차,측면직각충돌,교차로운행방법위반,특별광역시도,숭실대입구역삼거리,37.495595,126.954321,동작구,
2018,4,1,일요일,1,경상사고,0,0,3,0,33,남,15년이상,0,승용,비사업용,승용,일직선사고,맑음,심야,차대차,추돌(진행중),안전운전불이행,특별광역시도,숭실대입구역삼거리,37.495595,126.954321,동작구,
2018,6,12,화요일,1,경상사고,0,0,2,0,57,남,15년이상,,승용,사업용,승용,일직선사고,비,심야,차대차,추돌(진행중),안전거리미확보,특별광역시도,숭실대입구역삼거리,37.495595,126.954321,동작구,
2018,6,6,수요일,2,부상사고,0,0,0,1,33,남,15년이상,,승용,사업용,보행자,기타사고,맑음,심야,차대사람,차도통행중,안전운전불이행,특별광역시도,숭실대입구역삼거리,37.495595,126.954321,동작구,
2018,6,15,금요일,16,경상사고,0,0,2,0,38,여,15년이상,,승용,비사업용,승용,일직선사고,맑음,주간,차대차,추돌(진행중),안전운전불이행,특별광역시도,숭실대입구역삼거리,37.495595,126.954321,동작구,
2018,7,25,수요일,9,경상사고,0,0,1,0,25,남,1년미만,,승용,비사업용,승용,일직선사고,맑음,주간,차대차,추돌(진행중),안전거리미확보,특별광역시도,숭실대입구역삼거리,37.495595,126.954321,동작구,
2018,7,19,목요일,20,경상사고,0,0,1,0,55,남,15년이상,,승용,사업용,이륜,진입회전사고,맑음,출퇴근,차대차,측면직각충돌,안전운전불이행,특별광역시도,숭실대입구역삼거리,37.495595,126.954321,동작구,
2018,9,11,화요일,19,경상사고,0,0,1,0,41,여,15년이상,,승용,비사업용,이륜,진입회전사고,맑음,출퇴근,차대차,측면직각충돌,안전거리미확보,특별광역시도,숭실대입구역삼거리,37.495595,126.954321,동작구,
2018,12,28,금요일,14,경상사고,0,0,1,0,21,남,4년미만,,승용,사업용,승용,일직선사고,맑음,주간,차대차,정면충돌,중앙선침범,특별광역시도,숭실대입구역삼거리,37.495595,126.954321,동작구,
2019,8,14,수요일,8,경상사고,0,0,1,0,63,남,15년이상,,화물,비사업용,보행자,기타사고,맑음,출퇴근,차대사람,차대사람-기타,기타,특별광역시도,숭실대입구역삼거리,37.495595,126.954321,동작구,
2019,8,22,목요일,17,부상사고,0,0,0,1,25,남,10년미만,,승용,비사업용,이륜,진입회전사고,맑음,주간,차대차,측면직각충돌,신호위반,특별광역시도,숭실대입구역삼거리,37.495595,126.954321,동작구,
2019,9,22,일요일,4,경상사고,0,0,1,0,53,남,15년이상,,승용,사업용,승용,일직선사고,맑음,심야,차대차,추돌(진행중),안전운전불이행,특별광역시도,숭실대입구역삼거리,37.495595,126.954321,동작구,
2019,9,25,수요일,13,경상사고,0,0,1,0,53,남,15년이상,,승용,사업용,자전거,기타사고,맑음,주간,차대차,차대차-기타,기타,특별광역시도,숭실대입구역삼거리,37.495595,126.954321,동작구,
2019,12,3,화요일,22,경상사고,0,0,4,0,52,남,15년이상,0,승용,비사업용,승용,일직선사고,비,심야,차대차,추돌(진행중),안전운전불이행,특별광역시도,숭실대입구역삼거리,37.495595,126.954321,동작구,
2019,12,31,화요일,22,중상사고,0,1,0,0,60,남,15년이상,,승용,사업용,이륜,기타사고,맑음,심야,차대차,차대차-기타,안전운전불이행,특별광역시도,숭실대입구역삼거리,37.495595,126.954321,동작구,
2017,1,18,수요일,9,경상사고,0,0,1,0,33,남,15년미만,,승용,비사업용,이륜,진입회전사고,맑음,주간,차대차,측면직각충돌,안전운전불이행,특별광역시도,신대방삼거리역,37.499717,126.928189,동작구,
2017,2,17,금요일,6,경상사고,0,0,1,0,27,남,10년미만,,승용,사업용,보행자,진입회전사고,흐림,새벽,차대사람,횡단중,신호위반,특별광역시도,신대방삼거리역,37.499717,126.928189,동작구,
2017,2,2,목요일,11,경상사고,0,0,1,0,38,남,15년이상,,승합,사업용,화물,기타사고,맑음,주간,차대차,차대차-기타,안전운전불이행,특별광역시도,신대방삼거리역,37.499717,126.928189,동작구,
2017,3,11,토요일,3,경상사고,0,0,2,0,34,여,10년미만,,승용,비사업용,원동기,진입회전사고,맑음,심야,차대차,측면직각충돌,신호위반,특별광역시도,신대방삼거리역,37.499717,126.928189,동작구,
2017,3,7,화요일,8,중상사고,0,2,0,0,64,남,15년이상,,승용,사업용,승용,일직선사고,맑음,출퇴근,차대차,추돌(진행중),안전거리미확보,특별광역시도,신대방삼거리역,37.499717,126.928189,동작구,
2017,3,2,목요일,23,경상사고,0,0,1,0,불명,불명,데이터오류,,승용,비사업용,승용,진입회전사고,맑음,심야,차대차,측면직각충돌,안전운전불이행,특별광역시도,신대방삼거리역,37.499717,126.928189,동작구,
2017,4,12,수요일,17,중상사고,0,1,0,0,62,남,15년이상,,화물,비사업용,이륜,진입회전사고,맑음,주간,차대차,측면직각충돌,안전운전불이행,특별광역시도,신대방삼거리역,37.499717,126.928189,동작구,
2017,5,28,일요일,1,중상사고,0,2,0,0,49,남,10년미만,,승용,사업용,이륜,진입회전사고,맑음,심야,차대차,측면직각충돌,신호위반,특별광역시도,신대방삼거리역,37.499717,126.928189,동작구,
2017,5,24,수요일,12,경상사고,0,0,1,0,42,남,15년이상,,승합,사업용,승합,일직선사고,맑음,주간,차대차,추돌(진행중),안전거리미확보,특별광역시도,신대방삼거리역,37.499717,126.928189,동작구,
2017,6,10,토요일,15,경상사고,0,0,1,0,57,남,15년이상,,승용,비사업용,기타,기타사고,맑음,주간,차대차,차대차-기타,안전운전불이행,특별광역시도,신대방삼거리역,37.499717,126.928189,동작구,
2017,7,1,토요일,0,경상사고,0,0,1,0,53,남,15년미만,,승용,사업용,승용,일직선사고,맑음,심야,차대차,추돌(진행중),안전거리미확보,특별광역시도,신대방삼거리역,37.499717,126.928189,동작구,
2017,8,19,토요일,7,중상사고,0,1,3,0,62,남,10년미만,0,승용,사업용,화물,일직선사고,맑음,출퇴근,차대차,추돌(진행중),안전운전불이행,특별광역시도,신대방삼거리역,37.499717,126.928189,동작구,
2017,8,25,금요일,8,경상사고,0,0,1,0,72,남,15년이상,,승용,사업용,보행자,진입회전사고,맑음,출퇴근,차대사람,횡단중,신호위반,특별광역시도,신대방삼거리역,37.499717,126.928189,동작구,
2017,8,10,목요일,8,부상사고,0,0,0,1,53,여,15년이상,,승합,비사업용,이륜,기타사고,비,출퇴근,차대차,차대차-기타,안전운전불이행,특별광역시도,신대방삼거리역,37.499717,126.928189,동작구,
2017,8,30,수요일,15,중상사고,0,1,0,0,51,남,15년이상,,승용,비사업용,이륜,진입회전사고,맑음,주간,차대차,측면직각충돌,안전운전불이행,특별광역시도,신대방삼거리역,37.499717,126.928189,동작구,
2017,9,29,금요일,9,경상사고,0,0,1,0,52,여,15년이상,,승용,비사업용,이륜,진입회전사고,맑음,주간,차대차,측면직각충돌,안전거리미확보,특별광역시도,신대방삼거리역,37.499717,126.928189,동작구,
2017,10,30,월요일,10,경상사고,0,0,2,0,48,남,15년이상,,승용,사업용,승용,일직선사고,맑음,주간,차대차,추돌(진행중),안전거리미확보,특별광역시도,신대방삼거리역,37.499717,126.928189,동작구,
2017,10,2,월요일,18,경상사고,0,0,2,0,60,남,15년이상,,승용,비사업용,승용,기타사고,맑음,출퇴근,차대차,차대차-기타,안전운전불이행,특별광역시도,신대방삼거리역,37.499717,126.928189,동작구,
2017,10,28,토요일,21,경상사고,0,0,1,0,18,남,3년미만,,원동기,기타,원동기,일직선사고,맑음,심야,차대차,차대차-기타,중앙선침범,특별광역시도,신대방삼거리역,37.499717,126.928189,동작구,
2017,11,22,수요일,23,경상사고,0,0,1,0,45,남,15년이상,,승용,비사업용,보행자,보행횡단사고,맑음,심야,차대사람,횡단중,안전운전불이행,특별광역시도,신대방삼거리역,37.499717,126.928189,동작구,
2017,12,8,금요일,11,부상사고,0,0,0,1,32,남,10년미만,,승용,비사업용,보행자,보행횡단사고,맑음,주간,차대사람,횡단중,보행자보호의무위반,특별광역시도,신대방삼거리역,37.499717,126.928189,동작구,
2017,12,19,화요일,15,경상사고,0,0,1,0,29,남,10년미만,,승용,비사업용,승용,진입회전사고,맑음,주간,차대차,측면직각충돌,안전거리미확보,특별광역시도,신대방삼거리역,37.499717,126.928189,동작구,
2018,2,5,월요일,9,경상사고,0,0,1,0,35,남,15년이상,,승용,비사업용,승용,진입회전사고,맑음,주간,차대차,측면직각충돌,안전거리미확보,특별광역시도,신대방삼거리역,37.499717,126.928189,동작구,
2018,3,4,일요일,10,경상사고,0,0,1,0,59,남,15년미만,,승용,비사업용,이륜,일직선사고,맑음,주간,차대차,정면충돌,중앙선침범,특별광역시도,신대방삼거리역,37.499717,126.928189,동작구,
2018,5,26,토요일,9,경상사고,0,0,1,0,37,남,3년미만,,승용,비사업용,이륜,진입회전사고,맑음,주간,차대차,측면직각충돌,안전운전불이행,특별광역시도,신대방삼거리역,37.499717,126.928189,동작구,
2018,6,24,일요일,0,중상사고,0,1,1,0,56,남,15년이상,,승용,비사업용,승용,진입회전사고,맑음,심야,차대차,측면직각충돌,안전운전불이행,특별광역시도,신대방삼거리역,37.499717,126.928189,동작구,
2018,6,11,월요일,23,경상사고,0,0,1,0,61,남,15년이상,,승용,사업용,원동기,진입회전사고,비,심야,차대차,측면직각충돌,안전운전불이행,특별광역시도,신대방삼거리역,37.499717,126.928189,동작구,
2018,7,1,일요일,20,중상사고,0,1,0,0,28,남,10년미만,,승용,비사업용,원동기,진입회전사고,맑음,출퇴근,차대차,측면직각충돌,안전운전불이행,특별광역시도,신대방삼거리역,37.499717,126.928189,동작구,
2018,8,26,일요일,4,경상사고,0,0,1,0,53,남,15년이상,,승용,사업용,승용,진입회전사고,맑음,심야,차대차,측면직각충돌,교차로운행방법위반,특별광역시도,신대방삼거리역,37.499717,126.928189,동작구,
2018,8,20,월요일,10,경상사고,0,0,1,0,61,남,15년이상,,승합,비사업용,보행자,보행횡단사고,맑음,주간,차대사람,횡단중,보행자보호의무위반,특별광역시도,신대방삼거리역,37.499717,126.928189,동작구,
2018,8,5,일요일,18,경상사고,0,0,1,0,29,남,4년미만,,승용,비사업용,승용,진입회전사고,맑음,출퇴근,차대차,측면직각충돌,안전거리미확보,특별광역시도,신대방삼거리역,37.499717,126.928189,동작구,
2018,8,7,화요일,20,경상사고,0,0,2,0,69,남,15년이상,,화물,사업용,화물,진입회전사고,맑음,출퇴근,차대차,측면직각충돌,안전운전불이행,특별광역시도,신대방삼거리역,37.499717,126.928189,동작구,
2018,9,10,월요일,8,경상사고,0,0,1,0,44,남,15년이상,,승용,비사업용,승용,일직선사고,맑음,출퇴근,차대차,추돌(진행중),안전운전불이행,특별광역시도,신대방삼거리역,37.499717,126.928189,동작구,
2018,9,4,화요일,23,경상사고,0,0,1,0,35,여,10년미만,,승용,비사업용,이륜,진입회전사고,맑음,심야,차대차,측면직각충돌,신호위반,특별광역시도,신대방삼거리역,37.499717,126.928189,동작구,
2018,10,29,월요일,10,경상사고,0,0,1,0,71,남,15년이상,,승용,사업용,승용,일직선사고,맑음,주간,차대차,추돌(진행중),안전거리미확보,특별광역시도,신대방삼거리역,37.499717,126.928189,동작구,
2018,11,5,월요일,7,중상사고,0,1,0,0,21,남,5년미만,,승용,비사업용,승용,일직선사고,맑음,출퇴근,차대차,추돌(진행중),안전거리미확보,특별광역시도,신대방삼거리역,37.499717,126.928189,동작구,
2018,11,22,목요일,8,경상사고,0,0,1,0,63,여,15년이상,,승용,비사업용,승용,진입회전사고,맑음,출퇴근,차대차,측면직각충돌,안전운전불이행,특별광역시도,신대방삼거리역,37.499717,126.928189,동작구,
2018,12,15,토요일,5,경상사고,0,0,1,0,65,남,15년이상,,승용,사업용,보행자,보행횡단사고,맑음,새벽,차대사람,횡단중,안전운전불이행,특별광역시도,신대방삼거리역,37.499717,126.928189,동작구,
2018,12,2,일요일,14,경상사고,0,0,1,0,55,남,15년이상,,승용,사업용,승용,진입회전사고,맑음,주간,차대차,측면직각충돌,교차로운행방법위반,특별광역시도,신대방삼거리역,37.499717,126.928189,동작구,
2019,3,17,일요일,15,경상사고,0,0,4,1,53,남,15년이상,,승용,비사업용,승용,일직선사고,맑음,주간,차대차,추돌(진행중),안전운전불이행,특별광역시도,신대방삼거리역,37.499717,126.928189,동작구,
2019,3,7,목요일,17,경상사고,0,0,1,0,58,남,15년이상,,승용,사업용,승용,일직선사고,맑음,주간,차대차,추돌(진행중),안전운전불이행,특별광역시도,신대방삼거리역,37.499717,126.928189,동작구,
2019,3,23,토요일,19,부상사고,0,0,0,1,38,남,15년이상,,승용,비사업용,보행자,기타사고,맑음,출퇴근,차대사람,차대사람-기타,안전운전불이행,특별광역시도,신대방삼거리역,37.499717,126.928189,동작구,
2019,3,20,수요일,23,부상사고,0,0,0,1,48,여,10년미만,,승용,비사업용,이륜,기타사고,비,심야,차대차,차대차-기타,안전거리미확보,특별광역시도,신대방삼거리역,37.499717,126.928189,동작구,
2019,4,6,토요일,17,경상사고,0,0,1,0,60,남,15년이상,,승용,사업용,이륜,진입회전사고,비,주간,차대차,측면직각충돌,차로위반,특별광역시도,신대방삼거리역,37.499717,126.928189,동작구,
2019,5,9,목요일,22,경상사고,0,0,1,0,16,남,15년이상,,원동기,데이터오류,보행자,진입회전사고,맑음,심야,차대사람,횡단중,신호위반,특별광역시도,신대방삼거리역,37.499717,126.928189,동작구,
2019,5,18,토요일,23,경상사고,0,0,1,0,64,남,15년이상,,승용,사업용,승용,일직선사고,맑음,심야,차대차,추돌(진행중),기타,특별광역시도,신대방삼거리역,37.499717,126.928189,동작구,
2019,6,11,화요일,8,중상사고,0,1,0,0,58,남,15년이상,,승합,사업용,보행자,보행횡단사고,맑음,출퇴근,차대사람,횡단중,중앙선침범,특별광역시도,신대방삼거리역,37.499717,126.928189,동작구,
2019,6,17,월요일,16,경상사고,0,0,1,0,59,남,15년이상,,승합,사업용,기타,기타사고,맑음,주간,차량단독,차량단독-기타,안전운전불이행,특별광역시도,신대방삼거리역,37.499717,126.928189,동작구,
2019,8,13,화요일,22,경상사고,0,0,1,0,30,남,15년미만,,승용,비사업용,이륜,진입회전사고,흐림,심야,차대차,측면직각충돌,안전운전불이행,특별광역시도,신대방삼거리역,37.499717,126.928189,동작구,
2019,9,9,월요일,15,중상사고,0,1,0,0,64,여,15년이상,,승용,비사업용,원동기,진입회전사고,맑음,주간,차대차,측면직각충돌,안전운전불이행,특별광역시도,신대방삼거리역,37.499717,126.928189,동작구,
2019,9,23,월요일,20,경상사고,0,0,1,0,24,여,2년미만,,승용,비사업용,화물,일직선사고,맑음,출퇴근,차대차,추돌(진행중),기타,특별광역시도,신대방삼거리역,37.499717,126.928189,동작구,
2019,10,11,금요일,0,경상사고,0,0,2,0,31,남,3년미만,0,승용,비사업용,승합,일직선사고,맑음,심야,차대차,추돌(진행중),안전운전불이행,특별광역시도,신대방삼거리역,37.499717,126.928189,동작구,
2019,10,3,목요일,17,중상사고,0,1,0,0,48,남,15년이상,,승용,비사업용,이륜,진입회전사고,맑음,주간,차대차,측면직각충돌,차로위반,특별광역시도,신대방삼거리역,37.499717,126.928189,동작구,
2019,10,11,금요일,21,경상사고,0,0,1,0,42,남,15년이상,,승용,비사업용,자전거,기타사고,맑음,심야,차대차,차대차-기타,안전운전불이행,특별광역시도,신대방삼거리역,37.499717,126.928189,동작구,
2019,12,19,목요일,12,경상사고,0,0,1,0,29,남,15년미만,,이륜,데이터오류,보행자,기타사고,맑음,주간,차대사람,차대사람-기타,보행자보호의무위반,특별광역시도,신대방삼거리역,37.499717,126.928189,동작구,
2017,3,30,목요일,16,경상사고,0,0,1,0,34,남,15년미만,,승용,비사업용,승용,진입회전사고,맑음,주간,차대차,측면직각충돌,안전거리미확보,특별광역시도,신대방삼거리역,37.499717,126.928189,동작구,