년도,월,일,요일,시각,사고등급,사망자수,중상자수,경상자수,부상자수,연령,성별,경력,음주,종별,용도,관련자2,사고형태,기상상태,일광상태,사고유형1,사고유형2,법규위반,도로종류,지점명,위도,경도,자치구,
2017,5,18,목요일,13,경상사고,0,0,1,0,44,남,15년이상,,승합,사업용,자전거,기타사고,맑음,주간,차대차,차대차-기타,안전운전불이행,특별광역시도,신대방삼거리역,37.499717,126.928189,동작구,
2017,6,17,토요일,12,경상사고,0,0,1,0,50,남,15년이상,,승합,사업용,보행자,기타사고,맑음,주간,차대사람,차대사람-기타,데이터없음,특별광역시도,신대방삼거리역,37.499717,126.928189,동작구,
2017,6,3,토요일,16,중상사고,0,1,0,0,55,남,3년미만,,승합,사업용,보행자,기타사고,맑음,주간,차대사람,차대사람-기타,데이터없음,특별광역시도,신대방삼거리역,37.499717,126.928189,동작구,
2017,7,8,토요일,15,경상사고,0,0,1,0,57,남,15년이상,,승용,사업용,승합,진입회전사고,맑음,주간,차대차,측면직각충돌,안전운전불이행,특별광역시도,신대방삼거리역,37.499717,126.928189,동작구,
2017,10,21,토요일,8,중상사고,0,1,0,0,50,남,15년이상,,승합,사업용,보행자,기타사고,맑음,출퇴근,차대사람,차대사람-기타,안전운전불이행,특별광역시도,신대방삼거리역,37.499717,126.928189,동작구,
2017,12,26,화요일,19,부상사고,0,0,0,1,60,남,15년이상,,승용,비사업용,이륜,기타사고,맑음,출퇴근,차대차,차대차-기타,안전거리미확보,특별광역시도,신대방삼거리역,37.499717,126.928189,동작구,
2018,4,3,화요일,10,경상사고,0,0,1,0,67,남,15년이상,,승용,비사업용,이륜,기타사고,흐림,주간,차대차,차대차-기타,기타,특별광역시도,신대방삼거리역,37.499717,126.928189,동작구,
2018,8,27,월요일,15,중상사고,0,1,0,0,66,남,15년이상,,승용,사업용,이륜,기타사고,맑음,주간,차대차,차대차-기타,기타,특별광역시도,신대방삼거리역,37.499717,126.928189,동작구,
2018,9,19,수요일,20,부상사고,0,0,0,1,18,남,3년미만,,원동기,기타,보행자,기타사고,맑음,출퇴근,차대사람,차대사람-기타,안전운전불이행,특별광역시도,신대방삼거리역,37.499717,126.928189,동작구,
2018,11,17,토요일,16,부상사고,0,0,0,1,41,남,15년이상,,이륜,기타,보행자,기타사고,맑음,주간,차대사람,차대사람-기타,안전운전불이행,특별광역시도,신대방삼거리역,37.499717,126.928189,동작구,
2018,11,7,수요일,23,중상사고,0,1,1,0,51,남,15년이상,,승용,사업용,이륜,기타사고,비,심야,차대차,차대차-기타,기타,특별광역시도,신대방삼거리역,37.499717,126.928189,동작구,
2019,6,15,토요일,11,중상사고,0,4,1,0,26,남,3년미만,,승용,비사업용,이륜,진입회전사고,맑음,주간,차대차,차대차-기타,신호위반,특별광역시도,신대방삼거리역,37.499717,126.928189,동작구,
2019,8,27,화요일,20,경상사고,0,0,1,0,36,남,15년이상,,화물,사업용,보행자,기타사고,맑음,출퇴근,차대사람,차도통행중,안전운전불이행,특별광역시도,신대방삼거리역,37.499717,126.928189,동작구,
2017,2,22,수요일,23,경상사고,0,0,4,0,25,남,10년미만,,승합,비사업용,승합,기타사고,맑음,심야,차대차,차대차-기타,안전거리미확보,특별광역시도,신대방삼거리역,37.499717,126.928189,동작구,
2017,3,24,금요일,12,경상사고,0,0,1,0,57,남,15년이상,,승용,비사업용,보행자,보행횡단사고,맑음,주간,차대사람,횡단중,보행자보호의무위반,특별광역시도,신대방삼거리역,37.499717,126.928189,동작구,
2017,4,6,목요일,12,중상사고,0,1,0,0,67,남,15년이상,,승용,비사업용,보행자,보행횡단사고,맑음,주간,차대사람,보도통행중,데이터없음,특별광역시도,신대방삼거리역,37.499717,126.928189,동작구,
2017,5,2,화요일,20,경상사고,0,0,1,0,43,남,15년미만,,승용,사업용,원동기,진입회전사고,맑음,출퇴근,차대차,측면직각충돌,신호위반,특별광역시도,신대방삼거리역,37.499717,126.928189,동작구,
2017,6,17,토요일,22,중상사고,0,1,1,0,62,남,15년이상,,승용,사업용,승용,진입회전사고,맑음,심야,차대차,측면직각충돌,차로위반,특별광역시도,신대방삼거리역,37.499717,126.928189,동작구,
2017,7,13,목요일,13,중상사고,0,1,0,0,60,여,15년이상,,승용,비사업용,보행자,보행횡단사고,맑음,주간,차대사람,횡단중,보행자보호의무위반,특별광역시도,신대방삼거리역,37.499717,126.928189,동작구,
2018,9,6,목요일,10,경상사고,0,0,1,0,43,남,15년이상,,화물,비사업용,화물,진입회전사고,맑음,주간,차대차,측면직각충돌,안전운전불이행,특별광역시도,신대방삼거리역,37.499717,126.928189,동작구,
2018,11,10,토요일,17,중상사고,0,1,2,0,31,남,15년미만,,승합,사업용,승합,진입회전사고,맑음,주간,차대차,측면직각충돌,안전거리미확보,특별광역시도,신대방삼거리역,37.499717,126.928189,동작구,
2019,3,19,화요일,22,경상사고,0,0,1,0,66,남,15년이상,,승용,사업용,이륜,진입회전사고,맑음,심야,차대차,측면직각충돌,기타,특별광역시도,신대방삼거리역,37.499717,126.928189,동작구,
2019,4,14,일요일,6,경상사고,0,0,1,0,67,남,15년이상,,승용,사업용,자전거,기타사고,맑음,새벽,차대차,차대차-기타,안전운전불이행,특별광역시도,신대방삼거리역,37.499717,126.928189,동작구,
2017,1,10,화요일,14,경상사고,0,0,1,0,60,남,15년이상,,승용,사업용,승용,일직선사고,맑음,주간,차대차,추돌(진행중),안전거리미확보,특별광역시도,신대방삼거리역부근,37.499717,126.928189,동작구,
2017,2,25,토요일,21,경상사고,0,0,1,0,32,남,15년미만,,승용,비사업용,보행자,기타사고,맑음,심야,차대사람,차대사람-기타,안전운전불이행,특별광역시도,신대방삼거리역부근,37.499717,126.928189,동작구,
2017,3,23,목요일,1,경상사고,0,0,2,0,40,남,15년이상,,승용,비사업용,화물,기타사고,맑음,심야,차대차,차대차-기타,안전거리미확보,특별광역시도,신대방삼거리역부근,37.499717,126.928189,동작구,
2017,4,10,월요일,8,경상사고,0,0,2,0,53,남,15년이상,,화물,비사업용,화물,진입회전사고,맑음,출퇴근,차대차,측면직각충돌,안전운전불이행,특별광역시도,신대방삼거리역부근,37.499717,126.928189,동작구,
2017,8,1,화요일,3,중상사고,0,1,1,0,28,남,10년미만,0,승용,비사업용,승용,일직선사고,맑음,심야,차대차,추돌(진행중),안전운전불이행,특별광역시도,신대방삼거리역부근,37.499717,126.928189,동작구,
2017,9,9,토요일,14,중상사고,0,1,0,0,44,남,10년미만,,승합,사업용,보행자,기타사고,맑음,주간,차대사람,차대사람-기타,안전운전불이행,특별광역시도,신대방삼거리역부근,37.499717,126.928189,동작구,
2017,10,9,월요일,7,중상사고,0,1,0,0,64,남,15년이상,,승용,사업용,자전거,진입회전사고,맑음,출퇴근,차대차,측면직각충돌,교차로운행방법위반,특별광역시도,신대방삼거리역부근,37.499717,126.928189,동작구,
2017,10,13,금요일,23,경상사고,0,0,1,0,66,남,15년이상,,승용,사업용,자전거,진입회전사고,맑음,심야,차대차,측면직각충돌,안전운전불이행,특별광역시도,신대방삼거리역부근,37.499717,126.928189,동작구,
2017,12,18,월요일,20,경상사고,0,0,1,0,62,남,15년이상,,승용,사업용,보행자,기타사고,맑음,출퇴근,차대사람,차대사람-기타,안전운전불이행,특별광역시도,신대방삼거리역부근,37.499717,126.928189,동작구,
2018,1,12,금요일,9,경상사고,0,0,1,0,64,남,15년이상,,승용,사업용,보행자,보행횡단사고,맑음,주간,차대사람,횡단중,안전운전불이행,특별광역시도,신대방삼거리역부근,37.499717,126.928189,동작구,
2018,1,13,토요일,10,부상사고,0,0,0,1,71,남,15년이상,,승용,사업용,보행자,기타사고,흐림,주간,차대사람,길가장자리구역통행중,안전운전불이행,특별광역시도,신대방삼거리역부근,37.499717,126.928189,동작구,
2018,1,1,월요일,15,경상사고,0,0,1,0,27,남,10년미만,,승용,비사업용,보행자,기타사고,흐림,주간,차대사람,차대사람-기타,안전운전불이행,특별광역시도,신대방삼거리역부근,37.499717,126.928189,동작구,
2018,1,1,월요일,19,부상사고,0,0,0,1,32,남,데이터오류,,화물,비사업용,보행자,기타사고,맑음,출퇴근,차대사람,길가장자리구역통행중,안전운전불이행,특별광역시도,신대방삼거리역부근,37.499717,126.928189,동작구,
2018,4,10,화요일,6,경상사고,0,0,1,0,56,남,3년미만,,승용,비사업용,승합,기타사고,맑음,새벽,차대차,차대차-기타,교차로운행방법위반,특별광역시도,신대방삼거리역부근,37.499717,126.928189,동작구,
2018,4,21,토요일,9,경상사고,0,0,1,0,36,남,15년이상,,승용,비사업용,보행자,보행횡단사고,맑음,주간,차대사람,횡단중,안전운전불이행,특별광역시도,신대방삼거리역부근,37.499717,126.928189,동작구,
2018,4,6,금요일,18,중상사고,0,1,0,0,38,남,4년미만,,화물,비사업용,원동기,진입회전사고,맑음,출퇴근,차대차,측면직각충돌,안전거리미확보,특별광역시도,신대방삼거리역부근,37.499717,126.928189,동작구,
2018,7,2,월요일,17,경상사고,0,0,1,0,불명,불명,데이터오류,,기타,기타,기타,보행횡단사고,흐림,주간,차대사람,횡단중,안전운전불이행,특별광역시도,신대방삼거리역부근,37.499717,126.928189,동작구,
2018,8,3,금요일,9,경상사고,0,0,1,0,47,남,15년이상,,승용,비사업용,승용,진입회전사고,맑음,주간,차대차,측면직각충돌,안전운전불이행,특별광역시도,신대방삼거리역부근,37.499717,126.928189,동작구,
2018,9,15,토요일,21,경상사고,0,0,1,0,56,남,15년이상,,승용,사업용,자전거,진입회전사고,맑음,심야,차대차,측면직각충돌,기타,특별광역시도,신대방삼거리역부근,37.499717,126.928189,동작구,
2018,10,3,수요일,2,경상사고,0,0,1,0,43,남,15년미만,,승용,사업용,보행자,기타사고,맑음,심야,차대사람,차도통행중,안전운전불이행,특별광역시도,신대방삼거리역부근,37.499717,126.928189,동작구,
2018,11,21,수요일,19,부상사고,0,0,0,1,49,여,15년이상,,승용,비사업용,이륜,진입회전사고,맑음,출퇴근,차대차,측면직각충돌,안전거리미확보,특별광역시도,신대방삼거리역부근,37.499717,126.928189,동작구,
2018,12,16,일요일,21,경상사고,0,0,1,0,62,남,15년이상,,승합,사업용,이륜,기타사고,맑음,심야,차대차,차대차-기타,안전운전불이행,특별광역시도,신대방삼거리역부근,37.499717,126.928189,동작구,
2019,3,29,금요일,16,경상사고,0,0,1,0,52,여,15년이상,,승합,비사업용,기타,일직선사고,맑음,주간,차대차,추돌(진행중),안전운전불이행,특별광역시도,신대방삼거리역부근,37.499717,126.928189,동작구,
2019,3,14,목요일,23,경상사고,0,0,1,0,68,남,15년이상,,승용,사업용,이륜,진입회전사고,맑음,심야,차대차,측면직각충돌,안전거리미확보,특별광역시도,신대방삼거리역부근,37.499717,126.928189,동작구,
2019,4,16,화요일,15,경상사고,0,0,1,0,54,남,15년이상,,승합,사업용,기타,기타사고,맑음,주간,차량단독,차량단독-기타,안전운전불이행,특별광역시도,신대방삼거리역부근,37.499717,126.928189,동작구,
2019,5,4,토요일,13,경상사고,0,0,1,0,28,남,10년미만,,승용,사업용,이륜,진입회전사고,맑음,주간,차대차,측면직각충돌,차로위반,특별광역시도,신대방삼거리역부근,37.499717,126.928189,동작구,
2019,6,7,금요일,9,경상사고,0,0,1,0,62,남,15년이상,,승용,사업용,승용,일직선사고,맑음,주간,차대차,추돌(진행중),안전거리미확보,특별광역시도,신대방삼거리역부근,37.499717,126.928189,동작구,
2019,6,26,수요일,16,경상사고,0,0,1,0,58,여,15년이상,,자전거,데이터오류,보행자,기타사고,맑음,주간,차대사람,차대사람-기타,기타,특별광역시도,신대방삼거리역부근,37.499717,126.928189,동작구,
2019,9,8,일요일,0,경상사고,0,0,1,0,59,남,15년이상,,승용,사업용,승용,기타사고,흐림,심야,차대차,차대차-기타,직진우회전진행방해,특별광역시도,신대방삼거리역부근,37.499717,126.928189,동작구,
2019,9,16,월요일,0,경상사고,0,0,1,0,45,남,15년이상,,승용,비사업용,승용,진입회전사고,맑음,심야,차대차,측면직각충돌,교차로운행방법위반,특별광역시도,신대방삼거리역부근,37.499717,126.928189,동작구,
2019,9,12,목요일,5,중상사고,0,1,0,0,75,남,15년이상,,승용,비사업용,이륜,일직선사고,맑음,새벽,차대차,추돌(진행중),안전운전불이행,특별광역시도,신대방삼거리역부근,37.499717,126.928189,동작구,
2019,12,29,일요일,8,경상사고,0,0,1,0,69,남,15년이상,,승용,사업용,승용,진입회전사고,흐림,출퇴근,차대차,측면직각충돌,안전운전불이행,특별광역시도,신대방삼거리역부근,37.499717,126.928189,동작구,
2019,12,4,수요일,20,경상사고,0,0,4,0,58,남,15년이상,,승용,비사업용,승용,진입회전사고,맑음,출퇴근,차대차,측면직각충돌,안전운전불이행,특별광역시도,신대방삼거리역부근,37.499717,126.928189,동작구,
2017,1,17,화요일,23,경상사고,0,0,1,0,26,여,4년미만,,승용,비사업용,이륜,진입회전사고,맑음,심야,차대차,측면직각충돌,중앙선침범,특별광역시도,이수역부근,37.486491,126.981876,동작구,
2017,2,28,화요일,8,경상사고,0,0,1,0,74,남,15년이상,,승용,비사업용,보행자,기타사고,맑음,출퇴근,차대사람,차대사람-기타,보행자보호의무위반,특별광역시도,이수역부근,37.486491,126.981876,동작구,
2017,2,27,월요일,16,중상사고,0,1,0,0,65,남,15년이상,,승용,비사업용,보행자,보행횡단사고,맑음,주간,차대사람,횡단중,안전운전불이행,특별광역시도,이수역부근,37.486491,126.981876,동작구,
2017,3,16,목요일,15,중상사고,0,1,0,0,44,여,10년미만,,승용,사업용,이륜,진입회전사고,맑음,주간,차대차,측면직각충돌,신호위반,특별광역시도,이수역부근,37.486491,126.981876,동작구,
2017,3,11,토요일,23,부상사고,0,0,0,1,29,남,15년미만,,승용,비사업용,보행자,보행횡단사고,맑음,심야,차대사람,횡단중,안전운전불이행,특별광역시도,이수역부근,37.486491,126.981876,동작구,
2017,10,6,금요일,4,경상사고,0,0,1,0,72,남,15년이상,,승용,사업용,보행자,보행횡단사고,맑음,심야,차대사람,횡단중,안전운전불이행,특별광역시도,이수역부근,37.486491,126.981876,동작구,
2017,11,24,금요일,4,중상사고,0,1,0,0,64,남,15년이상,,승용,사업용,보행자,진입회전사고,흐림,심야,차대사람,횡단중,신호위반,특별광역시도,이수역부근,37.486491,126.981876,동작구,
2017,12,1,금요일,10,경상사고,0,0,1,0,61,남,15년이상,,승용,비사업용,승합,기타사고,맑음,주간,차대차,차대차-기타,차로위반,특별광역시도,이수역부근,37.486491,126.981876,동작구,
2018,1,17,수요일,19,부상사고,0,0,0,1,70,남,15년이상,,승용,사업용,자전거,진입회전사고,맑음,출퇴근,차대차,측면직각충돌,불법유턴,특별광역시도,이수역부근,37.486491,126.981876,동작구,
2018,3,14,수요일,9,경상사고,0,0,1,0,63,남,15년미만,,승용,사업용,건설기계,진입회전사고,맑음,주간,차대차,측면직각충돌,안전운전불이행,특별광역시도,이수역부근,37.486491,126.981876,동작구,
2018,3,10,토요일,15,경상사고,0,0,1,0,46,남,15년이상,,승용,비사업용,승합,기타사고,맑음,주간,차대차,차대차-기타,차로위반,특별광역시도,이수역부근,37.486491,126.981876,동작구,
2018,4,11,수요일,15,중상사고,0,1,1,0,41,남,15년이상,,이륜,기타,보행자,보행횡단사고,맑음,주간,차대사람,횡단중,안전운전불이행,특별광역시도,이수역부근,37.486491,126.981876,동작구,
2018,5,17,목요일,19,부상사고,0,0,0,1,43,남,15년이상,,승용,사업용,이륜,진입회전사고,맑음,출퇴근,차대차,측면직각충돌,안전거리미확보,특별광역시도,이수역부근,37.486491,126.981876,동작구,
2018,6,3,일요일,5,경상사고,0,0,1,0,48,남,15년이상,,승합,비사업용,보행자,기타사고,맑음,새벽,차대사람,차대사람-기타,기타,특별광역시도,이수역부근,37.486491,126.981876,동작구,
2018,6,19,화요일,17,부상사고,0,0,0,1,65,남,15년이상,,승용,사업용,자전거,일직선사고,맑음,주간,차대차,추돌(진행중),안전거리미확보,특별광역시도,이수역부근,37.486491,126.981876,동작구,
2018,8,17,금요일,0,경상사고,0,0,1,0,50,남,15년이상,,승용,사업용,이륜,진입회전사고,맑음,심야,차대차,정면충돌,신호위반,특별광역시도,이수역부근,37.486491,126.981876,동작구,
2018,8,25,토요일,16,경상사고,0,0,1,0,54,남,15년이상,,화물,사업용,보행자,기타사고,맑음,주간,차대사람,차도통행중,안전운전불이행,특별광역시도,이수역부근,37.486491,126.981876,동작구,
2018,8,18,토요일,20,중상사고,0,1,0,0,62,남,15년이상,,승용,비사업용,보행자,보행횡단사고,맑음,출퇴근,차대사람,횡단중,기타,특별광역시도,이수역부근,37.486491,126.981876,동작구,
2018,9,28,금요일,17,경상사고,0,0,1,0,42,남,15년이상,,승용,사업용,보행자,기타사고,맑음,주간,차대사람,차대사람-기타,안전운전불이행,특별광역시도,이수역부근,37.486491,126.981876,동작구,
2018,9,19,수요일,18,중상사고,0,1,0,0,49,남,2년미만,,자전거,기타,보행자,기타사고,맑음,출퇴근,차대사람,길가장자리구역통행중,안전운전불이행,특별광역시도,이수역부근,37.486491,126.981876,동작구,
2018,9,14,금요일,21,경상사고,0,0,1,0,70,남,15년이상,,승합,비사업용,보행자,보행횡단사고,맑음,심야,차대사람,횡단중,안전운전불이행,특별광역시도,이수역부근,37.486491,126.981876,동작구,
2018,10,18,목요일,16,경상사고,0,0,1,0,45,남,1년미만,,원동기,기타,보행자,보행횡단사고,맑음,주간,차대사람,보도통행중,기타,특별광역시도,이수역부근,37.486491,126.981876,동작구,
2018,11,17,토요일,8,부상사고,0,0,0,1,51,여,15년이상,,자전거,기타,자전거,진입회전사고,맑음,출퇴근,차대차,측면직각충돌,안전운전불이행,특별광역시도,이수역부근,37.486491,126.981876,동작구,
2018,11,12,월요일,15,중상사고,0,1,0,0,46,남,15년이상,,승용,사업용,보행자,기타사고,맑음,주간,차대사람,차대사람-기타,안전운전불이행,특별광역시도,이수역부근,37.486491,126.981876,동작구,
2018,12,18,화요일,18,부상사고,0,0,0,1,62,남,15년미만,,승용,비사업용,자전거,진입회전사고,맑음,출퇴근,차대차,측면직각충돌,중앙선침범,특별광역시도,이수역부근,37.486491,126.981876,동작구,
2019,1,30,수요일,14,중상사고,0,1,0,0,48,남,15년이상,,승용,비사업용,보행자,기타사고,맑음,주간,차대사람,차도통행중,안전운전불이행,특별광역시도,이수역부근,37.486491,126.981876,동작구,
2019,2,2,토요일,15,경상사고,0,0,1,0,67,남,15년이상,,승용,사업용,이륜,진입회전사고,맑음,주간,차대차,측면직각충돌,신호위반,특별광역시도,이수역부근,37.486491,126.981876,동작구,
2019,4,27,토요일,1,부상사고,0,0,0,1,불명,불명,데이터오류,,기타,데이터오류,기타,진입회전사고,맑음,심야,차대차,차대차-기타,신호위반,특별광역시도,이수역부근,37.486491,126.981876,동작구,
2019,5,11,토요일,22,경상사고,0,0,1,0,57,남,15년미만,,승용,사업용,보행자,기타사고,맑음,심야,차대사람,차도통행중,안전운전불이행,특별광역시도,이수역부근,37.486491,126.981876,동작구,
2019,6,24,월요일,21,중상사고,0,4,12,0,54,남,15년이상,0,승용,비사업용,보행자,기타사고,맑음,심야,차대사람,차대사람-기타,안전운전불이행,특별광역시도,이수역부근,37.486491,126.981876,동작구,
2019,9,27,금요일,16,중상사고,0,2,0,0,70,남,15년이상,,화물,비사업용,화물,일직선사고,맑음,주간,차대차,추돌(진행중),안전운전불이행,특별광역시도,이수역부근,37.486491,126.981876,동작구,
2019,11,14,목요일,20,경상사고,0,0,1,0,32,남,15년이상,,이륜,데이터오류,이륜,진입회전사고,맑음,출퇴근,차대차,측면직각충돌,신호위반,특별광역시도,이수역부근,37.486491,126.981876,동작구,
2019,12,28,토요일,10,중상사고,0,3,6,0,62,남,15년이상,,건설기계,사업용,보행자,진입회전사고,맑음,주간,차대차,측면직각충돌,안전거리미확보,특별광역시도,이수역부근,37.486491,126.981876,동작구,
2017,1,8,일요일,5,중상사고,0,1,0,0,57,남,15년이상,,승합,사업용,보행자,보행횡단사고,맑음,새벽,차대사람,횡단중,안전운전불이행,특별광역시도,장승배기역사거리,37.504905,126.939191,동작구,
2017,1,6,금요일,15,중상사고,0,1,0,0,45,남,10년미만,,화물,사업용,이륜,진입회전사고,맑음,주간,차대차,측면직각충돌,안전운전불이행,특별광역시도,장승배기역사거리,37.504905,126.939191,동작구,
2017,2,22,수요일,0,경상사고,0,0,1,0,33,남,5년미만,0,승용,비사업용,승용,진입회전사고,맑음,심야,차대차,측면직각충돌,신호위반,특별광역시도,장승배기역사거리,37.504905,126.939191,동작구,
2017,2,1,수요일,1,경상사고,0,0,1,0,65,남,15년이상,,승용,사업용,보행자,진입회전사고,맑음,심야,차대사람,횡단중,신호위반,특별광역시도,장승배기역사거리,37.504905,126.939191,동작구,
2017,2,27,월요일,6,경상사고,0,0,1,0,59,남,15년이상,,승용,사업용,승용,진입회전사고,맑음,새벽,차대차,측면직각충돌,안전거리미확보,특별광역시도,장승배기역사거리,37.504905,126.939191,동작구,
2017,2,3,금요일,22,중상사고,0,2,0,0,60,여,15년이상,,승용,비사업용,보행자,보행횡단사고,맑음,심야,차대사람,횡단중,보행자보호의무위반,특별광역시도,장승배기역사거리,37.504905,126.939191,동작구,
2017,4,24,월요일,1,경상사고,0,0,1,0,43,남,15년이상,,승용,비사업용,자전거,진입회전사고,맑음,심야,차대차,측면직각충돌,안전운전불이행,특별광역시도,장승배기역사거리,37.504905,126.939191,동작구,
2017,4,16,일요일,3,경상사고,0,0,1,0,16,남,데이터오류,,승용,사업용,원동기,기타사고,맑음,심야,차대차,차대차-기타,안전운전불이행,특별광역시도,장승배기역사거리,37.504905,126.939191,동작구,
2017,4,11,화요일,3,부상사고,0,0,0,1,39,남,15년이상,0,승용,비사업용,보행자,보행횡단사고,맑음,심야,차대사람,횡단중,보행자보호의무위반,특별광역시도,장승배기역사거리,37.504905,126.939191,동작구,
2017,7,30,일요일,0,경상사고,0,0,1,0,31,남,10년미만,,승용,비사업용,원동기,진입회전사고,맑음,심야,차대차,측면직각충돌,신호위반,특별광역시도,장승배기역사거리,37.504905,126.939191,동작구,
2017,8,11,금요일,15,경상사고,0,0,1,0,61,남,15년미만,,승용,비사업용,자전거,기타사고,맑음,주간,차대차,차대차-기타,안전거리미확보,특별광역시도,장승배기역사거리,37.504905,126.939191,동작구,
2017,9,7,목요일,6,경상사고,0,0,2,0,47,남,10년미만,,승용,비사업용,승합,진입회전사고,맑음,새벽,차대차,측면직각충돌,안전운전불이행,특별광역시도,장승배기역사거리,37.504905,126.939191,동작구,
2017,12,8,금요일,1,중상사고,0,1,0,0,49,남,15년이상,,승용,사업용,보행자,보행횡단사고,맑음,심야,차대사람,횡단중,보행자보호의무위반,특별광역시도,장승배기역사거리,37.504905,126.939191,동작구,
2018,2,24,토요일,4,중상사고,0,1,0,0,64,남,15년이상,,승용,사업용,보행자,보행횡단사고,맑음,심야,차대사람,횡단중,안전운전불이행,특별광역시도,장승배기역사거리,37.504905,126.939191,동작구,
2018,8,24,금요일,1,경상사고,0,0,1,0,49,남,15년이상,0,이륜,기타,기타,단독사고,비,심야,차량단독,공작물추돌,안전운전불이행,특별광역시도,장승배기역사거리,37.504905,126.939191,동작구,
2018,8,22,수요일,22,중상사고,0,1,0,0,51,남,15년미만,0,원동기,기타,보행자,보행횡단사고,맑음,심야,차대사람,횡단중,보행자보호의무위반,특별광역시도,장승배기역사거리,37.504905,126.939191,동작구,
2018,10,31,수요일,22,경상사고,0,0,1,0,47,여,15년이상,,승용,사업용,승용,진입회전사고,맑음,심야,차대차,측면직각충돌,신호위반,특별광역시도,장승배기역사거리,37.504905,126.939191,동작구,
2018,11,26,월요일,11,중상사고,0,1,1,0,57,남,15년이상,,승합,사업용,기타,기타사고,맑음,주간,차량단독,차량단독-기타,안전운전불이행,특별광역시도,장승배기역사거리,37.504905,126.939191,동작구,
2018,11,22,목요일,11,중상사고,0,1,0,0,73,남,15년이상,,화물,비사업용,이륜,기타사고,맑음,주간,차대차,차대차-기타,안전운전불이행,특별광역시도,장승배기역사거리,37.504905,126.939191,동작구,
2018,12,19,수요일,12,부상사고,0,0,0,1,39,여,15년이상,,승용,비사업용,이륜,진입회전사고,맑음,주간,차대차,정면충돌,신호위반,특별광역시도,장승배기역사거리,37.504905,126.939191,동작구,
2019,1,3,목요일,11,경상사고,0,0,1,0,50,남,15년이상,,화물,비사업용,이륜,진입회전사고,맑음,주간,차대차,측면직각충돌,신호위반,특별광역시도,장승배기역사거리,37.504905,126.939191,동작구,
2019,2,1,금요일,18,경상사고,0,0,2,0,27,여,15년이상,,승용,비사업용,원동기,진입회전사고,맑음,출퇴근,차대차,정면충돌,신호위반,특별광역시도,장승배기역사거리,37.504905,126.939191,동작구,
2019,4,26,금요일,23,경상사고,0,0,1,0,64,남,15년이상,,승용,사업용,이륜,진입회전사고,맑음,심야,차대차,측면직각충돌,신호위반,특별광역시도,장승배기역사거리,37.504905,126.939191,동작구,
2019,5,17,금요일,13,중상사고,0,1,3,0,71,남,15년이상,,승용,비사업용,승용,진입회전사고,맑음,주간,차대차,측면직각충돌,안전운전불이행,특별광역시도,장승배기역사거리,37.504905,126.939191,동작구,
2019,5,24,금요일,14,경상사고,0,0,1,0,29,여,3년미만,,승용,비사업용,이륜,진입회전사고,맑음,주간,차대차,측면직각충돌,안전운전불이행,특별광역시도,장승배기역사거리,37.504905,126.939191,동작구,
2019,5,31,금요일,16,경상사고,0,0,4,3,53,남,15년미만,,승용,비사업용,승용,진입회전사고,맑음,주간,차대차,측면직각충돌,안전거리미확보,특별광역시도,장승배기역사거리,37.504905,126.939191,동작구,
2019,5,28,화요일,22,경상사고,0,0,2,0,55,남,15년이상,,승용,사업용,승합,일직선사고,맑음,심야,차대차,추돌(진행중),기타,특별광역시도,장승배기역사거리,37.504905,126.939191,동작구,
2019,5,24,금요일,23,경상사고,0,0,2,0,41,남,10년미만,0,승용,비사업용,승용,진입회전사고,맑음,심야,차대차,측면직각충돌,안전운전불이행,특별광역시도,장승배기역사거리,37.504905,126.939191,동작구,
2019,6,8,토요일,8,부상사고,0,0,0,2,40,남,15년미만,,승용,비사업용,승용,진입회전사고,맑음,출퇴근,차대차,측면직각충돌,교차로운행방법위반,특별광역시도,장승배기역사거리,37.504905,126.939191,동작구,
2019,6,26,수요일,16,경상사고,0,0,1,1,57,여,15년이상,,승용,비사업용,승용,진입회전사고,맑음,주간,차대차,측면직각충돌,교차로운행방법위반,특별광역시도,장승배기역사거리,37.504905,126.939191,동작구,
2019,7,10,수요일,23,경상사고,0,0,1,0,60,남,15년이상,,승용,사업용,보행자,보행횡단사고,비,심야,차대사람,횡단중,보행자보호의무위반,특별광역시도,장승배기역사거리,37.504905,126.939191,동작구,
2019,9,26,목요일,8,경상사고,0,0,1,0,62,남,15년이상,,승합,사업용,이륜,기타사고,맑음,출퇴근,차대차,차대차-기타,안전운전불이행,특별광역시도,장승배기역사거리,37.504905,126.939191,동작구,
2019,10,11,금요일,12,경상사고,0,0,1,1,56,남,15년이상,,승합,사업용,승합,진입회전사고,맑음,주간,차대차,측면직각충돌,교차로운행방법위반,특별광역시도,장승배기역사거리,37.504905,126.939191,동작구,
2019,12,20,금요일,2,경상사고,0,0,1,0,56,남,10년미만,,승용,비사업용,승용,진입회전사고,맑음,심야,차대차,측면직각충돌,안전운전불이행,특별광역시도,장승배기역사거리,37.504905,126.939191,동작구,
2019,12,24,화요일,16,중상사고,0,1,0,0,61,여,15년이상,,승용,비사업용,이륜,진입회전사고,맑음,주간,차대차,측면직각충돌,신호위반,특별광역시도,장승배기역사거리,37.504905,126.939191,동작구,