년도,월,일,요일,시각,사고등급,사망자수,중상자수,경상자수,부상자수,연령,성별,경력,음주,종별,용도,관련자2,사고형태,기상상태,일광상태,사고유형1,사고유형2,법규위반,도로종류,지점명,위도,경도,자치구,
2019,12,20,금요일,17,경상사고,0,0,2,0,61,남,15년이상,,승용,비사업용,승용,진입회전사고,맑음,주간,차대차,측면직각충돌,신호위반,특별광역시도,장승배기역사거리,37.504905,126.939191,동작구,
2017,2,2,목요일,22,경상사고,0,0,2,0,54,남,15년이상,,승용,비사업용,승용,진입회전사고,맑음,심야,차대차,측면직각충돌,안전운전불이행,특별광역시도,장승배기역사거리,37.504905,126.939191,동작구,
2017,4,9,일요일,22,경상사고,0,0,1,0,36,남,15년이상,,승용,비사업용,이륜,진입회전사고,맑음,심야,차대차,측면직각충돌,안전운전불이행,특별광역시도,장승배기역사거리,37.504905,126.939191,동작구,
2017,8,2,수요일,19,경상사고,0,0,1,0,52,남,15년이상,,승합,사업용,보행자,진입회전사고,맑음,출퇴근,차대사람,차대사람-기타,신호위반,특별광역시도,장승배기역사거리,37.504905,126.939191,동작구,
2017,9,8,금요일,5,경상사고,0,0,1,0,28,남,15년미만,,승용,비사업용,승용,일직선사고,맑음,새벽,차대차,추돌(진행중),안전운전불이행,특별광역시도,장승배기역사거리,37.504905,126.939191,동작구,
2017,12,14,목요일,14,사망사고,1,0,0,0,57,남,15년이상,,승합,사업용,자전거,진입회전사고,맑음,주간,차대차,측면직각충돌,안전운전불이행,특별광역시도,장승배기역사거리,37.504905,126.939191,동작구,
2018,1,15,월요일,1,경상사고,0,0,1,0,30,남,15년미만,,승용,비사업용,승용,일직선사고,맑음,심야,차대차,추돌(진행중),안전운전불이행,특별광역시도,장승배기역사거리,37.504905,126.939191,동작구,
2018,5,10,목요일,23,경상사고,0,0,1,0,58,남,15년이상,,승용,사업용,보행자,기타사고,맑음,심야,차대사람,차대사람-기타,안전운전불이행,특별광역시도,장승배기역사거리,37.504905,126.939191,동작구,
2018,8,22,수요일,21,경상사고,0,0,1,0,57,남,15년이상,,승합,사업용,기타,기타사고,맑음,심야,차량단독,차량단독-기타,기타,특별광역시도,장승배기역사거리,37.504905,126.939191,동작구,
2019,3,10,일요일,3,경상사고,0,0,3,0,43,남,15년이상,0,화물,비사업용,화물,일직선사고,맑음,심야,차대차,추돌(진행중),안전운전불이행,특별광역시도,장승배기역사거리,37.504905,126.939191,동작구,
2019,5,19,일요일,3,경상사고,0,0,1,0,26,남,3년미만,,승용,비사업용,승용,일직선사고,비,심야,차대차,추돌(진행중),안전운전불이행,특별광역시도,장승배기역사거리,37.504905,126.939191,동작구,
2019,12,13,금요일,23,경상사고,0,0,2,0,27,남,1년미만,,이륜,데이터오류,보행자,기타사고,비,심야,차대사람,차도통행중,안전운전불이행,특별광역시도,장승배기역사거리,37.504905,126.939191,동작구,
2017,1,15,일요일,19,중상사고,0,1,0,0,47,남,10년미만,0,승용,비사업용,보행자,보행횡단사고,맑음,출퇴근,차대사람,횡단중,보행자보호의무위반,특별광역시도,중앙하이츠빌부근,37.6583809,126.7677653,동작구,
2017,1,30,월요일,21,중상사고,0,1,0,0,69,남,15년이상,,승용,사업용,이륜,진입회전사고,맑음,심야,차대차,측면직각충돌,신호위반,특별광역시도,중앙하이츠빌부근,37.6583809,126.7677653,동작구,
2017,3,2,목요일,13,중상사고,0,1,0,0,41,여,15년이상,,승용,비사업용,보행자,보행횡단사고,맑음,주간,차대사람,횡단중,안전운전불이행,특별광역시도,중앙하이츠빌부근,37.6583809,126.7677653,동작구,
2017,4,26,수요일,17,경상사고,0,0,1,0,36,남,15년이상,,승합,비사업용,원동기,진입회전사고,맑음,주간,차대차,측면직각충돌,신호위반,특별광역시도,중앙하이츠빌부근,37.6583809,126.7677653,동작구,
2017,7,8,토요일,14,중상사고,0,1,0,0,62,남,15년이상,,승합,사업용,보행자,기타사고,맑음,주간,차대사람,차대사람-기타,안전운전불이행,특별광역시도,중앙하이츠빌부근,37.6583809,126.7677653,동작구,
2017,8,9,수요일,3,경상사고,0,0,1,0,73,남,15년이상,,승용,비사업용,승용,기타사고,비,심야,차대차,차대차-기타,차로위반,특별광역시도,중앙하이츠빌부근,37.6583809,126.7677653,동작구,
2017,11,30,목요일,2,중상사고,0,1,0,0,46,남,15년이상,,승용,사업용,보행자,보행횡단사고,맑음,심야,차대사람,횡단중,안전운전불이행,특별광역시도,중앙하이츠빌부근,37.6583809,126.7677653,동작구,
2018,3,19,월요일,1,경상사고,0,0,1,0,56,남,15년이상,,승용,사업용,승용,일직선사고,비,심야,차대차,추돌(진행중),안전거리미확보,특별광역시도,중앙하이츠빌부근,37.6583809,126.7677653,동작구,
2018,3,21,수요일,6,경상사고,0,0,1,0,62,남,15년미만,,승용,사업용,승용,일직선사고,맑음,새벽,차대차,추돌(진행중),안전운전불이행,특별광역시도,중앙하이츠빌부근,37.6583809,126.7677653,동작구,
2018,4,8,일요일,9,중상사고,0,1,0,0,65,남,15년이상,,승용,사업용,이륜,진입회전사고,맑음,주간,차대차,측면직각충돌,안전거리미확보,특별광역시도,중앙하이츠빌부근,37.6583809,126.7677653,동작구,
2018,4,24,화요일,19,경상사고,0,0,1,0,22,남,10년미만,,원동기,기타,보행자,진입회전사고,맑음,출퇴근,차대사람,횡단중,신호위반,특별광역시도,중앙하이츠빌부근,37.6583809,126.7677653,동작구,
2018,7,11,수요일,0,경상사고,0,0,1,0,44,남,3년미만,,승용,비사업용,승용,일직선사고,비,심야,차대차,추돌(진행중),안전운전불이행,특별광역시도,중앙하이츠빌부근,37.6583809,126.7677653,동작구,
2019,1,9,수요일,4,경상사고,0,0,1,0,46,여,15년이상,,승용,비사업용,승용,진입회전사고,맑음,심야,차대차,측면직각충돌,안전거리미확보,특별광역시도,중앙하이츠빌부근,37.6583809,126.7677653,동작구,
2019,1,2,수요일,23,경상사고,0,0,2,0,60,남,15년이상,,승용,사업용,승용,진입회전사고,맑음,심야,차대차,측면직각충돌,안전운전불이행,특별광역시도,중앙하이츠빌부근,37.6583809,126.7677653,동작구,
2019,5,29,수요일,18,중상사고,0,1,0,0,42,여,15년이상,,승용,비사업용,승합,진입회전사고,맑음,출퇴근,차대차,측면직각충돌,안전운전불이행,특별광역시도,중앙하이츠빌부근,37.6583809,126.7677653,동작구,
2019,5,10,금요일,20,중상사고,0,1,0,0,79,남,15년이상,,승용,비사업용,보행자,기타사고,맑음,출퇴근,차대사람,차대사람-기타,보행자보호의무위반,특별광역시도,중앙하이츠빌부근,37.6583809,126.7677653,동작구,
2019,6,7,금요일,18,경상사고,0,0,1,0,68,남,15년이상,,승용,사업용,이륜,기타사고,맑음,출퇴근,차대차,차대차-기타,안전거리미확보,특별광역시도,중앙하이츠빌부근,37.6583809,126.7677653,동작구,
2019,7,14,일요일,1,중상사고,0,1,0,0,22,남,4년미만,,승용,사업용,이륜,진입회전사고,맑음,심야,차대차,측면직각충돌,신호위반,특별광역시도,중앙하이츠빌부근,37.6583809,126.7677653,동작구,
2019,7,31,수요일,19,경상사고,0,0,8,0,29,남,15년이상,,승용,사업용,승용,일직선사고,맑음,출퇴근,차대차,추돌(진행중),안전운전불이행,특별광역시도,중앙하이츠빌부근,37.6583809,126.7677653,동작구,
2019,9,28,토요일,17,경상사고,0,0,1,0,27,여,10년미만,,승용,비사업용,승합,기타사고,맑음,주간,차대차,차대차-기타,차로위반,특별광역시도,중앙하이츠빌부근,37.6583809,126.7677653,동작구,
2019,10,9,수요일,1,중상사고,0,1,0,0,72,남,15년이상,,승용,사업용,보행자,진입회전사고,맑음,심야,차대사람,횡단중,신호위반,특별광역시도,중앙하이츠빌부근,37.6583809,126.7677653,동작구,
2019,11,13,수요일,7,경상사고,0,0,1,0,54,남,15년이상,,승합,사업용,자전거,기타사고,맑음,출퇴근,차대차,차대차-기타,안전운전불이행,특별광역시도,중앙하이츠빌부근,37.6583809,126.7677653,동작구,
2019,11,13,수요일,22,중상사고,0,1,1,0,29,남,10년미만,0,승용,비사업용,보행자,진입회전사고,맑음,심야,차대사람,횡단중,신호위반,특별광역시도,중앙하이츠빌부근,37.6583809,126.7677653,동작구,
2017,1,14,토요일,1,중상사고,0,1,0,0,61,남,15년이상,,승용,사업용,원동기,기타사고,맑음,심야,차대차,차대차-기타,안전거리미확보,특별광역시도,총신대입구역사거리,37.485434,126.982091,동작구,
2017,1,10,화요일,9,중상사고,0,1,0,0,26,남,10년미만,,승용,비사업용,보행자,기타사고,맑음,주간,차대사람,차도통행중,안전운전불이행,특별광역시도,총신대입구역사거리,37.485434,126.982091,동작구,
2017,1,12,목요일,15,중상사고,0,1,0,0,45,여,10년미만,,승용,사업용,보행자,기타사고,맑음,주간,차대사람,차대사람-기타,안전운전불이행,특별광역시도,총신대입구역사거리,37.485434,126.982091,동작구,
2017,2,3,금요일,17,부상사고,0,0,0,1,40,남,15년이상,,승용,비사업용,보행자,기타사고,맑음,주간,차대사람,차대사람-기타,안전운전불이행,특별광역시도,총신대입구역사거리,37.485434,126.982091,동작구,
2017,7,14,금요일,8,경상사고,0,0,1,0,48,남,15년이상,,승용,비사업용,승용,기타사고,맑음,출퇴근,차대차,차대차-기타,안전운전불이행,특별광역시도,총신대입구역사거리,37.485434,126.982091,동작구,
2017,7,10,월요일,21,경상사고,0,0,1,0,45,남,15년이상,,승용,비사업용,보행자,기타사고,비,심야,차대사람,길가장자리구역통행중,안전운전불이행,특별광역시도,총신대입구역사거리,37.485434,126.982091,동작구,
2017,8,23,수요일,18,경상사고,0,0,1,0,51,남,15년이상,,승용,비사업용,이륜,진입회전사고,흐림,출퇴근,차대차,측면직각충돌,중앙선침범,특별광역시도,총신대입구역사거리,37.485434,126.982091,동작구,
2017,9,10,일요일,17,중상사고,0,1,0,0,49,남,15년이상,,승용,사업용,이륜,진입회전사고,맑음,주간,차대차,측면직각충돌,안전운전불이행,특별광역시도,총신대입구역사거리,37.485434,126.982091,동작구,
2017,10,15,일요일,6,중상사고,0,1,0,0,62,남,15년이상,,승합,비사업용,기타,진입회전사고,맑음,새벽,차대차,측면직각충돌,안전거리미확보,특별광역시도,총신대입구역사거리,37.485434,126.982091,동작구,
2017,12,24,일요일,2,중상사고,0,1,0,0,39,남,15년미만,,승용,사업용,이륜,기타사고,맑음,심야,차대차,차대차-기타,불법유턴,특별광역시도,총신대입구역사거리,37.485434,126.982091,동작구,
2017,12,6,수요일,8,경상사고,0,0,1,0,불명,불명,데이터오류,,기타,데이터오류,기타,보행횡단사고,맑음,출퇴근,차대사람,보도통행중,데이터없음,특별광역시도,총신대입구역사거리,37.485434,126.982091,동작구,
2017,12,15,금요일,17,중상사고,0,1,1,0,31,남,4년미만,,이륜,기타,이륜,진입회전사고,맑음,주간,차대차,측면직각충돌,교차로운행방법위반,특별광역시도,총신대입구역사거리,37.485434,126.982091,동작구,
2018,1,20,토요일,0,중상사고,0,1,0,0,65,남,15년미만,,승용,사업용,보행자,기타사고,맑음,심야,차대사람,차대사람-기타,안전운전불이행,특별광역시도,총신대입구역사거리,37.485434,126.982091,동작구,
2018,8,1,수요일,11,경상사고,0,0,1,0,26,남,1년미만,,이륜,기타,자전거,일직선사고,맑음,주간,차대차,정면충돌,안전운전불이행,특별광역시도,총신대입구역사거리,37.485434,126.982091,동작구,
2018,9,15,토요일,16,중상사고,0,1,0,0,52,남,15년이상,,승합,사업용,기타,기타사고,맑음,주간,차량단독,차량단독-기타,기타,특별광역시도,총신대입구역사거리,37.485434,126.982091,동작구,
2018,11,28,수요일,5,중상사고,0,1,0,0,72,여,15년이상,,승용,비사업용,보행자,기타사고,맑음,새벽,차대사람,차대사람-기타,안전운전불이행,특별광역시도,총신대입구역사거리,37.485434,126.982091,동작구,
2018,12,20,목요일,0,중상사고,0,1,0,0,69,남,15년이상,,승용,사업용,보행자,기타사고,맑음,심야,차대사람,차도통행중,안전운전불이행,특별광역시도,총신대입구역사거리,37.485434,126.982091,동작구,
2018,12,5,수요일,14,경상사고,0,0,1,0,42,남,15년미만,,화물,비사업용,자전거,진입회전사고,맑음,주간,차대차,측면직각충돌,기타,특별광역시도,총신대입구역사거리,37.485434,126.982091,동작구,
2019,1,6,일요일,10,경상사고,0,0,1,0,79,남,15년이상,,승용,사업용,화물,일직선사고,맑음,주간,차대차,추돌(진행중),안전운전불이행,특별광역시도,총신대입구역사거리,37.485434,126.982091,동작구,
2019,2,25,월요일,7,경상사고,0,0,1,0,65,여,15년이상,,자전거,데이터오류,기타,진입회전사고,맑음,출퇴근,차대차,측면직각충돌,안전운전불이행,기타,총신대입구역사거리,37.485434,126.982091,동작구,
2019,2,11,월요일,23,경상사고,0,0,1,0,65,남,15년이상,,화물,비사업용,보행자,보행횡단사고,맑음,심야,차대사람,횡단중,기타,특별광역시도,총신대입구역사거리,37.485434,126.982091,동작구,
2019,3,22,금요일,11,경상사고,0,0,1,0,58,남,15년이상,,승합,비사업용,화물,일직선사고,맑음,주간,차대차,추돌(진행중),안전운전불이행,특별광역시도,총신대입구역사거리,37.485434,126.982091,동작구,
2019,4,15,월요일,13,부상사고,0,0,0,1,59,남,15년이상,,승용,비사업용,이륜,기타사고,맑음,주간,차대차,차대차-기타,안전거리미확보,특별광역시도,총신대입구역사거리,37.485434,126.982091,동작구,
2019,5,23,목요일,23,경상사고,0,0,1,1,54,남,4년미만,,승용,사업용,이륜,진입회전사고,맑음,심야,차대차,측면직각충돌,과속,특별광역시도,총신대입구역사거리,37.485434,126.982091,동작구,
2019,7,7,일요일,15,경상사고,0,0,1,0,54,남,15년이상,,승용,비사업용,이륜,진입회전사고,맑음,주간,차대차,측면직각충돌,안전운전불이행,특별광역시도,총신대입구역사거리,37.485434,126.982091,동작구,
2019,7,22,월요일,17,중상사고,0,1,0,0,41,남,15년미만,,승용,사업용,보행자,기타사고,맑음,주간,차대사람,차대사람-기타,안전운전불이행,특별광역시도,총신대입구역사거리,37.485434,126.982091,동작구,
2019,7,12,금요일,18,중상사고,0,1,0,0,50,남,15년이상,,승용,비사업용,이륜,진입회전사고,맑음,출퇴근,차대차,측면직각충돌,안전거리미확보,특별광역시도,총신대입구역사거리,37.485434,126.982091,동작구,
2019,8,5,월요일,13,경상사고,0,0,1,0,66,남,15년이상,,승합,사업용,보행자,기타사고,맑음,주간,차대사람,길가장자리구역통행중,안전운전불이행,특별광역시도,총신대입구역사거리,37.485434,126.982091,동작구,
2019,12,16,월요일,4,경상사고,0,0,1,0,54,남,15년이상,,승용,비사업용,이륜,진입회전사고,맑음,심야,차대차,측면직각충돌,안전운전불이행,특별광역시도,총신대입구역사거리,37.485434,126.982091,동작구,
2017,5,23,화요일,5,경상사고,0,0,1,0,48,여,15년이상,,승용,비사업용,승합,기타사고,맑음,새벽,차대차,차대차-기타,차로위반,특별광역시도,총신대입구역사거리,37.485434,126.982091,동작구,
2017,9,27,수요일,0,경상사고,0,0,2,0,62,남,15년이상,,승용,사업용,승용,기타사고,맑음,심야,차대차,차대차-기타,안전운전불이행,특별광역시도,총신대입구역사거리,37.485434,126.982091,동작구,
2017,10,27,금요일,15,경상사고,0,0,1,0,58,남,15년이상,,화물,비사업용,보행자,보행횡단사고,맑음,주간,차대사람,횡단중,안전운전불이행,특별광역시도,총신대입구역사거리,37.485434,126.982091,동작구,
2017,11,18,토요일,13,중상사고,0,1,0,0,42,여,15년이상,,승용,비사업용,원동기,진입회전사고,맑음,주간,차대차,측면직각충돌,안전운전불이행,특별광역시도,총신대입구역사거리,37.485434,126.982091,동작구,
2017,11,13,월요일,17,경상사고,0,0,1,0,61,남,15년이상,,승용,사업용,승용,진입회전사고,맑음,주간,차대차,측면직각충돌,차로위반,특별광역시도,총신대입구역사거리,37.485434,126.982091,동작구,
2018,2,14,수요일,5,경상사고,0,0,1,0,34,남,15년이상,,승용,비사업용,승용,진입회전사고,맑음,새벽,차대차,측면직각충돌,신호위반,특별광역시도,총신대입구역사거리,37.485434,126.982091,동작구,
2018,6,2,토요일,12,경상사고,0,0,2,0,68,남,15년이상,,이륜,기타,이륜,진입회전사고,맑음,주간,차대차,측면직각충돌,신호위반,특별광역시도,총신대입구역사거리,37.485434,126.982091,동작구,
2018,8,9,목요일,8,중상사고,0,1,0,0,28,남,10년미만,,승합,비사업용,승합,기타사고,맑음,출퇴근,차대차,차대차-기타,안전거리미확보,특별광역시도,총신대입구역사거리,37.485434,126.982091,동작구,
2019,1,15,화요일,15,중상사고,0,1,0,0,81,남,15년이상,,승용,비사업용,보행자,보행횡단사고,맑음,주간,차대사람,횡단중,보행자보호의무위반,특별광역시도,총신대입구역사거리,37.485434,126.982091,동작구,
2019,3,1,금요일,19,경상사고,0,0,1,1,57,남,15년이상,,승용,사업용,이륜,진입회전사고,맑음,출퇴근,차대차,측면직각충돌,안전거리미확보,특별광역시도,총신대입구역사거리,37.485434,126.982091,동작구,
2019,11,13,수요일,18,경상사고,0,0,2,0,73,남,15년이상,,승용,사업용,원동기,일직선사고,맑음,출퇴근,차대차,추돌(진행중),안전운전불이행,특별광역시도,총신대입구역사거리,37.485434,126.982091,동작구,
2019,12,31,화요일,0,경상사고,0,0,1,0,54,남,15년이상,,승용,사업용,승용,기타사고,눈,심야,차대차,차대차-기타,안전운전불이행,특별광역시도,총신대입구역사거리,37.485434,126.982091,동작구,
2017,1,7,토요일,8,경상사고,0,0,1,0,53,남,15년이상,,승용,비사업용,승용,일직선사고,맑음,출퇴근,차대차,추돌(진행중),안전거리미확보,특별광역시도,한강대교남단사거리,37.5175177,126.9588607,동작구,
2017,1,21,토요일,17,경상사고,0,0,2,0,65,남,15년이상,,승용,비사업용,승용,일직선사고,맑음,주간,차대차,추돌(진행중),안전운전불이행,특별광역시도,한강대교남단사거리,37.5175177,126.9588607,동작구,
2017,2,23,목요일,8,경상사고,0,0,1,0,29,여,1년미만,,승용,비사업용,이륜,진입회전사고,맑음,출퇴근,차대차,측면직각충돌,신호위반,특별광역시도,한강대교남단사거리,37.5175177,126.9588607,동작구,
2017,3,23,목요일,0,경상사고,0,0,1,0,42,남,10년미만,0,승용,비사업용,승용,진입회전사고,맑음,심야,차대차,측면직각충돌,차로위반,특별광역시도,한강대교남단사거리,37.5175177,126.9588607,동작구,
2017,3,29,수요일,15,경상사고,0,0,2,1,35,여,15년미만,,승용,비사업용,승용,진입회전사고,맑음,주간,차대차,측면직각충돌,안전거리미확보,특별광역시도,한강대교남단사거리,37.5175177,126.9588607,동작구,
2017,4,12,수요일,13,경상사고,0,0,1,0,73,남,15년이상,,승용,사업용,승용,일직선사고,맑음,주간,차대차,추돌(진행중),안전거리미확보,특별광역시도,한강대교남단사거리,37.5175177,126.9588607,동작구,
2017,5,14,일요일,7,경상사고,0,0,1,0,61,남,15년이상,,승용,비사업용,자전거,진입회전사고,맑음,출퇴근,차대차,측면직각충돌,신호위반,특별광역시도,한강대교남단사거리,37.5175177,126.9588607,동작구,
2017,6,17,토요일,6,경상사고,0,0,1,0,57,남,15년이상,,화물,사업용,자전거,진입회전사고,맑음,새벽,차대차,측면직각충돌,신호위반,특별광역시도,한강대교남단사거리,37.5175177,126.9588607,동작구,
2017,6,7,수요일,11,경상사고,0,0,1,0,68,남,15년이상,,승용,사업용,승용,진입회전사고,비,주간,차대차,측면직각충돌,교차로운행방법위반,특별광역시도,한강대교남단사거리,37.5175177,126.9588607,동작구,
2017,6,23,금요일,16,경상사고,0,0,2,0,29,남,1년미만,,승용,사업용,승합,진입회전사고,맑음,주간,차대차,측면직각충돌,안전운전불이행,특별광역시도,한강대교남단사거리,37.5175177,126.9588607,동작구,
2017,7,30,일요일,13,부상사고,0,0,0,1,34,남,15년이상,,승용,비사업용,승용,기타사고,맑음,주간,차대차,차대차-기타,안전운전불이행,특별광역시도,한강대교남단사거리,37.5175177,126.9588607,동작구,
2017,8,17,목요일,18,중상사고,0,1,2,0,49,남,15년이상,,승합,사업용,승합,일직선사고,맑음,출퇴근,차대차,추돌(진행중),안전운전불이행,특별광역시도,한강대교남단사거리,37.5175177,126.9588607,동작구,
2017,8,24,목요일,20,중상사고,0,1,0,0,24,남,3년미만,,자전거,기타,자전거,진입회전사고,맑음,출퇴근,차대차,측면직각충돌,안전운전불이행,특별광역시도,한강대교남단사거리,37.5175177,126.9588607,동작구,
2017,9,23,토요일,4,경상사고,0,0,2,0,37,남,10년미만,,승용,비사업용,승용,진입회전사고,맑음,심야,차대차,측면직각충돌,신호위반,특별광역시도,한강대교남단사거리,37.5175177,126.9588607,동작구,
2017,9,5,화요일,7,중상사고,0,1,0,0,49,남,15년이상,,화물,사업용,이륜,진입회전사고,맑음,출퇴근,차대차,측면직각충돌,안전운전불이행,특별광역시도,한강대교남단사거리,37.5175177,126.9588607,동작구,
2017,9,20,수요일,22,경상사고,0,0,1,0,34,남,15년미만,,승용,사업용,기타,일직선사고,맑음,심야,차대차,추돌(진행중),안전운전불이행,기타,한강대교남단사거리,37.5175177,126.9588607,동작구,
2017,10,13,금요일,7,경상사고,0,0,1,0,67,남,15년이상,,승용,사업용,승용,일직선사고,맑음,출퇴근,차대차,추돌(진행중),안전거리미확보,특별광역시도,한강대교남단사거리,37.5175177,126.9588607,동작구,
2017,11,3,금요일,1,경상사고,0,0,2,0,66,남,15년이상,,승용,사업용,승용,진입회전사고,흐림,심야,차대차,측면직각충돌,차로위반,특별광역시도,한강대교남단사거리,37.5175177,126.9588607,동작구,
2017,11,24,금요일,16,경상사고,0,0,1,0,53,남,10년미만,,승용,비사업용,이륜,진입회전사고,흐림,주간,차대차,차대차-기타,신호위반,특별광역시도,한강대교남단사거리,37.5175177,126.9588607,동작구,
2017,11,8,수요일,20,경상사고,0,0,1,0,57,남,15년이상,,승용,사업용,승용,기타사고,맑음,출퇴근,차대차,차대차-기타,데이터없음,특별광역시도,한강대교남단사거리,37.5175177,126.9588607,동작구,
2017,12,4,월요일,10,경상사고,0,0,1,0,31,남,10년미만,,승용,비사업용,기타,기타사고,맑음,주간,차대차,차대차-기타,안전거리미확보,특별광역시도,한강대교남단사거리,37.5175177,126.9588607,동작구,
2017,12,4,월요일,14,경상사고,0,0,2,1,66,남,15년이상,,승용,사업용,승용,일직선사고,맑음,주간,차대차,추돌(진행중),안전운전불이행,특별광역시도,한강대교남단사거리,37.5175177,126.9588607,동작구,
2017,12,8,금요일,21,경상사고,0,0,1,0,불명,불명,데이터오류,,기타,데이터오류,기타,기타사고,맑음,심야,차대사람,차대사람-기타,보행자보호의무위반,특별광역시도,한강대교남단사거리,37.5175177,126.9588607,동작구,
2018,3,10,토요일,13,경상사고,0,0,1,0,31,남,15년미만,,승용,비사업용,승용,일직선사고,맑음,주간,차대차,추돌(진행중),안전운전불이행,특별광역시도,한강대교남단사거리,37.5175177,126.9588607,동작구,
2018,5,12,토요일,8,경상사고,0,0,1,1,31,여,10년미만,,승용,비사업용,화물,진입회전사고,비,출퇴근,차대차,측면직각충돌,신호위반,특별광역시도,한강대교남단사거리,37.5175177,126.9588607,동작구,
2018,6,6,수요일,18,경상사고,0,0,1,0,52,남,15년이상,,승용,비사업용,자전거,진입회전사고,맑음,출퇴근,차대차,측면직각충돌,안전운전불이행,특별광역시도,한강대교남단사거리,37.5175177,126.9588607,동작구,
2018,7,11,수요일,9,경상사고,0,0,1,0,58,여,15년미만,,승용,비사업용,승용,진입회전사고,맑음,주간,차대차,측면직각충돌,안전운전불이행,특별광역시도,한강대교남단사거리,37.5175177,126.9588607,동작구,
2018,8,15,수요일,8,경상사고,0,0,1,0,49,남,데이터오류,,승용,비사업용,보행자,보행횡단사고,맑음,출퇴근,차대사람,횡단중,보행자보호의무위반,특별광역시도,한강대교남단사거리,37.5175177,126.9588607,동작구,
2018,8,29,수요일,19,경상사고,0,0,1,0,64,남,5년미만,,승용,비사업용,승용,진입회전사고,비,출퇴근,차대차,측면직각충돌,안전운전불이행,특별광역시도,한강대교남단사거리,37.5175177,126.9588607,동작구,
2018,9,22,토요일,1,경상사고,0,0,1,1,57,남,15년이상,,승용,사업용,승용,진입회전사고,비,심야,차대차,차대차-기타,신호위반,특별광역시도,한강대교남단사거리,37.5175177,126.9588607,동작구,
2018,10,31,수요일,5,경상사고,0,0,1,0,46,남,2년미만,,화물,비사업용,화물,진입회전사고,맑음,새벽,차대차,측면직각충돌,신호위반,특별광역시도,한강대교남단사거리,37.5175177,126.9588607,동작구,
2018,10,3,수요일,8,경상사고,0,0,1,0,41,남,15년이상,,승용,비사업용,화물,진입회전사고,맑음,출퇴근,차대차,측면직각충돌,안전거리미확보,특별광역시도,한강대교남단사거리,37.5175177,126.9588607,동작구,
2018,10,20,토요일,13,경상사고,0,0,2,0,27,남,10년미만,,승용,사업용,이륜,진입회전사고,맑음,주간,차대차,측면직각충돌,안전운전불이행,특별광역시도,한강대교남단사거리,37.5175177,126.9588607,동작구,
2018,10,21,일요일,13,부상사고,0,0,0,1,85,여,15년이상,,승용,비사업용,자전거,진입회전사고,맑음,주간,차대차,측면직각충돌,불법유턴,특별광역시도,한강대교남단사거리,37.5175177,126.9588607,동작구,
2018,10,3,수요일,21,경상사고,0,0,2,0,56,남,15년이상,0,승용,비사업용,승용,진입회전사고,맑음,심야,차대차,측면직각충돌,안전운전불이행,특별광역시도,한강대교남단사거리,37.5175177,126.9588607,동작구,
2018,12,25,화요일,13,경상사고,0,0,3,0,49,남,데이터오류,,승용,비사업용,승용,진입회전사고,맑음,주간,차대차,측면직각충돌,신호위반,특별광역시도,한강대교남단사거리,37.5175177,126.9588607,동작구,
2018,12,4,화요일,18,경상사고,0,0,1,0,54,남,15년미만,,승용,비사업용,이륜,일직선사고,맑음,출퇴근,차대차,추돌(진행중),안전운전불이행,특별광역시도,한강대교남단사거리,37.5175177,126.9588607,동작구,
2018,12,6,목요일,21,경상사고,0,0,2,0,30,여,15년미만,,승용,비사업용,승용,진입회전사고,맑음,심야,차대차,정면충돌,신호위반,특별광역시도,한강대교남단사거리,37.5175177,126.9588607,동작구,
2019,1,26,토요일,21,경상사고,0,0,1,0,56,남,10년미만,,승용,사업용,승용,일직선사고,맑음,심야,차대차,추돌(진행중),안전거리미확보,특별광역시도,한강대교남단사거리,37.5175177,126.9588607,동작구,
2019,2,17,일요일,5,경상사고,0,0,2,0,60,남,3년미만,,승용,사업용,승용,진입회전사고,맑음,새벽,차대차,측면직각충돌,안전거리미확보,특별광역시도,한강대교남단사거리,37.5175177,126.9588607,동작구,
2019,2,18,월요일,5,경상사고,0,0,1,0,26,남,10년미만,,승용,비사업용,승용,진입회전사고,맑음,새벽,차대차,정면충돌,신호위반,특별광역시도,한강대교남단사거리,37.5175177,126.9588607,동작구,
2019,2,23,토요일,22,경상사고,0,0,2,0,47,남,15년이상,,승합,사업용,승합,일직선사고,맑음,심야,차대차,추돌(진행중),안전운전불이행,특별광역시도,한강대교남단사거리,37.5175177,126.9588607,동작구,
2019,3,9,토요일,10,경상사고,0,0,2,0,54,남,15년이상,,건설기계,비사업용,건설기계,진입회전사고,맑음,주간,차대차,측면직각충돌,안전운전불이행,특별광역시도,한강대교남단사거리,37.5175177,126.9588607,동작구,
2019,5,3,금요일,2,경상사고,0,0,1,0,66,남,15년이상,,승용,사업용,이륜,진입회전사고,맑음,심야,차대차,차대차-기타,신호위반,특별광역시도,한강대교남단사거리,37.5175177,126.9588607,동작구,
2019,5,12,일요일,16,경상사고,0,0,2,0,불명,불명,데이터오류,,기타,데이터오류,기타,진입회전사고,맑음,주간,차대차,차대차-기타,신호위반,특별광역시도,한강대교남단사거리,37.5175177,126.9588607,동작구,
2019,5,13,월요일,18,중상사고,0,1,0,0,76,남,15년이상,,승용,사업용,이륜,기타사고,맑음,출퇴근,차대차,차대차-기타,안전거리미확보,특별광역시도,한강대교남단사거리,37.5175177,126.9588607,동작구,