년도,월,일,요일,시각,사고등급,사망자수,중상자수,경상자수,부상자수,연령,성별,경력,음주,종별,용도,관련자2,사고형태,기상상태,일광상태,사고유형1,사고유형2,법규위반,도로종류,지점명,위도,경도,자치구,
2019,6,8,토요일,1,경상사고,0,0,1,0,48,남,10년미만,,승용,사업용,이륜,진입회전사고,맑음,심야,차대차,측면직각충돌,신호위반,특별광역시도,한강대교남단사거리,37.5175177,126.9588607,동작구,
2019,6,5,수요일,6,경상사고,0,0,2,0,60,남,3년미만,,승합,비사업용,승합,진입회전사고,맑음,새벽,차대차,측면직각충돌,안전거리미확보,특별광역시도,한강대교남단사거리,37.5175177,126.9588607,동작구,
2019,6,20,목요일,13,경상사고,0,0,2,1,27,남,10년미만,,승용,비사업용,승용,진입회전사고,맑음,주간,차대차,측면직각충돌,신호위반,특별광역시도,한강대교남단사거리,37.5175177,126.9588607,동작구,
2019,7,9,화요일,7,경상사고,0,0,2,0,58,여,15년이상,,승용,비사업용,승용,진입회전사고,맑음,출퇴근,차대차,측면직각충돌,안전운전불이행,특별광역시도,한강대교남단사거리,37.5175177,126.9588607,동작구,
2019,8,22,목요일,8,중상사고,0,1,0,0,61,남,10년미만,,화물,비사업용,이륜,진입회전사고,맑음,출퇴근,차대차,측면직각충돌,안전거리미확보,특별광역시도,한강대교남단사거리,37.5175177,126.9588607,동작구,
2019,9,8,일요일,0,경상사고,0,0,2,0,27,남,10년미만,0,승용,비사업용,승용,일직선사고,맑음,심야,차대차,추돌(진행중),안전운전불이행,특별광역시도,한강대교남단사거리,37.5175177,126.9588607,동작구,
2019,10,17,목요일,17,경상사고,0,0,1,0,49,남,15년이상,,승용,비사업용,이륜,일직선사고,맑음,주간,차대차,추돌(진행중),안전운전불이행,특별광역시도,한강대교남단사거리,37.5175177,126.9588607,동작구,
2019,11,22,금요일,15,경상사고,0,0,1,0,70,남,15년이상,,승합,사업용,화물,기타사고,맑음,주간,차대차,차대차-기타,교차로운행방법위반,특별광역시도,한강대교남단사거리,37.5175177,126.9588607,동작구,
2019,12,21,토요일,20,경상사고,0,0,2,1,55,여,15년미만,,승용,비사업용,승용,진입회전사고,맑음,출퇴근,차대차,정면충돌,신호위반,특별광역시도,한강대교남단사거리,37.5175177,126.9588607,동작구,
2017,3,30,목요일,0,경상사고,0,0,1,0,62,남,15년이상,,승용,사업용,승용,진입회전사고,맑음,심야,차대차,측면직각충돌,안전거리미확보,특별광역시도,한강대교남단사거리,37.5175177,126.9588607,동작구,
2017,11,4,토요일,0,부상사고,0,0,0,1,56,남,15년이상,,승용,비사업용,승용,진입회전사고,맑음,심야,차대차,측면직각충돌,안전거리미확보,특별광역시도,한강대교남단사거리,37.5175177,126.9588607,동작구,
2017,12,2,토요일,19,경상사고,0,0,1,0,53,남,15년이상,,승합,사업용,승합,일직선사고,맑음,출퇴근,차대차,추돌(진행중),안전운전불이행,특별광역시도,한강대교남단사거리,37.5175177,126.9588607,동작구,
2018,1,23,화요일,19,중상사고,0,1,0,0,28,남,1년미만,,승용,비사업용,승용,진입회전사고,맑음,출퇴근,차대차,측면직각충돌,안전거리미확보,특별광역시도,한강대교남단사거리,37.5175177,126.9588607,동작구,
2018,2,26,월요일,7,경상사고,0,0,1,0,40,남,15년이상,,화물,비사업용,화물,진입회전사고,맑음,출퇴근,차대차,측면직각충돌,안전거리미확보,특별광역시도,한강대교남단사거리,37.5175177,126.9588607,동작구,
2018,5,11,금요일,9,중상사고,0,1,1,0,47,남,15년이상,,승용,사업용,승용,일직선사고,맑음,주간,차대차,추돌(진행중),안전거리미확보,특별광역시도,한강대교남단사거리,37.5175177,126.9588607,동작구,
2018,9,21,금요일,1,경상사고,0,0,1,0,47,여,15년이상,,승용,비사업용,기타,단독사고,비,심야,차량단독,공작물추돌,안전운전불이행,특별광역시도,한강대교남단사거리,37.5175177,126.9588607,동작구,
2018,11,28,수요일,11,경상사고,0,0,2,0,35,남,15년이상,,승용,비사업용,승용,진입회전사고,맑음,주간,차대차,측면직각충돌,안전거리미확보,특별광역시도,한강대교남단사거리,37.5175177,126.9588607,동작구,
2019,2,16,토요일,11,부상사고,0,0,0,1,53,남,15년미만,,승합,사업용,승합,일직선사고,맑음,주간,차대차,추돌(진행중),안전운전불이행,특별광역시도,한강대교남단사거리,37.5175177,126.9588607,동작구,
2019,3,22,금요일,8,경상사고,0,0,1,0,44,남,15년이상,,승용,비사업용,승용,일직선사고,맑음,출퇴근,차대차,추돌(진행중),차로위반,특별광역시도,한강대교남단사거리,37.5175177,126.9588607,동작구,
2019,3,8,금요일,16,부상사고,0,0,0,1,56,남,15년이상,,승용,사업용,승용,진입회전사고,맑음,주간,차대차,측면직각충돌,안전운전불이행,특별광역시도,한강대교남단사거리,37.5175177,126.9588607,동작구,
2019,6,8,토요일,13,중상사고,0,1,1,0,34,남,5년미만,,승용,비사업용,승용,진입회전사고,맑음,주간,차대차,측면직각충돌,차로위반,특별광역시도,한강대교남단사거리,37.5175177,126.9588607,동작구,
2019,10,25,금요일,22,중상사고,0,1,0,0,33,남,4년미만,,승용,비사업용,승용,진입회전사고,맑음,심야,차대차,측면직각충돌,안전거리미확보,특별광역시도,한강대교남단사거리,37.5175177,126.9588607,동작구,
2019,11,2,토요일,4,중상사고,0,1,2,0,39,남,15년이상,,승용,비사업용,승용,진입회전사고,맑음,심야,차대차,측면직각충돌,안전거리미확보,특별광역시도,한강대교남단사거리,37.5175177,126.9588607,동작구,
2017,12,3,일요일,0,중상사고,0,2,0,0,38,남,15년미만,,승용,비사업용,기타,일직선사고,맑음,심야,차대차,추돌(진행중),안전운전불이행,특별광역시도,한강대교남단사거리,37.5175177,126.9588607,동작구,
2018,8,24,금요일,22,경상사고,0,0,1,0,54,여,15년이상,,승용,비사업용,자전거,진입회전사고,맑음,심야,차대차,측면직각충돌,안전운전불이행,특별광역시도,한강대교남단사거리,37.5175177,126.9588607,동작구,
2018,9,7,금요일,12,경상사고,0,0,2,0,56,남,데이터오류,,승용,비사업용,승용,일직선사고,맑음,주간,차대차,추돌(진행중),안전운전불이행,특별광역시도,한강대교남단사거리,37.5175177,126.9588607,동작구,
2018,10,20,토요일,21,중상사고,0,1,0,1,35,여,15년이상,0,승용,비사업용,승용,일직선사고,맑음,심야,차대차,추돌(진행중),안전운전불이행,특별광역시도,한강대교남단사거리,37.5175177,126.9588607,동작구,
2019,8,2,금요일,18,경상사고,0,0,1,1,65,남,15년이상,,승용,비사업용,승용,진입회전사고,맑음,출퇴근,차대차,측면직각충돌,안전운전불이행,특별광역시도,한강대교남단사거리,37.5175177,126.9588607,동작구,
2017,2,6,월요일,2,경상사고,0,0,1,0,56,남,15년이상,,승용,사업용,보행자,기타사고,맑음,심야,차대사람,차대사람-기타,안전운전불이행,기타,KT&G상상마당부근,37.550912,126.921127,마포구,
2017,5,20,토요일,20,부상사고,0,0,0,1,23,남,1년미만,,승용,비사업용,보행자,기타사고,맑음,출퇴근,차대사람,차대사람-기타,안전운전불이행,기타,KT&G상상마당부근,37.550912,126.921127,마포구,
2017,8,26,토요일,0,경상사고,0,0,1,0,30,남,5년미만,0,승용,비사업용,보행자,기타사고,맑음,심야,차대사람,차대사람-기타,안전운전불이행,특별광역시도,KT&G상상마당부근,37.550912,126.921127,마포구,
2017,10,26,목요일,23,부상사고,0,0,0,1,31,남,15년미만,,승용,비사업용,보행자,기타사고,맑음,심야,차대사람,차대사람-기타,안전운전불이행,특별광역시도,KT&G상상마당부근,37.550912,126.921127,마포구,
2018,8,31,금요일,6,경상사고,0,0,1,0,불명,불명,데이터오류,,기타,기타,기타,기타사고,맑음,새벽,차대사람,차대사람-기타,안전운전불이행,기타,KT&G상상마당부근,37.550912,126.921127,마포구,
2019,10,26,토요일,14,경상사고,0,0,1,0,불명,불명,데이터오류,,기타,데이터오류,기타,기타사고,맑음,주간,차대사람,차대사람-기타,안전운전불이행,특별광역시도,KT&G상상마당부근,37.550912,126.921127,마포구,
2017,1,28,토요일,6,경상사고,0,0,1,0,23,남,10년미만,0,승용,사업용,보행자,기타사고,눈,새벽,차대사람,차대사람-기타,안전운전불이행,특별광역시도,KT&G상상마당앞사거리,37.550912,126.921127,마포구,
2017,3,23,목요일,2,경상사고,0,0,2,0,28,남,15년이상,0,승용,비사업용,승용,일직선사고,맑음,심야,차대차,추돌(진행중),안전운전불이행,특별광역시도,KT&G상상마당앞사거리,37.550912,126.921127,마포구,
2017,3,11,토요일,7,부상사고,0,0,0,1,74,남,15년이상,,승용,사업용,보행자,기타사고,맑음,출퇴근,차대사람,차대사람-기타,안전운전불이행,특별광역시도,KT&G상상마당앞사거리,37.550912,126.921127,마포구,
2017,4,30,일요일,2,경상사고,0,0,1,0,36,남,1년미만,,승용,비사업용,보행자,보행횡단사고,맑음,심야,차대사람,보도통행중,보행자보호의무위반,특별광역시도,KT&G상상마당앞사거리,37.550912,126.921127,마포구,
2017,4,29,토요일,3,경상사고,0,0,1,0,22,남,10년미만,0,승용,비사업용,승용,기타사고,맑음,심야,차대차,차대차-기타,안전운전불이행,특별광역시도,KT&G상상마당앞사거리,37.550912,126.921127,마포구,
2017,4,7,금요일,19,경상사고,0,0,1,0,46,남,15년이상,,승용,비사업용,보행자,기타사고,맑음,출퇴근,차대사람,차대사람-기타,안전운전불이행,특별광역시도,KT&G상상마당앞사거리,37.550912,126.921127,마포구,
2017,4,30,일요일,21,경상사고,0,0,1,0,48,남,15년이상,,승용,비사업용,보행자,기타사고,맑음,심야,차대사람,차대사람-기타,안전운전불이행,특별광역시도,KT&G상상마당앞사거리,37.550912,126.921127,마포구,
2017,5,19,금요일,0,경상사고,0,0,1,0,59,남,15년이상,,승용,사업용,승용,기타사고,맑음,심야,차대차,차대차-기타,안전운전불이행,기타,KT&G상상마당앞사거리,37.550912,126.921127,마포구,
2017,6,26,월요일,1,부상사고,0,0,0,1,73,남,15년이상,,승용,사업용,보행자,기타사고,맑음,심야,차대사람,차대사람-기타,안전운전불이행,특별광역시도,KT&G상상마당앞사거리,37.550912,126.921127,마포구,
2017,6,2,금요일,5,경상사고,0,0,1,0,46,남,15년이상,,승용,사업용,보행자,기타사고,맑음,새벽,차대사람,차도통행중,안전운전불이행,특별광역시도,KT&G상상마당앞사거리,37.550912,126.921127,마포구,
2017,7,24,월요일,3,경상사고,0,0,1,0,59,남,15년이상,0,승용,사업용,승용,진입회전사고,맑음,심야,차대차,측면직각충돌,안전운전불이행,특별광역시도,KT&G상상마당앞사거리,37.550912,126.921127,마포구,
2017,8,6,일요일,17,경상사고,0,0,1,0,27,남,10년미만,,승용,사업용,승용,진입회전사고,맑음,주간,차대차,측면직각충돌,안전운전불이행,특별광역시도,KT&G상상마당앞사거리,37.550912,126.921127,마포구,
2017,9,10,일요일,2,경상사고,0,0,1,0,46,남,15년이상,,승용,사업용,이륜,진입회전사고,흐림,심야,차대차,측면직각충돌,안전운전불이행,특별광역시도,KT&G상상마당앞사거리,37.550912,126.921127,마포구,
2017,10,31,화요일,14,경상사고,0,0,2,0,46,남,15년이상,,승합,사업용,승합,진입회전사고,맑음,주간,차대차,측면직각충돌,차로위반,특별광역시도,KT&G상상마당앞사거리,37.550912,126.921127,마포구,
2017,11,5,일요일,3,중상사고,0,1,0,0,24,남,1년미만,0,승용,비사업용,보행자,기타사고,맑음,심야,차대사람,차대사람-기타,안전운전불이행,특별광역시도,KT&G상상마당앞사거리,37.550912,126.921127,마포구,
2017,11,1,수요일,18,중상사고,0,1,0,0,36,남,15년이상,,승합,사업용,보행자,기타사고,맑음,출퇴근,차대사람,차대사람-기타,안전운전불이행,특별광역시도,KT&G상상마당앞사거리,37.550912,126.921127,마포구,
2017,12,1,금요일,22,중상사고,0,1,0,0,36,남,15년이상,,승용,비사업용,이륜,기타사고,맑음,심야,차대차,차대차-기타,안전거리미확보,특별광역시도,KT&G상상마당앞사거리,37.550912,126.921127,마포구,
2018,1,7,일요일,6,부상사고,0,0,0,1,24,여,10년미만,,승용,비사업용,보행자,진입회전사고,맑음,새벽,차대사람,차대사람-기타,신호위반,특별광역시도,KT&G상상마당앞사거리,37.550912,126.921127,마포구,
2018,1,11,목요일,20,중상사고,0,1,0,0,21,남,3년미만,,승용,비사업용,보행자,기타사고,맑음,출퇴근,차대사람,차대사람-기타,안전운전불이행,특별광역시도,KT&G상상마당앞사거리,37.550912,126.921127,마포구,
2018,1,27,토요일,22,경상사고,0,0,1,0,27,남,4년미만,,승용,비사업용,보행자,기타사고,맑음,심야,차대사람,차도통행중,안전운전불이행,특별광역시도,KT&G상상마당앞사거리,37.550912,126.921127,마포구,
2018,2,25,일요일,3,중상사고,0,1,0,0,63,남,15년이상,,승용,사업용,보행자,기타사고,맑음,심야,차대사람,차대사람-기타,안전운전불이행,특별광역시도,KT&G상상마당앞사거리,37.550912,126.921127,마포구,
2018,2,25,일요일,8,중상사고,0,1,0,0,56,남,15년이상,,승용,사업용,보행자,기타사고,맑음,출퇴근,차대사람,차대사람-기타,안전운전불이행,특별광역시도,KT&G상상마당앞사거리,37.550912,126.921127,마포구,
2018,3,3,토요일,1,경상사고,0,0,2,0,69,남,15년이상,,승용,사업용,승용,진입회전사고,맑음,심야,차대차,측면직각충돌,신호위반,특별광역시도,KT&G상상마당앞사거리,37.550912,126.921127,마포구,
2018,3,3,토요일,17,경상사고,0,0,1,0,68,남,15년이상,,승용,사업용,보행자,기타사고,맑음,주간,차대사람,차대사람-기타,기타,특별광역시도,KT&G상상마당앞사거리,37.550912,126.921127,마포구,
2018,3,11,일요일,22,경상사고,0,0,1,0,22,여,데이터오류,,승용,비사업용,보행자,기타사고,맑음,심야,차대사람,차대사람-기타,안전운전불이행,특별광역시도,KT&G상상마당앞사거리,37.550912,126.921127,마포구,
2018,4,16,월요일,1,경상사고,0,0,1,0,52,남,10년미만,,승용,사업용,보행자,기타사고,맑음,심야,차대사람,차대사람-기타,기타,특별광역시도,KT&G상상마당앞사거리,37.550912,126.921127,마포구,
2018,4,13,금요일,16,중상사고,0,1,1,0,40,남,15년이상,,이륜,기타,이륜,기타사고,맑음,주간,차대차,차대차-기타,안전운전불이행,특별광역시도,KT&G상상마당앞사거리,37.550912,126.921127,마포구,
2018,5,26,토요일,2,경상사고,0,0,1,0,41,남,15년이상,,승용,사업용,보행자,기타사고,맑음,심야,차대사람,차대사람-기타,안전운전불이행,특별광역시도,KT&G상상마당앞사거리,37.550912,126.921127,마포구,
2018,5,7,월요일,7,경상사고,0,0,1,0,42,남,15년이상,0,승용,비사업용,승용,일직선사고,맑음,출퇴근,차대차,추돌(진행중),안전운전불이행,특별광역시도,KT&G상상마당앞사거리,37.550912,126.921127,마포구,
2018,6,25,월요일,1,경상사고,0,0,2,0,25,남,2년미만,,승용,비사업용,승용,기타사고,맑음,심야,차대차,차대차-기타,안전운전불이행,특별광역시도,KT&G상상마당앞사거리,37.550912,126.921127,마포구,
2018,7,17,화요일,4,경상사고,0,0,1,0,32,남,5년미만,0,승용,비사업용,승용,기타사고,맑음,심야,차대차,차대차-기타,안전운전불이행,특별광역시도,KT&G상상마당앞사거리,37.550912,126.921127,마포구,
2018,9,13,목요일,2,경상사고,0,0,1,0,63,남,15년미만,,승용,사업용,보행자,기타사고,맑음,심야,차대사람,차대사람-기타,안전운전불이행,특별광역시도,KT&G상상마당앞사거리,37.550912,126.921127,마포구,
2018,12,22,토요일,5,경상사고,0,0,1,0,26,남,1년미만,0,승용,비사업용,보행자,기타사고,맑음,새벽,차대사람,차대사람-기타,안전운전불이행,특별광역시도,KT&G상상마당앞사거리,37.550912,126.921127,마포구,
2019,2,23,토요일,10,부상사고,0,0,0,1,25,남,10년미만,,승용,비사업용,보행자,기타사고,맑음,주간,차대사람,차대사람-기타,안전운전불이행,특별광역시도,KT&G상상마당앞사거리,37.550912,126.921127,마포구,
2019,3,18,월요일,2,경상사고,0,0,1,0,55,남,15년이상,,승용,사업용,보행자,기타사고,맑음,심야,차대사람,차대사람-기타,안전운전불이행,기타,KT&G상상마당앞사거리,37.550912,126.921127,마포구,
2019,3,3,일요일,4,경상사고,0,0,1,0,62,남,15년이상,,승용,사업용,보행자,기타사고,맑음,심야,차대사람,차대사람-기타,안전운전불이행,특별광역시도,KT&G상상마당앞사거리,37.550912,126.921127,마포구,
2019,4,13,토요일,5,경상사고,0,0,1,0,25,남,데이터오류,,승용,비사업용,승용,기타사고,맑음,새벽,차대차,차대차-기타,불법유턴,기타,KT&G상상마당앞사거리,37.550912,126.921127,마포구,
2019,5,21,화요일,6,경상사고,0,0,1,0,71,남,15년이상,,승용,사업용,보행자,보행횡단사고,맑음,새벽,차대사람,횡단중,보행자보호의무위반,기타,KT&G상상마당앞사거리,37.550912,126.921127,마포구,
2019,5,13,월요일,22,경상사고,0,0,1,0,23,남,10년미만,,승용,비사업용,자전거,진입회전사고,맑음,심야,차대차,측면직각충돌,안전운전불이행,특별광역시도,KT&G상상마당앞사거리,37.550912,126.921127,마포구,
2019,6,1,토요일,4,경상사고,0,0,1,0,23,남,15년이상,0,승용,비사업용,승용,기타사고,맑음,심야,차대차,차대차-기타,안전운전불이행,특별광역시도,KT&G상상마당앞사거리,37.550912,126.921127,마포구,
2019,7,11,목요일,2,경상사고,0,0,1,0,64,여,15년이상,,승용,사업용,승용,진입회전사고,맑음,심야,차대차,차대차-기타,신호위반,특별광역시도,KT&G상상마당앞사거리,37.550912,126.921127,마포구,
2019,8,13,화요일,7,경상사고,0,0,1,0,64,남,15년이상,,승용,사업용,승용,진입회전사고,맑음,출퇴근,차대차,측면직각충돌,안전운전불이행,특별광역시도,KT&G상상마당앞사거리,37.550912,126.921127,마포구,
2019,10,5,토요일,4,경상사고,0,0,3,0,59,남,15년미만,,승용,사업용,승용,기타사고,기타,심야,차대차,차대차-기타,안전운전불이행,특별광역시도,KT&G상상마당앞사거리,37.550912,126.921127,마포구,
2019,10,27,일요일,4,경상사고,0,0,1,0,27,남,데이터오류,,승용,비사업용,보행자,기타사고,맑음,심야,차대사람,차도통행중,안전운전불이행,특별광역시도,KT&G상상마당앞사거리,37.550912,126.921127,마포구,
2019,10,16,수요일,17,중상사고,0,1,0,0,51,남,15년이상,,화물,비사업용,보행자,기타사고,맑음,주간,차대사람,차도통행중,안전운전불이행,특별광역시도,KT&G상상마당앞사거리,37.550912,126.921127,마포구,
2019,11,9,토요일,1,부상사고,0,0,0,1,24,남,5년미만,,승용,비사업용,보행자,보행횡단사고,맑음,심야,차대사람,보도통행중,안전운전불이행,특별광역시도,KT&G상상마당앞사거리,37.550912,126.921127,마포구,
2019,11,18,월요일,23,경상사고,0,0,2,0,57,남,15년이상,,승용,사업용,승용,일직선사고,맑음,심야,차대차,추돌(진행중),안전운전불이행,기타,KT&G상상마당앞사거리,37.550912,126.921127,마포구,
2017,1,21,토요일,18,경상사고,0,0,2,0,61,남,15년미만,,승용,사업용,승용,진입회전사고,눈,출퇴근,차대차,측면직각충돌,신호위반,특별광역시도,공덕오거리,37.543096,126.95319,마포구,
2017,2,16,목요일,18,경상사고,0,0,5,0,46,여,15년이상,,승용,비사업용,승용,진입회전사고,맑음,출퇴근,차대차,측면직각충돌,안전거리미확보,특별광역시도,공덕오거리,37.543096,126.95319,마포구,
2017,3,24,금요일,2,경상사고,0,0,2,0,41,남,15년이상,,승합,사업용,승합,일직선사고,맑음,심야,차대차,추돌(진행중),안전운전불이행,특별광역시도,공덕오거리,37.543096,126.95319,마포구,
2017,3,29,수요일,12,경상사고,0,0,1,0,불명,불명,데이터오류,,기타,데이터오류,기타,기타사고,맑음,주간,차대사람,차도통행중,보행자보호의무위반,특별광역시도,공덕오거리,37.543096,126.95319,마포구,
2017,3,13,월요일,18,중상사고,0,1,0,0,22,남,4년미만,,승용,사업용,이륜,진입회전사고,맑음,출퇴근,차대차,측면직각충돌,신호위반,특별광역시도,공덕오거리,37.543096,126.95319,마포구,
2017,4,28,금요일,7,중상사고,0,1,0,0,33,남,15년이상,,승용,비사업용,보행자,진입회전사고,맑음,출퇴근,차대차,차대차-기타,신호위반,특별광역시도,공덕오거리,37.543096,126.95319,마포구,
2017,4,28,금요일,19,부상사고,0,0,0,1,75,남,15년이상,,화물,비사업용,자전거,진입회전사고,맑음,출퇴근,차대차,측면직각충돌,안전거리미확보,특별광역시도,공덕오거리,37.543096,126.95319,마포구,
2017,4,6,목요일,21,경상사고,0,0,1,0,61,남,15년이상,,승용,비사업용,승용,진입회전사고,맑음,심야,차대차,측면직각충돌,안전운전불이행,특별광역시도,공덕오거리,37.543096,126.95319,마포구,
2017,6,4,일요일,22,중상사고,0,1,0,0,24,남,10년미만,,승용,비사업용,이륜,기타사고,맑음,심야,차대차,차대차-기타,안전운전불이행,특별광역시도,공덕오거리,37.543096,126.95319,마포구,
2017,7,22,토요일,0,중상사고,0,1,0,0,50,남,15년이상,,승용,사업용,보행자,진입회전사고,맑음,심야,차대사람,차대사람-기타,신호위반,특별광역시도,공덕오거리,37.543096,126.95319,마포구,
2017,7,9,일요일,2,경상사고,0,0,4,0,24,남,15년이상,,승용,비사업용,승용,진입회전사고,비,심야,차대차,정면충돌,신호위반,특별광역시도,공덕오거리,37.543096,126.95319,마포구,
2017,7,24,월요일,17,경상사고,0,0,1,0,66,남,15년이상,,화물,비사업용,화물,일직선사고,맑음,주간,차대차,추돌(진행중),안전운전불이행,특별광역시도,공덕오거리,37.543096,126.95319,마포구,
2017,7,10,월요일,21,경상사고,0,0,1,0,60,남,15년이상,,승용,사업용,이륜,진입회전사고,맑음,심야,차대차,측면직각충돌,안전운전불이행,특별광역시도,공덕오거리,37.543096,126.95319,마포구,
2017,7,17,월요일,22,경상사고,0,0,1,0,60,남,15년이상,,승용,사업용,승용,진입회전사고,맑음,심야,차대차,측면직각충돌,안전운전불이행,특별광역시도,공덕오거리,37.543096,126.95319,마포구,
2017,8,30,수요일,3,경상사고,0,0,1,0,36,남,4년미만,0,승용,비사업용,승용,일직선사고,맑음,심야,차대차,정면충돌,안전운전불이행,특별광역시도,공덕오거리,37.543096,126.95319,마포구,
2017,10,1,일요일,16,경상사고,0,0,1,0,52,남,15년미만,,승용,비사업용,승용,진입회전사고,맑음,주간,차대차,측면직각충돌,신호위반,특별광역시도,공덕오거리,37.543096,126.95319,마포구,
2017,12,23,토요일,11,경상사고,0,0,4,0,50,여,15년미만,,승용,비사업용,승용,일직선사고,맑음,주간,차대차,추돌(진행중),안전운전불이행,특별광역시도,공덕오거리,37.543096,126.95319,마포구,
2017,12,17,일요일,13,중상사고,0,1,0,0,68,남,15년이상,,승용,사업용,승용,진입회전사고,맑음,주간,차대차,측면직각충돌,신호위반,특별광역시도,공덕오거리,37.543096,126.95319,마포구,
2018,1,30,화요일,0,경상사고,0,0,3,0,63,남,15년이상,,승용,사업용,승용,진입회전사고,맑음,심야,차대차,측면직각충돌,신호위반,특별광역시도,공덕오거리,37.543096,126.95319,마포구,
2018,1,9,화요일,12,중상사고,0,1,1,0,52,남,15년이상,,승용,비사업용,승용,진입회전사고,맑음,주간,차대차,측면직각충돌,교차로운행방법위반,특별광역시도,공덕오거리,37.543096,126.95319,마포구,
2018,1,22,월요일,18,경상사고,0,0,2,0,29,여,10년미만,,승용,비사업용,승용,진입회전사고,맑음,출퇴근,차대차,측면직각충돌,안전운전불이행,특별광역시도,공덕오거리,37.543096,126.95319,마포구,
2018,2,6,화요일,6,경상사고,0,0,1,0,48,남,데이터오류,,건설기계,비사업용,건설기계,진입회전사고,맑음,새벽,차대차,측면직각충돌,신호위반,특별광역시도,공덕오거리,37.543096,126.95319,마포구,
2018,3,14,수요일,19,경상사고,0,0,1,0,61,남,15년이상,,승용,비사업용,화물,일직선사고,맑음,출퇴근,차대차,추돌(진행중),안전운전불이행,특별광역시도,공덕오거리,37.543096,126.95319,마포구,
2018,4,28,토요일,11,경상사고,0,0,1,0,72,남,15년이상,,승합,사업용,기타,기타사고,맑음,주간,차량단독,차량단독-기타,안전거리미확보,특별광역시도,공덕오거리,37.543096,126.95319,마포구,
2018,4,3,화요일,13,경상사고,0,0,1,0,61,남,15년이상,,승용,사업용,승용,기타사고,맑음,주간,차대차,차대차-기타,안전거리미확보,특별광역시도,공덕오거리,37.543096,126.95319,마포구,
2018,5,2,수요일,0,중상사고,0,1,0,0,34,남,3년미만,,승용,비사업용,승용,일직선사고,맑음,심야,차대차,추돌(진행중),안전운전불이행,특별광역시도,공덕오거리,37.543096,126.95319,마포구,
2018,5,9,수요일,20,중상사고,0,1,1,0,57,여,15년이상,,화물,비사업용,화물,기타사고,맑음,출퇴근,차대차,차대차-기타,안전운전불이행,특별광역시도,공덕오거리,37.543096,126.95319,마포구,
2018,6,28,목요일,3,중상사고,0,1,0,0,38,남,15년이상,,승용,사업용,이륜,일직선사고,맑음,심야,차대차,추돌(진행중),안전운전불이행,특별광역시도,공덕오거리,37.543096,126.95319,마포구,
2018,6,30,토요일,8,경상사고,0,0,1,0,64,남,15년이상,,승용,사업용,이륜,기타사고,맑음,출퇴근,차대차,차대차-기타,교차로운행방법위반,특별광역시도,공덕오거리,37.543096,126.95319,마포구,
2018,7,19,목요일,6,경상사고,0,0,2,0,62,남,15년이상,,화물,비사업용,화물,진입회전사고,맑음,새벽,차대차,측면직각충돌,신호위반,특별광역시도,공덕오거리,37.543096,126.95319,마포구,
2018,7,8,일요일,7,경상사고,0,0,1,0,57,남,15년이상,,승합,사업용,승합,진입회전사고,맑음,출퇴근,차대차,측면직각충돌,안전운전불이행,특별광역시도,공덕오거리,37.543096,126.95319,마포구,
2018,7,19,목요일,10,중상사고,0,1,0,0,59,남,15년이상,,승합,사업용,보행자,기타사고,맑음,주간,차대사람,차대사람-기타,안전운전불이행,특별광역시도,공덕오거리,37.543096,126.95319,마포구,
2018,7,5,목요일,18,중상사고,0,1,0,0,36,남,15년이상,,원동기,기타,원동기,진입회전사고,맑음,출퇴근,차대차,측면직각충돌,신호위반,특별광역시도,공덕오거리,37.543096,126.95319,마포구,
2018,9,3,월요일,13,경상사고,0,0,1,0,68,남,15년이상,,승용,사업용,승용,기타사고,맑음,주간,차대차,차대차-기타,안전운전불이행,특별광역시도,공덕오거리,37.543096,126.95319,마포구,
2018,10,18,목요일,2,중상사고,0,1,0,0,24,남,15년이상,0,승용,비사업용,승용,진입회전사고,맑음,심야,차대차,측면직각충돌,신호위반,특별광역시도,공덕오거리,37.543096,126.95319,마포구,
2018,11,8,목요일,16,경상사고,0,0,1,0,29,남,10년미만,,승용,비사업용,승용,진입회전사고,비,주간,차대차,측면직각충돌,안전운전불이행,특별광역시도,공덕오거리,37.543096,126.95319,마포구,
2018,11,19,월요일,18,경상사고,0,0,1,0,54,여,15년이상,,승용,비사업용,승용,진입회전사고,맑음,출퇴근,차대차,측면직각충돌,안전운전불이행,특별광역시도,공덕오거리,37.543096,126.95319,마포구,
2018,12,23,일요일,1,경상사고,0,0,1,0,42,남,15년이상,0,승용,비사업용,승용,일직선사고,맑음,심야,차대차,추돌(진행중),안전거리미확보,특별광역시도,공덕오거리,37.543096,126.95319,마포구,
2018,12,16,일요일,9,중상사고,0,1,0,0,40,여,15년이상,,승용,비사업용,보행자,보행횡단사고,맑음,주간,차대사람,횡단중,보행자보호의무위반,특별광역시도,공덕오거리,37.543096,126.95319,마포구,
2018,12,18,화요일,19,경상사고,0,0,1,0,불명,불명,데이터오류,,기타,기타,기타,기타사고,맑음,출퇴근,차대차,차대차-기타,안전운전불이행,특별광역시도,공덕오거리,37.543096,126.95319,마포구,
2019,1,2,수요일,8,경상사고,0,0,1,0,49,여,15년이상,,승용,비사업용,승용,진입회전사고,맑음,출퇴근,차대차,측면직각충돌,안전운전불이행,특별광역시도,공덕오거리,37.543096,126.95319,마포구,