년도,월,일,요일,시각,사고등급,사망자수,중상자수,경상자수,부상자수,연령,성별,경력,음주,종별,용도,관련자2,사고형태,기상상태,일광상태,사고유형1,사고유형2,법규위반,도로종류,지점명,위도,경도,자치구,
2019,2,13,수요일,17,부상사고,0,0,0,1,37,여,15년이상,,승용,비사업용,이륜,일직선사고,맑음,주간,차대차,추돌(진행중),안전운전불이행,기타,공덕오거리,37.543096,126.95319,마포구,
2019,3,10,일요일,19,부상사고,0,0,0,1,81,남,15년이상,,승용,사업용,이륜,진입회전사고,맑음,출퇴근,차대차,측면직각충돌,신호위반,특별광역시도,공덕오거리,37.543096,126.95319,마포구,
2019,3,14,목요일,23,경상사고,0,0,2,0,64,남,15년이상,,승용,사업용,승용,기타사고,기타,심야,차대차,차대차-기타,안전거리미확보,특별광역시도,공덕오거리,37.543096,126.95319,마포구,
2019,4,16,화요일,8,부상사고,0,0,0,1,71,남,15년이상,,승용,사업용,승용,진입회전사고,맑음,출퇴근,차대차,차대차-기타,신호위반,특별광역시도,공덕오거리,37.543096,126.95319,마포구,
2019,5,10,금요일,10,경상사고,0,0,2,0,57,남,3년미만,,승합,비사업용,승합,일직선사고,맑음,주간,차대차,추돌(진행중),안전운전불이행,특별광역시도,공덕오거리,37.543096,126.95319,마포구,
2019,5,2,목요일,21,경상사고,0,0,2,0,55,남,15년이상,,승용,사업용,승용,진입회전사고,맑음,심야,차대차,측면직각충돌,신호위반,특별광역시도,공덕오거리,37.543096,126.95319,마포구,
2019,6,12,수요일,18,경상사고,0,0,1,1,41,남,15년이상,,승용,비사업용,화물,기타사고,맑음,출퇴근,차대차,차대차-기타,교차로운행방법위반,특별광역시도,공덕오거리,37.543096,126.95319,마포구,
2019,7,6,토요일,20,경상사고,0,0,2,0,37,남,15년이상,,승용,비사업용,이륜,진입회전사고,맑음,출퇴근,차대차,측면직각충돌,신호위반,특별광역시도,공덕오거리,37.543096,126.95319,마포구,
2019,7,15,월요일,22,경상사고,0,0,1,0,29,남,15년미만,,승용,비사업용,승용,진입회전사고,맑음,심야,차대차,측면직각충돌,안전운전불이행,특별광역시도,공덕오거리,37.543096,126.95319,마포구,
2019,8,21,수요일,23,경상사고,0,0,3,0,27,남,10년미만,0,화물,비사업용,화물,일직선사고,기타,심야,차대차,추돌(진행중),안전운전불이행,특별광역시도,공덕오거리,37.543096,126.95319,마포구,
2019,9,18,수요일,23,중상사고,0,1,0,1,41,남,15년이상,,승용,비사업용,보행자,기타사고,기타,심야,차대사람,차대사람-기타,안전운전불이행,특별광역시도,공덕오거리,37.543096,126.95319,마포구,
2019,10,19,토요일,0,경상사고,0,0,1,2,62,남,15년이상,,승용,사업용,이륜,기타사고,맑음,심야,차대차,차대차-기타,안전운전불이행,특별광역시도,공덕오거리,37.543096,126.95319,마포구,
2019,10,6,일요일,8,경상사고,0,0,1,0,62,남,15년이상,,승용,사업용,승용,진입회전사고,흐림,출퇴근,차대차,측면직각충돌,교차로운행방법위반,특별광역시도,공덕오거리,37.543096,126.95319,마포구,
2019,10,18,금요일,8,중상사고,0,1,1,0,72,남,15년이상,,승용,사업용,이륜,진입회전사고,맑음,출퇴근,차대차,측면직각충돌,안전운전불이행,특별광역시도,공덕오거리,37.543096,126.95319,마포구,
2019,11,25,월요일,15,중상사고,0,1,0,0,22,남,10년미만,,승합,비사업용,승합,진입회전사고,맑음,주간,차대차,차대차-기타,신호위반,기타,공덕오거리,37.543096,126.95319,마포구,
2019,12,2,월요일,11,경상사고,0,0,1,0,불명,불명,데이터오류,,기타,데이터오류,기타,진입회전사고,맑음,주간,차대사람,차대사람-기타,신호위반,특별광역시도,공덕오거리,37.543096,126.95319,마포구,
2019,12,23,월요일,11,경상사고,0,0,1,0,54,남,15년이상,,승용,비사업용,승용,진입회전사고,맑음,주간,차대차,측면직각충돌,안전운전불이행,기타,공덕오거리,37.543096,126.95319,마포구,
2019,12,6,금요일,13,경상사고,0,0,1,0,57,남,15년이상,,건설기계,사업용,건설기계,진입회전사고,맑음,주간,차대차,측면직각충돌,안전운전불이행,특별광역시도,공덕오거리,37.543096,126.95319,마포구,
2019,12,29,일요일,17,경상사고,0,0,1,0,60,남,15년미만,,승용,비사업용,이륜,진입회전사고,맑음,주간,차대차,측면직각충돌,중앙선침범,특별광역시도,공덕오거리,37.543096,126.95319,마포구,
2017,1,27,금요일,14,경상사고,0,0,1,0,불명,불명,데이터오류,,기타,데이터오류,기타,보행횡단사고,맑음,주간,차대사람,보도통행중,보행자보호의무위반,특별광역시도,공덕오거리,37.543096,126.95319,마포구,
2017,5,8,월요일,10,경상사고,0,0,1,0,57,남,15년이상,,승용,비사업용,승용,진입회전사고,맑음,주간,차대차,측면직각충돌,안전운전불이행,특별광역시도,공덕오거리,37.543096,126.95319,마포구,
2017,12,22,금요일,20,경상사고,0,0,1,0,67,남,15년이상,,승용,사업용,승용,일직선사고,맑음,출퇴근,차대차,추돌(진행중),안전거리미확보,특별광역시도,공덕오거리,37.543096,126.95319,마포구,
2018,11,30,금요일,19,경상사고,0,0,2,1,67,남,15년이상,,승용,사업용,이륜,진입회전사고,기타,출퇴근,차대차,차대차-기타,신호위반,특별광역시도,공덕오거리,37.543096,126.95319,마포구,
2018,12,18,화요일,15,경상사고,0,0,1,0,57,남,15년미만,,승합,사업용,기타,기타사고,맑음,주간,차량단독,차량단독-기타,안전운전불이행,특별광역시도,공덕오거리,37.543096,126.95319,마포구,
2019,4,14,일요일,2,경상사고,0,0,1,0,41,남,15년이상,0,승합,비사업용,승합,일직선사고,맑음,심야,차대차,추돌(진행중),안전운전불이행,특별광역시도,공덕오거리,37.543096,126.95319,마포구,
2019,4,24,수요일,3,경상사고,0,0,1,0,46,남,2년미만,0,승용,비사업용,화물,일직선사고,비,심야,차대차,추돌(진행중),안전운전불이행,특별광역시도,공덕오거리,37.543096,126.95319,마포구,
2019,5,15,수요일,16,경상사고,0,0,1,0,39,남,3년미만,,화물,비사업용,보행자,보행횡단사고,맑음,주간,차대사람,횡단중,보행자보호의무위반,기타,공덕오거리,37.543096,126.95319,마포구,
2019,7,29,월요일,18,경상사고,0,0,1,0,63,남,15년이상,,승용,사업용,보행자,보행횡단사고,맑음,출퇴근,차대사람,횡단중,보행자보호의무위반,특별광역시도,공덕오거리,37.543096,126.95319,마포구,
2019,8,8,목요일,12,중상사고,0,2,0,0,49,여,15년이상,,승용,비사업용,이륜,기타사고,맑음,주간,차대차,차대차-기타,안전운전불이행,특별광역시도,공덕오거리,37.543096,126.95319,마포구,
2019,10,15,화요일,8,부상사고,0,0,0,1,불명,불명,데이터오류,,기타,데이터오류,기타,기타사고,맑음,출퇴근,차대사람,차대사람-기타,기타,특별광역시도,공덕오거리,37.543096,126.95319,마포구,
2017,1,21,토요일,1,경상사고,0,0,2,0,61,남,15년이상,,승용,사업용,승용,일직선사고,맑음,심야,차대차,추돌(진행중),안전운전불이행,특별광역시도,동교동삼거리,37.558067,126.928544,마포구,
2017,1,13,금요일,23,경상사고,0,0,1,0,72,남,15년이상,,승용,사업용,기타,기타사고,맑음,심야,차량단독,차량단독-기타,안전운전불이행,특별광역시도,동교동삼거리,37.558067,126.928544,마포구,
2017,2,14,화요일,14,경상사고,0,0,1,0,23,남,15년이상,,이륜,기타,보행자,기타사고,맑음,주간,차대사람,차도통행중,안전운전불이행,특별광역시도,동교동삼거리,37.558067,126.928544,마포구,
2017,2,9,목요일,18,경상사고,0,0,1,0,불명,불명,데이터오류,,기타,데이터오류,기타,기타사고,맑음,출퇴근,차대사람,차도통행중,안전운전불이행,특별광역시도,동교동삼거리,37.558067,126.928544,마포구,
2017,3,19,일요일,10,경상사고,0,0,1,0,48,남,15년이상,,승합,사업용,승합,진입회전사고,맑음,주간,차대차,측면직각충돌,안전운전불이행,특별광역시도,동교동삼거리,37.558067,126.928544,마포구,
2017,3,23,목요일,14,경상사고,0,0,2,0,57,남,15년이상,,승용,사업용,기타,기타사고,맑음,주간,차량단독,차량단독-기타,안전운전불이행,특별광역시도,동교동삼거리,37.558067,126.928544,마포구,
2017,3,6,월요일,18,경상사고,0,0,1,0,29,남,2년미만,,승용,비사업용,승용,진입회전사고,맑음,출퇴근,차대차,측면직각충돌,차로위반,특별광역시도,동교동삼거리,37.558067,126.928544,마포구,
2017,7,1,토요일,14,경상사고,0,0,1,0,불명,불명,데이터오류,,기타,데이터오류,기타,기타사고,맑음,주간,차대차,차대차-기타,안전운전불이행,특별광역시도,동교동삼거리,37.558067,126.928544,마포구,
2017,7,26,수요일,18,경상사고,0,0,1,0,27,남,3년미만,,승용,비사업용,승용,진입회전사고,맑음,출퇴근,차대차,측면직각충돌,차로위반,특별광역시도,동교동삼거리,37.558067,126.928544,마포구,
2017,7,19,수요일,22,경상사고,0,0,1,1,60,남,15년이상,,승용,사업용,이륜,진입회전사고,맑음,심야,차대차,측면직각충돌,안전운전불이행,특별광역시도,동교동삼거리,37.558067,126.928544,마포구,
2017,9,23,토요일,2,경상사고,0,0,2,0,21,여,15년이상,0,승용,비사업용,승용,일직선사고,맑음,심야,차대차,추돌(진행중),안전운전불이행,특별광역시도,동교동삼거리,37.558067,126.928544,마포구,
2017,9,1,금요일,21,중상사고,0,1,0,0,51,남,15년이상,,승용,사업용,보행자,보행횡단사고,맑음,심야,차대사람,횡단중,보행자보호의무위반,특별광역시도,동교동삼거리,37.558067,126.928544,마포구,
2017,10,12,목요일,3,중상사고,0,1,0,0,63,남,15년이상,,승용,사업용,자전거,진입회전사고,맑음,심야,차대차,측면직각충돌,신호위반,특별광역시도,동교동삼거리,37.558067,126.928544,마포구,
2017,10,26,목요일,20,경상사고,0,0,1,0,63,남,10년미만,,승합,사업용,승합,일직선사고,맑음,출퇴근,차대차,정면충돌,교차로운행방법위반,특별광역시도,동교동삼거리,37.558067,126.928544,마포구,
2017,10,22,일요일,21,경상사고,0,0,1,0,55,남,15년이상,,승용,사업용,승용,일직선사고,맑음,심야,차대차,추돌(진행중),안전운전불이행,특별광역시도,동교동삼거리,37.558067,126.928544,마포구,
2018,4,25,수요일,21,경상사고,0,0,1,0,36,남,15년이상,,승용,비사업용,보행자,기타사고,맑음,심야,차대사람,차대사람-기타,안전운전불이행,특별광역시도,동교동삼거리,37.558067,126.928544,마포구,
2018,5,27,일요일,22,중상사고,0,1,1,0,42,남,15년이상,,승용,비사업용,이륜,진입회전사고,맑음,심야,차대차,차대차-기타,신호위반,특별광역시도,동교동삼거리,37.558067,126.928544,마포구,
2018,9,11,화요일,19,경상사고,0,0,1,0,22,여,3년미만,,승용,사업용,이륜,기타사고,맑음,출퇴근,차대차,차대차-기타,기타,특별광역시도,동교동삼거리,37.558067,126.928544,마포구,
2018,11,6,화요일,14,경상사고,0,0,1,0,55,남,15년이상,,승용,사업용,승용,기타사고,맑음,주간,차대차,차대차-기타,안전거리미확보,특별광역시도,동교동삼거리,37.558067,126.928544,마포구,
2018,11,16,금요일,17,경상사고,0,0,1,0,73,남,15년이상,,승용,사업용,이륜,기타사고,맑음,주간,차대차,차대차-기타,안전거리미확보,특별광역시도,동교동삼거리,37.558067,126.928544,마포구,
2018,12,14,금요일,19,경상사고,0,0,1,0,41,남,15년이상,,특수,사업용,보행자,보행횡단사고,맑음,출퇴근,차대사람,횡단중,보행자보호의무위반,특별광역시도,동교동삼거리,37.558067,126.928544,마포구,
2019,3,23,토요일,8,중상사고,0,1,0,0,55,남,15년이상,,승합,사업용,기타,기타사고,맑음,출퇴근,차량단독,차량단독-기타,안전운전불이행,특별광역시도,동교동삼거리,37.558067,126.928544,마포구,
2019,6,6,목요일,21,경상사고,0,0,4,0,43,남,15년이상,,승용,비사업용,승용,진입회전사고,비,심야,차대차,측면직각충돌,안전거리미확보,특별광역시도,동교동삼거리,37.558067,126.928544,마포구,
2019,9,28,토요일,0,경상사고,0,0,1,0,66,남,15년이상,,승용,사업용,승용,진입회전사고,맑음,심야,차대차,측면직각충돌,안전운전불이행,특별광역시도,동교동삼거리,37.558067,126.928544,마포구,
2019,11,25,월요일,20,경상사고,0,0,1,0,49,여,15년이상,,승용,비사업용,승용,일직선사고,맑음,출퇴근,차대차,추돌(진행중),안전운전불이행,기타,동교동삼거리,37.558067,126.928544,마포구,
2019,11,4,월요일,21,경상사고,0,0,1,0,50,남,5년미만,,승합,사업용,승합,진입회전사고,맑음,심야,차대차,측면직각충돌,안전운전불이행,특별광역시도,동교동삼거리,37.558067,126.928544,마포구,
2017,3,21,화요일,11,경상사고,0,0,1,0,39,남,15년이상,,화물,비사업용,이륜,일직선사고,맑음,주간,차대차,정면충돌,안전거리미확보,특별광역시도,동교동삼거리,37.558067,126.928544,마포구,
2017,6,15,목요일,0,경상사고,0,0,1,0,56,남,15년이상,,승용,사업용,승용,일직선사고,맑음,심야,차대차,추돌(진행중),차로위반,특별광역시도,동교동삼거리,37.558067,126.928544,마포구,
2017,6,28,수요일,1,경상사고,0,0,1,0,45,남,15년이상,,승용,사업용,원동기,일직선사고,맑음,심야,차대차,정면충돌,중앙선침범,특별광역시도,동교동삼거리,37.558067,126.928544,마포구,
2017,9,11,월요일,14,경상사고,0,0,3,0,51,남,15년이상,,승합,사업용,승합,기타사고,맑음,주간,차대차,차대차-기타,안전운전불이행,특별광역시도,동교동삼거리,37.558067,126.928544,마포구,
2017,12,29,금요일,16,중상사고,0,1,0,0,78,남,15년이상,,승용,사업용,이륜,진입회전사고,맑음,주간,차대차,측면직각충돌,데이터없음,특별광역시도,동교동삼거리,37.558067,126.928544,마포구,
2018,1,14,일요일,0,경상사고,0,0,1,0,61,남,15년이상,,승합,사업용,보행자,진입회전사고,맑음,심야,차대사람,횡단중,신호위반,특별광역시도,동교동삼거리,37.558067,126.928544,마포구,
2018,3,20,화요일,10,경상사고,0,0,1,0,35,남,15년이상,,승용,비사업용,이륜,진입회전사고,맑음,주간,차대차,측면직각충돌,직진우회전진행방해,특별광역시도,동교동삼거리,37.558067,126.928544,마포구,
2018,4,20,금요일,9,경상사고,0,0,1,0,67,남,15년이상,,승용,사업용,자전거,진입회전사고,맑음,주간,차대차,측면직각충돌,기타,특별광역시도,동교동삼거리,37.558067,126.928544,마포구,
2018,4,5,목요일,19,중상사고,0,1,2,1,75,남,15년이상,,승용,사업용,승합,진입회전사고,비,출퇴근,차대차,측면직각충돌,안전거리미확보,특별광역시도,동교동삼거리,37.558067,126.928544,마포구,
2018,6,10,일요일,13,중상사고,0,2,1,0,49,남,10년미만,,승용,비사업용,승용,일직선사고,맑음,주간,차대차,추돌(진행중),안전운전불이행,특별광역시도,동교동삼거리,37.558067,126.928544,마포구,
2018,7,6,금요일,19,경상사고,0,0,2,0,53,남,15년이상,,승용,사업용,원동기,기타사고,맑음,출퇴근,차대차,차대차-기타,안전운전불이행,특별광역시도,동교동삼거리,37.558067,126.928544,마포구,
2018,9,23,일요일,19,경상사고,0,0,1,0,62,남,15년이상,,승용,사업용,이륜,기타사고,맑음,출퇴근,차대차,차대차-기타,차로위반,특별광역시도,동교동삼거리,37.558067,126.928544,마포구,
2018,9,22,토요일,20,경상사고,0,0,1,0,62,남,15년이상,,승용,사업용,자전거,진입회전사고,맑음,출퇴근,차대차,측면직각충돌,기타,특별광역시도,동교동삼거리,37.558067,126.928544,마포구,
2018,10,27,토요일,0,경상사고,0,0,1,0,56,남,15년이상,,승용,사업용,보행자,보행횡단사고,흐림,심야,차대사람,횡단중,안전운전불이행,특별광역시도,동교동삼거리,37.558067,126.928544,마포구,
2018,11,8,목요일,18,경상사고,0,0,2,0,21,남,데이터오류,,승용,비사업용,승용,일직선사고,맑음,출퇴근,차대차,추돌(진행중),안전운전불이행,특별광역시도,동교동삼거리,37.558067,126.928544,마포구,
2018,12,23,일요일,19,경상사고,0,0,2,0,18,남,3년미만,,승용,사업용,승용,진입회전사고,맑음,출퇴근,차대차,측면직각충돌,안전거리미확보,특별광역시도,동교동삼거리,37.558067,126.928544,마포구,
2019,2,26,화요일,11,경상사고,0,0,1,0,71,남,15년이상,,승용,비사업용,기타,진입회전사고,맑음,주간,차대차,측면직각충돌,신호위반,특별광역시도,동교동삼거리,37.558067,126.928544,마포구,
2019,3,5,화요일,18,경상사고,0,0,1,0,61,남,15년이상,,승용,사업용,보행자,보행횡단사고,맑음,출퇴근,차대사람,횡단중,안전운전불이행,기타,동교동삼거리,37.558067,126.928544,마포구,
2019,5,30,목요일,11,경상사고,0,0,1,0,58,여,15년이상,,승용,사업용,보행자,기타사고,맑음,주간,차대사람,차대사람-기타,안전운전불이행,특별광역시도,동교동삼거리,37.558067,126.928544,마포구,
2019,6,29,토요일,17,부상사고,0,0,0,1,32,남,15년이상,,승용,비사업용,보행자,보행횡단사고,맑음,주간,차대사람,횡단중,안전운전불이행,특별광역시도,동교동삼거리,37.558067,126.928544,마포구,
2019,7,27,토요일,17,경상사고,0,0,1,0,39,남,15년미만,,승용,사업용,승용,진입회전사고,맑음,주간,차대차,측면직각충돌,안전거리미확보,특별광역시도,동교동삼거리,37.558067,126.928544,마포구,
2019,7,24,수요일,19,경상사고,0,0,1,0,43,남,15년이상,,승합,사업용,승합,진입회전사고,맑음,출퇴근,차대차,측면직각충돌,중앙선침범,특별광역시도,동교동삼거리,37.558067,126.928544,마포구,
2019,9,5,목요일,17,경상사고,0,0,2,0,56,남,15년이상,,화물,사업용,화물,진입회전사고,맑음,주간,차대차,측면직각충돌,안전거리미확보,특별광역시도,동교동삼거리,37.558067,126.928544,마포구,
2019,11,30,토요일,9,중상사고,0,1,0,0,29,여,15년이상,,승용,비사업용,보행자,기타사고,맑음,주간,차대사람,차대사람-기타,안전운전불이행,특별광역시도,동교동삼거리,37.558067,126.928544,마포구,
2019,12,17,화요일,12,경상사고,0,0,1,0,40,여,15년이상,,승용,비사업용,승용,기타사고,기타,주간,차대차,차대차-기타,안전거리미확보,특별광역시도,동교동삼거리,37.558067,126.928544,마포구,
2017,1,2,월요일,7,경상사고,0,0,2,0,52,남,5년미만,,승용,비사업용,승합,진입회전사고,맑음,출퇴근,차대차,측면직각충돌,안전운전불이행,특별광역시도,마포대교입구,37.5337975,126.9371138,마포구,
2017,1,3,화요일,22,중상사고,0,2,0,0,52,남,15년이상,,승용,사업용,승용,진입회전사고,맑음,심야,차대차,측면직각충돌,차로위반,특별광역시도,마포대교입구,37.5337975,126.9371138,마포구,
2017,2,19,일요일,21,중상사고,0,1,1,0,41,여,15년이상,,승용,비사업용,승용,진입회전사고,비,심야,차대차,정면충돌,신호위반,특별광역시도,마포대교입구,37.5337975,126.9371138,마포구,
2017,2,11,토요일,22,중상사고,0,1,0,1,68,남,15년이상,,승용,사업용,승용,일직선사고,맑음,심야,차대차,정면충돌,차로위반,특별광역시도,마포대교입구,37.5337975,126.9371138,마포구,
2017,7,27,목요일,11,경상사고,0,0,1,0,60,남,15년이상,,승용,사업용,승용,일직선사고,맑음,주간,차대차,추돌(진행중),안전거리미확보,특별광역시도,마포대교입구,37.5337975,126.9371138,마포구,
2017,10,18,수요일,8,경상사고,0,0,1,0,64,남,15년이상,,승용,사업용,자전거,기타사고,맑음,출퇴근,차대차,차대차-기타,데이터없음,특별광역시도,마포대교입구,37.5337975,126.9371138,마포구,
2018,1,27,토요일,2,중상사고,0,2,0,0,55,여,15년이상,0,승용,비사업용,승용,일직선사고,맑음,심야,차대차,추돌(진행중),안전운전불이행,특별광역시도,마포대교입구,37.5337975,126.9371138,마포구,
2018,1,17,수요일,17,경상사고,0,0,1,0,53,여,15년이상,,승용,비사업용,승용,진입회전사고,맑음,주간,차대차,측면직각충돌,안전운전불이행,특별광역시도,마포대교입구,37.5337975,126.9371138,마포구,
2018,1,8,월요일,18,경상사고,0,0,3,0,60,남,15년이상,,화물,사업용,화물,일직선사고,눈,출퇴근,차대차,추돌(진행중),안전운전불이행,특별광역시도,마포대교입구,37.5337975,126.9371138,마포구,
2018,3,9,금요일,6,사망사고,1,0,0,0,51,남,15년이상,,승합,사업용,원동기,기타사고,맑음,새벽,차대차,차대차-기타,과속,특별광역시도,마포대교입구,37.5337975,126.9371138,마포구,
2018,3,20,화요일,14,경상사고,0,0,1,0,50,남,15년이상,,건설기계,비사업용,건설기계,일직선사고,맑음,주간,차대차,추돌(진행중),안전운전불이행,특별광역시도,마포대교입구,37.5337975,126.9371138,마포구,
2018,4,17,화요일,8,경상사고,0,0,1,0,65,남,15년이상,,승용,사업용,승용,진입회전사고,맑음,출퇴근,차대차,측면직각충돌,차로위반,특별광역시도,마포대교입구,37.5337975,126.9371138,마포구,
2018,5,31,목요일,6,중상사고,0,1,0,0,55,남,15년이상,,승용,사업용,이륜,기타사고,맑음,새벽,차대차,차대차-기타,안전거리미확보,특별광역시도,마포대교입구,37.5337975,126.9371138,마포구,
2018,5,17,목요일,11,경상사고,0,0,1,0,63,남,15년이상,,승용,사업용,이륜,일직선사고,비,주간,차대차,추돌(진행중),안전거리미확보,특별광역시도,마포대교입구,37.5337975,126.9371138,마포구,
2018,8,21,화요일,6,경상사고,0,0,1,0,63,남,15년이상,,화물,비사업용,화물,진입회전사고,비,새벽,차대차,측면직각충돌,안전거리미확보,특별광역시도,마포대교입구,37.5337975,126.9371138,마포구,
2018,8,8,수요일,13,경상사고,0,0,2,0,43,여,15년이상,,승용,비사업용,승용,일직선사고,맑음,주간,차대차,추돌(진행중),안전운전불이행,특별광역시도,마포대교입구,37.5337975,126.9371138,마포구,
2018,12,22,토요일,17,경상사고,0,0,2,0,53,남,15년이상,,승용,사업용,승용,일직선사고,맑음,주간,차대차,추돌(진행중),안전운전불이행,특별광역시도,마포대교입구,37.5337975,126.9371138,마포구,
2019,1,15,화요일,0,경상사고,0,0,2,0,33,남,2년미만,,승용,사업용,승용,진입회전사고,맑음,심야,차대차,측면직각충돌,안전운전불이행,특별광역시도,마포대교입구,37.5337975,126.9371138,마포구,
2019,1,15,화요일,18,경상사고,0,0,2,0,77,남,15년이상,,승용,사업용,승용,진입회전사고,맑음,출퇴근,차대차,측면직각충돌,안전거리미확보,특별광역시도,마포대교입구,37.5337975,126.9371138,마포구,
2019,4,8,월요일,21,경상사고,0,0,2,0,56,남,15년이상,,승용,사업용,승용,기타사고,맑음,심야,차대차,차대차-기타,안전거리미확보,특별광역시도,마포대교입구,37.5337975,126.9371138,마포구,
2019,6,15,토요일,5,중상사고,0,1,0,0,38,남,15년이상,0,승용,비사업용,이륜,일직선사고,맑음,새벽,차대차,추돌(진행중),안전운전불이행,특별광역시도,마포대교입구,37.5337975,126.9371138,마포구,
2019,8,30,금요일,8,경상사고,0,0,1,0,71,남,15년이상,,승용,사업용,원동기,진입회전사고,맑음,출퇴근,차대차,측면직각충돌,차로위반,특별광역시도,마포대교입구,37.5337975,126.9371138,마포구,
2019,9,21,토요일,5,경상사고,0,0,1,3,35,남,15년미만,0,승용,비사업용,승용,기타사고,맑음,새벽,차대차,차대차-기타,안전운전불이행,특별광역시도,마포대교입구,37.5337975,126.9371138,마포구,
2019,9,19,목요일,9,경상사고,0,0,1,0,59,남,15년이상,,승용,사업용,승합,진입회전사고,맑음,주간,차대차,측면직각충돌,안전거리미확보,특별광역시도,마포대교입구,37.5337975,126.9371138,마포구,
2019,9,6,금요일,16,중상사고,0,1,3,0,62,남,15년이상,,승용,사업용,승합,진입회전사고,맑음,주간,차대차,측면직각충돌,안전거리미확보,특별광역시도,마포대교입구,37.5337975,126.9371138,마포구,
2017,3,8,수요일,12,경상사고,0,0,1,0,24,여,10년미만,,승용,비사업용,승용,진입회전사고,맑음,주간,차대차,측면직각충돌,차로위반,특별광역시도,마포대교입구,37.5337975,126.9371138,마포구,
2017,5,17,수요일,9,경상사고,0,0,1,0,70,남,15년이상,,승용,사업용,기타,기타사고,맑음,주간,차량단독,차량단독-기타,안전운전불이행,특별광역시도,마포대교입구,37.5337975,126.9371138,마포구,
2017,5,30,화요일,20,경상사고,0,0,7,0,22,남,데이터오류,,승용,사업용,화물,일직선사고,맑음,출퇴근,차대차,추돌(진행중),안전운전불이행,특별광역시도,마포대교입구,37.5337975,126.9371138,마포구,
2017,6,29,목요일,8,중상사고,0,1,0,0,29,남,15년이상,,자전거,기타,기타,기타사고,맑음,출퇴근,차량단독,전도전복,안전운전불이행,특별광역시도,마포대교입구,37.5337975,126.9371138,마포구,
2017,6,13,화요일,9,중상사고,0,1,0,0,60,남,15년이상,,승용,사업용,자전거,진입회전사고,맑음,주간,차대차,측면직각충돌,데이터없음,특별광역시도,마포대교입구,37.5337975,126.9371138,마포구,
2017,6,3,토요일,11,경상사고,0,0,1,0,29,남,데이터오류,,이륜,기타,보행자,보행횡단사고,맑음,주간,차대사람,보도통행중,안전운전불이행,특별광역시도,마포대교입구,37.5337975,126.9371138,마포구,
2017,6,27,화요일,13,중상사고,0,1,0,0,25,남,15년이상,,승용,사업용,승용,진입회전사고,맑음,주간,차대차,측면직각충돌,차로위반,특별광역시도,마포대교입구,37.5337975,126.9371138,마포구,
2017,7,20,목요일,0,중상사고,0,1,0,0,36,남,15년이상,0,승용,비사업용,승용,일직선사고,맑음,심야,차대차,추돌(진행중),안전운전불이행,특별광역시도,마포대교입구,37.5337975,126.9371138,마포구,
2017,8,1,화요일,0,경상사고,0,0,1,0,72,남,15년이상,,승용,사업용,승용,진입회전사고,맑음,심야,차대차,측면직각충돌,안전거리미확보,특별광역시도,마포대교입구,37.5337975,126.9371138,마포구,
2017,10,12,목요일,7,경상사고,0,0,2,0,48,남,15년이상,,승합,사업용,승합,기타사고,맑음,출퇴근,차대차,차대차-기타,안전운전불이행,특별광역시도,마포대교입구,37.5337975,126.9371138,마포구,
2018,4,1,일요일,10,중상사고,0,1,3,0,50,남,15년이상,,건설기계,비사업용,건설기계,진입회전사고,맑음,주간,차대차,측면직각충돌,안전거리미확보,특별광역시도,마포대교입구,37.5337975,126.9371138,마포구,
2018,4,30,월요일,18,중상사고,0,1,0,0,58,남,15년이상,,승용,사업용,자전거,기타사고,맑음,출퇴근,차대차,차대차-기타,기타,특별광역시도,마포대교입구,37.5337975,126.9371138,마포구,
2018,11,21,수요일,16,경상사고,0,0,1,0,70,남,15년이상,,승용,사업용,승용,기타사고,맑음,주간,차대차,차대차-기타,안전운전불이행,특별광역시도,마포대교입구,37.5337975,126.9371138,마포구,
2018,11,19,월요일,22,경상사고,0,0,1,0,47,남,15년이상,,승용,사업용,승용,일직선사고,맑음,심야,차대차,추돌(진행중),안전운전불이행,특별광역시도,마포대교입구,37.5337975,126.9371138,마포구,
2018,12,18,화요일,23,중상사고,0,1,0,0,59,남,15년이상,,화물,사업용,보행자,기타사고,맑음,심야,차대사람,차도통행중,안전운전불이행,특별광역시도,마포대교입구,37.5337975,126.9371138,마포구,
2019,3,7,목요일,11,경상사고,0,0,1,0,40,남,15년이상,,승용,비사업용,보행자,진입회전사고,맑음,주간,차대사람,횡단중,신호위반,특별광역시도,마포대교입구,37.5337975,126.9371138,마포구,
2019,4,23,화요일,14,경상사고,0,0,1,0,56,남,15년이상,,승합,사업용,승합,진입회전사고,맑음,주간,차대차,측면직각충돌,차로위반,특별광역시도,마포대교입구,37.5337975,126.9371138,마포구,
2019,4,11,목요일,23,경상사고,0,0,1,0,61,남,15년미만,,승용,사업용,승용,진입회전사고,맑음,심야,차대차,측면직각충돌,차로위반,특별광역시도,마포대교입구,37.5337975,126.9371138,마포구,
2019,4,11,목요일,23,경상사고,0,0,2,0,55,남,15년이상,,승용,사업용,승용,기타사고,맑음,심야,차대차,차대차-기타,안전거리미확보,특별광역시도,마포대교입구,37.5337975,126.9371138,마포구,
2019,5,3,금요일,18,중상사고,0,1,1,0,64,남,15년이상,,화물,비사업용,화물,진입회전사고,맑음,출퇴근,차대차,측면직각충돌,안전운전불이행,특별광역시도,마포대교입구,37.5337975,126.9371138,마포구,