년도,월,일,요일,시각,사고등급,사망자수,중상자수,경상자수,부상자수,연령,성별,경력,음주,종별,용도,관련자2,사고형태,기상상태,일광상태,사고유형1,사고유형2,법규위반,도로종류,지점명,위도,경도,자치구,
2019,7,3,수요일,8,경상사고,0,0,1,0,65,남,15년이상,,승용,사업용,자전거,기타사고,맑음,출퇴근,차대차,차대차-기타,기타,특별광역시도,마포대교입구,37.5337975,126.9371138,마포구,
2019,8,9,금요일,14,경상사고,0,0,1,0,58,남,15년이상,,승용,비사업용,승용,진입회전사고,맑음,주간,차대차,측면직각충돌,안전거리미확보,특별광역시도,마포대교입구,37.5337975,126.9371138,마포구,
2019,10,9,수요일,23,경상사고,0,0,1,0,58,여,15년이상,,승용,비사업용,승용,기타사고,맑음,심야,차대차,차대차-기타,안전거리미확보,특별광역시도,마포대교입구,37.5337975,126.9371138,마포구,
2017,1,11,수요일,16,중상사고,0,3,2,0,49,남,15년이상,,승용,비사업용,승용,일직선사고,맑음,주간,차대차,정면충돌,안전운전불이행,특별광역시도,마포삼성앞,37.540121,126.950528,마포구,
2017,2,7,화요일,15,부상사고,0,0,0,1,60,남,15년이상,,승용,사업용,자전거,진입회전사고,맑음,주간,차대차,측면직각충돌,데이터없음,특별광역시도,마포삼성앞,37.540121,126.950528,마포구,
2017,4,11,화요일,15,경상사고,0,0,1,0,69,남,15년이상,,승용,사업용,이륜,진입회전사고,맑음,주간,차대차,측면직각충돌,차로위반,특별광역시도,마포삼성앞,37.540121,126.950528,마포구,
2017,4,7,금요일,23,사망사고,1,0,0,0,31,남,15년미만,,승용,비사업용,보행자,보행횡단사고,맑음,심야,차대사람,횡단중,과속,특별광역시도,마포삼성앞,37.540121,126.950528,마포구,
2017,5,4,목요일,23,중상사고,0,1,0,0,49,여,15년이상,,승용,비사업용,승용,진입회전사고,흐림,심야,차대차,추돌(진행중),신호위반,특별광역시도,마포삼성앞,37.540121,126.950528,마포구,
2017,7,13,목요일,2,경상사고,0,0,1,0,57,남,15년이상,,승용,사업용,승용,진입회전사고,맑음,심야,차대차,측면직각충돌,신호위반,특별광역시도,마포삼성앞,37.540121,126.950528,마포구,
2017,8,17,목요일,1,경상사고,0,0,2,0,49,남,15년이상,0,승용,사업용,승용,기타사고,맑음,심야,차대차,차대차-기타,차로위반,특별광역시도,마포삼성앞,37.540121,126.950528,마포구,
2017,9,1,금요일,0,경상사고,0,0,1,0,58,남,15년이상,,승용,사업용,승용,진입회전사고,맑음,심야,차대차,측면직각충돌,차로위반,특별광역시도,마포삼성앞,37.540121,126.950528,마포구,
2017,10,20,금요일,19,경상사고,0,0,2,0,46,여,15년미만,,승용,비사업용,승용,진입회전사고,맑음,출퇴근,차대차,측면직각충돌,안전운전불이행,특별광역시도,마포삼성앞,37.540121,126.950528,마포구,
2017,11,20,월요일,21,경상사고,0,0,1,0,27,남,10년미만,,승용,비사업용,승용,진입회전사고,맑음,심야,차대차,측면직각충돌,차로위반,특별광역시도,마포삼성앞,37.540121,126.950528,마포구,
2017,12,7,목요일,8,경상사고,0,0,1,0,40,남,10년미만,,승용,비사업용,승용,기타사고,맑음,출퇴근,차대차,차대차-기타,안전운전불이행,특별광역시도,마포삼성앞,37.540121,126.950528,마포구,
2017,12,20,수요일,18,경상사고,0,0,1,0,59,남,15년이상,,승용,비사업용,승용,기타사고,흐림,출퇴근,차대차,차대차-기타,교차로운행방법위반,특별광역시도,마포삼성앞,37.540121,126.950528,마포구,
2017,12,25,월요일,23,경상사고,0,0,1,0,35,여,15년이상,,승용,비사업용,이륜,진입회전사고,맑음,심야,차대차,차대차-기타,신호위반,특별광역시도,마포삼성앞,37.540121,126.950528,마포구,
2018,1,31,수요일,6,중상사고,0,1,0,0,67,여,5년미만,,화물,비사업용,이륜,기타사고,맑음,새벽,차대차,차대차-기타,안전운전불이행,특별광역시도,마포삼성앞,37.540121,126.950528,마포구,
2018,2,6,화요일,12,중상사고,0,1,0,0,62,남,15년이상,,화물,비사업용,보행자,진입회전사고,맑음,주간,차대사람,차대사람-기타,신호위반,특별광역시도,마포삼성앞,37.540121,126.950528,마포구,
2018,2,13,화요일,22,경상사고,0,0,1,0,75,남,15년이상,,승용,사업용,이륜,기타사고,맑음,심야,차대차,차대차-기타,안전운전불이행,특별광역시도,마포삼성앞,37.540121,126.950528,마포구,
2018,2,5,월요일,23,중상사고,0,1,0,0,71,남,15년이상,,승용,사업용,원동기,진입회전사고,맑음,심야,차대차,정면충돌,신호위반,특별광역시도,마포삼성앞,37.540121,126.950528,마포구,
2018,3,10,토요일,12,경상사고,0,0,2,0,56,남,15년이상,,승합,사업용,승합,진입회전사고,맑음,주간,차대차,측면직각충돌,차로위반,특별광역시도,마포삼성앞,37.540121,126.950528,마포구,
2018,4,2,월요일,16,경상사고,0,0,2,0,59,남,15년이상,,승합,사업용,승합,일직선사고,맑음,주간,차대차,추돌(진행중),안전운전불이행,특별광역시도,마포삼성앞,37.540121,126.950528,마포구,
2018,5,29,화요일,13,중상사고,0,1,0,0,61,남,15년이상,,승용,사업용,승용,일직선사고,맑음,주간,차대차,추돌(진행중),안전운전불이행,특별광역시도,마포삼성앞,37.540121,126.950528,마포구,
2018,5,31,목요일,21,경상사고,0,0,1,0,63,남,15년이상,,승용,비사업용,승용,기타사고,맑음,심야,차대차,차대차-기타,안전운전불이행,특별광역시도,마포삼성앞,37.540121,126.950528,마포구,
2018,5,20,일요일,22,중상사고,0,2,0,0,24,여,15년이상,,승용,비사업용,보행자,진입회전사고,맑음,심야,차대사람,횡단중,신호위반,특별광역시도,마포삼성앞,37.540121,126.950528,마포구,
2018,5,16,수요일,23,경상사고,0,0,2,0,40,남,15년미만,,승용,비사업용,승용,진입회전사고,비,심야,차대차,측면직각충돌,안전운전불이행,특별광역시도,마포삼성앞,37.540121,126.950528,마포구,
2018,7,18,수요일,11,중상사고,0,1,0,0,23,남,10년미만,,승용,비사업용,승합,진입회전사고,맑음,주간,차대차,차대차-기타,신호위반,특별광역시도,마포삼성앞,37.540121,126.950528,마포구,
2018,8,5,일요일,1,경상사고,0,0,3,0,26,여,10년미만,,승용,사업용,승용,진입회전사고,맑음,심야,차대차,측면직각충돌,안전운전불이행,특별광역시도,마포삼성앞,37.540121,126.950528,마포구,
2018,8,11,토요일,1,경상사고,0,0,1,0,64,남,15년이상,,승용,사업용,이륜,일직선사고,맑음,심야,차대차,추돌(진행중),차로위반,특별광역시도,마포삼성앞,37.540121,126.950528,마포구,
2018,10,21,일요일,3,경상사고,0,0,1,0,54,남,15년이상,,승용,사업용,기타,진입회전사고,맑음,심야,차대차,측면직각충돌,안전운전불이행,기타,마포삼성앞,37.540121,126.950528,마포구,
2018,10,21,일요일,21,경상사고,0,0,1,0,47,남,15년이상,0,승용,비사업용,이륜,일직선사고,기타,심야,차대차,추돌(진행중),안전운전불이행,특별광역시도,마포삼성앞,37.540121,126.950528,마포구,
2018,11,14,수요일,6,중상사고,0,1,1,0,61,남,15년이상,,승합,사업용,승합,진입회전사고,맑음,새벽,차대차,측면직각충돌,신호위반,특별광역시도,마포삼성앞,37.540121,126.950528,마포구,
2018,12,28,금요일,16,경상사고,0,0,1,0,51,여,15년이상,,승용,비사업용,승용,진입회전사고,맑음,주간,차대차,측면직각충돌,안전거리미확보,특별광역시도,마포삼성앞,37.540121,126.950528,마포구,
2018,12,14,금요일,18,중상사고,0,2,4,0,68,남,15년이상,,승용,사업용,승합,진입회전사고,맑음,출퇴근,차대차,추돌(진행중),신호위반,특별광역시도,마포삼성앞,37.540121,126.950528,마포구,
2019,1,19,토요일,11,경상사고,0,0,1,0,26,남,데이터오류,0,승용,비사업용,승용,일직선사고,맑음,주간,차대차,추돌(진행중),안전운전불이행,특별광역시도,마포삼성앞,37.540121,126.950528,마포구,
2019,5,17,금요일,18,경상사고,0,0,1,0,49,남,15년이상,,승용,비사업용,승용,진입회전사고,맑음,출퇴근,차대차,차대차-기타,신호위반,특별광역시도,마포삼성앞,37.540121,126.950528,마포구,
2019,7,28,일요일,9,경상사고,0,0,5,0,59,남,15년이상,,승용,사업용,승용,진입회전사고,비,주간,차대차,측면직각충돌,안전운전불이행,특별광역시도,마포삼성앞,37.540121,126.950528,마포구,
2019,7,3,수요일,14,경상사고,0,0,1,1,63,남,15년이상,,승용,비사업용,승용,일직선사고,맑음,주간,차대차,추돌(진행중),안전운전불이행,특별광역시도,마포삼성앞,37.540121,126.950528,마포구,
2019,7,26,금요일,18,부상사고,0,0,0,1,58,남,15년미만,0,승용,비사업용,승용,기타사고,맑음,출퇴근,차대차,차대차-기타,안전운전불이행,특별광역시도,마포삼성앞,37.540121,126.950528,마포구,
2019,10,1,화요일,1,경상사고,0,0,1,0,51,남,15년미만,,승용,사업용,이륜,기타사고,맑음,심야,차대차,차대차-기타,안전운전불이행,특별광역시도,마포삼성앞,37.540121,126.950528,마포구,
2019,12,26,목요일,17,경상사고,0,0,1,0,68,남,15년이상,,승용,사업용,승용,일직선사고,흐림,주간,차대차,추돌(진행중),안전운전불이행,특별광역시도,마포삼성앞,37.540121,126.950528,마포구,
2017,1,26,목요일,7,경상사고,0,0,1,0,65,남,15년이상,,승용,사업용,승용,진입회전사고,맑음,출퇴근,차대차,측면직각충돌,신호위반,특별광역시도,마포역부근,37.539705,126.94604,마포구,
2017,3,5,일요일,15,경상사고,0,0,2,0,45,남,15년이상,,승용,비사업용,승용,진입회전사고,맑음,주간,차대차,측면직각충돌,안전거리미확보,특별광역시도,마포역부근,37.539705,126.94604,마포구,
2017,4,6,목요일,0,중상사고,0,1,0,0,24,남,10년미만,,승용,사업용,보행자,기타사고,비,심야,차대사람,차대사람-기타,안전운전불이행,특별광역시도,마포역부근,37.539705,126.94604,마포구,
2017,4,5,수요일,1,경상사고,0,0,3,0,42,남,15년미만,,승용,사업용,승용,진입회전사고,맑음,심야,차대차,정면충돌,신호위반,특별광역시도,마포역부근,37.539705,126.94604,마포구,
2017,4,10,월요일,12,경상사고,0,0,1,0,66,남,15년이상,,승용,사업용,이륜,기타사고,맑음,주간,차대차,차대차-기타,데이터없음,특별광역시도,마포역부근,37.539705,126.94604,마포구,
2017,5,8,월요일,16,경상사고,0,0,2,0,49,여,15년이상,,승용,비사업용,이륜,진입회전사고,맑음,주간,차대차,측면직각충돌,안전거리미확보,특별광역시도,마포역부근,37.539705,126.94604,마포구,
2017,6,2,금요일,4,중상사고,0,1,0,0,17,남,데이터오류,,이륜,기타,이륜,진입회전사고,맑음,심야,차대차,추돌(진행중),신호위반,특별광역시도,마포역부근,37.539705,126.94604,마포구,
2017,6,23,금요일,13,경상사고,0,0,1,0,87,남,15년이상,,승용,비사업용,이륜,기타사고,맑음,주간,차대차,차대차-기타,안전운전불이행,특별광역시도,마포역부근,37.539705,126.94604,마포구,
2017,7,27,목요일,18,경상사고,0,0,1,0,48,여,15년이상,,승용,사업용,자전거,진입회전사고,맑음,출퇴근,차대차,측면직각충돌,데이터없음,특별광역시도,마포역부근,37.539705,126.94604,마포구,
2017,7,12,수요일,23,경상사고,0,0,1,0,43,남,15년이상,,승용,비사업용,승용,진입회전사고,맑음,심야,차대차,정면충돌,신호위반,특별광역시도,마포역부근,37.539705,126.94604,마포구,
2017,9,8,금요일,22,경상사고,0,0,2,0,46,여,15년이상,,승용,비사업용,승용,진입회전사고,맑음,심야,차대차,측면직각충돌,안전거리미확보,특별광역시도,마포역부근,37.539705,126.94604,마포구,
2017,12,1,금요일,8,경상사고,0,0,1,0,50,남,3년미만,,승용,비사업용,승용,기타사고,맑음,출퇴근,차대차,차대차-기타,안전거리미확보,특별광역시도,마포역부근,37.539705,126.94604,마포구,
2017,12,18,월요일,11,경상사고,0,0,2,0,33,여,15년미만,,승용,비사업용,승용,일직선사고,흐림,주간,차대차,추돌(진행중),안전운전불이행,특별광역시도,마포역부근,37.539705,126.94604,마포구,
2017,12,19,화요일,22,경상사고,0,0,1,0,39,여,15년이상,,승용,비사업용,보행자,기타사고,맑음,심야,차대사람,차대사람-기타,안전운전불이행,특별광역시도,마포역부근,37.539705,126.94604,마포구,
2018,1,17,수요일,2,경상사고,0,0,1,0,27,남,3년미만,,승용,비사업용,승용,일직선사고,맑음,심야,차대차,추돌(진행중),안전운전불이행,특별광역시도,마포역부근,37.539705,126.94604,마포구,
2018,3,16,금요일,12,경상사고,0,0,1,0,34,여,10년미만,,승용,비사업용,보행자,기타사고,맑음,주간,차대사람,차대사람-기타,안전운전불이행,특별광역시도,마포역부근,37.539705,126.94604,마포구,
2018,3,6,화요일,17,경상사고,0,0,1,0,68,남,15년이상,,원동기,기타,보행자,진입회전사고,맑음,주간,차대사람,횡단중,신호위반,특별광역시도,마포역부근,37.539705,126.94604,마포구,
2018,3,20,화요일,18,경상사고,0,0,2,0,53,남,15년이상,,승합,사업용,승합,진입회전사고,맑음,출퇴근,차대차,측면직각충돌,안전거리미확보,특별광역시도,마포역부근,37.539705,126.94604,마포구,
2018,4,18,수요일,22,경상사고,0,0,1,0,45,남,15년이상,,승용,비사업용,승용,진입회전사고,맑음,심야,차대차,측면직각충돌,신호위반,특별광역시도,마포역부근,37.539705,126.94604,마포구,
2018,5,12,토요일,21,경상사고,0,0,2,3,22,남,3년미만,,승합,비사업용,승합,진입회전사고,맑음,심야,차대차,측면직각충돌,신호위반,특별광역시도,마포역부근,37.539705,126.94604,마포구,
2018,6,23,토요일,22,경상사고,0,0,3,0,34,남,15년이상,0,승용,비사업용,승용,진입회전사고,맑음,심야,차대차,측면직각충돌,안전거리미확보,특별광역시도,마포역부근,37.539705,126.94604,마포구,
2018,8,1,수요일,13,경상사고,0,0,1,0,67,남,15년이상,,승용,사업용,보행자,진입회전사고,맑음,주간,차대사람,횡단중,신호위반,특별광역시도,마포역부근,37.539705,126.94604,마포구,
2018,8,10,금요일,14,부상사고,0,0,0,1,54,남,15년이상,,화물,비사업용,자전거,진입회전사고,맑음,주간,차대차,차대차-기타,신호위반,특별광역시도,마포역부근,37.539705,126.94604,마포구,
2018,9,20,목요일,8,경상사고,0,0,4,0,52,남,2년미만,,승합,사업용,승합,진입회전사고,비,출퇴근,차대차,측면직각충돌,신호위반,특별광역시도,마포역부근,37.539705,126.94604,마포구,
2018,10,8,월요일,11,중상사고,0,1,0,0,불명,불명,데이터오류,,기타,기타,기타,기타사고,맑음,주간,차대차,차대차-기타,안전운전불이행,특별광역시도,마포역부근,37.539705,126.94604,마포구,
2019,2,1,금요일,22,중상사고,0,1,0,0,36,남,5년미만,,승용,비사업용,보행자,보행횡단사고,맑음,심야,차대사람,횡단중,안전운전불이행,특별광역시도,마포역부근,37.539705,126.94604,마포구,
2019,2,20,수요일,22,경상사고,0,0,3,0,48,여,15년이상,,승용,비사업용,승용,진입회전사고,기타,심야,차대차,측면직각충돌,신호위반,특별광역시도,마포역부근,37.539705,126.94604,마포구,
2019,3,8,금요일,9,경상사고,0,0,1,1,38,여,15년이상,,승용,비사업용,승용,진입회전사고,맑음,주간,차대차,측면직각충돌,안전거리미확보,특별광역시도,마포역부근,37.539705,126.94604,마포구,
2019,4,10,수요일,9,경상사고,0,0,1,0,50,남,10년미만,,승합,사업용,승합,진입회전사고,맑음,주간,차대차,측면직각충돌,교차로운행방법위반,특별광역시도,마포역부근,37.539705,126.94604,마포구,
2019,5,4,토요일,17,경상사고,0,0,1,0,24,남,10년미만,,승용,비사업용,이륜,진입회전사고,맑음,주간,차대차,측면직각충돌,안전운전불이행,기타,마포역부근,37.539705,126.94604,마포구,
2019,6,9,일요일,1,경상사고,0,0,2,0,38,남,10년미만,0,승용,비사업용,승용,일직선사고,맑음,심야,차대차,추돌(진행중),안전운전불이행,특별광역시도,마포역부근,37.539705,126.94604,마포구,
2019,6,22,토요일,3,경상사고,0,0,1,0,29,남,10년미만,0,승용,비사업용,승용,진입회전사고,맑음,심야,차대차,측면직각충돌,신호위반,특별광역시도,마포역부근,37.539705,126.94604,마포구,
2019,6,7,금요일,16,경상사고,0,0,1,0,56,남,10년미만,,승용,비사업용,승용,일직선사고,맑음,주간,차대차,추돌(진행중),안전운전불이행,특별광역시도,마포역부근,37.539705,126.94604,마포구,
2019,6,27,목요일,20,경상사고,0,0,1,0,73,남,15년이상,,승용,사업용,승용,진입회전사고,맑음,출퇴근,차대차,측면직각충돌,안전운전불이행,특별광역시도,마포역부근,37.539705,126.94604,마포구,
2019,7,12,금요일,10,경상사고,0,0,1,0,52,여,15년이상,,승용,비사업용,자전거,진입회전사고,맑음,주간,차대차,측면직각충돌,신호위반,특별광역시도,마포역부근,37.539705,126.94604,마포구,
2019,7,1,월요일,12,중상사고,0,1,1,0,42,여,15년이상,,승용,비사업용,이륜,진입회전사고,맑음,주간,차대차,측면직각충돌,차로위반,특별광역시도,마포역부근,37.539705,126.94604,마포구,
2019,7,29,월요일,14,경상사고,0,0,1,0,57,남,15년이상,,승용,비사업용,원동기,진입회전사고,맑음,주간,차대차,측면직각충돌,신호위반,특별광역시도,마포역부근,37.539705,126.94604,마포구,
2019,11,22,금요일,15,경상사고,0,0,1,0,34,여,2년미만,,승용,비사업용,보행자,기타사고,맑음,주간,차대사람,차대사람-기타,안전운전불이행,특별광역시도,마포역부근,37.539705,126.94604,마포구,
2017,5,27,토요일,16,경상사고,0,0,1,0,42,여,15년미만,,승용,비사업용,보행자,보행횡단사고,맑음,주간,차대사람,횡단중,중앙선침범,특별광역시도,마포우체국부근,37.5431211,126.9498868,마포구,
2018,1,23,화요일,20,경상사고,0,0,1,0,64,남,15년이상,,승용,사업용,보행자,기타사고,맑음,출퇴근,차대사람,차대사람-기타,안전운전불이행,특별광역시도,마포우체국부근,37.5431211,126.9498868,마포구,
2018,4,7,토요일,14,경상사고,0,0,1,0,32,남,15년이상,,승용,비사업용,이륜,진입회전사고,맑음,주간,차대차,측면직각충돌,교차로운행방법위반,특별광역시도,마포우체국부근,37.5431211,126.9498868,마포구,
2018,11,28,수요일,1,경상사고,0,0,1,1,59,남,15년이상,,승용,사업용,승용,진입회전사고,맑음,심야,차대차,측면직각충돌,안전거리미확보,특별광역시도,마포우체국부근,37.5431211,126.9498868,마포구,
2019,3,28,목요일,22,경상사고,0,0,1,0,56,여,15년이상,,승용,비사업용,보행자,기타사고,맑음,심야,차대사람,차대사람-기타,안전운전불이행,특별광역시도,마포우체국부근,37.5431211,126.9498868,마포구,
2019,5,7,화요일,16,경상사고,0,0,1,0,56,남,15년이상,,승용,사업용,승용,진입회전사고,맑음,주간,차대차,측면직각충돌,안전운전불이행,특별광역시도,마포우체국부근,37.5431211,126.9498868,마포구,
2019,12,24,화요일,14,경상사고,0,0,1,0,33,남,10년미만,,승용,비사업용,화물,기타사고,맑음,주간,차대차,차대차-기타,안전거리미확보,특별광역시도,마포우체국부근,37.5431211,126.9498868,마포구,
2017,2,27,월요일,6,경상사고,0,0,1,0,22,남,4년미만,0,승용,비사업용,자전거,진입회전사고,맑음,새벽,차대차,추돌(진행중),신호위반,특별광역시도,망원2치안센터부근,37.562959,126.90385,마포구,
2017,3,2,목요일,21,중상사고,0,1,1,0,61,여,15년이상,,승용,비사업용,원동기,진입회전사고,맑음,심야,차대차,정면충돌,신호위반,특별광역시도,망원2치안센터부근,37.562959,126.90385,마포구,
2017,5,16,화요일,11,경상사고,0,0,1,0,불명,불명,데이터오류,,기타,데이터오류,기타,진입회전사고,맑음,주간,차대차,측면직각충돌,안전운전불이행,특별광역시도,망원2치안센터부근,37.562959,126.90385,마포구,
2017,5,18,목요일,16,경상사고,0,0,3,0,61,남,15년이상,,승용,사업용,승용,기타사고,맑음,주간,차대차,차대차-기타,안전운전불이행,특별광역시도,망원2치안센터부근,37.562959,126.90385,마포구,
2017,6,14,수요일,18,중상사고,0,1,0,0,66,남,15년이상,,승용,비사업용,이륜,진입회전사고,맑음,출퇴근,차대차,측면직각충돌,신호위반,특별광역시도,망원2치안센터부근,37.562959,126.90385,마포구,
2017,8,4,금요일,3,중상사고,0,2,0,0,50,남,15년이상,,승용,비사업용,이륜,진입회전사고,맑음,심야,차대차,측면직각충돌,신호위반,특별광역시도,망원2치안센터부근,37.562959,126.90385,마포구,
2017,8,30,수요일,6,중상사고,0,1,0,0,56,남,15년이상,,승용,비사업용,보행자,진입회전사고,맑음,새벽,차대사람,횡단중,신호위반,특별광역시도,망원2치안센터부근,37.562959,126.90385,마포구,
2017,10,30,월요일,21,경상사고,0,0,1,0,32,남,15년이상,,승용,비사업용,승용,기타사고,맑음,심야,차대차,차대차-기타,안전운전불이행,특별광역시도,망원2치안센터부근,37.562959,126.90385,마포구,
2017,11,25,토요일,1,경상사고,0,0,1,0,31,남,5년미만,0,승합,사업용,승합,일직선사고,맑음,심야,차대차,추돌(진행중),안전운전불이행,특별광역시도,망원2치안센터부근,37.562959,126.90385,마포구,
2017,12,29,금요일,22,경상사고,0,0,4,0,42,남,15년이상,0,승용,비사업용,승용,기타사고,흐림,심야,차대차,차대차-기타,안전운전불이행,특별광역시도,망원2치안센터부근,37.562959,126.90385,마포구,
2018,1,26,금요일,5,경상사고,0,0,1,0,55,남,15년이상,,승용,사업용,승용,일직선사고,맑음,새벽,차대차,추돌(진행중),안전운전불이행,특별광역시도,망원2치안센터부근,37.562959,126.90385,마포구,
2018,4,2,월요일,4,경상사고,0,0,1,0,59,남,15년이상,,화물,비사업용,보행자,기타사고,맑음,심야,차대사람,차도통행중,안전운전불이행,특별광역시도,망원2치안센터부근,37.562959,126.90385,마포구,
2018,6,15,금요일,3,경상사고,0,0,3,0,49,남,15년이상,0,승용,비사업용,승용,진입회전사고,비,심야,차대차,측면직각충돌,안전거리미확보,특별광역시도,망원2치안센터부근,37.562959,126.90385,마포구,
2018,7,20,금요일,9,중상사고,0,1,0,0,42,여,10년미만,,승용,비사업용,보행자,보행횡단사고,맑음,주간,차대사람,횡단중,보행자보호의무위반,특별광역시도,망원2치안센터부근,37.562959,126.90385,마포구,
2018,7,30,월요일,17,부상사고,0,0,0,3,28,여,15년이상,,승용,비사업용,승용,진입회전사고,맑음,주간,차대차,측면직각충돌,안전운전불이행,특별광역시도,망원2치안센터부근,37.562959,126.90385,마포구,
2018,8,20,월요일,17,경상사고,0,0,1,0,70,남,15년이상,,승용,사업용,자전거,진입회전사고,맑음,주간,차대차,측면직각충돌,안전운전불이행,특별광역시도,망원2치안센터부근,37.562959,126.90385,마포구,
2018,9,3,월요일,15,경상사고,0,0,1,0,40,남,15년이상,,승용,사업용,이륜,진입회전사고,비,주간,차대차,측면직각충돌,안전운전불이행,특별광역시도,망원2치안센터부근,37.562959,126.90385,마포구,
2018,10,31,수요일,18,중상사고,0,1,0,0,46,여,15년이상,,승용,비사업용,원동기,진입회전사고,맑음,출퇴근,차대차,측면직각충돌,안전운전불이행,특별광역시도,망원2치안센터부근,37.562959,126.90385,마포구,
2018,11,26,월요일,13,경상사고,0,0,2,0,56,남,10년미만,,화물,비사업용,기타,일직선사고,맑음,주간,차대차,추돌(진행중),안전운전불이행,특별광역시도,망원2치안센터부근,37.562959,126.90385,마포구,
2019,1,13,일요일,3,경상사고,0,0,1,0,55,남,15년이상,,승용,사업용,승용,진입회전사고,맑음,심야,차대차,차대차-기타,신호위반,특별광역시도,망원2치안센터부근,37.562959,126.90385,마포구,
2019,2,4,월요일,17,경상사고,0,0,1,0,24,남,10년미만,,승용,사업용,승합,일직선사고,맑음,주간,차대차,추돌(진행중),안전운전불이행,특별광역시도,망원2치안센터부근,37.562959,126.90385,마포구,
2019,2,16,토요일,19,부상사고,0,0,0,1,66,남,15년이상,,승용,비사업용,승용,일직선사고,맑음,출퇴근,차대차,추돌(진행중),안전운전불이행,특별광역시도,망원2치안센터부근,37.562959,126.90385,마포구,
2019,4,19,금요일,17,경상사고,0,0,1,0,52,남,데이터오류,,승용,비사업용,승용,일직선사고,맑음,주간,차대차,추돌(진행중),안전거리미확보,특별광역시도,망원2치안센터부근,37.562959,126.90385,마포구,
2019,4,6,토요일,19,부상사고,0,0,0,1,57,남,15년이상,,승용,사업용,이륜,진입회전사고,맑음,출퇴근,차대차,측면직각충돌,안전운전불이행,특별광역시도,망원2치안센터부근,37.562959,126.90385,마포구,
2019,6,24,월요일,21,중상사고,0,1,4,0,67,남,15년이상,,승합,사업용,승합,진입회전사고,맑음,심야,차대차,측면직각충돌,신호위반,특별광역시도,망원2치안센터부근,37.562959,126.90385,마포구,
2019,7,19,금요일,12,부상사고,0,0,0,1,67,여,15년이상,,승용,비사업용,승용,진입회전사고,맑음,주간,차대차,측면직각충돌,차로위반,특별광역시도,망원2치안센터부근,37.562959,126.90385,마포구,
2019,9,30,월요일,22,경상사고,0,0,1,0,48,남,15년이상,,승용,비사업용,승용,기타사고,기타,심야,차대차,차대차-기타,안전운전불이행,특별광역시도,망원2치안센터부근,37.562959,126.90385,마포구,
2019,10,16,수요일,15,부상사고,0,0,0,1,37,남,데이터오류,,승용,비사업용,이륜,일직선사고,맑음,주간,차대차,추돌(진행중),안전운전불이행,특별광역시도,망원2치안센터부근,37.562959,126.90385,마포구,
2019,11,2,토요일,15,경상사고,0,0,1,0,52,남,15년이상,0,원동기,데이터오류,원동기,진입회전사고,맑음,주간,차대차,측면직각충돌,안전운전불이행,특별광역시도,망원2치안센터부근,37.562959,126.90385,마포구,
2019,11,23,토요일,20,부상사고,0,0,0,1,7,남,데이터오류,,자전거,데이터오류,보행자,기타사고,맑음,출퇴근,차대사람,차대사람-기타,안전운전불이행,특별광역시도,망원2치안센터부근,37.562959,126.90385,마포구,
2019,12,18,수요일,9,경상사고,0,0,1,0,25,남,10년미만,,화물,사업용,화물,일직선사고,맑음,주간,차대차,추돌(진행중),안전운전불이행,기타,망원2치안센터부근,37.562959,126.90385,마포구,
2017,1,27,금요일,14,경상사고,0,0,1,0,28,여,3년미만,,승용,비사업용,승용,일직선사고,맑음,주간,차대차,추돌(진행중),안전운전불이행,특별광역시도,벨라스아파트앞사거리,37.0117465,127.266957,마포구,
2017,1,11,수요일,15,경상사고,0,0,1,0,55,남,15년이상,,승용,비사업용,자전거,진입회전사고,맑음,주간,차대차,측면직각충돌,안전운전불이행,특별광역시도,벨라스아파트앞사거리,37.0117465,127.266957,마포구,
2017,3,28,화요일,1,경상사고,0,0,1,0,53,남,15년이상,,승용,사업용,원동기,기타사고,맑음,심야,차대차,차대차-기타,직진우회전진행방해,특별광역시도,벨라스아파트앞사거리,37.0117465,127.266957,마포구,
2017,3,3,금요일,14,부상사고,0,0,0,1,40,남,15년이상,,승용,비사업용,이륜,진입회전사고,맑음,주간,차대차,측면직각충돌,중앙선침범,특별광역시도,벨라스아파트앞사거리,37.0117465,127.266957,마포구,
2017,6,17,토요일,8,중상사고,0,1,1,0,43,남,15년이상,,화물,비사업용,화물,진입회전사고,맑음,출퇴근,차대차,정면충돌,신호위반,특별광역시도,벨라스아파트앞사거리,37.0117465,127.266957,마포구,
2017,9,24,일요일,1,경상사고,0,0,1,1,50,남,15년이상,,승용,사업용,원동기,진입회전사고,맑음,심야,차대차,측면직각충돌,안전운전불이행,특별광역시도,벨라스아파트앞사거리,37.0117465,127.266957,마포구,
2017,10,21,토요일,18,경상사고,0,0,2,0,35,여,15년미만,,승용,비사업용,승용,일직선사고,맑음,출퇴근,차대차,정면충돌,안전운전불이행,특별광역시도,벨라스아파트앞사거리,37.0117465,127.266957,마포구,
2017,12,5,화요일,19,경상사고,0,0,1,0,27,남,15년미만,,승용,사업용,자전거,기타사고,맑음,출퇴근,차대차,차대차-기타,안전운전불이행,특별광역시도,벨라스아파트앞사거리,37.0117465,127.266957,마포구,
2018,1,30,화요일,5,중상사고,0,1,0,0,53,남,15년이상,,승용,사업용,원동기,진입회전사고,맑음,새벽,차대차,측면직각충돌,신호위반,특별광역시도,벨라스아파트앞사거리,37.0117465,127.266957,마포구,