년도,월,일,요일,시각,사고등급,사망자수,중상자수,경상자수,부상자수,연령,성별,경력,음주,종별,용도,관련자2,사고형태,기상상태,일광상태,사고유형1,사고유형2,법규위반,도로종류,지점명,위도,경도,자치구,
2019,10,27,일요일,6,경상사고,0,0,1,0,21,남,데이터오류,,원동기,데이터오류,기타,기타사고,맑음,새벽,차량단독,차량단독-기타,안전운전불이행,특별광역시도,합정역사거리,37.5483154,126.914823,마포구,
2017,1,19,목요일,13,사망사고,1,0,0,0,38,남,15년미만,,승합,사업용,보행자,기타사고,맑음,주간,차대사람,차도통행중,안전운전불이행,특별광역시도,합정역사거리,37.5483154,126.914823,마포구,
2017,1,22,일요일,17,부상사고,0,0,0,1,53,남,15년이상,,승합,사업용,보행자,기타사고,맑음,주간,차대사람,차대사람-기타,안전운전불이행,특별광역시도,합정역사거리,37.5483154,126.914823,마포구,
2017,2,14,화요일,9,중상사고,0,1,0,0,42,남,15년이상,,승용,비사업용,자전거,일직선사고,맑음,주간,차대차,정면충돌,데이터없음,특별광역시도,합정역사거리,37.5483154,126.914823,마포구,
2017,2,5,일요일,16,경상사고,0,0,1,0,38,남,10년미만,,승용,비사업용,승합,기타사고,맑음,주간,차대차,차대차-기타,차로위반,특별광역시도,합정역사거리,37.5483154,126.914823,마포구,
2017,3,11,토요일,2,경상사고,0,0,1,0,49,남,10년미만,,승용,사업용,승용,진입회전사고,맑음,심야,차대차,측면직각충돌,차로위반,특별광역시도,합정역사거리,37.5483154,126.914823,마포구,
2017,3,26,일요일,10,경상사고,0,0,1,0,29,남,10년미만,,승용,사업용,승용,기타사고,맑음,주간,차대차,차대차-기타,안전운전불이행,특별광역시도,합정역사거리,37.5483154,126.914823,마포구,
2017,3,7,화요일,17,경상사고,0,0,1,0,55,남,15년미만,,승합,사업용,승합,진입회전사고,맑음,주간,차대차,측면직각충돌,안전거리미확보,특별광역시도,합정역사거리,37.5483154,126.914823,마포구,
2017,3,14,화요일,21,경상사고,0,0,1,0,47,남,데이터오류,,승용,비사업용,이륜,일직선사고,맑음,심야,차대차,정면충돌,교차로운행방법위반,특별광역시도,합정역사거리,37.5483154,126.914823,마포구,
2017,4,4,화요일,7,경상사고,0,0,1,0,27,여,10년미만,,승용,비사업용,승용,진입회전사고,맑음,출퇴근,차대차,측면직각충돌,안전운전불이행,특별광역시도,합정역사거리,37.5483154,126.914823,마포구,
2017,5,12,금요일,1,중상사고,0,1,0,0,50,남,15년이상,0,승용,비사업용,보행자,보행횡단사고,맑음,심야,차대사람,횡단중,데이터없음,특별광역시도,합정역사거리,37.5483154,126.914823,마포구,
2017,7,5,수요일,0,경상사고,0,0,1,0,57,남,15년이상,,승용,사업용,이륜,진입회전사고,맑음,심야,차대차,측면직각충돌,안전운전불이행,특별광역시도,합정역사거리,37.5483154,126.914823,마포구,
2017,9,4,월요일,7,경상사고,0,0,1,0,68,남,15년이상,,화물,사업용,자전거,일직선사고,맑음,출퇴근,차대차,차대차-기타,중앙선침범,특별광역시도,합정역사거리,37.5483154,126.914823,마포구,
2017,10,2,월요일,13,중상사고,0,1,1,0,68,남,15년이상,,승용,사업용,승합,기타사고,맑음,주간,차대차,차대차-기타,차로위반,특별광역시도,합정역사거리,37.5483154,126.914823,마포구,
2017,12,6,수요일,19,경상사고,0,0,3,0,25,남,10년미만,,승용,비사업용,승용,진입회전사고,맑음,출퇴근,차대차,측면직각충돌,안전거리미확보,특별광역시도,합정역사거리,37.5483154,126.914823,마포구,
2018,1,13,토요일,0,경상사고,0,0,3,0,35,남,데이터오류,0,승용,비사업용,승용,일직선사고,맑음,심야,차대차,추돌(진행중),안전운전불이행,특별광역시도,합정역사거리,37.5483154,126.914823,마포구,
2018,1,21,일요일,13,경상사고,0,0,1,2,21,여,2년미만,,승용,비사업용,승용,기타사고,맑음,주간,차대차,차대차-기타,안전운전불이행,특별광역시도,합정역사거리,37.5483154,126.914823,마포구,
2018,3,10,토요일,4,경상사고,0,0,1,0,59,남,15년미만,,승용,사업용,승용,진입회전사고,맑음,심야,차대차,측면직각충돌,안전거리미확보,특별광역시도,합정역사거리,37.5483154,126.914823,마포구,
2018,3,2,금요일,15,경상사고,0,0,1,0,63,남,15년이상,,승용,사업용,승용,일직선사고,맑음,주간,차대차,추돌(진행중),안전운전불이행,특별광역시도,합정역사거리,37.5483154,126.914823,마포구,
2018,6,9,토요일,11,경상사고,0,0,1,0,35,남,15년미만,,승용,비사업용,승용,기타사고,맑음,주간,차대차,차대차-기타,안전운전불이행,특별광역시도,합정역사거리,37.5483154,126.914823,마포구,
2018,7,8,일요일,3,경상사고,0,0,3,0,21,여,2년미만,,승용,사업용,승용,일직선사고,맑음,심야,차대차,추돌(진행중),안전운전불이행,특별광역시도,합정역사거리,37.5483154,126.914823,마포구,
2018,11,9,금요일,23,경상사고,0,0,1,0,70,남,15년미만,,승용,사업용,이륜,진입회전사고,맑음,심야,차대차,측면직각충돌,기타,특별광역시도,합정역사거리,37.5483154,126.914823,마포구,
2018,12,9,일요일,15,중상사고,0,2,2,0,67,여,15년이상,,승용,사업용,승용,진입회전사고,맑음,주간,차대차,측면직각충돌,안전거리미확보,특별광역시도,합정역사거리,37.5483154,126.914823,마포구,
2019,1,3,목요일,8,경상사고,0,0,1,0,30,남,15년미만,,건설기계,사업용,건설기계,진입회전사고,맑음,출퇴근,차대차,측면직각충돌,안전운전불이행,특별광역시도,합정역사거리,37.5483154,126.914823,마포구,
2019,2,21,목요일,15,중상사고,0,1,0,0,43,남,15년이상,,승용,비사업용,보행자,보행횡단사고,맑음,주간,차대사람,횡단중,보행자보호의무위반,특별광역시도,합정역사거리,37.5483154,126.914823,마포구,
2019,6,25,화요일,3,경상사고,0,0,2,0,20,여,15년이상,0,승용,비사업용,승합,기타사고,맑음,심야,차대차,차대차-기타,안전거리미확보,특별광역시도,합정역사거리,37.5483154,126.914823,마포구,
2019,6,5,수요일,23,경상사고,0,0,1,0,60,남,15년미만,,승용,비사업용,보행자,기타사고,맑음,심야,차대사람,차대사람-기타,안전운전불이행,기타,합정역사거리,37.5483154,126.914823,마포구,
2019,8,1,목요일,12,부상사고,0,0,0,2,50,남,15년이상,0,승용,비사업용,승용,일직선사고,맑음,주간,차대차,정면충돌,안전운전불이행,특별광역시도,합정역사거리,37.5483154,126.914823,마포구,
2019,9,10,화요일,16,중상사고,0,1,5,0,57,남,15년이상,,승용,비사업용,승합,기타사고,비,주간,차대차,차대차-기타,안전거리미확보,특별광역시도,합정역사거리,37.5483154,126.914823,마포구,
2019,11,6,수요일,22,경상사고,0,0,1,0,44,남,10년미만,,승용,비사업용,이륜,진입회전사고,맑음,심야,차대차,측면직각충돌,교차로운행방법위반,특별광역시도,합정역사거리,37.5483154,126.914823,마포구,
2017,1,26,목요일,0,경상사고,0,0,1,0,42,남,15년미만,0,승용,비사업용,승용,일직선사고,맑음,심야,차대차,정면충돌,안전운전불이행,특별광역시도,합정역사거리,37.5483154,126.914823,마포구,
2017,9,8,금요일,19,경상사고,0,0,1,0,28,남,15년미만,,승용,비사업용,승용,기타사고,맑음,출퇴근,차대차,차대차-기타,안전운전불이행,특별광역시도,합정역사거리,37.5483154,126.914823,마포구,
2017,11,11,토요일,15,경상사고,0,0,1,0,43,남,15년이상,,화물,비사업용,이륜,기타사고,맑음,주간,차대차,차대차-기타,안전운전불이행,특별광역시도,합정역사거리,37.5483154,126.914823,마포구,
2018,6,10,일요일,23,경상사고,0,0,2,0,66,여,15년이상,,승합,사업용,승합,진입회전사고,맑음,심야,차대차,측면직각충돌,안전운전불이행,특별광역시도,합정역사거리,37.5483154,126.914823,마포구,
2019,5,10,금요일,1,경상사고,0,0,1,0,58,남,15년이상,,승용,사업용,승용,일직선사고,맑음,심야,차대차,추돌(진행중),안전거리미확보,특별광역시도,합정역사거리,37.5483154,126.914823,마포구,
2019,5,27,월요일,4,경상사고,0,0,6,0,72,남,15년이상,,승용,사업용,승용,일직선사고,비,심야,차대차,추돌(진행중),안전운전불이행,특별광역시도,합정역사거리,37.5483154,126.914823,마포구,
2017,5,16,화요일,10,경상사고,0,0,2,0,27,남,10년미만,,화물,비사업용,화물,일직선사고,맑음,주간,차대차,추돌(진행중),안전운전불이행,특별광역시도,현대백화점신촌점앞,37.5560361,126.9358269,마포구,
2017,8,12,토요일,2,경상사고,0,0,4,0,58,남,15년이상,,승용,사업용,승용,진입회전사고,맑음,심야,차대차,측면직각충돌,안전거리미확보,특별광역시도,현대백화점신촌점앞,37.5560361,126.9358269,마포구,
2017,11,1,수요일,20,경상사고,0,0,1,0,65,남,10년미만,,승용,사업용,승용,일직선사고,맑음,출퇴근,차대차,추돌(진행중),안전운전불이행,특별광역시도,현대백화점신촌점앞,37.5560361,126.9358269,마포구,
2017,12,27,수요일,3,경상사고,0,0,1,0,57,남,15년이상,,승용,사업용,승용,기타사고,맑음,심야,차대차,차대차-기타,안전운전불이행,특별광역시도,현대백화점신촌점앞,37.5560361,126.9358269,마포구,
2018,10,13,토요일,11,경상사고,0,0,4,0,66,남,15년이상,,승용,사업용,승용,기타사고,맑음,주간,차대차,차대차-기타,차로위반,특별광역시도,현대백화점신촌점앞,37.5560361,126.9358269,마포구,
2019,4,1,월요일,8,경상사고,0,0,2,0,32,여,15년미만,,승용,비사업용,승용,일직선사고,맑음,출퇴근,차대차,추돌(진행중),안전운전불이행,특별광역시도,현대백화점신촌점앞,37.5560361,126.9358269,마포구,
2019,10,15,화요일,2,경상사고,0,0,2,0,58,여,15년이상,,승용,비사업용,승용,진입회전사고,맑음,심야,차대차,측면직각충돌,차로위반,특별광역시도,현대백화점신촌점앞,37.5560361,126.9358269,마포구,
2019,10,18,금요일,13,경상사고,0,0,1,0,51,남,15년이상,,승용,사업용,원동기,기타사고,맑음,주간,차대차,차대차-기타,안전거리미확보,특별광역시도,현대백화점신촌점앞,37.5560361,126.9358269,마포구,
2017,2,4,토요일,18,중상사고,0,1,0,0,25,남,3년미만,,원동기,기타,보행자,보행횡단사고,맑음,출퇴근,차대사람,횡단중,중앙선침범,특별광역시도,홍대입구역,37.557527,126.9244669,마포구,
2017,5,28,일요일,4,경상사고,0,0,2,0,72,남,15년이상,,승용,사업용,원동기,진입회전사고,맑음,심야,차대차,측면직각충돌,안전운전불이행,특별광역시도,홍대입구역,37.557527,126.9244669,마포구,
2017,6,1,목요일,15,경상사고,0,0,1,0,44,여,15년이상,,승용,비사업용,승용,진입회전사고,맑음,주간,차대차,측면직각충돌,안전운전불이행,특별광역시도,홍대입구역,37.557527,126.9244669,마포구,
2017,6,16,금요일,19,경상사고,0,0,1,0,57,남,15년이상,,승용,사업용,이륜,일직선사고,맑음,출퇴근,차대차,추돌(진행중),안전운전불이행,특별광역시도,홍대입구역,37.557527,126.9244669,마포구,
2017,8,23,수요일,20,경상사고,0,0,2,0,23,여,4년미만,,승용,비사업용,승용,진입회전사고,비,출퇴근,차대차,측면직각충돌,안전거리미확보,특별광역시도,홍대입구역,37.557527,126.9244669,마포구,
2017,9,3,일요일,23,경상사고,0,0,1,0,불명,불명,데이터오류,,기타,데이터오류,기타,진입회전사고,맑음,심야,차대사람,횡단중,신호위반,특별광역시도,홍대입구역,37.557527,126.9244669,마포구,
2017,10,23,월요일,23,경상사고,0,0,1,1,54,남,15년이상,,승용,사업용,승용,기타사고,맑음,심야,차대차,차대차-기타,안전거리미확보,특별광역시도,홍대입구역,37.557527,126.9244669,마포구,
2017,11,29,수요일,8,중상사고,0,1,0,0,33,남,10년미만,,승용,사업용,이륜,기타사고,맑음,출퇴근,차대차,차대차-기타,차로위반,특별광역시도,홍대입구역,37.557527,126.9244669,마포구,
2017,11,3,금요일,14,경상사고,0,0,3,0,54,여,15년이상,,승용,비사업용,승용,진입회전사고,맑음,주간,차대차,측면직각충돌,안전운전불이행,특별광역시도,홍대입구역,37.557527,126.9244669,마포구,
2017,12,5,화요일,8,경상사고,0,0,1,0,57,남,15년이상,,승용,비사업용,보행자,기타사고,맑음,출퇴근,차대사람,차도통행중,안전운전불이행,특별광역시도,홍대입구역,37.557527,126.9244669,마포구,
2017,12,21,목요일,19,경상사고,0,0,1,0,59,남,15년이상,,승용,사업용,이륜,진입회전사고,맑음,출퇴근,차대차,측면직각충돌,안전운전불이행,특별광역시도,홍대입구역,37.557527,126.9244669,마포구,
2018,2,27,화요일,20,경상사고,0,0,4,0,60,남,15년이상,,승용,사업용,승용,진입회전사고,맑음,출퇴근,차대차,측면직각충돌,안전거리미확보,특별광역시도,홍대입구역,37.557527,126.9244669,마포구,
2018,3,14,수요일,14,중상사고,0,1,0,0,27,남,15년이상,,승용,비사업용,보행자,진입회전사고,맑음,주간,차대사람,횡단중,신호위반,특별광역시도,홍대입구역,37.557527,126.9244669,마포구,
2018,3,31,토요일,16,경상사고,0,0,3,0,47,남,10년미만,,승용,비사업용,승용,진입회전사고,맑음,주간,차대차,측면직각충돌,교차로운행방법위반,특별광역시도,홍대입구역,37.557527,126.9244669,마포구,
2018,4,23,월요일,8,중상사고,0,1,0,0,46,남,15년이상,,승합,사업용,보행자,기타사고,비,출퇴근,차대사람,차대사람-기타,안전운전불이행,특별광역시도,홍대입구역,37.557527,126.9244669,마포구,
2018,5,23,수요일,18,중상사고,0,1,2,0,46,남,15년이상,,승합,사업용,보행자,보행횡단사고,맑음,출퇴근,차대사람,횡단중,안전운전불이행,특별광역시도,홍대입구역,37.557527,126.9244669,마포구,
2018,6,22,금요일,6,중상사고,0,1,0,0,75,남,15년이상,,승용,사업용,보행자,기타사고,맑음,새벽,차대사람,차대사람-기타,안전운전불이행,특별광역시도,홍대입구역,37.557527,126.9244669,마포구,
2018,6,30,토요일,12,중상사고,0,1,1,0,24,남,10년미만,,승용,비사업용,승합,진입회전사고,맑음,주간,차대차,측면직각충돌,안전거리미확보,특별광역시도,홍대입구역,37.557527,126.9244669,마포구,
2018,6,4,월요일,13,경상사고,0,0,1,0,62,남,15년이상,,승용,사업용,승용,진입회전사고,맑음,주간,차대차,측면직각충돌,안전운전불이행,특별광역시도,홍대입구역,37.557527,126.9244669,마포구,
2018,7,10,화요일,16,경상사고,0,0,1,0,64,남,10년미만,,승용,사업용,화물,진입회전사고,맑음,주간,차대차,측면직각충돌,안전운전불이행,특별광역시도,홍대입구역,37.557527,126.9244669,마포구,
2018,8,1,수요일,4,경상사고,0,0,2,0,32,남,15년미만,0,승용,비사업용,승용,일직선사고,맑음,심야,차대차,추돌(진행중),안전운전불이행,특별광역시도,홍대입구역,37.557527,126.9244669,마포구,
2018,8,6,월요일,8,경상사고,0,0,1,0,35,여,15년이상,,승용,비사업용,원동기,기타사고,맑음,출퇴근,차대차,차대차-기타,안전거리미확보,특별광역시도,홍대입구역,37.557527,126.9244669,마포구,
2018,8,18,토요일,20,경상사고,0,0,1,0,44,남,15년이상,,승용,사업용,승용,진입회전사고,맑음,출퇴근,차대차,측면직각충돌,차로위반,기타,홍대입구역,37.557527,126.9244669,마포구,
2018,8,8,수요일,21,경상사고,0,0,2,0,31,남,15년미만,,승용,비사업용,승용,진입회전사고,맑음,심야,차대차,측면직각충돌,안전운전불이행,특별광역시도,홍대입구역,37.557527,126.9244669,마포구,
2018,10,3,수요일,23,경상사고,0,0,1,0,64,남,15년이상,,승용,사업용,보행자,보행횡단사고,맑음,심야,차대사람,횡단중,안전운전불이행,특별광역시도,홍대입구역,37.557527,126.9244669,마포구,
2018,11,30,금요일,22,중상사고,0,1,0,0,62,남,15년이상,,승합,사업용,기타,기타사고,맑음,심야,차량단독,차량단독-기타,안전운전불이행,특별광역시도,홍대입구역,37.557527,126.9244669,마포구,
2018,12,17,월요일,15,경상사고,0,0,1,0,22,남,15년이상,,이륜,기타,보행자,기타사고,맑음,주간,차대사람,차도통행중,안전운전불이행,특별광역시도,홍대입구역,37.557527,126.9244669,마포구,
2019,3,2,토요일,20,경상사고,0,0,1,0,71,남,15년이상,,승합,사업용,보행자,기타사고,기타,출퇴근,차대사람,차대사람-기타,안전운전불이행,특별광역시도,홍대입구역,37.557527,126.9244669,마포구,
2019,4,13,토요일,11,부상사고,0,0,0,1,64,남,15년이상,,화물,비사업용,화물,진입회전사고,맑음,주간,차대차,측면직각충돌,교차로운행방법위반,특별광역시도,홍대입구역,37.557527,126.9244669,마포구,
2019,5,26,일요일,13,경상사고,0,0,2,0,24,남,15년이상,,승용,비사업용,승용,기타사고,맑음,주간,차대차,차대차-기타,안전거리미확보,특별광역시도,홍대입구역,37.557527,126.9244669,마포구,
2019,7,23,화요일,17,경상사고,0,0,2,0,48,남,15년이상,,승합,사업용,승합,진입회전사고,맑음,주간,차대차,측면직각충돌,안전운전불이행,특별광역시도,홍대입구역,37.557527,126.9244669,마포구,
2019,7,7,일요일,22,경상사고,0,0,1,0,53,남,15년이상,,승합,사업용,승합,진입회전사고,맑음,심야,차대차,측면직각충돌,교차로운행방법위반,특별광역시도,홍대입구역,37.557527,126.9244669,마포구,
2019,8,31,토요일,20,중상사고,0,1,0,0,51,남,15년이상,,승합,사업용,이륜,진입회전사고,맑음,출퇴근,차대차,차대차-기타,신호위반,특별광역시도,홍대입구역,37.557527,126.9244669,마포구,
2019,10,15,화요일,9,부상사고,0,0,0,1,78,남,15년이상,,승용,비사업용,보행자,진입회전사고,맑음,주간,차대사람,차대사람-기타,신호위반,기타,홍대입구역,37.557527,126.9244669,마포구,
2019,10,4,금요일,21,경상사고,0,0,1,0,31,남,10년미만,,승용,비사업용,원동기,진입회전사고,맑음,심야,차대차,측면직각충돌,기타,특별광역시도,홍대입구역,37.557527,126.9244669,마포구,
2019,11,17,일요일,4,경상사고,0,0,3,0,63,남,2년미만,,화물,비사업용,화물,일직선사고,기타,심야,차대차,추돌(진행중),안전운전불이행,특별광역시도,홍대입구역,37.557527,126.9244669,마포구,
2019,12,27,금요일,12,경상사고,0,0,1,0,51,남,15년이상,,승용,사업용,자전거,기타사고,맑음,주간,차대차,차대차-기타,기타,특별광역시도,홍대입구역,37.557527,126.9244669,마포구,
2019,12,21,토요일,19,경상사고,0,0,1,0,61,남,15년이상,,승합,사업용,승합,진입회전사고,흐림,출퇴근,차대차,측면직각충돌,안전운전불이행,특별광역시도,홍대입구역,37.557527,126.9244669,마포구,
2019,12,21,토요일,19,경상사고,0,0,1,0,63,남,15년이상,,승합,사업용,보행자,기타사고,맑음,출퇴근,차대사람,차대사람-기타,안전운전불이행,기타,홍대입구역,37.557527,126.9244669,마포구,
2019,12,13,금요일,20,경상사고,0,0,1,0,41,남,15년이상,,승용,비사업용,승용,진입회전사고,기타,출퇴근,차대차,측면직각충돌,안전운전불이행,특별광역시도,홍대입구역,37.557527,126.9244669,마포구,
2017,1,9,월요일,6,중상사고,0,1,0,0,47,남,15년이상,,승용,비사업용,승용,일직선사고,맑음,새벽,차대차,추돌(진행중),안전운전불이행,특별광역시도,홍대입구역,37.557527,126.9244669,마포구,
2017,1,22,일요일,6,경상사고,0,0,1,0,68,남,15년이상,,승용,비사업용,보행자,기타사고,맑음,새벽,차대사람,차대사람-기타,안전운전불이행,특별광역시도,홍대입구역,37.557527,126.9244669,마포구,
2017,4,11,화요일,13,경상사고,0,0,1,0,23,남,10년미만,,화물,비사업용,화물,주정차사고,맑음,주간,차대차,추돌(주정차중),안전운전불이행,특별광역시도,홍대입구역,37.557527,126.9244669,마포구,
2017,5,2,화요일,17,부상사고,0,0,0,1,18,남,1년미만,,승용,비사업용,보행자,기타사고,맑음,주간,차대사람,길가장자리구역통행중,안전운전불이행,특별광역시도,홍대입구역,37.557527,126.9244669,마포구,
2017,6,17,토요일,16,경상사고,0,0,1,0,31,남,10년미만,,이륜,기타,이륜,일직선사고,맑음,주간,차대차,정면충돌,안전운전불이행,특별광역시도,홍대입구역,37.557527,126.9244669,마포구,
2017,11,4,토요일,3,경상사고,0,0,1,1,50,남,15년이상,0,승용,비사업용,승용,일직선사고,맑음,심야,차대차,추돌(진행중),안전운전불이행,특별광역시도,홍대입구역,37.557527,126.9244669,마포구,
2018,1,25,목요일,1,중상사고,0,1,0,0,19,남,1년미만,,승용,비사업용,승용,진입회전사고,맑음,심야,차대차,측면직각충돌,안전운전불이행,특별광역시도,홍대입구역,37.557527,126.9244669,마포구,
2018,1,18,목요일,7,경상사고,0,0,1,0,61,남,15년이상,,승용,사업용,승용,일직선사고,맑음,출퇴근,차대차,추돌(진행중),안전운전불이행,특별광역시도,홍대입구역,37.557527,126.9244669,마포구,
2018,1,20,토요일,20,경상사고,0,0,1,0,24,남,15년이상,,승용,비사업용,보행자,기타사고,맑음,출퇴근,차대사람,차도통행중,안전운전불이행,특별광역시도,홍대입구역,37.557527,126.9244669,마포구,
2018,2,8,목요일,18,중상사고,0,1,0,0,53,남,15년이상,,승용,비사업용,보행자,기타사고,맑음,출퇴근,차대사람,차대사람-기타,안전운전불이행,특별광역시도,홍대입구역,37.557527,126.9244669,마포구,
2018,5,15,화요일,15,경상사고,0,0,1,0,33,남,15년미만,,승용,비사업용,보행자,기타사고,맑음,주간,차대사람,길가장자리구역통행중,안전운전불이행,특별광역시도,홍대입구역,37.557527,126.9244669,마포구,
2018,6,22,금요일,0,중상사고,0,2,0,0,46,남,15년이상,,승용,비사업용,보행자,보행횡단사고,맑음,심야,차대사람,횡단중,안전운전불이행,특별광역시도,홍대입구역,37.557527,126.9244669,마포구,
2018,6,25,월요일,11,부상사고,0,0,0,1,불명,불명,데이터오류,,기타,기타,기타,기타사고,맑음,주간,차대사람,길가장자리구역통행중,안전운전불이행,특별광역시도,홍대입구역,37.557527,126.9244669,마포구,
2018,7,29,일요일,15,경상사고,0,0,2,0,68,남,15년이상,,승용,사업용,승용,일직선사고,맑음,주간,차대차,추돌(진행중),안전운전불이행,특별광역시도,홍대입구역,37.557527,126.9244669,마포구,
2018,8,9,목요일,16,부상사고,0,0,0,1,불명,불명,데이터오류,,기타,기타,기타,기타사고,맑음,주간,차대사람,길가장자리구역통행중,안전운전불이행,특별광역시도,홍대입구역,37.557527,126.9244669,마포구,
2018,12,31,월요일,23,중상사고,0,1,0,0,불명,불명,데이터오류,,기타,기타,기타,보행횡단사고,맑음,심야,차대사람,보도통행중,안전운전불이행,특별광역시도,홍대입구역,37.557527,126.9244669,마포구,
2019,2,13,수요일,16,경상사고,0,0,1,0,59,남,15년미만,,승용,사업용,승용,기타사고,맑음,주간,차대차,차대차-기타,안전운전불이행,특별광역시도,홍대입구역,37.557527,126.9244669,마포구,
2019,2,9,토요일,17,경상사고,0,0,1,0,24,여,10년미만,,승용,비사업용,보행자,기타사고,맑음,주간,차대사람,차대사람-기타,안전운전불이행,특별광역시도,홍대입구역,37.557527,126.9244669,마포구,
2019,2,10,일요일,21,경상사고,0,0,1,0,23,여,2년미만,,승용,사업용,보행자,기타사고,맑음,심야,차대사람,차대사람-기타,안전운전불이행,특별광역시도,홍대입구역,37.557527,126.9244669,마포구,
2019,4,17,수요일,21,경상사고,0,0,1,0,62,남,4년미만,,승용,비사업용,승용,진입회전사고,맑음,심야,차대차,측면직각충돌,안전운전불이행,특별광역시도,홍대입구역,37.557527,126.9244669,마포구,
2019,7,18,목요일,16,경상사고,0,0,1,0,74,남,15년이상,,승용,비사업용,보행자,기타사고,맑음,주간,차대사람,차대사람-기타,안전운전불이행,특별광역시도,홍대입구역,37.557527,126.9244669,마포구,
2019,7,15,월요일,23,중상사고,0,1,1,1,33,남,15년이상,,승합,사업용,승합,일직선사고,비,심야,차대차,추돌(진행중),안전운전불이행,특별광역시도,홍대입구역,37.557527,126.9244669,마포구,
2019,8,27,화요일,1,경상사고,0,0,1,0,52,남,10년미만,,승용,사업용,승용,일직선사고,맑음,심야,차대차,추돌(진행중),안전운전불이행,특별광역시도,홍대입구역,37.557527,126.9244669,마포구,
2019,10,6,일요일,21,경상사고,0,0,3,1,25,남,10년미만,,승용,비사업용,승용,진입회전사고,맑음,심야,차대차,측면직각충돌,안전운전불이행,특별광역시도,홍대입구역,37.557527,126.9244669,마포구,
2019,11,15,금요일,22,부상사고,0,0,0,1,61,여,15년이상,,승용,비사업용,보행자,기타사고,흐림,심야,차대사람,차대사람-기타,안전운전불이행,특별광역시도,홍대입구역,37.557527,126.9244669,마포구,
2019,12,15,일요일,5,경상사고,0,0,1,0,21,남,4년미만,,승용,사업용,승용,기타사고,맑음,새벽,차대차,차대차-기타,기타,특별광역시도,홍대입구역,37.557527,126.9244669,마포구,
2017,1,19,목요일,11,경상사고,0,0,1,0,52,남,15년이상,,승용,사업용,보행자,보행횡단사고,맑음,주간,차대사람,횡단중,안전운전불이행,특별광역시도,경기대입구교차로,37.299739,127.029494,서대문구,
2017,4,11,화요일,23,경상사고,0,0,2,0,35,남,10년미만,,승용,비사업용,승용,진입회전사고,흐림,심야,차대차,측면직각충돌,교차로운행방법위반,특별광역시도,경기대입구교차로,37.299739,127.029494,서대문구,
2017,4,27,목요일,23,경상사고,0,0,2,0,41,여,15년미만,,승용,비사업용,이륜,기타사고,맑음,심야,차대차,차대차-기타,안전운전불이행,특별광역시도,경기대입구교차로,37.299739,127.029494,서대문구,
2017,6,27,화요일,18,경상사고,0,0,3,0,42,여,15년이상,,승용,비사업용,승용,기타사고,맑음,출퇴근,차대차,차대차-기타,안전운전불이행,특별광역시도,경기대입구교차로,37.299739,127.029494,서대문구,
2017,7,31,월요일,14,경상사고,0,0,2,0,26,남,4년미만,,승용,비사업용,승용,진입회전사고,맑음,주간,차대차,측면직각충돌,데이터없음,특별광역시도,경기대입구교차로,37.299739,127.029494,서대문구,
2017,8,27,일요일,21,중상사고,0,1,0,0,64,여,15년이상,,승용,비사업용,보행자,기타사고,맑음,심야,차대사람,차대사람-기타,보행자보호의무위반,특별광역시도,경기대입구교차로,37.299739,127.029494,서대문구,
2017,9,18,월요일,15,경상사고,0,0,1,0,35,남,15년이상,,승합,사업용,승합,기타사고,맑음,주간,차대차,차대차-기타,안전거리미확보,특별광역시도,경기대입구교차로,37.299739,127.029494,서대문구,
2017,10,28,토요일,14,부상사고,0,0,0,1,19,여,1년미만,,승용,비사업용,원동기,진입회전사고,맑음,주간,차대차,측면직각충돌,안전운전불이행,특별광역시도,경기대입구교차로,37.299739,127.029494,서대문구,
2018,2,4,일요일,8,부상사고,0,0,0,1,58,남,15년이상,,승용,사업용,기타,기타사고,맑음,출퇴근,차량단독,차량단독-기타,안전운전불이행,특별광역시도,경기대입구교차로,37.299739,127.029494,서대문구,
2018,2,28,수요일,18,경상사고,0,0,1,0,58,남,15년이상,,승용,비사업용,화물,진입회전사고,비,출퇴근,차대차,측면직각충돌,안전운전불이행,특별광역시도,경기대입구교차로,37.299739,127.029494,서대문구,
2018,3,23,금요일,19,경상사고,0,0,1,0,64,남,15년이상,,승용,사업용,보행자,보행횡단사고,맑음,출퇴근,차대사람,횡단중,안전운전불이행,특별광역시도,경기대입구교차로,37.299739,127.029494,서대문구,
2018,3,14,수요일,22,중상사고,0,1,0,0,47,여,15년이상,,승용,사업용,이륜,진입회전사고,맑음,심야,차대차,측면직각충돌,안전운전불이행,특별광역시도,경기대입구교차로,37.299739,127.029494,서대문구,
2018,4,27,금요일,14,중상사고,0,1,0,0,48,남,15년이상,,승합,비사업용,보행자,기타사고,맑음,주간,차대사람,차도통행중,안전운전불이행,특별광역시도,경기대입구교차로,37.299739,127.029494,서대문구,
2018,5,14,월요일,11,경상사고,0,0,1,0,60,남,15년이상,,승용,사업용,승용,일직선사고,맑음,주간,차대차,추돌(진행중),안전운전불이행,특별광역시도,경기대입구교차로,37.299739,127.029494,서대문구,
2018,6,9,토요일,10,경상사고,0,0,3,0,47,남,15년이상,,승합,사업용,승합,일직선사고,맑음,주간,차대차,추돌(진행중),안전운전불이행,특별광역시도,경기대입구교차로,37.299739,127.029494,서대문구,