년도,월,일,요일,시각,사고등급,사망자수,중상자수,경상자수,부상자수,연령,성별,경력,음주,종별,용도,관련자2,사고형태,기상상태,일광상태,사고유형1,사고유형2,법규위반,도로종류,지점명,위도,경도,자치구,
2018,6,3,일요일,18,부상사고,0,0,0,1,26,남,15년이상,,승용,비사업용,원동기,진입회전사고,맑음,출퇴근,차대차,측면직각충돌,안전운전불이행,특별광역시도,경기대입구교차로,37.299739,127.029494,서대문구,
2018,7,26,목요일,6,경상사고,0,0,2,0,48,여,15년이상,,승용,비사업용,승용,진입회전사고,맑음,새벽,차대차,측면직각충돌,안전운전불이행,특별광역시도,경기대입구교차로,37.299739,127.029494,서대문구,
2018,7,6,금요일,14,부상사고,0,0,0,1,54,남,15년미만,,승용,사업용,승용,진입회전사고,맑음,주간,차대차,측면직각충돌,안전운전불이행,특별광역시도,경기대입구교차로,37.299739,127.029494,서대문구,
2018,7,8,일요일,16,경상사고,0,0,1,0,72,남,15년이상,,승용,사업용,승용,일직선사고,맑음,주간,차대차,추돌(진행중),안전운전불이행,특별광역시도,경기대입구교차로,37.299739,127.029494,서대문구,
2018,9,10,월요일,0,경상사고,0,0,1,0,41,남,10년미만,0,승용,비사업용,승용,일직선사고,맑음,심야,차대차,추돌(진행중),안전운전불이행,특별광역시도,경기대입구교차로,37.299739,127.029494,서대문구,
2018,10,17,수요일,8,경상사고,0,0,1,0,62,남,15년이상,,승용,비사업용,승용,일직선사고,맑음,출퇴근,차대차,추돌(진행중),안전운전불이행,특별광역시도,경기대입구교차로,37.299739,127.029494,서대문구,
2018,10,31,수요일,19,경상사고,0,0,1,0,56,여,15년이상,,승용,비사업용,승용,진입회전사고,맑음,출퇴근,차대차,측면직각충돌,안전운전불이행,특별광역시도,경기대입구교차로,37.299739,127.029494,서대문구,
2019,2,8,금요일,23,경상사고,0,0,1,0,56,남,15년이상,,승합,사업용,승합,진입회전사고,맑음,심야,차대차,측면직각충돌,교차로운행방법위반,특별광역시도,경기대입구교차로,37.299739,127.029494,서대문구,
2019,3,5,화요일,12,경상사고,0,0,1,0,44,남,4년미만,,승용,비사업용,보행자,기타사고,맑음,주간,차대사람,차대사람-기타,보행자보호의무위반,특별광역시도,경기대입구교차로,37.299739,127.029494,서대문구,
2019,4,20,토요일,11,경상사고,0,0,2,0,58,남,15년이상,,승합,사업용,승합,기타사고,맑음,주간,차대차,차대차-기타,안전운전불이행,특별광역시도,경기대입구교차로,37.299739,127.029494,서대문구,
2019,4,23,화요일,13,경상사고,0,0,1,0,56,남,15년이상,,승용,사업용,승합,일직선사고,맑음,주간,차대차,추돌(진행중),안전거리미확보,특별광역시도,경기대입구교차로,37.299739,127.029494,서대문구,
2019,5,22,수요일,0,경상사고,0,0,1,0,52,남,15년이상,,승용,비사업용,보행자,보행횡단사고,맑음,심야,차대사람,보도통행중,보행자보호의무위반,특별광역시도,경기대입구교차로,37.299739,127.029494,서대문구,
2019,5,4,토요일,0,경상사고,0,0,1,0,53,남,15년이상,,승용,사업용,승용,일직선사고,맑음,심야,차대차,추돌(진행중),안전거리미확보,특별광역시도,경기대입구교차로,37.299739,127.029494,서대문구,
2019,5,14,화요일,22,경상사고,0,0,1,0,58,남,15년이상,,승용,사업용,보행자,기타사고,맑음,심야,차대사람,차대사람-기타,안전운전불이행,특별광역시도,경기대입구교차로,37.299739,127.029494,서대문구,
2019,6,15,토요일,13,경상사고,0,0,1,0,43,남,15년이상,,승용,비사업용,승용,일직선사고,맑음,주간,차대차,추돌(진행중),차로위반,특별광역시도,경기대입구교차로,37.299739,127.029494,서대문구,
2019,7,8,월요일,16,중상사고,0,1,0,0,49,여,15년이상,,승용,비사업용,보행자,보행횡단사고,맑음,주간,차대사람,횡단중,안전운전불이행,특별광역시도,경기대입구교차로,37.299739,127.029494,서대문구,
2019,7,22,월요일,20,중상사고,0,1,4,6,36,남,15년이상,,승용,비사업용,승합,진입회전사고,맑음,출퇴근,차대차,측면직각충돌,안전거리미확보,특별광역시도,경기대입구교차로,37.299739,127.029494,서대문구,
2019,7,22,월요일,20,경상사고,0,0,1,0,54,여,15년이상,,승용,사업용,화물,진입회전사고,맑음,출퇴근,차대차,측면직각충돌,차로위반,특별광역시도,경기대입구교차로,37.299739,127.029494,서대문구,
2019,8,17,토요일,13,경상사고,0,0,1,0,56,남,15년이상,,승용,사업용,원동기,기타사고,맑음,주간,차대차,차대차-기타,안전운전불이행,특별광역시도,경기대입구교차로,37.299739,127.029494,서대문구,
2019,10,26,토요일,22,중상사고,0,1,0,0,55,남,10년미만,,승용,비사업용,승용,진입회전사고,맑음,심야,차대차,측면직각충돌,차로위반,특별광역시도,경기대입구교차로,37.299739,127.029494,서대문구,
2019,11,1,금요일,18,경상사고,0,0,1,0,70,남,15년이상,,승용,사업용,보행자,기타사고,맑음,출퇴근,차대사람,차대사람-기타,안전운전불이행,특별광역시도,경기대입구교차로,37.299739,127.029494,서대문구,
2017,5,16,화요일,12,부상사고,0,0,0,1,59,남,15년이상,,승용,사업용,원동기,기타사고,맑음,주간,차대차,차대차-기타,데이터없음,특별광역시도,경기대입구교차로,37.299739,127.029494,서대문구,
2017,5,23,화요일,14,중상사고,0,1,1,0,33,남,15년이상,,승용,비사업용,승용,진입회전사고,맑음,주간,차대차,측면직각충돌,안전운전불이행,특별광역시도,경기대입구교차로,37.299739,127.029494,서대문구,
2017,9,13,수요일,22,중상사고,0,1,1,0,54,남,15년이상,,승용,사업용,승용,일직선사고,맑음,심야,차대차,추돌(진행중),안전운전불이행,특별광역시도,경기대입구교차로,37.299739,127.029494,서대문구,
2019,6,11,화요일,22,경상사고,0,0,1,0,45,여,15년이상,0,승용,비사업용,승용,진입회전사고,흐림,심야,차대차,측면직각충돌,신호위반,특별광역시도,경기대입구교차로,37.299739,127.029494,서대문구,
2019,6,28,금요일,23,경상사고,0,0,2,0,36,남,5년미만,0,승용,비사업용,승용,일직선사고,맑음,심야,차대차,추돌(진행중),안전운전불이행,특별광역시도,경기대입구교차로,37.299739,127.029494,서대문구,
2017,3,6,월요일,17,경상사고,0,0,1,0,76,남,15년이상,,승용,사업용,화물,진입회전사고,맑음,주간,차대차,측면직각충돌,교차로운행방법위반,특별광역시도,교남동주민센터부근,37.5718672,126.9619709,서대문구,
2017,4,20,목요일,17,경상사고,0,0,3,0,75,남,15년이상,,승합,비사업용,승합,진입회전사고,맑음,주간,차대차,측면직각충돌,안전거리미확보,특별광역시도,교남동주민센터부근,37.5718672,126.9619709,서대문구,
2017,9,17,일요일,20,경상사고,0,0,1,0,38,여,2년미만,,승용,비사업용,승용,진입회전사고,맑음,출퇴근,차대차,측면직각충돌,안전운전불이행,특별광역시도,교남동주민센터부근,37.5718672,126.9619709,서대문구,
2017,10,20,금요일,22,경상사고,0,0,1,0,35,남,10년미만,0,승용,비사업용,승용,일직선사고,맑음,심야,차대차,추돌(진행중),안전운전불이행,특별광역시도,교남동주민센터부근,37.5718672,126.9619709,서대문구,
2018,1,21,일요일,10,중상사고,0,1,0,0,41,여,15년이상,,승용,비사업용,원동기,기타사고,맑음,주간,차대차,차대차-기타,안전운전불이행,특별광역시도,교남동주민센터부근,37.5718672,126.9619709,서대문구,
2018,3,28,수요일,5,중상사고,0,2,0,0,53,남,15년이상,,승용,사업용,승용,일직선사고,맑음,새벽,차대차,추돌(진행중),안전운전불이행,특별광역시도,교남동주민센터부근,37.5718672,126.9619709,서대문구,
2018,3,10,토요일,8,경상사고,0,0,1,0,59,남,15년이상,,승용,비사업용,승용,진입회전사고,맑음,출퇴근,차대차,측면직각충돌,안전운전불이행,특별광역시도,교남동주민센터부근,37.5718672,126.9619709,서대문구,
2018,5,31,목요일,9,중상사고,0,2,0,0,54,남,15년이상,,승합,사업용,이륜,진입회전사고,맑음,주간,차대차,측면직각충돌,신호위반,특별광역시도,교남동주민센터부근,37.5718672,126.9619709,서대문구,
2018,6,2,토요일,16,경상사고,0,0,2,0,66,남,15년이상,,승용,사업용,승용,진입회전사고,맑음,주간,차대차,측면직각충돌,안전운전불이행,특별광역시도,교남동주민센터부근,37.5718672,126.9619709,서대문구,
2018,6,3,일요일,23,중상사고,0,1,1,0,64,남,15년이상,,화물,비사업용,이륜,진입회전사고,맑음,심야,차대차,정면충돌,신호위반,특별광역시도,교남동주민센터부근,37.5718672,126.9619709,서대문구,
2018,9,24,월요일,9,경상사고,0,0,2,0,58,여,15년이상,,승용,비사업용,승용,진입회전사고,맑음,주간,차대차,측면직각충돌,안전운전불이행,특별광역시도,교남동주민센터부근,37.5718672,126.9619709,서대문구,
2018,10,3,수요일,1,부상사고,0,0,0,1,34,남,15년미만,,승용,비사업용,이륜,진입회전사고,맑음,심야,차대차,측면직각충돌,안전운전불이행,특별광역시도,교남동주민센터부근,37.5718672,126.9619709,서대문구,
2018,10,28,일요일,14,중상사고,0,2,2,0,49,남,15년이상,,승합,사업용,승합,일직선사고,맑음,주간,차대차,정면충돌,안전운전불이행,특별광역시도,교남동주민센터부근,37.5718672,126.9619709,서대문구,
2018,11,20,화요일,16,경상사고,0,0,1,0,46,여,15년이상,,승용,비사업용,승용,진입회전사고,맑음,주간,차대차,측면직각충돌,안전운전불이행,특별광역시도,교남동주민센터부근,37.5718672,126.9619709,서대문구,
2018,12,17,월요일,8,경상사고,0,0,1,0,55,여,15년이상,,승용,비사업용,승용,진입회전사고,맑음,출퇴근,차대차,측면직각충돌,신호위반,특별광역시도,교남동주민센터부근,37.5718672,126.9619709,서대문구,
2018,12,8,토요일,18,경상사고,0,0,1,0,68,남,15년이상,,승용,사업용,화물,진입회전사고,맑음,출퇴근,차대차,측면직각충돌,안전거리미확보,특별광역시도,교남동주민센터부근,37.5718672,126.9619709,서대문구,
2019,2,28,목요일,15,경상사고,0,0,1,0,58,남,15년이상,,승합,사업용,승합,진입회전사고,맑음,주간,차대차,측면직각충돌,안전운전불이행,특별광역시도,교남동주민센터부근,37.5718672,126.9619709,서대문구,
2019,3,15,금요일,1,경상사고,0,0,2,0,56,여,15년이상,,승용,비사업용,승용,진입회전사고,맑음,심야,차대차,측면직각충돌,신호위반,특별광역시도,교남동주민센터부근,37.5718672,126.9619709,서대문구,
2019,3,23,토요일,16,경상사고,0,0,2,0,21,여,15년이상,,승용,비사업용,승합,진입회전사고,맑음,주간,차대차,측면직각충돌,신호위반,특별광역시도,교남동주민센터부근,37.5718672,126.9619709,서대문구,
2019,4,17,수요일,11,경상사고,0,0,1,0,72,남,15년이상,,화물,비사업용,화물,진입회전사고,맑음,주간,차대차,측면직각충돌,안전운전불이행,특별광역시도,교남동주민센터부근,37.5718672,126.9619709,서대문구,
2019,5,16,목요일,14,경상사고,0,0,2,0,57,남,15년이상,,승합,사업용,승합,진입회전사고,맑음,주간,차대차,측면직각충돌,안전운전불이행,특별광역시도,교남동주민센터부근,37.5718672,126.9619709,서대문구,
2019,6,5,수요일,0,중상사고,0,1,0,0,불명,불명,데이터오류,,기타,데이터오류,기타,진입회전사고,맑음,심야,차대차,측면직각충돌,안전운전불이행,특별광역시도,교남동주민센터부근,37.5718672,126.9619709,서대문구,
2019,6,11,화요일,9,경상사고,0,0,1,0,60,남,15년이상,,승합,사업용,승합,진입회전사고,맑음,주간,차대차,측면직각충돌,안전운전불이행,특별광역시도,교남동주민센터부근,37.5718672,126.9619709,서대문구,
2019,6,14,금요일,23,경상사고,0,0,2,0,28,남,15년미만,,승용,비사업용,승용,기타사고,맑음,심야,차대차,차대차-기타,안전운전불이행,특별광역시도,교남동주민센터부근,37.5718672,126.9619709,서대문구,
2019,9,16,월요일,10,부상사고,0,0,0,1,31,여,15년미만,,승용,사업용,자전거,기타사고,맑음,주간,차대차,차대차-기타,직진우회전진행방해,특별광역시도,교남동주민센터부근,37.5718672,126.9619709,서대문구,
2019,10,5,토요일,5,중상사고,0,1,2,0,46,남,15년이상,,승용,비사업용,승용,진입회전사고,맑음,새벽,차대차,측면직각충돌,신호위반,특별광역시도,교남동주민센터부근,37.5718672,126.9619709,서대문구,
2019,10,17,목요일,17,경상사고,0,0,5,1,28,남,데이터오류,0,승용,사업용,승합,일직선사고,맑음,주간,차대차,추돌(진행중),차로위반,특별광역시도,교남동주민센터부근,37.5718672,126.9619709,서대문구,
2019,10,25,금요일,21,중상사고,0,1,3,0,37,남,15년이상,,승용,비사업용,승용,진입회전사고,흐림,심야,차대차,정면충돌,신호위반,특별광역시도,교남동주민센터부근,37.5718672,126.9619709,서대문구,
2019,12,22,일요일,0,부상사고,0,0,0,1,54,남,15년이상,,승용,비사업용,자전거,진입회전사고,맑음,심야,차대차,측면직각충돌,기타,특별광역시도,교남동주민센터부근,37.5718672,126.9619709,서대문구,
2017,1,22,일요일,8,경상사고,0,0,1,2,73,남,15년이상,,승용,사업용,승용,진입회전사고,맑음,출퇴근,차대차,측면직각충돌,안전운전불이행,특별광역시도,교남동주민센터부근,37.5718672,126.9619709,서대문구,
2017,6,8,목요일,8,경상사고,0,0,1,0,48,여,15년이상,,승용,비사업용,승용,기타사고,맑음,출퇴근,차대차,차대차-기타,안전운전불이행,특별광역시도,교남동주민센터부근,37.5718672,126.9619709,서대문구,
2018,12,29,토요일,0,경상사고,0,0,2,0,43,남,15년이상,,승용,비사업용,승용,일직선사고,맑음,심야,차대차,추돌(진행중),안전운전불이행,특별광역시도,교남동주민센터부근,37.5718672,126.9619709,서대문구,
2019,1,11,금요일,23,경상사고,0,0,1,0,53,남,15년이상,,승합,사업용,승합,진입회전사고,맑음,심야,차대차,측면직각충돌,안전운전불이행,특별광역시도,교남동주민센터부근,37.5718672,126.9619709,서대문구,
2019,5,9,목요일,11,경상사고,0,0,2,0,48,남,15년이상,,승용,비사업용,승용,진입회전사고,맑음,주간,차대차,측면직각충돌,안전운전불이행,특별광역시도,교남동주민센터부근,37.5718672,126.9619709,서대문구,
2019,10,3,목요일,3,중상사고,0,1,0,0,53,여,15년이상,,승용,비사업용,보행자,기타사고,비,심야,차대사람,차대사람-기타,안전운전불이행,특별광역시도,교남동주민센터부근,37.5718672,126.9619709,서대문구,
2017,2,25,토요일,15,경상사고,0,0,1,0,56,남,15년이상,,승용,사업용,이륜,기타사고,맑음,주간,차대차,차대차-기타,안전운전불이행,특별광역시도,국민권익위원회앞삼거리,37.562035,126.969417,서대문구,
2017,3,17,금요일,9,부상사고,0,0,0,1,23,남,10년미만,,승용,사업용,화물,진입회전사고,맑음,주간,차대차,측면직각충돌,안전운전불이행,특별광역시도,국민권익위원회앞삼거리,37.562035,126.969417,서대문구,
2017,4,28,금요일,9,경상사고,0,0,1,0,36,남,5년미만,,승용,사업용,승용,일직선사고,맑음,주간,차대차,추돌(진행중),안전운전불이행,특별광역시도,국민권익위원회앞삼거리,37.562035,126.969417,서대문구,
2017,5,27,토요일,8,경상사고,0,0,2,0,57,여,15년이상,,승용,비사업용,승용,진입회전사고,맑음,출퇴근,차대차,측면직각충돌,안전운전불이행,특별광역시도,국민권익위원회앞삼거리,37.562035,126.969417,서대문구,
2017,5,11,목요일,18,부상사고,0,0,0,1,34,여,2년미만,,승용,비사업용,승용,일직선사고,맑음,출퇴근,차대차,추돌(진행중),안전운전불이행,특별광역시도,국민권익위원회앞삼거리,37.562035,126.969417,서대문구,
2017,7,13,목요일,12,부상사고,0,0,0,1,41,남,15년이상,,승용,사업용,이륜,진입회전사고,맑음,주간,차대차,정면충돌,신호위반,특별광역시도,국민권익위원회앞삼거리,37.562035,126.969417,서대문구,
2017,8,19,토요일,10,경상사고,0,0,1,0,74,여,15년이상,,승용,비사업용,승용,진입회전사고,맑음,주간,차대차,측면직각충돌,신호위반,특별광역시도,국민권익위원회앞삼거리,37.562035,126.969417,서대문구,
2017,9,5,화요일,8,중상사고,0,1,0,0,70,남,15년이상,,승용,사업용,승용,일직선사고,맑음,출퇴근,차대차,추돌(진행중),안전운전불이행,특별광역시도,국민권익위원회앞삼거리,37.562035,126.969417,서대문구,
2018,8,8,수요일,19,중상사고,0,1,0,0,49,남,15년이상,,승용,비사업용,이륜,진입회전사고,맑음,출퇴근,차대차,측면직각충돌,안전운전불이행,특별광역시도,국민권익위원회앞삼거리,37.562035,126.969417,서대문구,
2018,10,25,목요일,10,경상사고,0,0,1,0,73,남,15년이상,,승용,사업용,승합,기타사고,맑음,주간,차대차,차대차-기타,안전운전불이행,특별광역시도,국민권익위원회앞삼거리,37.562035,126.969417,서대문구,
2018,11,7,수요일,18,중상사고,0,1,0,0,26,남,10년미만,,이륜,기타,보행자,기타사고,맑음,출퇴근,차대사람,차대사람-기타,안전운전불이행,특별광역시도,국민권익위원회앞삼거리,37.562035,126.969417,서대문구,
2018,12,15,토요일,3,부상사고,0,0,0,1,18,남,2년미만,,이륜,기타,기타,기타사고,맑음,심야,차량단독,차량단독-기타,안전운전불이행,특별광역시도,국민권익위원회앞삼거리,37.562035,126.969417,서대문구,
2018,12,12,수요일,17,중상사고,0,1,0,0,45,남,15년미만,,승합,사업용,승합,기타사고,맑음,주간,차대차,차대차-기타,안전거리미확보,특별광역시도,국민권익위원회앞삼거리,37.562035,126.969417,서대문구,
2019,1,4,금요일,1,경상사고,0,0,1,0,45,남,15년이상,,승용,비사업용,이륜,진입회전사고,맑음,심야,차대차,정면충돌,신호위반,특별광역시도,국민권익위원회앞삼거리,37.562035,126.969417,서대문구,
2019,3,27,수요일,8,경상사고,0,0,1,0,30,남,10년미만,,승용,비사업용,승용,진입회전사고,맑음,출퇴근,차대차,측면직각충돌,신호위반,특별광역시도,국민권익위원회앞삼거리,37.562035,126.969417,서대문구,
2019,5,19,일요일,12,경상사고,0,0,2,2,30,남,3년미만,,승용,사업용,승용,진입회전사고,비,주간,차대차,측면직각충돌,신호위반,특별광역시도,국민권익위원회앞삼거리,37.562035,126.969417,서대문구,
2019,6,26,수요일,12,경상사고,0,0,1,0,74,여,15년이상,,승용,비사업용,승용,진입회전사고,맑음,주간,차대차,측면직각충돌,안전운전불이행,특별광역시도,국민권익위원회앞삼거리,37.562035,126.969417,서대문구,
2019,7,30,화요일,12,부상사고,0,0,0,1,47,여,15년이상,,승용,비사업용,승용,기타사고,맑음,주간,차대차,차대차-기타,안전운전불이행,특별광역시도,국민권익위원회앞삼거리,37.562035,126.969417,서대문구,
2019,8,15,목요일,4,중상사고,0,1,3,0,37,남,15년이상,,승용,비사업용,승용,진입회전사고,흐림,심야,차대차,정면충돌,신호위반,특별광역시도,국민권익위원회앞삼거리,37.562035,126.969417,서대문구,
2019,8,14,수요일,18,경상사고,0,0,1,0,68,여,15년이상,,승용,비사업용,이륜,진입회전사고,맑음,출퇴근,차대차,측면직각충돌,교차로운행방법위반,특별광역시도,국민권익위원회앞삼거리,37.562035,126.969417,서대문구,
2019,12,20,금요일,9,부상사고,0,0,0,3,66,남,15년이상,,승용,사업용,승용,진입회전사고,맑음,주간,차대차,측면직각충돌,안전운전불이행,특별광역시도,국민권익위원회앞삼거리,37.562035,126.969417,서대문구,
2017,1,30,월요일,23,경상사고,0,0,1,0,66,남,2년미만,,승용,사업용,승용,진입회전사고,흐림,심야,차대차,측면직각충돌,신호위반,특별광역시도,독립공원,37.5740613,126.9563603,서대문구,
2017,2,3,금요일,1,경상사고,0,0,2,0,59,남,15년이상,,승용,사업용,승용,일직선사고,맑음,심야,차대차,추돌(진행중),안전운전불이행,특별광역시도,독립공원,37.5740613,126.9563603,서대문구,
2017,6,14,수요일,0,중상사고,0,1,0,0,33,남,15년이상,,승용,비사업용,보행자,기타사고,맑음,심야,차대사람,차도통행중,안전운전불이행,특별광역시도,독립공원,37.5740613,126.9563603,서대문구,
2017,7,4,화요일,19,경상사고,0,0,2,0,77,남,15년이상,,승용,사업용,승용,진입회전사고,맑음,출퇴근,차대차,측면직각충돌,신호위반,특별광역시도,독립공원,37.5740613,126.9563603,서대문구,
2017,8,15,화요일,7,중상사고,0,1,2,0,62,남,15년이상,,화물,비사업용,화물,진입회전사고,비,출퇴근,차대차,측면직각충돌,신호위반,특별광역시도,독립공원,37.5740613,126.9563603,서대문구,
2017,9,5,화요일,10,경상사고,0,0,2,0,46,여,15년이상,,승용,비사업용,승용,진입회전사고,맑음,주간,차대차,측면직각충돌,안전운전불이행,특별광역시도,독립공원,37.5740613,126.9563603,서대문구,
2017,9,7,목요일,17,경상사고,0,0,1,0,33,여,10년미만,,승용,비사업용,기타,진입회전사고,맑음,주간,차대차,측면직각충돌,안전운전불이행,특별광역시도,독립공원,37.5740613,126.9563603,서대문구,
2017,9,6,수요일,20,경상사고,0,0,1,0,60,남,15년이상,0,승용,비사업용,승용,일직선사고,흐림,출퇴근,차대차,추돌(진행중),안전운전불이행,특별광역시도,독립공원,37.5740613,126.9563603,서대문구,
2017,10,13,금요일,2,부상사고,0,0,0,1,24,남,10년미만,,원동기,기타,기타,단독사고,맑음,심야,차량단독,공작물추돌,안전운전불이행,특별광역시도,독립공원,37.5740613,126.9563603,서대문구,
2017,10,22,일요일,18,중상사고,0,1,0,0,52,남,15년이상,,승합,사업용,원동기,진입회전사고,맑음,출퇴근,차대차,측면직각충돌,신호위반,특별광역시도,독립공원,37.5740613,126.9563603,서대문구,
2017,11,27,월요일,12,부상사고,0,0,0,1,49,여,15년이상,,승용,비사업용,원동기,일직선사고,맑음,주간,차대차,추돌(진행중),안전운전불이행,특별광역시도,독립공원,37.5740613,126.9563603,서대문구,
2017,11,14,화요일,17,중상사고,0,2,0,0,55,여,15년이상,,승용,비사업용,승용,진입회전사고,맑음,주간,차대차,측면직각충돌,신호위반,특별광역시도,독립공원,37.5740613,126.9563603,서대문구,
2018,1,31,수요일,6,경상사고,0,0,3,0,61,남,15년이상,,승용,사업용,승합,진입회전사고,맑음,새벽,차대차,측면직각충돌,신호위반,특별광역시도,독립공원,37.5740613,126.9563603,서대문구,
2018,2,15,목요일,5,경상사고,0,0,2,0,34,남,10년미만,0,승용,비사업용,승용,일직선사고,맑음,새벽,차대차,추돌(진행중),안전운전불이행,특별광역시도,독립공원,37.5740613,126.9563603,서대문구,
2018,2,19,월요일,8,경상사고,0,0,1,2,37,남,4년미만,,승용,사업용,승합,기타사고,맑음,출퇴근,차대차,차대차-기타,안전운전불이행,특별광역시도,독립공원,37.5740613,126.9563603,서대문구,
2018,5,5,토요일,3,경상사고,0,0,4,0,62,남,15년이상,,승용,사업용,승용,일직선사고,맑음,심야,차대차,추돌(진행중),안전운전불이행,특별광역시도,독립공원,37.5740613,126.9563603,서대문구,
2018,5,4,금요일,11,경상사고,0,0,1,0,59,남,15년이상,,승용,사업용,화물,진입회전사고,맑음,주간,차대차,측면직각충돌,안전운전불이행,특별광역시도,독립공원,37.5740613,126.9563603,서대문구,
2018,6,29,금요일,15,중상사고,0,1,0,0,66,남,15년이상,,승합,사업용,승합,진입회전사고,맑음,주간,차대차,측면직각충돌,신호위반,특별광역시도,독립공원,37.5740613,126.9563603,서대문구,
2018,7,16,월요일,7,경상사고,0,0,1,0,32,남,15년이상,0,승합,사업용,승합,일직선사고,맑음,출퇴근,차대차,추돌(진행중),안전운전불이행,특별광역시도,독립공원,37.5740613,126.9563603,서대문구,
2018,7,17,화요일,13,경상사고,0,0,2,0,57,남,15년이상,,승용,사업용,승용,일직선사고,맑음,주간,차대차,추돌(진행중),안전운전불이행,특별광역시도,독립공원,37.5740613,126.9563603,서대문구,
2018,9,10,월요일,2,중상사고,0,2,2,0,51,남,15년이상,,승용,사업용,승용,일직선사고,맑음,심야,차대차,추돌(진행중),안전운전불이행,특별광역시도,독립공원,37.5740613,126.9563603,서대문구,
2019,2,23,토요일,3,경상사고,0,0,1,0,40,남,3년미만,,승용,비사업용,승용,일직선사고,흐림,심야,차대차,추돌(진행중),안전운전불이행,특별광역시도,독립공원,37.5740613,126.9563603,서대문구,
2019,3,18,월요일,19,경상사고,0,0,1,0,59,남,15년이상,,승용,사업용,보행자,기타사고,맑음,출퇴근,차대사람,차대사람-기타,안전운전불이행,특별광역시도,독립공원,37.5740613,126.9563603,서대문구,
2019,3,12,화요일,22,경상사고,0,0,1,0,30,남,15년미만,,승합,사업용,승합,진입회전사고,맑음,심야,차대차,측면직각충돌,안전거리미확보,특별광역시도,독립공원,37.5740613,126.9563603,서대문구,
2019,5,5,일요일,13,경상사고,0,0,1,0,45,남,15년이상,,승용,비사업용,보행자,기타사고,맑음,주간,차대사람,차대사람-기타,안전운전불이행,특별광역시도,독립공원,37.5740613,126.9563603,서대문구,
2019,5,9,목요일,14,경상사고,0,0,1,1,40,여,15년이상,,승용,비사업용,원동기,기타사고,맑음,주간,차대차,차대차-기타,안전운전불이행,특별광역시도,독립공원,37.5740613,126.9563603,서대문구,
2019,6,21,금요일,7,경상사고,0,0,4,0,58,남,15년이상,,화물,비사업용,화물,진입회전사고,맑음,출퇴근,차대차,측면직각충돌,신호위반,특별광역시도,독립공원,37.5740613,126.9563603,서대문구,
2019,6,2,일요일,13,중상사고,0,1,12,10,53,여,15년이상,,승용,비사업용,승합,진입회전사고,맑음,주간,차대차,측면직각충돌,신호위반,특별광역시도,독립공원,37.5740613,126.9563603,서대문구,
2019,6,15,토요일,14,경상사고,0,0,1,0,65,남,15년이상,,승용,사업용,보행자,보행횡단사고,맑음,주간,차대사람,횡단중,보행자보호의무위반,특별광역시도,독립공원,37.5740613,126.9563603,서대문구,
2019,6,28,금요일,21,중상사고,0,1,0,0,48,남,15년이상,,승합,사업용,이륜,진입회전사고,맑음,심야,차대차,측면직각충돌,신호위반,특별광역시도,독립공원,37.5740613,126.9563603,서대문구,
2019,9,12,목요일,8,경상사고,0,0,6,0,41,남,15년이상,,승용,사업용,승합,진입회전사고,맑음,출퇴근,차대차,측면직각충돌,신호위반,특별광역시도,독립공원,37.5740613,126.9563603,서대문구,
2019,10,23,수요일,9,중상사고,0,9,41,1,45,남,15년이상,,승합,사업용,승합,진입회전사고,맑음,주간,차대차,측면직각충돌,신호위반,특별광역시도,독립공원,37.5740613,126.9563603,서대문구,
2019,11,16,토요일,12,경상사고,0,0,1,0,66,남,15년이상,,건설기계,사업용,건설기계,기타사고,흐림,주간,차대차,차대차-기타,안전거리미확보,특별광역시도,독립공원,37.5740613,126.9563603,서대문구,
2019,12,5,목요일,15,중상사고,0,1,0,0,55,여,15년이상,,승용,비사업용,이륜,일직선사고,맑음,주간,차대차,추돌(진행중),안전운전불이행,특별광역시도,독립공원,37.5740613,126.9563603,서대문구,
2017,2,6,월요일,10,경상사고,0,0,1,0,56,남,15년이상,,자전거,기타,보행자,진입회전사고,맑음,주간,차대사람,횡단중,신호위반,특별광역시도,북가좌2동주민센터부근,37.5814484,126.9111701,서대문구,
2017,5,12,금요일,14,경상사고,0,0,1,0,불명,불명,데이터오류,,기타,데이터오류,기타,보행횡단사고,맑음,주간,차대사람,보도통행중,보행자보호의무위반,특별광역시도,북가좌2동주민센터부근,37.5814484,126.9111701,서대문구,
2017,8,20,일요일,4,부상사고,0,0,0,1,59,남,15년이상,,승합,사업용,기타,기타사고,맑음,심야,차량단독,차량단독-기타,안전운전불이행,특별광역시도,북가좌2동주민센터부근,37.5814484,126.9111701,서대문구,
2017,8,25,금요일,7,중상사고,0,1,0,0,55,남,15년이상,,승용,사업용,화물,일직선사고,맑음,출퇴근,차대차,차대차-기타,중앙선침범,특별광역시도,북가좌2동주민센터부근,37.5814484,126.9111701,서대문구,
2017,9,18,월요일,17,부상사고,0,0,0,1,61,남,15년이상,,승용,비사업용,이륜,일직선사고,맑음,주간,차대차,추돌(진행중),안전운전불이행,특별광역시도,북가좌2동주민센터부근,37.5814484,126.9111701,서대문구,