년도,월,일,요일,시각,사고등급,사망자수,중상자수,경상자수,부상자수,연령,성별,경력,음주,종별,용도,관련자2,사고형태,기상상태,일광상태,사고유형1,사고유형2,법규위반,도로종류,지점명,위도,경도,자치구,
2017,12,5,화요일,22,부상사고,0,0,0,1,60,남,15년이상,,승용,비사업용,승용,일직선사고,흐림,심야,차대차,추돌(진행중),안전운전불이행,특별광역시도,북가좌2동주민센터부근,37.5814484,126.9111701,서대문구,
2018,1,9,화요일,18,중상사고,0,1,0,0,66,남,15년이상,,승용,사업용,보행자,기타사고,맑음,출퇴근,차대사람,차대사람-기타,기타,특별광역시도,북가좌2동주민센터부근,37.5814484,126.9111701,서대문구,
2018,3,19,월요일,15,경상사고,0,0,1,0,46,남,15년이상,,승용,비사업용,승용,진입회전사고,맑음,주간,차대차,측면직각충돌,안전운전불이행,특별광역시도,북가좌2동주민센터부근,37.5814484,126.9111701,서대문구,
2018,7,3,화요일,16,경상사고,0,0,1,0,60,남,15년이상,,승용,사업용,보행자,기타사고,맑음,주간,차대사람,차대사람-기타,기타,특별광역시도,북가좌2동주민센터부근,37.5814484,126.9111701,서대문구,
2018,7,11,수요일,21,경상사고,0,0,1,0,39,남,데이터오류,0,화물,비사업용,화물,일직선사고,맑음,심야,차대차,추돌(진행중),안전운전불이행,특별광역시도,북가좌2동주민센터부근,37.5814484,126.9111701,서대문구,
2018,8,14,화요일,0,경상사고,0,0,1,0,37,남,데이터오류,,승용,비사업용,이륜,진입회전사고,맑음,심야,차대차,측면직각충돌,안전거리미확보,특별광역시도,북가좌2동주민센터부근,37.5814484,126.9111701,서대문구,
2018,9,3,월요일,16,부상사고,0,0,0,2,33,남,1년미만,,승용,비사업용,보행자,보행횡단사고,비,주간,차대사람,횡단중,안전운전불이행,특별광역시도,북가좌2동주민센터부근,37.5814484,126.9111701,서대문구,
2018,9,9,일요일,20,경상사고,0,0,1,0,63,남,15년이상,,승용,비사업용,승용,기타사고,맑음,출퇴근,차대차,차대차-기타,안전운전불이행,특별광역시도,북가좌2동주민센터부근,37.5814484,126.9111701,서대문구,
2018,11,2,금요일,4,경상사고,0,0,1,0,54,남,15년이상,,승용,비사업용,보행자,기타사고,맑음,심야,차대사람,차대사람-기타,안전운전불이행,특별광역시도,북가좌2동주민센터부근,37.5814484,126.9111701,서대문구,
2018,12,2,일요일,9,중상사고,0,1,0,0,56,여,15년이상,,승용,비사업용,화물,진입회전사고,맑음,주간,차대차,측면직각충돌,신호위반,특별광역시도,북가좌2동주민센터부근,37.5814484,126.9111701,서대문구,
2018,12,7,금요일,9,중상사고,0,1,0,0,37,남,15년이상,,승용,비사업용,보행자,보행횡단사고,맑음,주간,차대사람,횡단중,보행자보호의무위반,특별광역시도,북가좌2동주민센터부근,37.5814484,126.9111701,서대문구,
2019,6,23,일요일,3,경상사고,0,0,2,0,57,남,15년이상,,승용,사업용,승용,일직선사고,맑음,심야,차대차,추돌(진행중),안전운전불이행,특별광역시도,북가좌2동주민센터부근,37.5814484,126.9111701,서대문구,
2019,11,20,수요일,18,경상사고,0,0,1,0,67,남,15년이상,,승합,비사업용,자전거,기타사고,맑음,출퇴근,차대차,차대차-기타,안전운전불이행,특별광역시도,북가좌2동주민센터부근,37.5814484,126.9111701,서대문구,
2019,11,22,금요일,20,경상사고,0,0,1,0,61,남,15년이상,,승합,사업용,기타,기타사고,맑음,출퇴근,차량단독,차량단독-기타,기타,특별광역시도,북가좌2동주민센터부근,37.5814484,126.9111701,서대문구,
2017,1,10,화요일,0,경상사고,0,0,1,0,56,남,15년이상,,승용,사업용,보행자,보행횡단사고,맑음,심야,차대사람,횡단중,안전운전불이행,특별광역시도,서대문구청앞사거리,37.578785,126.935862,서대문구,
2017,3,21,화요일,6,경상사고,0,0,1,0,65,남,15년이상,,승용,사업용,기타,기타사고,맑음,새벽,차대차,차대차-기타,안전운전불이행,특별광역시도,서대문구청앞사거리,37.578785,126.935862,서대문구,
2017,3,31,금요일,17,부상사고,0,0,0,1,31,남,데이터오류,,자전거,기타,보행자,진입회전사고,맑음,주간,차대사람,횡단중,신호위반,특별광역시도,서대문구청앞사거리,37.578785,126.935862,서대문구,
2017,5,26,금요일,21,부상사고,0,0,0,1,42,남,15년이상,,승용,사업용,이륜,진입회전사고,맑음,심야,차대차,측면직각충돌,안전운전불이행,특별광역시도,서대문구청앞사거리,37.578785,126.935862,서대문구,
2017,8,14,월요일,14,중상사고,0,1,0,0,47,여,15년이상,,승용,비사업용,이륜,진입회전사고,맑음,주간,차대차,측면직각충돌,안전거리미확보,특별광역시도,서대문구청앞사거리,37.578785,126.935862,서대문구,
2017,8,1,화요일,21,경상사고,0,0,4,0,34,남,10년미만,,승용,비사업용,승합,진입회전사고,맑음,심야,차대차,측면직각충돌,교차로운행방법위반,특별광역시도,서대문구청앞사거리,37.578785,126.935862,서대문구,
2017,9,15,금요일,13,중상사고,0,1,0,0,77,남,15년이상,,승용,비사업용,이륜,진입회전사고,맑음,주간,차대차,측면직각충돌,신호위반,특별광역시도,서대문구청앞사거리,37.578785,126.935862,서대문구,
2017,10,18,수요일,5,중상사고,0,1,0,0,33,남,15년미만,,승용,비사업용,보행자,보행횡단사고,맑음,새벽,차대사람,보도통행중,보행자보호의무위반,특별광역시도,서대문구청앞사거리,37.578785,126.935862,서대문구,
2017,10,21,토요일,11,경상사고,0,0,1,0,58,남,15년이상,,승용,비사업용,승용,일직선사고,맑음,주간,차대차,추돌(진행중),안전운전불이행,특별광역시도,서대문구청앞사거리,37.578785,126.935862,서대문구,
2018,1,3,수요일,15,경상사고,0,0,1,0,58,남,15년이상,,승용,사업용,승용,기타사고,맑음,주간,차대차,차대차-기타,안전운전불이행,특별광역시도,서대문구청앞사거리,37.578785,126.935862,서대문구,
2018,2,5,월요일,0,경상사고,0,0,1,0,20,남,3년미만,,이륜,기타,이륜,진입회전사고,맑음,심야,차대차,차대차-기타,신호위반,특별광역시도,서대문구청앞사거리,37.578785,126.935862,서대문구,
2018,2,16,금요일,15,중상사고,0,3,0,0,37,남,10년미만,,승용,비사업용,승용,진입회전사고,맑음,주간,차대차,측면직각충돌,안전운전불이행,특별광역시도,서대문구청앞사거리,37.578785,126.935862,서대문구,
2018,3,8,목요일,7,경상사고,0,0,1,0,22,남,1년미만,,이륜,기타,보행자,진입회전사고,맑음,출퇴근,차대사람,횡단중,신호위반,특별광역시도,서대문구청앞사거리,37.578785,126.935862,서대문구,
2018,3,2,금요일,14,경상사고,0,0,1,0,74,남,15년이상,,승용,사업용,이륜,진입회전사고,맑음,주간,차대차,추돌(진행중),신호위반,특별광역시도,서대문구청앞사거리,37.578785,126.935862,서대문구,
2018,3,9,금요일,19,경상사고,0,0,1,0,50,남,15년이상,,승용,비사업용,이륜,일직선사고,맑음,출퇴근,차대차,추돌(진행중),안전운전불이행,특별광역시도,서대문구청앞사거리,37.578785,126.935862,서대문구,
2018,4,18,수요일,21,중상사고,0,3,7,0,27,여,15년이상,,승용,비사업용,승합,진입회전사고,맑음,심야,차대차,측면직각충돌,안전운전불이행,특별광역시도,서대문구청앞사거리,37.578785,126.935862,서대문구,
2018,7,24,화요일,11,경상사고,0,0,2,1,69,남,15년이상,,승용,사업용,승용,진입회전사고,맑음,주간,차대차,측면직각충돌,안전운전불이행,특별광역시도,서대문구청앞사거리,37.578785,126.935862,서대문구,
2018,7,14,토요일,12,경상사고,0,0,1,0,42,남,15년이상,,화물,사업용,화물,진입회전사고,맑음,주간,차대차,측면직각충돌,안전운전불이행,특별광역시도,서대문구청앞사거리,37.578785,126.935862,서대문구,
2018,8,21,화요일,2,중상사고,0,1,2,0,44,남,15년이상,,승용,비사업용,승용,일직선사고,비,심야,차대차,추돌(진행중),안전거리미확보,특별광역시도,서대문구청앞사거리,37.578785,126.935862,서대문구,
2018,10,25,목요일,10,경상사고,0,0,1,0,46,여,15년이상,,승용,비사업용,보행자,기타사고,맑음,주간,차대사람,차대사람-기타,보행자보호의무위반,특별광역시도,서대문구청앞사거리,37.578785,126.935862,서대문구,
2018,10,6,토요일,22,부상사고,0,0,0,1,불명,불명,데이터오류,,기타,기타,기타,보행횡단사고,맑음,심야,차대사람,보도통행중,기타,특별광역시도,서대문구청앞사거리,37.578785,126.935862,서대문구,
2019,1,4,금요일,20,중상사고,0,1,0,0,21,남,10년미만,,이륜,데이터오류,보행자,진입회전사고,맑음,출퇴근,차대사람,횡단중,신호위반,특별광역시도,서대문구청앞사거리,37.578785,126.935862,서대문구,
2019,2,1,금요일,21,경상사고,0,0,1,0,61,남,15년이상,,승용,사업용,승합,기타사고,맑음,심야,차대차,차대차-기타,안전운전불이행,특별광역시도,서대문구청앞사거리,37.578785,126.935862,서대문구,
2019,5,25,토요일,13,경상사고,0,0,1,0,39,남,15년이상,,승용,비사업용,이륜,진입회전사고,맑음,주간,차대차,측면직각충돌,신호위반,특별광역시도,서대문구청앞사거리,37.578785,126.935862,서대문구,
2019,6,23,일요일,4,중상사고,0,2,1,0,53,남,15년이상,,승용,사업용,이륜,진입회전사고,맑음,심야,차대차,측면직각충돌,신호위반,특별광역시도,서대문구청앞사거리,37.578785,126.935862,서대문구,
2019,6,3,월요일,21,중상사고,0,1,0,0,57,남,15년이상,,승용,비사업용,원동기,기타사고,맑음,심야,차대차,차대차-기타,안전운전불이행,특별광역시도,서대문구청앞사거리,37.578785,126.935862,서대문구,
2019,8,14,수요일,16,부상사고,0,0,0,3,60,남,15년이상,,승용,사업용,승용,진입회전사고,맑음,주간,차대차,측면직각충돌,안전운전불이행,특별광역시도,서대문구청앞사거리,37.578785,126.935862,서대문구,
2019,8,8,목요일,20,중상사고,0,1,0,0,44,남,15년이상,,승용,비사업용,이륜,진입회전사고,맑음,출퇴근,차대차,측면직각충돌,중앙선침범,특별광역시도,서대문구청앞사거리,37.578785,126.935862,서대문구,
2019,9,19,목요일,12,중상사고,0,1,0,0,62,남,15년이상,,승용,사업용,보행자,보행횡단사고,맑음,주간,차대사람,횡단중,안전운전불이행,특별광역시도,서대문구청앞사거리,37.578785,126.935862,서대문구,
2019,11,28,목요일,6,경상사고,0,0,1,0,55,남,15년이상,,승합,사업용,기타,진입회전사고,맑음,새벽,차대차,측면직각충돌,안전운전불이행,특별광역시도,서대문구청앞사거리,37.578785,126.935862,서대문구,
2019,11,1,금요일,12,중상사고,0,1,0,0,64,남,15년이상,,승용,비사업용,원동기,일직선사고,맑음,주간,차대차,추돌(진행중),안전운전불이행,특별광역시도,서대문구청앞사거리,37.578785,126.935862,서대문구,
2017,6,6,화요일,4,경상사고,0,0,1,0,32,남,2년미만,0,이륜,기타,보행자,일직선사고,흐림,심야,차대사람,차대사람-기타,중앙선침범,특별광역시도,서대문역앞사거리,37.566713,126.965504,서대문구,
2017,11,14,화요일,11,경상사고,0,0,1,0,50,남,15년이상,,승합,사업용,기타,기타사고,맑음,주간,차량단독,차량단독-기타,데이터없음,특별광역시도,서대문역앞사거리,37.566713,126.965504,서대문구,
2018,4,9,월요일,12,경상사고,0,0,1,0,47,남,15년이상,,화물,사업용,보행자,기타사고,맑음,주간,차대사람,차대사람-기타,기타,특별광역시도,서대문역앞사거리,37.566713,126.965504,서대문구,
2018,8,16,목요일,13,중상사고,0,1,1,0,47,남,15년이상,,승합,사업용,승합,일직선사고,맑음,주간,차대차,추돌(진행중),안전운전불이행,특별광역시도,서대문역앞사거리,37.566713,126.965504,서대문구,
2018,10,29,월요일,12,경상사고,0,0,1,0,20,남,15년이상,,승용,사업용,보행자,진입회전사고,맑음,주간,차대사람,횡단중,신호위반,특별광역시도,서대문역앞사거리,37.566713,126.965504,서대문구,
2018,12,17,월요일,6,경상사고,0,0,1,0,43,남,15년이상,,승용,비사업용,승용,진입회전사고,맑음,새벽,차대차,측면직각충돌,안전운전불이행,특별광역시도,서대문역앞사거리,37.566713,126.965504,서대문구,
2019,5,22,수요일,8,중상사고,0,1,1,0,71,남,15년미만,,승용,사업용,승합,기타사고,맑음,출퇴근,차대차,차대차-기타,안전거리미확보,특별광역시도,서대문역앞사거리,37.566713,126.965504,서대문구,
2019,10,25,금요일,8,중상사고,0,1,0,0,67,남,15년이상,,승합,사업용,보행자,진입회전사고,맑음,출퇴근,차대사람,차대사람-기타,신호위반,특별광역시도,서대문역앞사거리,37.566713,126.965504,서대문구,
2019,11,30,토요일,12,중상사고,0,1,0,0,47,남,15년이상,,승합,사업용,보행자,진입회전사고,맑음,주간,차대사람,횡단중,신호위반,특별광역시도,서대문역앞사거리,37.566713,126.965504,서대문구,
2017,4,24,월요일,10,부상사고,0,0,0,1,52,남,15년미만,,승용,사업용,이륜,진입회전사고,맑음,주간,차대차,측면직각충돌,신호위반,특별광역시도,신촌역교차로,40.7558676,-73.8047853,서대문구,
2017,4,24,월요일,14,중상사고,0,1,1,0,27,남,10년미만,,승용,비사업용,승용,일직선사고,맑음,주간,차대차,추돌(진행중),안전거리미확보,특별광역시도,신촌역교차로,40.7558676,-73.8047853,서대문구,
2017,4,24,월요일,20,중상사고,0,1,0,0,48,남,15년이상,,승합,사업용,승합,진입회전사고,맑음,출퇴근,차대차,측면직각충돌,안전운전불이행,특별광역시도,신촌역교차로,40.7558676,-73.8047853,서대문구,
2017,5,27,토요일,6,경상사고,0,0,1,0,51,여,15년이상,,승용,비사업용,이륜,진입회전사고,맑음,새벽,차대차,측면직각충돌,안전운전불이행,특별광역시도,신촌역교차로,40.7558676,-73.8047853,서대문구,
2017,5,27,토요일,12,부상사고,0,0,0,1,55,남,15년이상,,승용,비사업용,이륜,진입회전사고,맑음,주간,차대차,측면직각충돌,안전운전불이행,특별광역시도,신촌역교차로,40.7558676,-73.8047853,서대문구,
2017,7,3,월요일,9,경상사고,0,0,2,0,51,남,10년미만,,승용,사업용,승용,일직선사고,비,주간,차대차,추돌(진행중),안전운전불이행,특별광역시도,신촌역교차로,40.7558676,-73.8047853,서대문구,
2017,10,31,화요일,12,경상사고,0,0,1,0,55,남,15년이상,,승용,사업용,승용,진입회전사고,맑음,주간,차대차,측면직각충돌,안전운전불이행,특별광역시도,신촌역교차로,40.7558676,-73.8047853,서대문구,
2017,12,31,일요일,18,경상사고,0,0,1,0,32,남,15년이상,,승용,사업용,이륜,일직선사고,맑음,출퇴근,차대차,추돌(진행중),안전운전불이행,특별광역시도,신촌역교차로,40.7558676,-73.8047853,서대문구,
2017,12,26,화요일,18,경상사고,0,0,3,0,54,남,15년이상,,승용,비사업용,승용,진입회전사고,맑음,출퇴근,차대차,측면직각충돌,교차로운행방법위반,특별광역시도,신촌역교차로,40.7558676,-73.8047853,서대문구,
2017,12,26,화요일,19,중상사고,0,1,0,0,77,남,15년이상,,승용,사업용,보행자,보행횡단사고,맑음,출퇴근,차대사람,횡단중,안전운전불이행,특별광역시도,신촌역교차로,40.7558676,-73.8047853,서대문구,
2018,1,25,목요일,14,경상사고,0,0,1,0,66,남,15년이상,,승용,사업용,승용,진입회전사고,맑음,주간,차대차,측면직각충돌,안전운전불이행,특별광역시도,신촌역교차로,40.7558676,-73.8047853,서대문구,
2018,2,15,목요일,2,부상사고,0,0,0,1,62,남,15년이상,,승용,사업용,이륜,진입회전사고,맑음,심야,차대차,측면직각충돌,교차로운행방법위반,특별광역시도,신촌역교차로,40.7558676,-73.8047853,서대문구,
2018,4,25,수요일,1,경상사고,0,0,1,0,57,남,15년이상,,승합,비사업용,원동기,일직선사고,흐림,심야,차대차,추돌(진행중),안전운전불이행,특별광역시도,신촌역교차로,40.7558676,-73.8047853,서대문구,
2018,5,3,목요일,14,경상사고,0,0,1,0,76,여,15년이상,,승용,비사업용,승용,진입회전사고,비,주간,차대차,측면직각충돌,안전거리미확보,특별광역시도,신촌역교차로,40.7558676,-73.8047853,서대문구,
2018,5,30,수요일,16,경상사고,0,0,1,0,46,남,15년이상,,승합,사업용,승합,진입회전사고,맑음,주간,차대차,측면직각충돌,안전운전불이행,특별광역시도,신촌역교차로,40.7558676,-73.8047853,서대문구,
2018,6,21,목요일,10,경상사고,0,0,1,0,72,남,15년이상,,승용,사업용,승용,일직선사고,맑음,주간,차대차,추돌(진행중),교차로운행방법위반,특별광역시도,신촌역교차로,40.7558676,-73.8047853,서대문구,
2018,9,11,화요일,20,경상사고,0,0,1,1,58,남,15년이상,,승용,사업용,승용,기타사고,맑음,출퇴근,차대차,차대차-기타,직진우회전진행방해,특별광역시도,신촌역교차로,40.7558676,-73.8047853,서대문구,
2018,10,6,토요일,5,부상사고,0,0,0,1,48,남,15년이상,,화물,사업용,보행자,보행횡단사고,비,새벽,차대사람,횡단중,안전운전불이행,특별광역시도,신촌역교차로,40.7558676,-73.8047853,서대문구,
2018,10,21,일요일,10,경상사고,0,0,4,0,61,남,15년이상,,승용,사업용,승용,진입회전사고,맑음,주간,차대차,측면직각충돌,안전운전불이행,특별광역시도,신촌역교차로,40.7558676,-73.8047853,서대문구,
2018,10,25,목요일,20,경상사고,0,0,1,1,49,여,10년미만,,승용,비사업용,승용,진입회전사고,맑음,출퇴근,차대차,측면직각충돌,안전운전불이행,특별광역시도,신촌역교차로,40.7558676,-73.8047853,서대문구,
2018,11,22,목요일,9,경상사고,0,0,1,0,69,남,15년이상,,승용,사업용,화물,진입회전사고,맑음,주간,차대차,측면직각충돌,직진우회전진행방해,특별광역시도,신촌역교차로,40.7558676,-73.8047853,서대문구,
2018,12,1,토요일,9,경상사고,0,0,1,0,53,남,15년이상,,화물,사업용,화물,진입회전사고,맑음,주간,차대차,측면직각충돌,안전운전불이행,특별광역시도,신촌역교차로,40.7558676,-73.8047853,서대문구,
2018,12,10,월요일,14,경상사고,0,0,1,0,66,남,10년미만,,승용,사업용,승용,진입회전사고,맑음,주간,차대차,측면직각충돌,기타,특별광역시도,신촌역교차로,40.7558676,-73.8047853,서대문구,
2018,12,17,월요일,15,경상사고,0,0,1,0,65,남,15년이상,,화물,사업용,화물,진입회전사고,맑음,주간,차대차,측면직각충돌,신호위반,특별광역시도,신촌역교차로,40.7558676,-73.8047853,서대문구,
2019,2,21,목요일,12,경상사고,0,0,1,0,69,남,15년이상,,승용,사업용,원동기,일직선사고,맑음,주간,차대차,추돌(진행중),안전운전불이행,특별광역시도,신촌역교차로,40.7558676,-73.8047853,서대문구,
2019,3,5,화요일,1,경상사고,0,0,1,0,67,남,15년이상,,승용,사업용,승용,진입회전사고,맑음,심야,차대차,측면직각충돌,안전거리미확보,특별광역시도,신촌역교차로,40.7558676,-73.8047853,서대문구,
2019,3,12,화요일,13,경상사고,0,0,1,0,39,남,15년미만,,승합,비사업용,승합,일직선사고,맑음,주간,차대차,추돌(진행중),안전운전불이행,특별광역시도,신촌역교차로,40.7558676,-73.8047853,서대문구,
2019,3,22,금요일,18,경상사고,0,0,1,0,68,남,15년이상,,승용,비사업용,원동기,진입회전사고,맑음,출퇴근,차대차,측면직각충돌,직진우회전진행방해,특별광역시도,신촌역교차로,40.7558676,-73.8047853,서대문구,
2019,4,26,금요일,5,경상사고,0,0,1,0,67,남,15년이상,,승용,사업용,보행자,기타사고,비,새벽,차대사람,차대사람-기타,기타,특별광역시도,신촌역교차로,40.7558676,-73.8047853,서대문구,
2019,4,28,일요일,17,경상사고,0,0,2,0,60,남,15년이상,,승합,사업용,승합,기타사고,맑음,주간,차대차,차대차-기타,안전거리미확보,특별광역시도,신촌역교차로,40.7558676,-73.8047853,서대문구,
2019,5,30,목요일,2,경상사고,0,0,1,0,52,여,15년이상,,승용,비사업용,승용,일직선사고,맑음,심야,차대차,추돌(진행중),안전운전불이행,특별광역시도,신촌역교차로,40.7558676,-73.8047853,서대문구,
2019,7,22,월요일,5,경상사고,0,0,2,1,63,남,15년이상,,승용,사업용,승용,진입회전사고,흐림,새벽,차대차,측면직각충돌,직진우회전진행방해,특별광역시도,신촌역교차로,40.7558676,-73.8047853,서대문구,
2019,7,25,목요일,20,경상사고,0,0,1,0,45,남,15년이상,,승합,비사업용,보행자,진입회전사고,비,출퇴근,차대사람,횡단중,신호위반,특별광역시도,신촌역교차로,40.7558676,-73.8047853,서대문구,
2019,8,24,토요일,16,경상사고,0,0,1,0,27,남,15년미만,,승용,비사업용,승용,진입회전사고,맑음,주간,차대차,측면직각충돌,안전운전불이행,특별광역시도,신촌역교차로,40.7558676,-73.8047853,서대문구,
2019,8,26,월요일,19,부상사고,0,0,0,1,34,남,15년이상,,승용,비사업용,원동기,기타사고,맑음,출퇴근,차대차,차대차-기타,안전운전불이행,특별광역시도,신촌역교차로,40.7558676,-73.8047853,서대문구,
2019,9,2,월요일,8,경상사고,0,0,1,0,36,남,15년이상,,승용,비사업용,보행자,보행횡단사고,맑음,출퇴근,차대사람,횡단중,보행자보호의무위반,특별광역시도,신촌역교차로,40.7558676,-73.8047853,서대문구,
2019,9,12,목요일,22,중상사고,0,1,0,0,37,남,15년미만,,승합,비사업용,승합,진입회전사고,비,심야,차대차,측면직각충돌,교차로운행방법위반,특별광역시도,신촌역교차로,40.7558676,-73.8047853,서대문구,
2019,10,20,일요일,13,경상사고,0,0,2,0,44,남,15년이상,,승용,사업용,승용,일직선사고,맑음,주간,차대차,추돌(진행중),안전운전불이행,특별광역시도,신촌역교차로,40.7558676,-73.8047853,서대문구,
2019,10,2,수요일,23,경상사고,0,0,1,0,54,남,15년이상,,승용,사업용,이륜,일직선사고,비,심야,차대차,추돌(진행중),안전거리미확보,특별광역시도,신촌역교차로,40.7558676,-73.8047853,서대문구,
2019,11,15,금요일,20,경상사고,0,0,1,0,36,여,15년이상,,승용,비사업용,승용,진입회전사고,맑음,출퇴근,차대차,측면직각충돌,안전운전불이행,특별광역시도,신촌역교차로,40.7558676,-73.8047853,서대문구,
2017,2,18,토요일,5,경상사고,0,0,1,1,62,남,15년이상,,승용,사업용,이륜,진입회전사고,맑음,새벽,차대차,측면직각충돌,신호위반,특별광역시도,연대공학원부근,37.5608403,126.9354738,서대문구,
2017,5,8,월요일,8,중상사고,0,1,0,0,48,남,15년이상,,승합,사업용,보행자,기타사고,맑음,출퇴근,차대사람,차대사람-기타,안전운전불이행,특별광역시도,연대공학원부근,37.5608403,126.9354738,서대문구,
2017,6,28,수요일,14,중상사고,0,1,6,0,63,남,15년이상,,승용,사업용,승합,진입회전사고,맑음,주간,차대차,측면직각충돌,안전운전불이행,특별광역시도,연대공학원부근,37.5608403,126.9354738,서대문구,
2017,11,23,목요일,13,경상사고,0,0,5,0,64,남,15년이상,,승용,사업용,승합,진입회전사고,맑음,주간,차대차,측면직각충돌,신호위반,특별광역시도,연대공학원부근,37.5608403,126.9354738,서대문구,
2017,12,25,월요일,13,경상사고,0,0,1,0,49,여,15년이상,,승용,비사업용,보행자,진입회전사고,맑음,주간,차대사람,횡단중,신호위반,특별광역시도,연대공학원부근,37.5608403,126.9354738,서대문구,
2018,3,20,화요일,9,경상사고,0,0,1,0,58,남,15년이상,,화물,비사업용,보행자,보행횡단사고,흐림,주간,차대사람,횡단중,안전운전불이행,특별광역시도,연대공학원부근,37.5608403,126.9354738,서대문구,
2018,4,29,일요일,20,부상사고,0,0,0,2,77,남,15년이상,,승합,사업용,승합,진입회전사고,맑음,출퇴근,차대차,측면직각충돌,신호위반,특별광역시도,연대공학원부근,37.5608403,126.9354738,서대문구,
2018,5,19,토요일,2,경상사고,0,0,1,0,61,여,15년이상,,이륜,기타,자전거,진입회전사고,맑음,심야,차대차,측면직각충돌,신호위반,특별광역시도,연대공학원부근,37.5608403,126.9354738,서대문구,
2018,7,14,토요일,10,경상사고,0,0,1,0,78,남,15년이상,,승용,사업용,승용,진입회전사고,맑음,주간,차대차,측면직각충돌,안전운전불이행,특별광역시도,연대공학원부근,37.5608403,126.9354738,서대문구,
2018,9,22,토요일,1,경상사고,0,0,1,1,57,남,15년미만,,승용,사업용,승용,진입회전사고,맑음,심야,차대차,측면직각충돌,차로위반,특별광역시도,연대공학원부근,37.5608403,126.9354738,서대문구,
2018,10,6,토요일,12,중상사고,0,1,0,0,56,남,15년이상,,승용,사업용,보행자,보행횡단사고,비,주간,차대사람,횡단중,안전운전불이행,특별광역시도,연대공학원부근,37.5608403,126.9354738,서대문구,
2018,10,4,목요일,14,경상사고,0,0,1,0,60,남,15년이상,,승용,비사업용,이륜,진입회전사고,맑음,주간,차대차,측면직각충돌,안전운전불이행,특별광역시도,연대공학원부근,37.5608403,126.9354738,서대문구,
2018,12,22,토요일,10,중상사고,0,1,0,0,48,남,15년이상,,승합,사업용,기타,기타사고,맑음,주간,차량단독,차량단독-기타,안전운전불이행,특별광역시도,연대공학원부근,37.5608403,126.9354738,서대문구,
2019,1,10,목요일,0,경상사고,0,0,1,0,50,남,15년이상,,승용,사업용,승용,진입회전사고,맑음,심야,차대차,측면직각충돌,안전운전불이행,특별광역시도,연대공학원부근,37.5608403,126.9354738,서대문구,
2019,1,2,수요일,14,경상사고,0,0,1,0,50,남,15년이상,,승용,비사업용,승합,진입회전사고,맑음,주간,차대차,측면직각충돌,신호위반,특별광역시도,연대공학원부근,37.5608403,126.9354738,서대문구,
2019,1,15,화요일,17,부상사고,0,0,0,1,51,남,15년이상,,승용,비사업용,승합,진입회전사고,맑음,주간,차대차,측면직각충돌,신호위반,특별광역시도,연대공학원부근,37.5608403,126.9354738,서대문구,
2019,3,27,수요일,22,경상사고,0,0,1,0,66,남,15년이상,,승용,비사업용,승합,진입회전사고,맑음,심야,차대차,측면직각충돌,신호위반,특별광역시도,연대공학원부근,37.5608403,126.9354738,서대문구,
2019,5,9,목요일,9,경상사고,0,0,1,0,55,남,15년이상,,승합,사업용,보행자,기타사고,맑음,주간,차대사람,차대사람-기타,기타,특별광역시도,연대공학원부근,37.5608403,126.9354738,서대문구,
2019,5,1,수요일,17,부상사고,0,0,0,1,78,남,15년이상,,승용,사업용,승용,기타사고,맑음,주간,차대차,차대차-기타,차로위반,특별광역시도,연대공학원부근,37.5608403,126.9354738,서대문구,
2019,6,27,목요일,21,부상사고,0,0,0,1,76,남,15년이상,,승용,사업용,원동기,기타사고,맑음,심야,차대차,차대차-기타,안전거리미확보,특별광역시도,연대공학원부근,37.5608403,126.9354738,서대문구,
2019,7,26,금요일,14,경상사고,0,0,1,0,65,남,15년이상,,승용,사업용,승용,진입회전사고,비,주간,차대차,측면직각충돌,안전거리미확보,특별광역시도,연대공학원부근,37.5608403,126.9354738,서대문구,
2019,7,3,수요일,22,경상사고,0,0,1,0,52,여,10년미만,,승용,비사업용,승합,진입회전사고,맑음,심야,차대차,차대차-기타,신호위반,특별광역시도,연대공학원부근,37.5608403,126.9354738,서대문구,
2019,8,15,목요일,15,경상사고,0,0,1,0,78,남,15년이상,,승용,사업용,보행자,진입회전사고,비,주간,차대사람,횡단중,신호위반,특별광역시도,연대공학원부근,37.5608403,126.9354738,서대문구,
2019,11,18,월요일,6,중상사고,0,1,0,0,82,남,15년이상,,승용,비사업용,보행자,진입회전사고,흐림,새벽,차대사람,횡단중,신호위반,특별광역시도,연대공학원부근,37.5608403,126.9354738,서대문구,
2019,12,10,화요일,18,경상사고,0,0,1,0,60,남,15년이상,,승합,사업용,승합,진입회전사고,흐림,출퇴근,차대차,측면직각충돌,신호위반,특별광역시도,연대공학원부근,37.5608403,126.9354738,서대문구,
2017,1,8,일요일,9,경상사고,0,0,2,0,51,남,15년미만,,승용,사업용,승용,진입회전사고,맑음,주간,차대차,측면직각충돌,안전운전불이행,특별광역시도,연세대앞,37.565784,126.938572,서대문구,
2017,3,2,목요일,5,경상사고,0,0,2,0,68,남,15년이상,,승용,사업용,승합,진입회전사고,맑음,새벽,차대차,측면직각충돌,신호위반,특별광역시도,연세대앞,37.565784,126.938572,서대문구,
2017,4,1,토요일,23,중상사고,0,1,0,0,54,남,15년이상,,승용,사업용,승용,일직선사고,흐림,심야,차대차,추돌(진행중),안전운전불이행,특별광역시도,연세대앞,37.565784,126.938572,서대문구,