년도,월,일,요일,시각,사고등급,사망자수,중상자수,경상자수,부상자수,연령,성별,경력,음주,종별,용도,관련자2,사고형태,기상상태,일광상태,사고유형1,사고유형2,법규위반,도로종류,지점명,위도,경도,자치구,
2017,7,23,일요일,16,경상사고,0,0,2,0,35,남,15년이상,,승용,비사업용,승용,기타사고,맑음,주간,차대차,차대차-기타,안전운전불이행,특별광역시도,연세대앞,37.565784,126.938572,서대문구,
2017,9,13,수요일,8,경상사고,0,0,1,0,59,남,15년이상,,승용,비사업용,원동기,진입회전사고,맑음,출퇴근,차대차,측면직각충돌,안전운전불이행,특별광역시도,연세대앞,37.565784,126.938572,서대문구,
2017,9,26,화요일,10,중상사고,0,1,0,0,55,남,15년이상,,승용,사업용,보행자,기타사고,맑음,주간,차대사람,차대사람-기타,안전운전불이행,특별광역시도,연세대앞,37.565784,126.938572,서대문구,
2017,10,28,토요일,10,경상사고,0,0,1,0,48,여,15년이상,,승용,비사업용,이륜,진입회전사고,맑음,주간,차대차,측면직각충돌,안전운전불이행,특별광역시도,연세대앞,37.565784,126.938572,서대문구,
2018,1,10,수요일,15,경상사고,0,0,1,0,37,남,15년이상,,승합,사업용,이륜,진입회전사고,맑음,주간,차대차,측면직각충돌,안전운전불이행,특별광역시도,연세대앞,37.565784,126.938572,서대문구,
2018,1,24,수요일,20,중상사고,0,1,3,1,48,남,15년이상,,승합,사업용,보행자,기타사고,맑음,출퇴근,차대사람,차대사람-기타,안전운전불이행,특별광역시도,연세대앞,37.565784,126.938572,서대문구,
2018,2,3,토요일,15,경상사고,0,0,2,0,48,남,15년이상,,승용,비사업용,이륜,일직선사고,맑음,주간,차대차,추돌(진행중),안전운전불이행,특별광역시도,연세대앞,37.565784,126.938572,서대문구,
2018,3,24,토요일,13,중상사고,0,2,0,0,59,남,15년이상,,승합,사업용,보행자,보행횡단사고,맑음,주간,차대사람,횡단중,안전운전불이행,특별광역시도,연세대앞,37.565784,126.938572,서대문구,
2018,4,25,수요일,16,경상사고,0,0,1,0,35,여,15년미만,,승용,비사업용,이륜,진입회전사고,맑음,주간,차대차,측면직각충돌,안전운전불이행,특별광역시도,연세대앞,37.565784,126.938572,서대문구,
2018,5,27,일요일,3,경상사고,0,0,3,0,53,남,15년이상,,승용,사업용,승용,일직선사고,맑음,심야,차대차,추돌(진행중),안전운전불이행,특별광역시도,연세대앞,37.565784,126.938572,서대문구,
2018,8,10,금요일,19,경상사고,0,0,1,0,33,남,15년미만,,승용,비사업용,승용,일직선사고,맑음,출퇴근,차대차,추돌(진행중),안전운전불이행,특별광역시도,연세대앞,37.565784,126.938572,서대문구,
2018,8,25,토요일,20,중상사고,0,1,2,0,48,남,15년이상,,승용,비사업용,승용,진입회전사고,맑음,출퇴근,차대차,측면직각충돌,안전거리미확보,특별광역시도,연세대앞,37.565784,126.938572,서대문구,
2018,9,13,목요일,22,중상사고,0,1,0,0,49,남,15년이상,,승합,사업용,보행자,보행횡단사고,맑음,심야,차대사람,횡단중,안전운전불이행,특별광역시도,연세대앞,37.565784,126.938572,서대문구,
2018,12,18,화요일,5,중상사고,0,1,1,0,58,남,15년이상,,승합,사업용,승합,일직선사고,맑음,새벽,차대차,추돌(진행중),안전운전불이행,특별광역시도,연세대앞,37.565784,126.938572,서대문구,
2019,3,1,금요일,18,경상사고,0,0,1,0,69,남,15년이상,,승용,비사업용,승용,진입회전사고,맑음,출퇴근,차대차,측면직각충돌,안전거리미확보,특별광역시도,연세대앞,37.565784,126.938572,서대문구,
2019,9,18,수요일,14,경상사고,0,0,1,0,71,남,15년이상,,승용,사업용,기타,일직선사고,맑음,주간,차대차,추돌(진행중),안전운전불이행,특별광역시도,연세대앞,37.565784,126.938572,서대문구,
2017,4,26,수요일,16,경상사고,0,0,1,0,불명,불명,데이터오류,,기타,데이터오류,기타,진입회전사고,맑음,주간,차대사람,차대사람-기타,신호위반,특별광역시도,연세대재활학교앞,37.562941,126.931915,서대문구,
2018,1,24,수요일,11,경상사고,0,0,2,0,68,남,15년이상,,승용,사업용,승용,일직선사고,맑음,주간,차대차,추돌(진행중),안전운전불이행,특별광역시도,연세대재활학교앞,37.562941,126.931915,서대문구,
2018,3,19,월요일,18,중상사고,0,1,0,0,불명,불명,데이터오류,,기타,기타,기타,일직선사고,맑음,출퇴근,차대차,추돌(진행중),안전운전불이행,특별광역시도,연세대재활학교앞,37.562941,126.931915,서대문구,
2018,4,3,화요일,23,경상사고,0,0,2,0,50,남,15년이상,0,승용,비사업용,승용,일직선사고,비,심야,차대차,추돌(진행중),안전운전불이행,특별광역시도,연세대재활학교앞,37.562941,126.931915,서대문구,
2018,6,3,일요일,8,중상사고,0,2,0,0,33,남,15년이상,,자전거,기타,보행자,기타사고,맑음,출퇴근,차대사람,길가장자리구역통행중,안전운전불이행,특별광역시도,연세대재활학교앞,37.562941,126.931915,서대문구,
2018,6,11,월요일,16,중상사고,0,1,0,0,33,남,15년이상,,승합,사업용,보행자,보행횡단사고,흐림,주간,차대사람,횡단중,안전운전불이행,특별광역시도,연세대재활학교앞,37.562941,126.931915,서대문구,
2018,8,13,월요일,10,경상사고,0,0,1,0,72,남,10년미만,,승용,사업용,승용,일직선사고,맑음,주간,차대차,추돌(진행중),안전운전불이행,특별광역시도,연세대재활학교앞,37.562941,126.931915,서대문구,
2018,11,30,금요일,17,중상사고,0,1,0,0,41,남,15년이상,,승합,사업용,보행자,보행횡단사고,맑음,주간,차대사람,횡단중,안전운전불이행,특별광역시도,연세대재활학교앞,37.562941,126.931915,서대문구,
2019,2,21,목요일,12,중상사고,0,1,0,0,57,남,15년이상,,승합,사업용,기타,기타사고,맑음,주간,차량단독,차량단독-기타,안전운전불이행,특별광역시도,연세대재활학교앞,37.562941,126.931915,서대문구,
2019,4,14,일요일,13,중상사고,0,1,0,0,65,남,15년이상,,승용,사업용,기타,기타사고,맑음,주간,차량단독,차량단독-기타,안전운전불이행,특별광역시도,연세대재활학교앞,37.562941,126.931915,서대문구,
2019,5,18,토요일,2,중상사고,0,1,0,0,26,남,15년이상,,승용,비사업용,보행자,보행횡단사고,맑음,심야,차대사람,횡단중,안전운전불이행,특별광역시도,연세대재활학교앞,37.562941,126.931915,서대문구,
2019,5,4,토요일,5,경상사고,0,0,1,0,61,남,15년이상,,승용,사업용,승용,일직선사고,맑음,새벽,차대차,추돌(진행중),안전운전불이행,특별광역시도,연세대재활학교앞,37.562941,126.931915,서대문구,
2019,6,16,일요일,14,경상사고,0,0,1,0,48,남,15년이상,,승합,사업용,승합,일직선사고,맑음,주간,차대차,차대차-기타,중앙선침범,특별광역시도,연세대재활학교앞,37.562941,126.931915,서대문구,
2019,8,28,수요일,8,중상사고,0,1,0,0,22,남,10년미만,,이륜,데이터오류,보행자,진입회전사고,맑음,출퇴근,차대사람,횡단중,신호위반,특별광역시도,연세대재활학교앞,37.562941,126.931915,서대문구,
2019,9,19,목요일,21,경상사고,0,0,1,0,29,남,15년이상,,원동기,데이터오류,자전거,진입회전사고,맑음,심야,차대차,차대차-기타,신호위반,특별광역시도,연세대재활학교앞,37.562941,126.931915,서대문구,
2019,11,21,목요일,2,경상사고,0,0,1,0,30,남,5년미만,0,승용,비사업용,승용,일직선사고,맑음,심야,차대차,추돌(진행중),안전운전불이행,특별광역시도,연세대재활학교앞,37.562941,126.931915,서대문구,
2019,11,21,목요일,13,경상사고,0,0,1,0,40,남,15년이상,,승용,사업용,이륜,진입회전사고,맑음,주간,차대차,측면직각충돌,안전운전불이행,특별광역시도,연세대재활학교앞,37.562941,126.931915,서대문구,
2019,12,31,화요일,2,중상사고,0,1,0,0,44,남,15년이상,,승용,비사업용,보행자,기타사고,맑음,심야,차대사람,차도통행중,안전운전불이행,특별광역시도,연세대재활학교앞,37.562941,126.931915,서대문구,
2017,1,17,화요일,17,경상사고,0,0,1,0,50,남,15년이상,,승합,사업용,승합,진입회전사고,맑음,주간,차대차,측면직각충돌,안전거리미확보,특별광역시도,연희동136-8번지사거리,37.5668137,126.9311873,서대문구,
2017,2,7,화요일,9,부상사고,0,0,0,1,36,남,15년이상,,화물,비사업용,보행자,기타사고,맑음,주간,차대사람,차대사람-기타,보행자보호의무위반,특별광역시도,연희동136-8번지사거리,37.5668137,126.9311873,서대문구,
2017,5,6,토요일,11,경상사고,0,0,3,0,67,남,15년이상,,승용,사업용,승용,진입회전사고,맑음,주간,차대차,측면직각충돌,안전운전불이행,특별광역시도,연희동136-8번지사거리,37.5668137,126.9311873,서대문구,
2017,5,25,목요일,17,중상사고,0,1,1,0,62,남,15년이상,,승용,사업용,원동기,진입회전사고,맑음,주간,차대차,측면직각충돌,안전운전불이행,특별광역시도,연희동136-8번지사거리,37.5668137,126.9311873,서대문구,
2017,6,18,일요일,13,경상사고,0,0,2,0,67,남,15년이상,,승용,사업용,승용,진입회전사고,맑음,주간,차대차,측면직각충돌,신호위반,특별광역시도,연희동136-8번지사거리,37.5668137,126.9311873,서대문구,
2017,7,19,수요일,19,부상사고,0,0,0,1,34,남,10년미만,,승합,사업용,보행자,기타사고,맑음,출퇴근,차대사람,차대사람-기타,안전운전불이행,특별광역시도,연희동136-8번지사거리,37.5668137,126.9311873,서대문구,
2017,10,22,일요일,0,중상사고,0,1,0,0,18,남,2년미만,,이륜,기타,이륜,진입회전사고,맑음,심야,차대차,차대차-기타,신호위반,특별광역시도,연희동136-8번지사거리,37.5668137,126.9311873,서대문구,
2017,10,22,일요일,11,경상사고,0,0,1,0,56,여,15년이상,,승용,비사업용,승용,주정차사고,맑음,주간,차대차,추돌(주정차중),안전운전불이행,기타,연희동136-8번지사거리,37.5668137,126.9311873,서대문구,
2018,2,8,목요일,22,경상사고,0,0,1,0,53,남,15년이상,,승용,사업용,승용,진입회전사고,맑음,심야,차대차,측면직각충돌,안전거리미확보,특별광역시도,연희동136-8번지사거리,37.5668137,126.9311873,서대문구,
2018,5,19,토요일,23,부상사고,0,0,0,1,54,남,15년이상,,승합,사업용,원동기,진입회전사고,흐림,심야,차대차,측면직각충돌,신호위반,특별광역시도,연희동136-8번지사거리,37.5668137,126.9311873,서대문구,
2018,8,21,화요일,1,경상사고,0,0,1,0,69,남,15년이상,,승용,사업용,이륜,진입회전사고,흐림,심야,차대차,측면직각충돌,안전거리미확보,특별광역시도,연희동136-8번지사거리,37.5668137,126.9311873,서대문구,
2018,8,5,일요일,15,경상사고,0,0,1,0,27,남,15년이상,,승용,비사업용,이륜,진입회전사고,맑음,주간,차대차,측면직각충돌,안전운전불이행,특별광역시도,연희동136-8번지사거리,37.5668137,126.9311873,서대문구,
2018,10,30,화요일,20,경상사고,0,0,1,1,41,남,15년이상,,승용,비사업용,원동기,기타사고,맑음,출퇴근,차대차,차대차-기타,안전운전불이행,특별광역시도,연희동136-8번지사거리,37.5668137,126.9311873,서대문구,
2018,11,8,목요일,4,경상사고,0,0,2,0,52,남,15년이상,,승용,사업용,기타,단독사고,비,심야,차량단독,공작물추돌,안전운전불이행,특별광역시도,연희동136-8번지사거리,37.5668137,126.9311873,서대문구,
2018,11,16,금요일,15,중상사고,0,1,0,0,54,여,15년이상,,승용,비사업용,이륜,진입회전사고,맑음,주간,차대차,측면직각충돌,교차로운행방법위반,특별광역시도,연희동136-8번지사거리,37.5668137,126.9311873,서대문구,
2018,11,14,수요일,23,경상사고,0,0,1,1,27,남,3년미만,,이륜,기타,기타,기타사고,맑음,심야,차량단독,차량단독-기타,안전운전불이행,특별광역시도,연희동136-8번지사거리,37.5668137,126.9311873,서대문구,
2019,1,2,수요일,16,경상사고,0,0,1,2,41,남,15년이상,,승합,비사업용,화물,일직선사고,맑음,주간,차대차,정면충돌,안전운전불이행,특별광역시도,연희동136-8번지사거리,37.5668137,126.9311873,서대문구,
2019,1,26,토요일,16,중상사고,0,1,0,0,62,남,15년이상,,승용,비사업용,보행자,보행횡단사고,맑음,주간,차대사람,횡단중,보행자보호의무위반,특별광역시도,연희동136-8번지사거리,37.5668137,126.9311873,서대문구,
2019,1,22,화요일,21,중상사고,0,1,0,1,19,남,15년이상,,원동기,데이터오류,보행자,보행횡단사고,흐림,심야,차대사람,횡단중,안전운전불이행,특별광역시도,연희동136-8번지사거리,37.5668137,126.9311873,서대문구,
2019,3,7,목요일,8,부상사고,0,0,0,1,43,여,10년미만,,승용,비사업용,승합,기타사고,맑음,출퇴근,차대차,차대차-기타,안전거리미확보,특별광역시도,연희동136-8번지사거리,37.5668137,126.9311873,서대문구,
2019,4,25,목요일,1,경상사고,0,0,1,0,65,남,15년이상,,승용,사업용,승용,기타사고,맑음,심야,차대차,차대차-기타,직진우회전진행방해,특별광역시도,연희동136-8번지사거리,37.5668137,126.9311873,서대문구,
2019,5,29,수요일,11,경상사고,0,0,1,1,44,남,15년이상,,승용,비사업용,승용,기타사고,맑음,주간,차대차,차대차-기타,안전운전불이행,특별광역시도,연희동136-8번지사거리,37.5668137,126.9311873,서대문구,
2019,5,1,수요일,12,부상사고,0,0,0,1,39,남,15년이상,,승용,비사업용,이륜,진입회전사고,맑음,주간,차대차,측면직각충돌,직진우회전진행방해,특별광역시도,연희동136-8번지사거리,37.5668137,126.9311873,서대문구,
2019,5,11,토요일,20,중상사고,0,1,0,0,31,여,10년미만,,승용,비사업용,승용,진입회전사고,맑음,출퇴근,차대차,측면직각충돌,안전운전불이행,특별광역시도,연희동136-8번지사거리,37.5668137,126.9311873,서대문구,
2019,6,26,수요일,17,경상사고,0,0,1,0,74,남,15년이상,,승용,비사업용,보행자,기타사고,맑음,주간,차대사람,차도통행중,안전운전불이행,특별광역시도,연희동136-8번지사거리,37.5668137,126.9311873,서대문구,
2019,9,10,화요일,9,중상사고,0,1,0,0,55,남,15년이상,,승합,사업용,기타,기타사고,맑음,주간,차량단독,차량단독-기타,안전운전불이행,특별광역시도,연희동136-8번지사거리,37.5668137,126.9311873,서대문구,
2019,10,28,월요일,20,경상사고,0,0,2,0,18,남,2년미만,,이륜,데이터오류,보행자,기타사고,비,출퇴근,차대사람,차대사람-기타,안전운전불이행,특별광역시도,연희동136-8번지사거리,37.5668137,126.9311873,서대문구,
2019,11,24,일요일,19,경상사고,0,0,1,0,42,남,15년이상,,승용,비사업용,보행자,보행횡단사고,맑음,출퇴근,차대사람,횡단중,보행자보호의무위반,특별광역시도,연희동136-8번지사거리,37.5668137,126.9311873,서대문구,
2017,1,7,토요일,0,경상사고,0,0,1,0,69,남,15년이상,,승용,사업용,원동기,일직선사고,흐림,심야,차대차,추돌(진행중),안전운전불이행,특별광역시도,연희동삼거리,37.5684782,126.9322239,서대문구,
2017,4,4,화요일,10,중상사고,0,1,0,0,65,남,15년이상,,승용,비사업용,승용,진입회전사고,맑음,주간,차대차,측면직각충돌,신호위반,특별광역시도,연희동삼거리,37.5684782,126.9322239,서대문구,
2017,4,10,월요일,17,중상사고,0,1,0,0,59,남,15년이상,,승용,사업용,이륜,진입회전사고,맑음,주간,차대차,측면직각충돌,안전운전불이행,특별광역시도,연희동삼거리,37.5684782,126.9322239,서대문구,
2017,8,10,목요일,8,중상사고,0,1,0,0,75,남,15년이상,,승용,비사업용,승용,기타사고,맑음,출퇴근,차대차,차대차-기타,안전운전불이행,특별광역시도,연희동삼거리,37.5684782,126.9322239,서대문구,
2017,8,21,월요일,8,경상사고,0,0,1,0,70,남,15년이상,,승용,비사업용,승합,기타사고,맑음,출퇴근,차대차,차대차-기타,데이터없음,특별광역시도,연희동삼거리,37.5684782,126.9322239,서대문구,
2017,8,9,수요일,21,중상사고,0,1,0,0,55,여,15년이상,,승용,비사업용,보행자,진입회전사고,맑음,심야,차대사람,횡단중,신호위반,특별광역시도,연희동삼거리,37.5684782,126.9322239,서대문구,
2017,9,16,토요일,18,경상사고,0,0,1,0,67,남,15년이상,,승합,사업용,보행자,기타사고,맑음,출퇴근,차대사람,차대사람-기타,보행자보호의무위반,특별광역시도,연희동삼거리,37.5684782,126.9322239,서대문구,
2017,10,21,토요일,11,경상사고,0,0,1,0,43,여,15년이상,,승용,비사업용,승용,진입회전사고,맑음,주간,차대차,측면직각충돌,신호위반,특별광역시도,연희동삼거리,37.5684782,126.9322239,서대문구,
2017,11,27,월요일,22,경상사고,0,0,1,0,73,남,15년이상,,승용,사업용,승용,진입회전사고,맑음,심야,차대차,측면직각충돌,안전거리미확보,특별광역시도,연희동삼거리,37.5684782,126.9322239,서대문구,
2018,1,24,수요일,16,부상사고,0,0,0,1,64,남,15년이상,,승합,사업용,보행자,진입회전사고,맑음,주간,차대사람,횡단중,신호위반,특별광역시도,연희동삼거리,37.5684782,126.9322239,서대문구,
2018,2,27,화요일,19,경상사고,0,0,2,0,57,여,15년이상,,승용,비사업용,이륜,진입회전사고,맑음,출퇴근,차대차,측면직각충돌,안전운전불이행,특별광역시도,연희동삼거리,37.5684782,126.9322239,서대문구,
2018,4,23,월요일,22,중상사고,0,1,0,0,40,남,15년이상,,승합,사업용,기타,기타사고,맑음,심야,차량단독,차량단독-기타,안전운전불이행,특별광역시도,연희동삼거리,37.5684782,126.9322239,서대문구,
2018,8,30,목요일,17,경상사고,0,0,2,0,불명,불명,데이터오류,,기타,기타,기타,기타사고,맑음,주간,차대차,차대차-기타,안전운전불이행,특별광역시도,연희동삼거리,37.5684782,126.9322239,서대문구,
2018,10,19,금요일,0,경상사고,0,0,2,0,66,여,15년이상,,승용,사업용,승용,일직선사고,비,심야,차대차,추돌(진행중),안전운전불이행,특별광역시도,연희동삼거리,37.5684782,126.9322239,서대문구,
2018,10,21,일요일,14,경상사고,0,0,1,0,67,남,15년이상,,승용,사업용,보행자,보행횡단사고,맑음,주간,차대사람,횡단중,안전운전불이행,특별광역시도,연희동삼거리,37.5684782,126.9322239,서대문구,
2018,10,23,화요일,23,경상사고,0,0,1,0,31,여,15년미만,,승용,비사업용,보행자,기타사고,맑음,심야,차대사람,차대사람-기타,안전운전불이행,특별광역시도,연희동삼거리,37.5684782,126.9322239,서대문구,
2018,12,14,금요일,7,중상사고,0,1,0,0,45,남,15년이상,,승용,비사업용,자전거,진입회전사고,맑음,출퇴근,차대차,차대차-기타,신호위반,특별광역시도,연희동삼거리,37.5684782,126.9322239,서대문구,
2019,5,7,화요일,5,경상사고,0,0,1,0,79,남,15년이상,,승용,비사업용,승용,진입회전사고,맑음,새벽,차대차,측면직각충돌,신호위반,특별광역시도,연희동삼거리,37.5684782,126.9322239,서대문구,
2019,7,7,일요일,6,중상사고,0,1,0,0,25,여,10년미만,,승용,비사업용,승용,진입회전사고,맑음,새벽,차대차,측면직각충돌,신호위반,특별광역시도,연희동삼거리,37.5684782,126.9322239,서대문구,
2019,11,30,토요일,3,경상사고,0,0,1,0,70,남,15년미만,,승용,사업용,이륜,진입회전사고,맑음,심야,차대차,측면직각충돌,신호위반,특별광역시도,연희동삼거리,37.5684782,126.9322239,서대문구,
2019,11,2,토요일,22,중상사고,0,1,0,0,44,남,15년이상,,승용,비사업용,이륜,진입회전사고,흐림,심야,차대차,측면직각충돌,신호위반,특별광역시도,연희동삼거리,37.5684782,126.9322239,서대문구,
2019,12,13,금요일,21,경상사고,0,0,1,0,50,여,15년이상,,승용,비사업용,승용,진입회전사고,비,심야,차대차,측면직각충돌,신호위반,특별광역시도,연희동삼거리,37.5684782,126.9322239,서대문구,
2017,1,24,화요일,9,중상사고,0,1,2,0,27,남,2년미만,0,승용,비사업용,승용,일직선사고,맑음,주간,차대차,추돌(진행중),안전운전불이행,특별광역시도,연희동성당부근,37.5635621,126.9295577,서대문구,
2017,1,4,수요일,12,중상사고,0,1,0,0,43,여,15년미만,,승용,비사업용,이륜,진입회전사고,맑음,주간,차대차,측면직각충돌,신호위반,특별광역시도,연희동성당부근,37.5635621,126.9295577,서대문구,
2017,4,22,토요일,17,경상사고,0,0,4,0,29,여,3년미만,,승용,비사업용,승용,진입회전사고,맑음,주간,차대차,측면직각충돌,안전운전불이행,특별광역시도,연희동성당부근,37.5635621,126.9295577,서대문구,
2017,6,23,금요일,11,경상사고,0,0,2,0,22,남,4년미만,,승용,비사업용,원동기,진입회전사고,맑음,주간,차대차,측면직각충돌,신호위반,특별광역시도,연희동성당부근,37.5635621,126.9295577,서대문구,
2017,6,14,수요일,20,경상사고,0,0,1,0,42,여,15년미만,,승용,비사업용,이륜,진입회전사고,맑음,출퇴근,차대차,측면직각충돌,교차로운행방법위반,특별광역시도,연희동성당부근,37.5635621,126.9295577,서대문구,
2017,7,4,화요일,20,경상사고,0,0,2,0,35,남,15년이상,,승용,비사업용,승용,진입회전사고,맑음,출퇴근,차대차,측면직각충돌,안전운전불이행,특별광역시도,연희동성당부근,37.5635621,126.9295577,서대문구,
2017,10,18,수요일,0,경상사고,0,0,2,0,59,남,15년이상,,승용,사업용,승용,일직선사고,맑음,심야,차대차,추돌(진행중),안전운전불이행,특별광역시도,연희동성당부근,37.5635621,126.9295577,서대문구,
2018,2,23,금요일,9,중상사고,0,1,0,0,28,남,15년이상,,승용,사업용,보행자,보행횡단사고,맑음,주간,차대사람,횡단중,보행자보호의무위반,특별광역시도,연희동성당부근,37.5635621,126.9295577,서대문구,
2018,2,21,수요일,20,중상사고,0,1,0,1,18,남,15년이상,,원동기,기타,원동기,일직선사고,흐림,출퇴근,차대차,추돌(진행중),안전운전불이행,특별광역시도,연희동성당부근,37.5635621,126.9295577,서대문구,
2018,3,29,목요일,23,경상사고,0,0,2,0,40,남,15년이상,0,승용,비사업용,승용,일직선사고,맑음,심야,차대차,추돌(진행중),안전운전불이행,특별광역시도,연희동성당부근,37.5635621,126.9295577,서대문구,
2018,6,14,목요일,23,중상사고,0,1,0,0,46,남,15년이상,,승용,사업용,이륜,일직선사고,맑음,심야,차대차,차대차-기타,중앙선침범,특별광역시도,연희동성당부근,37.5635621,126.9295577,서대문구,
2018,7,30,월요일,10,중상사고,0,1,0,0,36,여,3년미만,,승용,비사업용,승용,진입회전사고,맑음,주간,차대차,측면직각충돌,안전운전불이행,특별광역시도,연희동성당부근,37.5635621,126.9295577,서대문구,
2018,9,14,금요일,12,경상사고,0,0,1,0,74,남,15년이상,,승용,사업용,이륜,일직선사고,흐림,주간,차대차,추돌(진행중),안전운전불이행,특별광역시도,연희동성당부근,37.5635621,126.9295577,서대문구,
2018,9,22,토요일,16,경상사고,0,0,1,0,46,여,15년이상,,승용,비사업용,이륜,일직선사고,맑음,주간,차대차,추돌(진행중),안전운전불이행,특별광역시도,연희동성당부근,37.5635621,126.9295577,서대문구,
2018,10,14,일요일,7,경상사고,0,0,5,0,61,남,15년이상,,승합,사업용,기타,단독사고,맑음,출퇴근,차량단독,공작물추돌,안전운전불이행,특별광역시도,연희동성당부근,37.5635621,126.9295577,서대문구,
2019,1,10,목요일,7,경상사고,0,0,1,0,64,남,15년이상,,건설기계,사업용,건설기계,진입회전사고,맑음,출퇴근,차대차,측면직각충돌,안전운전불이행,특별광역시도,연희동성당부근,37.5635621,126.9295577,서대문구,
2019,1,23,수요일,8,경상사고,0,0,2,0,36,남,15년이상,,승용,비사업용,보행자,기타사고,맑음,출퇴근,차대사람,차대사람-기타,기타,특별광역시도,연희동성당부근,37.5635621,126.9295577,서대문구,
2019,4,22,월요일,4,중상사고,0,1,1,0,62,남,15년이상,,승용,비사업용,승용,기타사고,맑음,심야,차대차,차대차-기타,안전운전불이행,특별광역시도,연희동성당부근,37.5635621,126.9295577,서대문구,
2019,7,17,수요일,12,중상사고,0,1,0,0,68,남,15년이상,,승용,비사업용,보행자,보행횡단사고,맑음,주간,차대사람,횡단중,안전운전불이행,특별광역시도,연희동성당부근,37.5635621,126.9295577,서대문구,
2019,12,5,목요일,20,중상사고,0,1,0,0,68,남,15년이상,,승용,사업용,이륜,기타사고,맑음,출퇴근,차대차,차대차-기타,안전거리미확보,특별광역시도,연희동성당부근,37.5635621,126.9295577,서대문구,
2017,7,12,수요일,4,경상사고,0,0,3,0,67,남,15년이상,,승용,사업용,승용,일직선사고,비,심야,차대차,추돌(진행중),안전운전불이행,특별광역시도,이대경영관부근,37.5618588,126.9468339,서대문구,
2017,8,16,수요일,16,중상사고,0,2,1,1,59,남,15년이상,,승용,비사업용,화물,일직선사고,맑음,주간,차대차,추돌(진행중),안전운전불이행,특별광역시도,이대경영관부근,37.5618588,126.9468339,서대문구,
2017,8,15,화요일,23,경상사고,0,0,1,1,49,남,15년이상,,승용,사업용,승합,진입회전사고,비,심야,차대차,측면직각충돌,신호위반,특별광역시도,이대경영관부근,37.5618588,126.9468339,서대문구,
2017,11,25,토요일,1,경상사고,0,0,1,0,62,남,15년이상,,승용,사업용,기타,단독사고,흐림,심야,차량단독,공작물추돌,안전운전불이행,특별광역시도,이대경영관부근,37.5618588,126.9468339,서대문구,
2018,1,26,금요일,15,중상사고,0,1,1,0,61,남,15년이상,,승용,사업용,승용,진입회전사고,맑음,주간,차대차,측면직각충돌,안전운전불이행,특별광역시도,이대경영관부근,37.5618588,126.9468339,서대문구,
2018,2,14,수요일,8,경상사고,0,0,1,0,55,남,15년이상,,승용,비사업용,승용,일직선사고,맑음,출퇴근,차대차,추돌(진행중),안전운전불이행,특별광역시도,이대경영관부근,37.5618588,126.9468339,서대문구,
2018,4,28,토요일,21,부상사고,0,0,0,1,42,남,15년이상,,승용,사업용,승합,진입회전사고,맑음,심야,차대차,측면직각충돌,신호위반,특별광역시도,이대경영관부근,37.5618588,126.9468339,서대문구,
2018,5,1,화요일,1,경상사고,0,0,2,1,67,남,15년이상,,승용,사업용,승합,진입회전사고,맑음,심야,차대차,측면직각충돌,신호위반,특별광역시도,이대경영관부근,37.5618588,126.9468339,서대문구,
2018,6,5,화요일,0,중상사고,0,1,3,0,61,남,15년이상,,승용,사업용,승합,진입회전사고,흐림,심야,차대차,측면직각충돌,신호위반,특별광역시도,이대경영관부근,37.5618588,126.9468339,서대문구,
2018,7,27,금요일,21,경상사고,0,0,1,0,59,남,15년이상,,승용,비사업용,보행자,기타사고,맑음,심야,차대사람,차대사람-기타,안전운전불이행,기타,이대경영관부근,37.5618588,126.9468339,서대문구,
2018,10,26,금요일,20,중상사고,0,1,0,0,51,남,15년이상,,승용,비사업용,원동기,기타사고,맑음,출퇴근,차대차,차대차-기타,안전운전불이행,특별광역시도,이대경영관부근,37.5618588,126.9468339,서대문구,
2018,12,30,일요일,7,중상사고,0,1,0,0,41,여,15년이상,,승용,비사업용,보행자,보행횡단사고,맑음,출퇴근,차대사람,보도통행중,보행자보호의무위반,특별광역시도,이대경영관부근,37.5618588,126.9468339,서대문구,
2019,2,28,목요일,13,경상사고,0,0,1,0,38,남,15년미만,,승용,비사업용,이륜,일직선사고,맑음,주간,차대차,추돌(진행중),안전운전불이행,특별광역시도,이대경영관부근,37.5618588,126.9468339,서대문구,
2019,4,19,금요일,10,중상사고,0,1,0,0,58,남,15년이상,,승합,사업용,이륜,진입회전사고,맑음,주간,차대차,측면직각충돌,신호위반,특별광역시도,이대경영관부근,37.5618588,126.9468339,서대문구,
2019,5,11,토요일,14,경상사고,0,0,1,0,불명,불명,데이터오류,,기타,데이터오류,기타,진입회전사고,맑음,주간,차대차,측면직각충돌,신호위반,특별광역시도,이대경영관부근,37.5618588,126.9468339,서대문구,
2019,6,27,목요일,12,부상사고,0,0,0,1,34,여,15년미만,,승용,비사업용,이륜,일직선사고,맑음,주간,차대차,추돌(진행중),안전운전불이행,특별광역시도,이대경영관부근,37.5618588,126.9468339,서대문구,
2019,7,30,화요일,15,경상사고,0,0,2,0,47,남,15년이상,,승용,비사업용,승용,진입회전사고,맑음,주간,차대차,측면직각충돌,안전거리미확보,특별광역시도,이대경영관부근,37.5618588,126.9468339,서대문구,