년도,월,일,요일,시각,사고등급,사망자수,중상자수,경상자수,부상자수,연령,성별,경력,음주,종별,용도,관련자2,사고형태,기상상태,일광상태,사고유형1,사고유형2,법규위반,도로종류,지점명,위도,경도,자치구,
2019,9,21,토요일,9,경상사고,0,0,1,0,74,남,15년이상,,승용,사업용,이륜,진입회전사고,맑음,주간,차대차,측면직각충돌,신호위반,특별광역시도,이대경영관부근,37.5618588,126.9468339,서대문구,
2017,9,1,금요일,17,경상사고,0,0,1,0,45,여,15년이상,,승용,비사업용,보행자,기타사고,맑음,주간,차대사람,차대사람-기타,안전운전불이행,특별광역시도,인왕시장삼거리,37.5858869,126.9466493,서대문구,
2018,2,23,금요일,13,경상사고,0,0,2,0,65,남,15년미만,,승용,비사업용,승용,일직선사고,맑음,주간,차대차,추돌(진행중),안전거리미확보,특별광역시도,인왕시장삼거리,37.5858869,126.9466493,서대문구,
2018,4,18,수요일,17,경상사고,0,0,1,0,53,남,15년미만,,승용,비사업용,보행자,보행횡단사고,맑음,주간,차대사람,횡단중,안전운전불이행,특별광역시도,인왕시장삼거리,37.5858869,126.9466493,서대문구,
2018,5,19,토요일,21,경상사고,0,0,1,0,56,남,15년이상,,승용,사업용,승용,일직선사고,맑음,심야,차대차,추돌(진행중),안전운전불이행,특별광역시도,인왕시장삼거리,37.5858869,126.9466493,서대문구,
2018,9,25,화요일,13,경상사고,0,0,1,0,58,남,15년이상,,승용,비사업용,승용,진입회전사고,맑음,주간,차대차,측면직각충돌,교차로운행방법위반,특별광역시도,인왕시장삼거리,37.5858869,126.9466493,서대문구,
2018,12,27,목요일,1,경상사고,0,0,1,0,79,남,15년이상,,승용,사업용,이륜,진입회전사고,맑음,심야,차대차,측면직각충돌,안전운전불이행,특별광역시도,인왕시장삼거리,37.5858869,126.9466493,서대문구,
2019,6,24,월요일,12,경상사고,0,0,1,0,52,남,15년이상,,승합,사업용,기타,기타사고,맑음,주간,차량단독,차량단독-기타,안전운전불이행,특별광역시도,인왕시장삼거리,37.5858869,126.9466493,서대문구,
2019,6,26,수요일,21,경상사고,0,0,1,0,25,남,10년미만,,승용,비사업용,승용,일직선사고,맑음,심야,차대차,추돌(진행중),안전운전불이행,특별광역시도,인왕시장삼거리,37.5858869,126.9466493,서대문구,
2019,10,7,월요일,9,경상사고,0,0,2,0,45,여,15년이상,,승용,비사업용,승용,진입회전사고,비,주간,차대차,측면직각충돌,안전운전불이행,특별광역시도,인왕시장삼거리,37.5858869,126.9466493,서대문구,
2019,11,1,금요일,12,중상사고,0,1,0,0,77,남,15년이상,,승합,사업용,기타,기타사고,맑음,주간,차량단독,차량단독-기타,안전운전불이행,특별광역시도,인왕시장삼거리,37.5858869,126.9466493,서대문구,
2017,3,14,화요일,21,중상사고,0,1,0,0,33,남,15년이상,,승용,비사업용,보행자,보행횡단사고,맑음,심야,차대사람,보도통행중,안전운전불이행,특별광역시도,인왕아파트앞삼거리,37.5851709,126.9490552,서대문구,
2017,6,18,일요일,0,경상사고,0,0,1,0,71,남,15년이상,,승합,사업용,이륜,진입회전사고,흐림,심야,차대차,측면직각충돌,신호위반,특별광역시도,인왕아파트앞삼거리,37.5851709,126.9490552,서대문구,
2017,7,1,토요일,12,경상사고,0,0,1,0,66,남,15년이상,,승용,사업용,원동기,진입회전사고,맑음,주간,차대차,측면직각충돌,안전운전불이행,특별광역시도,인왕아파트앞삼거리,37.5851709,126.9490552,서대문구,
2017,7,21,금요일,19,경상사고,0,0,1,0,47,남,15년이상,,승용,비사업용,승용,기타사고,맑음,출퇴근,차대차,차대차-기타,안전운전불이행,특별광역시도,인왕아파트앞삼거리,37.5851709,126.9490552,서대문구,
2017,8,10,목요일,8,중상사고,0,1,1,0,36,남,2년미만,,이륜,기타,보행자,보행횡단사고,비,출퇴근,차대사람,보도통행중,안전운전불이행,특별광역시도,인왕아파트앞삼거리,37.5851709,126.9490552,서대문구,
2017,12,4,월요일,16,경상사고,0,0,2,0,54,남,15년미만,0,승용,비사업용,승용,일직선사고,맑음,주간,차대차,추돌(진행중),안전운전불이행,특별광역시도,인왕아파트앞삼거리,37.5851709,126.9490552,서대문구,
2018,1,6,토요일,8,부상사고,0,0,0,1,46,남,15년이상,,화물,사업용,이륜,진입회전사고,맑음,출퇴근,차대차,측면직각충돌,안전거리미확보,특별광역시도,인왕아파트앞삼거리,37.5851709,126.9490552,서대문구,
2018,2,25,일요일,5,중상사고,0,1,0,0,58,남,15년이상,,승용,비사업용,승합,진입회전사고,맑음,새벽,차대차,측면직각충돌,신호위반,특별광역시도,인왕아파트앞삼거리,37.5851709,126.9490552,서대문구,
2018,2,23,금요일,18,경상사고,0,0,1,0,30,남,15년미만,,승용,비사업용,승용,진입회전사고,맑음,출퇴근,차대차,측면직각충돌,안전거리미확보,특별광역시도,인왕아파트앞삼거리,37.5851709,126.9490552,서대문구,
2018,3,16,금요일,13,중상사고,0,1,0,0,49,남,10년미만,,화물,사업용,화물,진입회전사고,맑음,주간,차대차,측면직각충돌,교차로운행방법위반,특별광역시도,인왕아파트앞삼거리,37.5851709,126.9490552,서대문구,
2018,4,2,월요일,17,경상사고,0,0,1,0,53,남,10년미만,,승용,비사업용,보행자,보행횡단사고,맑음,주간,차대사람,횡단중,보행자보호의무위반,특별광역시도,인왕아파트앞삼거리,37.5851709,126.9490552,서대문구,
2018,5,25,금요일,21,경상사고,0,0,1,0,47,여,15년이상,0,승용,비사업용,승용,진입회전사고,맑음,심야,차대차,측면직각충돌,중앙선침범,특별광역시도,인왕아파트앞삼거리,37.5851709,126.9490552,서대문구,
2018,9,13,목요일,12,경상사고,0,0,1,0,20,남,15년이상,,승용,비사업용,보행자,기타사고,맑음,주간,차대사람,차도통행중,안전운전불이행,특별광역시도,인왕아파트앞삼거리,37.5851709,126.9490552,서대문구,
2018,10,30,화요일,17,중상사고,0,1,0,0,47,남,15년이상,,승합,사업용,기타,기타사고,맑음,주간,차량단독,차량단독-기타,안전운전불이행,특별광역시도,인왕아파트앞삼거리,37.5851709,126.9490552,서대문구,
2018,11,15,목요일,14,중상사고,0,1,0,0,53,남,15년이상,,화물,사업용,이륜,진입회전사고,맑음,주간,차대차,측면직각충돌,교차로운행방법위반,특별광역시도,인왕아파트앞삼거리,37.5851709,126.9490552,서대문구,
2018,11,16,금요일,22,경상사고,0,0,2,0,57,남,15년이상,,승용,비사업용,승용,진입회전사고,맑음,심야,차대차,측면직각충돌,기타,특별광역시도,인왕아파트앞삼거리,37.5851709,126.9490552,서대문구,
2019,1,15,화요일,16,경상사고,0,0,2,0,64,남,15년이상,,승합,사업용,승합,진입회전사고,맑음,주간,차대차,측면직각충돌,안전운전불이행,특별광역시도,인왕아파트앞삼거리,37.5851709,126.9490552,서대문구,
2019,5,31,금요일,11,중상사고,0,1,0,0,57,남,15년이상,,승합,비사업용,자전거,일직선사고,맑음,주간,차대차,추돌(진행중),안전운전불이행,특별광역시도,인왕아파트앞삼거리,37.5851709,126.9490552,서대문구,
2019,5,11,토요일,12,경상사고,0,0,2,0,57,남,15년이상,,화물,비사업용,화물,기타사고,맑음,주간,차대차,차대차-기타,안전거리미확보,특별광역시도,인왕아파트앞삼거리,37.5851709,126.9490552,서대문구,
2019,7,27,토요일,10,중상사고,0,1,0,0,59,남,15년이상,,건설기계,사업용,보행자,보행횡단사고,맑음,주간,차대사람,횡단중,안전운전불이행,특별광역시도,인왕아파트앞삼거리,37.5851709,126.9490552,서대문구,
2019,7,24,수요일,14,경상사고,0,0,1,0,53,여,15년이상,,승용,사업용,보행자,진입회전사고,맑음,주간,차대사람,횡단중,신호위반,특별광역시도,인왕아파트앞삼거리,37.5851709,126.9490552,서대문구,
2019,9,14,토요일,14,경상사고,0,0,3,0,38,남,15년이상,,승용,비사업용,원동기,일직선사고,맑음,주간,차대차,추돌(진행중),안전운전불이행,특별광역시도,인왕아파트앞삼거리,37.5851709,126.9490552,서대문구,
2019,12,22,일요일,0,경상사고,0,0,1,0,59,남,15년이상,,승용,비사업용,이륜,진입회전사고,맑음,심야,차대차,추돌(진행중),신호위반,특별광역시도,인왕아파트앞삼거리,37.5851709,126.9490552,서대문구,
2017,1,10,화요일,13,경상사고,0,0,2,0,64,남,15년이상,,승용,사업용,원동기,진입회전사고,맑음,주간,차대차,측면직각충돌,안전운전불이행,특별광역시도,홍남교교차로,37.586186,126.946864,서대문구,
2017,1,21,토요일,17,경상사고,0,0,2,0,37,여,15년미만,,승용,비사업용,승용,일직선사고,눈,주간,차대차,추돌(진행중),안전운전불이행,특별광역시도,홍남교교차로,37.586186,126.946864,서대문구,
2017,4,24,월요일,10,중상사고,0,1,0,0,59,남,15년이상,,건설기계,비사업용,건설기계,일직선사고,맑음,주간,차대차,추돌(진행중),안전운전불이행,특별광역시도,홍남교교차로,37.586186,126.946864,서대문구,
2017,6,27,화요일,19,경상사고,0,0,1,0,불명,불명,데이터오류,,기타,데이터오류,기타,기타사고,맑음,출퇴근,차대사람,차대사람-기타,데이터없음,특별광역시도,홍남교교차로,37.586186,126.946864,서대문구,
2017,10,17,화요일,12,중상사고,0,2,0,0,52,여,15년이상,,승용,비사업용,이륜,일직선사고,맑음,주간,차대차,추돌(진행중),안전운전불이행,특별광역시도,홍남교교차로,37.586186,126.946864,서대문구,
2017,12,22,금요일,14,경상사고,0,0,1,0,78,남,15년이상,,승용,사업용,승용,기타사고,맑음,주간,차대차,차대차-기타,교차로운행방법위반,특별광역시도,홍남교교차로,37.586186,126.946864,서대문구,
2018,2,28,수요일,10,중상사고,0,1,0,0,65,남,15년이상,,승용,비사업용,이륜,진입회전사고,맑음,주간,차대차,측면직각충돌,기타,특별광역시도,홍남교교차로,37.586186,126.946864,서대문구,
2018,3,31,토요일,2,경상사고,0,0,1,0,56,남,15년이상,,승용,사업용,승용,일직선사고,맑음,심야,차대차,정면충돌,교차로운행방법위반,특별광역시도,홍남교교차로,37.586186,126.946864,서대문구,
2018,3,1,목요일,21,경상사고,0,0,1,0,82,남,15년이상,,승용,사업용,이륜,진입회전사고,맑음,심야,차대차,측면직각충돌,안전운전불이행,특별광역시도,홍남교교차로,37.586186,126.946864,서대문구,
2018,4,7,토요일,0,경상사고,0,0,1,1,44,남,15년이상,,승용,비사업용,승용,진입회전사고,흐림,심야,차대차,측면직각충돌,안전운전불이행,특별광역시도,홍남교교차로,37.586186,126.946864,서대문구,
2018,4,5,목요일,5,중상사고,0,1,0,0,73,남,15년이상,,이륜,기타,보행자,진입회전사고,비,새벽,차대사람,횡단중,신호위반,특별광역시도,홍남교교차로,37.586186,126.946864,서대문구,
2018,4,30,월요일,8,중상사고,0,1,0,0,57,남,15년이상,,승용,사업용,기타,기타사고,맑음,출퇴근,차량단독,차량단독-기타,안전운전불이행,특별광역시도,홍남교교차로,37.586186,126.946864,서대문구,
2018,7,7,토요일,9,경상사고,0,0,1,0,37,남,15년이상,,자전거,기타,보행자,기타사고,맑음,주간,차대사람,차도통행중,안전운전불이행,특별광역시도,홍남교교차로,37.586186,126.946864,서대문구,
2018,11,28,수요일,20,중상사고,0,1,0,0,53,남,15년이상,,화물,비사업용,보행자,보행횡단사고,맑음,출퇴근,차대사람,횡단중,안전운전불이행,특별광역시도,홍남교교차로,37.586186,126.946864,서대문구,
2018,12,3,월요일,17,부상사고,0,0,0,1,60,남,15년이상,,승용,비사업용,승용,진입회전사고,맑음,주간,차대차,측면직각충돌,안전운전불이행,특별광역시도,홍남교교차로,37.586186,126.946864,서대문구,
2019,4,23,화요일,21,중상사고,0,2,2,0,40,남,10년미만,0,승용,비사업용,화물,일직선사고,흐림,심야,차대차,추돌(진행중),안전운전불이행,특별광역시도,홍남교교차로,37.586186,126.946864,서대문구,
2019,5,20,월요일,16,중상사고,0,1,0,0,59,남,15년이상,,승합,사업용,이륜,진입회전사고,맑음,주간,차대차,측면직각충돌,안전운전불이행,특별광역시도,홍남교교차로,37.586186,126.946864,서대문구,
2017,1,8,일요일,0,경상사고,0,0,1,0,29,남,15년이상,0,승용,비사업용,승용,진입회전사고,맑음,심야,차대차,측면직각충돌,교차로운행방법위반,특별광역시도,홍연2교북단교차로,37.5778104,126.9308627,서대문구,
2017,2,4,토요일,12,경상사고,0,0,1,0,62,남,15년이상,,승용,사업용,이륜,진입회전사고,맑음,주간,차대차,측면직각충돌,신호위반,특별광역시도,홍연2교북단교차로,37.5778104,126.9308627,서대문구,
2017,5,3,수요일,20,경상사고,0,0,1,0,56,남,15년이상,,승용,사업용,이륜,진입회전사고,맑음,출퇴근,차대차,측면직각충돌,교차로운행방법위반,특별광역시도,홍연2교북단교차로,37.5778104,126.9308627,서대문구,
2017,6,23,금요일,14,중상사고,0,2,1,0,30,남,15년미만,,승용,비사업용,승합,기타사고,맑음,주간,차대차,차대차-기타,안전운전불이행,특별광역시도,홍연2교북단교차로,37.5778104,126.9308627,서대문구,
2017,6,3,토요일,18,중상사고,0,1,0,0,63,여,15년이상,,승용,비사업용,보행자,보행횡단사고,맑음,출퇴근,차대사람,횡단중,안전운전불이행,특별광역시도,홍연2교북단교차로,37.5778104,126.9308627,서대문구,
2017,8,10,목요일,10,부상사고,0,0,0,1,21,남,15년이상,,승용,비사업용,승합,일직선사고,흐림,주간,차대차,추돌(진행중),안전운전불이행,특별광역시도,홍연2교북단교차로,37.5778104,126.9308627,서대문구,
2017,8,18,금요일,12,경상사고,0,0,1,0,61,여,15년이상,,승용,비사업용,승용,기타사고,맑음,주간,차대차,차대차-기타,안전운전불이행,특별광역시도,홍연2교북단교차로,37.5778104,126.9308627,서대문구,
2018,3,19,월요일,10,경상사고,0,0,1,0,55,여,10년미만,,승용,사업용,승용,진입회전사고,맑음,주간,차대차,측면직각충돌,교차로운행방법위반,특별광역시도,홍연2교북단교차로,37.5778104,126.9308627,서대문구,
2018,6,5,화요일,15,중상사고,0,1,1,0,25,남,10년미만,,승용,비사업용,승용,일직선사고,맑음,주간,차대차,추돌(진행중),안전운전불이행,특별광역시도,홍연2교북단교차로,37.5778104,126.9308627,서대문구,
2018,8,9,목요일,7,중상사고,0,1,0,0,23,남,5년미만,,승용,사업용,승용,진입회전사고,맑음,출퇴근,차대차,측면직각충돌,안전운전불이행,특별광역시도,홍연2교북단교차로,37.5778104,126.9308627,서대문구,
2018,9,28,금요일,20,경상사고,0,0,1,0,66,남,15년이상,,승용,비사업용,승용,기타사고,맑음,출퇴근,차대차,차대차-기타,안전운전불이행,특별광역시도,홍연2교북단교차로,37.5778104,126.9308627,서대문구,
2018,10,29,월요일,20,중상사고,0,1,0,0,46,여,15년이상,,승용,비사업용,보행자,보행횡단사고,흐림,출퇴근,차대사람,횡단중,안전운전불이행,특별광역시도,홍연2교북단교차로,37.5778104,126.9308627,서대문구,
2018,12,12,수요일,10,부상사고,0,0,0,1,70,남,15년이상,,승용,사업용,승합,진입회전사고,맑음,주간,차대차,측면직각충돌,교차로운행방법위반,특별광역시도,홍연2교북단교차로,37.5778104,126.9308627,서대문구,
2019,1,5,토요일,18,경상사고,0,0,1,0,51,여,15년이상,,원동기,데이터오류,보행자,기타사고,맑음,출퇴근,차대사람,차대사람-기타,안전운전불이행,특별광역시도,홍연2교북단교차로,37.5778104,126.9308627,서대문구,
2019,4,27,토요일,5,경상사고,0,0,1,2,36,남,15년이상,0,승용,비사업용,기타,단독사고,맑음,새벽,차량단독,공작물추돌,안전운전불이행,특별광역시도,홍연2교북단교차로,37.5778104,126.9308627,서대문구,
2019,5,18,토요일,2,경상사고,0,0,1,0,25,남,10년미만,0,승용,비사업용,보행자,기타사고,맑음,심야,차대사람,차대사람-기타,안전운전불이행,특별광역시도,홍연2교북단교차로,37.5778104,126.9308627,서대문구,
2019,8,14,수요일,14,경상사고,0,0,1,0,38,여,10년미만,,승용,비사업용,승용,기타사고,맑음,주간,차대차,차대차-기타,교차로운행방법위반,특별광역시도,홍연2교북단교차로,37.5778104,126.9308627,서대문구,
2019,9,28,토요일,19,중상사고,0,1,0,0,55,남,15년이상,,승합,사업용,보행자,기타사고,맑음,출퇴근,차대사람,차대사람-기타,안전운전불이행,기타,홍연2교북단교차로,37.5778104,126.9308627,서대문구,
2019,10,17,목요일,2,중상사고,0,1,0,0,64,남,15년이상,,승용,사업용,이륜,진입회전사고,맑음,심야,차대차,추돌(진행중),신호위반,특별광역시도,홍연2교북단교차로,37.5778104,126.9308627,서대문구,
2017,1,5,목요일,23,경상사고,0,0,3,0,47,남,15년미만,,승용,비사업용,승용,기타사고,맑음,심야,차대차,차대차-기타,안전운전불이행,특별광역시도,홍은사거리,37.5913922,126.9414446,서대문구,
2017,2,12,일요일,20,부상사고,0,0,0,1,57,남,15년이상,,승합,사업용,원동기,진입회전사고,맑음,출퇴근,차대차,측면직각충돌,신호위반,특별광역시도,홍은사거리,37.5913922,126.9414446,서대문구,
2017,5,26,금요일,16,중상사고,0,2,4,0,19,남,2년미만,,승용,비사업용,승용,일직선사고,맑음,주간,차대차,추돌(진행중),안전운전불이행,특별광역시도,홍은사거리,37.5913922,126.9414446,서대문구,
2017,6,7,수요일,10,경상사고,0,0,1,0,35,여,1년미만,,승용,비사업용,승용,진입회전사고,맑음,주간,차대차,측면직각충돌,안전운전불이행,특별광역시도,홍은사거리,37.5913922,126.9414446,서대문구,
2017,6,19,월요일,14,중상사고,0,1,0,0,56,남,10년미만,,승용,비사업용,화물,기타사고,맑음,주간,차대차,차대차-기타,안전운전불이행,특별광역시도,홍은사거리,37.5913922,126.9414446,서대문구,
2017,7,16,일요일,23,경상사고,0,0,1,0,79,남,15년이상,,승용,사업용,승용,기타사고,맑음,심야,차대차,차대차-기타,교차로운행방법위반,특별광역시도,홍은사거리,37.5913922,126.9414446,서대문구,
2017,8,8,화요일,14,중상사고,0,1,0,0,41,남,15년이상,,승합,사업용,기타,기타사고,맑음,주간,차량단독,차량단독-기타,데이터없음,특별광역시도,홍은사거리,37.5913922,126.9414446,서대문구,
2017,8,27,일요일,23,경상사고,0,0,1,1,50,남,15년이상,,승용,사업용,승용,일직선사고,맑음,심야,차대차,추돌(진행중),안전운전불이행,특별광역시도,홍은사거리,37.5913922,126.9414446,서대문구,
2017,9,11,월요일,2,중상사고,0,1,0,0,35,여,4년미만,,승용,비사업용,승용,진입회전사고,비,심야,차대차,측면직각충돌,신호위반,특별광역시도,홍은사거리,37.5913922,126.9414446,서대문구,
2017,9,21,목요일,23,경상사고,0,0,1,0,29,여,5년미만,,승용,비사업용,승용,진입회전사고,맑음,심야,차대차,측면직각충돌,교차로운행방법위반,특별광역시도,홍은사거리,37.5913922,126.9414446,서대문구,
2017,10,29,일요일,17,경상사고,0,0,1,0,71,남,15년이상,,승용,비사업용,승용,기타사고,맑음,주간,차대차,차대차-기타,안전운전불이행,특별광역시도,홍은사거리,37.5913922,126.9414446,서대문구,
2017,12,21,목요일,17,경상사고,0,0,1,0,55,남,15년이상,,화물,사업용,화물,일직선사고,맑음,주간,차대차,추돌(진행중),안전거리미확보,특별광역시도,홍은사거리,37.5913922,126.9414446,서대문구,
2018,1,24,수요일,10,경상사고,0,0,1,0,51,남,15년미만,,이륜,기타,보행자,보행횡단사고,맑음,주간,차대사람,보도통행중,기타,특별광역시도,홍은사거리,37.5913922,126.9414446,서대문구,
2018,1,2,화요일,11,중상사고,0,1,0,0,63,남,15년이상,,승합,사업용,보행자,보행횡단사고,맑음,주간,차대사람,횡단중,안전운전불이행,특별광역시도,홍은사거리,37.5913922,126.9414446,서대문구,
2018,1,30,화요일,22,중상사고,0,1,0,1,55,남,15년이상,,승용,비사업용,승용,일직선사고,맑음,심야,차대차,추돌(진행중),안전운전불이행,특별광역시도,홍은사거리,37.5913922,126.9414446,서대문구,
2018,2,7,수요일,1,경상사고,0,0,1,0,58,남,15년미만,,승용,사업용,화물,일직선사고,흐림,심야,차대차,추돌(진행중),안전운전불이행,특별광역시도,홍은사거리,37.5913922,126.9414446,서대문구,
2018,2,20,화요일,16,경상사고,0,0,1,0,66,남,15년이상,,승합,사업용,승합,진입회전사고,맑음,주간,차대차,측면직각충돌,신호위반,특별광역시도,홍은사거리,37.5913922,126.9414446,서대문구,
2018,4,20,금요일,3,중상사고,0,2,0,0,39,남,15년이상,,승용,비사업용,승용,진입회전사고,흐림,심야,차대차,측면직각충돌,신호위반,특별광역시도,홍은사거리,37.5913922,126.9414446,서대문구,
2018,4,25,수요일,3,경상사고,0,0,1,0,30,여,15년미만,,승용,비사업용,승용,진입회전사고,맑음,심야,차대차,측면직각충돌,교차로운행방법위반,특별광역시도,홍은사거리,37.5913922,126.9414446,서대문구,
2018,4,30,월요일,16,중상사고,0,1,0,0,50,남,15년이상,,승합,사업용,기타,기타사고,맑음,주간,차량단독,차량단독-기타,기타,특별광역시도,홍은사거리,37.5913922,126.9414446,서대문구,
2018,4,30,월요일,23,중상사고,0,1,0,0,40,여,15년이상,,승용,비사업용,보행자,기타사고,맑음,심야,차대사람,차도통행중,안전운전불이행,특별광역시도,홍은사거리,37.5913922,126.9414446,서대문구,
2018,5,10,목요일,6,중상사고,0,2,3,1,58,남,15년이상,,승합,사업용,승합,진입회전사고,맑음,새벽,차대차,측면직각충돌,신호위반,특별광역시도,홍은사거리,37.5913922,126.9414446,서대문구,
2018,6,18,월요일,15,경상사고,0,0,1,0,30,여,15년이상,,승용,비사업용,승용,진입회전사고,맑음,주간,차대차,측면직각충돌,신호위반,특별광역시도,홍은사거리,37.5913922,126.9414446,서대문구,
2018,7,2,월요일,15,경상사고,0,0,1,0,52,남,15년미만,,승용,사업용,승용,일직선사고,맑음,주간,차대차,추돌(진행중),안전운전불이행,특별광역시도,홍은사거리,37.5913922,126.9414446,서대문구,
2018,7,25,수요일,19,경상사고,0,0,3,1,30,남,15년이상,,승용,비사업용,승합,진입회전사고,맑음,출퇴근,차대차,측면직각충돌,안전운전불이행,특별광역시도,홍은사거리,37.5913922,126.9414446,서대문구,
2018,8,12,일요일,23,경상사고,0,0,1,0,55,남,15년이상,,승용,사업용,이륜,기타사고,비,심야,차대차,차대차-기타,안전운전불이행,특별광역시도,홍은사거리,37.5913922,126.9414446,서대문구,
2018,9,5,수요일,15,경상사고,0,0,2,0,72,남,15년이상,,승합,사업용,화물,진입회전사고,맑음,주간,차대차,측면직각충돌,신호위반,특별광역시도,홍은사거리,37.5913922,126.9414446,서대문구,
2018,11,1,목요일,16,경상사고,0,0,1,0,67,남,15년이상,,승용,비사업용,승합,진입회전사고,맑음,주간,차대차,측면직각충돌,신호위반,특별광역시도,홍은사거리,37.5913922,126.9414446,서대문구,
2018,11,10,토요일,21,경상사고,0,0,1,0,35,남,10년미만,,화물,사업용,화물,진입회전사고,맑음,심야,차대차,측면직각충돌,안전운전불이행,특별광역시도,홍은사거리,37.5913922,126.9414446,서대문구,
2018,12,13,목요일,14,중상사고,0,1,0,0,45,남,15년미만,,화물,비사업용,화물,기타사고,맑음,주간,차대차,차대차-기타,교차로운행방법위반,특별광역시도,홍은사거리,37.5913922,126.9414446,서대문구,
2018,12,25,화요일,21,부상사고,0,0,0,1,35,남,15년미만,,승용,비사업용,보행자,기타사고,맑음,심야,차대사람,차도통행중,안전운전불이행,특별광역시도,홍은사거리,37.5913922,126.9414446,서대문구,
2019,2,19,화요일,2,경상사고,0,0,1,0,43,남,15년이상,,승용,비사업용,원동기,진입회전사고,맑음,심야,차대차,차대차-기타,신호위반,특별광역시도,홍은사거리,37.5913922,126.9414446,서대문구,
2019,2,1,금요일,4,경상사고,0,0,5,0,56,남,15년이상,,승용,비사업용,승용,일직선사고,맑음,심야,차대차,추돌(진행중),안전운전불이행,특별광역시도,홍은사거리,37.5913922,126.9414446,서대문구,
2019,2,27,수요일,7,경상사고,0,0,1,0,50,남,15년이상,,승용,비사업용,승용,진입회전사고,맑음,출퇴근,차대차,측면직각충돌,차로위반,특별광역시도,홍은사거리,37.5913922,126.9414446,서대문구,
2019,2,6,수요일,20,중상사고,0,1,0,0,29,남,15년이상,,승용,비사업용,원동기,진입회전사고,맑음,출퇴근,차대차,측면직각충돌,신호위반,특별광역시도,홍은사거리,37.5913922,126.9414446,서대문구,
2019,4,25,목요일,8,경상사고,0,0,1,0,58,여,10년미만,,승용,비사업용,승용,일직선사고,맑음,출퇴근,차대차,추돌(진행중),안전운전불이행,특별광역시도,홍은사거리,37.5913922,126.9414446,서대문구,
2019,4,22,월요일,17,경상사고,0,0,1,0,69,남,15년이상,,승용,비사업용,보행자,보행횡단사고,맑음,주간,차대사람,횡단중,안전운전불이행,특별광역시도,홍은사거리,37.5913922,126.9414446,서대문구,
2019,5,21,화요일,0,중상사고,0,1,1,0,55,남,15년이상,,승합,사업용,이륜,진입회전사고,맑음,심야,차대차,측면직각충돌,신호위반,특별광역시도,홍은사거리,37.5913922,126.9414446,서대문구,
2019,5,31,금요일,21,경상사고,0,0,1,0,31,남,10년미만,,승용,사업용,승용,일직선사고,맑음,심야,차대차,추돌(진행중),안전운전불이행,특별광역시도,홍은사거리,37.5913922,126.9414446,서대문구,
2019,6,3,월요일,22,경상사고,0,0,2,0,56,남,15년이상,,승용,사업용,보행자,보행횡단사고,흐림,심야,차대사람,횡단중,보행자보호의무위반,특별광역시도,홍은사거리,37.5913922,126.9414446,서대문구,
2019,7,9,화요일,7,경상사고,0,0,1,0,38,남,15년이상,,승용,사업용,보행자,기타사고,맑음,출퇴근,차대사람,차대사람-기타,안전운전불이행,특별광역시도,홍은사거리,37.5913922,126.9414446,서대문구,
2019,7,19,금요일,16,중상사고,0,1,1,0,13,남,데이터오류,,자전거,데이터오류,자전거,기타사고,맑음,주간,차대차,차대차-기타,안전운전불이행,기타,홍은사거리,37.5913922,126.9414446,서대문구,
2019,7,21,일요일,18,중상사고,0,1,1,0,55,남,15년이상,,승용,비사업용,승용,진입회전사고,맑음,출퇴근,차대차,측면직각충돌,중앙선침범,특별광역시도,홍은사거리,37.5913922,126.9414446,서대문구,
2019,8,24,토요일,1,경상사고,0,0,1,0,62,남,15년미만,,승용,사업용,이륜,진입회전사고,맑음,심야,차대차,측면직각충돌,불법유턴,특별광역시도,홍은사거리,37.5913922,126.9414446,서대문구,
2019,8,6,화요일,3,경상사고,0,0,1,0,59,남,15년이상,,승합,사업용,기타,진입회전사고,맑음,심야,차대차,차대차-기타,신호위반,특별광역시도,홍은사거리,37.5913922,126.9414446,서대문구,
2019,8,23,금요일,8,경상사고,0,0,1,0,57,남,15년이상,,승합,사업용,기타,진입회전사고,맑음,출퇴근,차량단독,차량단독-기타,신호위반,특별광역시도,홍은사거리,37.5913922,126.9414446,서대문구,
2019,8,24,토요일,8,경상사고,0,0,2,1,54,남,15년이상,,승용,비사업용,이륜,진입회전사고,흐림,출퇴근,차대차,측면직각충돌,신호위반,특별광역시도,홍은사거리,37.5913922,126.9414446,서대문구,
2019,8,17,토요일,10,중상사고,0,1,0,0,44,남,15년이상,,승용,비사업용,승용,진입회전사고,비,주간,차대차,측면직각충돌,안전운전불이행,특별광역시도,홍은사거리,37.5913922,126.9414446,서대문구,
2019,8,8,목요일,23,경상사고,0,0,1,0,54,남,15년이상,,승용,비사업용,원동기,진입회전사고,맑음,심야,차대차,측면직각충돌,중앙선침범,특별광역시도,홍은사거리,37.5913922,126.9414446,서대문구,
2019,9,6,금요일,0,중상사고,0,1,0,0,71,남,15년이상,,승용,사업용,보행자,보행횡단사고,맑음,심야,차대사람,횡단중,안전운전불이행,기타,홍은사거리,37.5913922,126.9414446,서대문구,
2019,9,27,금요일,4,경상사고,0,0,1,1,38,남,15년이상,,화물,사업용,화물,진입회전사고,맑음,심야,차대차,측면직각충돌,신호위반,특별광역시도,홍은사거리,37.5913922,126.9414446,서대문구,
2019,9,9,월요일,11,경상사고,0,0,1,0,64,남,15년이상,,승용,사업용,승용,진입회전사고,흐림,주간,차대차,측면직각충돌,안전운전불이행,특별광역시도,홍은사거리,37.5913922,126.9414446,서대문구,