년도,월,일,요일,시각,사고등급,사망자수,중상자수,경상자수,부상자수,연령,성별,경력,음주,종별,용도,관련자2,사고형태,기상상태,일광상태,사고유형1,사고유형2,법규위반,도로종류,지점명,위도,경도,자치구,
2019,9,18,수요일,11,경상사고,0,0,2,1,57,남,15년이상,,건설기계,사업용,건설기계,진입회전사고,맑음,주간,차대차,측면직각충돌,교차로운행방법위반,특별광역시도,홍은사거리,37.5913922,126.9414446,서대문구,
2019,11,28,목요일,16,경상사고,0,0,1,0,74,남,15년이상,,승용,비사업용,승용,진입회전사고,맑음,주간,차대차,측면직각충돌,안전거리미확보,특별광역시도,홍은사거리,37.5913922,126.9414446,서대문구,
2019,12,31,화요일,8,경상사고,0,0,1,0,36,남,15년이상,,승용,사업용,승용,진입회전사고,맑음,출퇴근,차대차,측면직각충돌,안전운전불이행,특별광역시도,홍은사거리,37.5913922,126.9414446,서대문구,
2019,12,17,화요일,10,경상사고,0,0,1,0,58,남,15년이상,,승용,사업용,승용,진입회전사고,맑음,주간,차대차,측면직각충돌,안전운전불이행,특별광역시도,홍은사거리,37.5913922,126.9414446,서대문구,
2017,10,21,토요일,17,경상사고,0,0,1,0,70,남,15년이상,,승용,사업용,자전거,기타사고,맑음,주간,차대차,차대차-기타,데이터없음,특별광역시도,홍은사거리,37.5913922,126.9414446,서대문구,
2017,12,16,토요일,17,중상사고,0,1,2,0,59,남,15년이상,,승용,비사업용,승합,진입회전사고,맑음,주간,차대차,측면직각충돌,신호위반,특별광역시도,홍은사거리,37.5913922,126.9414446,서대문구,
2018,4,2,월요일,1,사망사고,1,0,0,0,63,남,15년이상,,승용,사업용,이륜,일직선사고,맑음,심야,차대차,정면충돌,중앙선침범,특별광역시도,홍은사거리,37.5913922,126.9414446,서대문구,
2018,5,24,목요일,13,경상사고,0,0,1,1,38,여,15년이상,,승용,비사업용,승용,진입회전사고,맑음,주간,차대차,측면직각충돌,안전거리미확보,특별광역시도,홍은사거리,37.5913922,126.9414446,서대문구,
2019,2,24,일요일,9,경상사고,0,0,1,0,26,남,15년이상,0,화물,비사업용,화물,진입회전사고,맑음,주간,차대차,측면직각충돌,중앙선침범,특별광역시도,홍은사거리,37.5913922,126.9414446,서대문구,
2019,6,12,수요일,8,사망사고,1,0,0,0,53,남,15년이상,,건설기계,사업용,보행자,기타사고,맑음,출퇴근,차대사람,차도통행중,안전운전불이행,특별광역시도,홍은사거리,37.5913922,126.9414446,서대문구,
2019,8,30,금요일,22,경상사고,0,0,1,0,46,여,15년이상,,승용,비사업용,승용,기타사고,맑음,심야,차대차,차대차-기타,안전운전불이행,특별광역시도,홍은사거리,37.5913922,126.9414446,서대문구,
2019,9,10,화요일,3,중상사고,0,1,2,0,34,남,15년이상,0,승용,비사업용,승용,진입회전사고,비,심야,차대차,측면직각충돌,중앙선침범,특별광역시도,홍은사거리,37.5913922,126.9414446,서대문구,
2019,11,24,일요일,19,경상사고,0,0,2,0,78,남,15년이상,,승용,비사업용,승용,진입회전사고,맑음,출퇴근,차대차,측면직각충돌,안전운전불이행,특별광역시도,홍은사거리,37.5913922,126.9414446,서대문구,
2017,1,20,금요일,19,경상사고,0,0,1,0,47,남,15년이상,,화물,비사업용,보행자,보행횡단사고,맑음,출퇴근,차대사람,횡단중,안전운전불이행,특별광역시도,홍제3동주민센터부근,37.5937254,126.9497493,서대문구,
2017,5,1,월요일,4,중상사고,0,1,0,0,53,여,15년이상,,승용,비사업용,승용,진입회전사고,맑음,심야,차대차,측면직각충돌,안전운전불이행,특별광역시도,홍제3동주민센터부근,37.5937254,126.9497493,서대문구,
2017,5,7,일요일,19,경상사고,0,0,2,0,62,남,15년이상,,승합,사업용,승합,진입회전사고,맑음,출퇴근,차대차,측면직각충돌,안전운전불이행,특별광역시도,홍제3동주민센터부근,37.5937254,126.9497493,서대문구,
2017,6,25,일요일,11,부상사고,0,0,0,1,불명,불명,데이터오류,,기타,데이터오류,기타,기타사고,맑음,주간,차대차,차대차-기타,안전운전불이행,특별광역시도,홍제3동주민센터부근,37.5937254,126.9497493,서대문구,
2017,6,9,금요일,17,경상사고,0,0,1,0,32,남,4년미만,,승용,비사업용,보행자,보행횡단사고,맑음,주간,차대사람,횡단중,안전운전불이행,특별광역시도,홍제3동주민센터부근,37.5937254,126.9497493,서대문구,
2017,9,2,토요일,22,중상사고,0,1,0,0,16,남,1년미만,,이륜,기타,이륜,진입회전사고,맑음,심야,차대차,측면직각충돌,안전운전불이행,특별광역시도,홍제3동주민센터부근,37.5937254,126.9497493,서대문구,
2017,11,1,수요일,22,중상사고,0,1,0,0,48,남,1년미만,,승용,비사업용,이륜,진입회전사고,맑음,심야,차대차,측면직각충돌,안전운전불이행,특별광역시도,홍제3동주민센터부근,37.5937254,126.9497493,서대문구,
2018,2,21,수요일,18,중상사고,0,1,0,0,55,여,15년이상,,승용,비사업용,보행자,보행횡단사고,맑음,출퇴근,차대사람,횡단중,안전운전불이행,특별광역시도,홍제3동주민센터부근,37.5937254,126.9497493,서대문구,
2018,3,1,목요일,5,경상사고,0,0,1,0,62,남,15년이상,,화물,비사업용,보행자,기타사고,흐림,새벽,차대사람,차대사람-기타,안전운전불이행,특별광역시도,홍제3동주민센터부근,37.5937254,126.9497493,서대문구,
2018,4,10,화요일,3,중상사고,0,1,0,0,63,남,15년이상,,승용,사업용,이륜,진입회전사고,맑음,심야,차대차,측면직각충돌,교차로운행방법위반,특별광역시도,홍제3동주민센터부근,37.5937254,126.9497493,서대문구,
2018,5,16,수요일,13,경상사고,0,0,2,0,48,남,15년이상,,승용,비사업용,승용,진입회전사고,맑음,주간,차대차,측면직각충돌,안전운전불이행,특별광역시도,홍제3동주민센터부근,37.5937254,126.9497493,서대문구,
2019,1,20,일요일,2,중상사고,0,1,0,0,47,남,15년이상,,승용,비사업용,승용,진입회전사고,맑음,심야,차대차,측면직각충돌,안전운전불이행,특별광역시도,홍제3동주민센터부근,37.5937254,126.9497493,서대문구,
2019,4,8,월요일,21,중상사고,0,1,2,0,29,남,15년이상,,승용,비사업용,승용,일직선사고,흐림,심야,차대차,추돌(진행중),안전운전불이행,특별광역시도,홍제3동주민센터부근,37.5937254,126.9497493,서대문구,
2019,5,14,화요일,12,경상사고,0,0,1,0,39,남,15년이상,,승용,비사업용,이륜,진입회전사고,맑음,주간,차대차,측면직각충돌,안전거리미확보,특별광역시도,홍제3동주민센터부근,37.5937254,126.9497493,서대문구,
2019,7,2,화요일,14,중상사고,0,1,0,0,59,남,15년이상,,승용,비사업용,이륜,진입회전사고,맑음,주간,차대차,측면직각충돌,신호위반,특별광역시도,홍제3동주민센터부근,37.5937254,126.9497493,서대문구,
2019,7,29,월요일,19,경상사고,0,0,2,0,25,여,4년미만,,승용,비사업용,승용,진입회전사고,맑음,출퇴근,차대차,측면직각충돌,안전운전불이행,특별광역시도,홍제3동주민센터부근,37.5937254,126.9497493,서대문구,
2019,8,13,화요일,21,경상사고,0,0,1,0,50,여,15년이상,,승용,비사업용,이륜,기타사고,맑음,심야,차대차,차대차-기타,안전운전불이행,특별광역시도,홍제3동주민센터부근,37.5937254,126.9497493,서대문구,
2019,9,1,일요일,19,중상사고,0,1,0,0,34,여,15년이상,,승용,비사업용,이륜,기타사고,맑음,출퇴근,차대차,차대차-기타,안전운전불이행,특별광역시도,홍제3동주민센터부근,37.5937254,126.9497493,서대문구,
2019,11,9,토요일,22,중상사고,0,1,0,0,35,남,15년이상,,승용,비사업용,보행자,보행횡단사고,맑음,심야,차대사람,횡단중,안전운전불이행,특별광역시도,홍제3동주민센터부근,37.5937254,126.9497493,서대문구,
2019,12,17,화요일,16,부상사고,0,0,0,1,49,남,15년이상,,화물,비사업용,이륜,진입회전사고,맑음,주간,차대차,측면직각충돌,교차로운행방법위반,특별광역시도,홍제3동주민센터부근,37.5937254,126.9497493,서대문구,
2017,1,3,화요일,15,경상사고,0,0,2,0,45,남,15년이상,,승합,사업용,원동기,진입회전사고,맑음,주간,차대차,측면직각충돌,신호위반,특별광역시도,홍제삼거리,37.5858869,126.9466493,서대문구,
2017,1,24,화요일,18,경상사고,0,0,1,0,49,여,15년이상,,승용,비사업용,보행자,보행횡단사고,흐림,출퇴근,차대사람,횡단중,안전운전불이행,특별광역시도,홍제삼거리,37.5858869,126.9466493,서대문구,
2017,1,16,월요일,22,중상사고,0,1,2,0,54,남,15년이상,,승용,비사업용,보행자,보행횡단사고,맑음,심야,차대사람,횡단중,안전운전불이행,특별광역시도,홍제삼거리,37.5858869,126.9466493,서대문구,
2017,3,23,목요일,10,부상사고,0,0,0,1,56,남,15년이상,,화물,비사업용,화물,진입회전사고,맑음,주간,차대차,측면직각충돌,안전거리미확보,특별광역시도,홍제삼거리,37.5858869,126.9466493,서대문구,
2017,7,12,수요일,17,경상사고,0,0,1,0,61,남,15년이상,,승용,비사업용,원동기,기타사고,맑음,주간,차대차,차대차-기타,안전운전불이행,특별광역시도,홍제삼거리,37.5858869,126.9466493,서대문구,
2017,12,1,금요일,21,중상사고,0,1,0,0,40,남,5년미만,,승용,사업용,원동기,기타사고,맑음,심야,차대차,차대차-기타,안전운전불이행,특별광역시도,홍제삼거리,37.5858869,126.9466493,서대문구,
2017,12,19,화요일,23,부상사고,0,0,0,1,25,남,15년이상,0,이륜,기타,기타,단독사고,맑음,심야,차량단독,공작물추돌,안전운전불이행,특별광역시도,홍제삼거리,37.5858869,126.9466493,서대문구,
2018,1,3,수요일,9,경상사고,0,0,1,0,42,여,2년미만,,승용,비사업용,승용,일직선사고,맑음,주간,차대차,추돌(진행중),안전거리미확보,특별광역시도,홍제삼거리,37.5858869,126.9466493,서대문구,
2018,2,23,금요일,21,경상사고,0,0,1,0,51,남,15년이상,,승용,사업용,승용,일직선사고,맑음,심야,차대차,추돌(진행중),안전운전불이행,특별광역시도,홍제삼거리,37.5858869,126.9466493,서대문구,
2018,4,4,수요일,18,중상사고,0,1,0,0,54,남,15년이상,,승합,사업용,기타,기타사고,맑음,출퇴근,차량단독,차량단독-기타,기타,특별광역시도,홍제삼거리,37.5858869,126.9466493,서대문구,
2018,4,1,일요일,21,경상사고,0,0,2,0,50,여,15년이상,0,승용,사업용,승용,일직선사고,흐림,심야,차대차,정면충돌,차로위반,특별광역시도,홍제삼거리,37.5858869,126.9466493,서대문구,
2018,6,12,화요일,17,경상사고,0,0,1,0,60,여,15년이상,,승용,비사업용,이륜,진입회전사고,맑음,주간,차대차,측면직각충돌,안전운전불이행,특별광역시도,홍제삼거리,37.5858869,126.9466493,서대문구,
2018,8,20,월요일,1,경상사고,0,0,2,0,58,남,15년이상,,승용,사업용,승용,일직선사고,흐림,심야,차대차,추돌(진행중),안전운전불이행,특별광역시도,홍제삼거리,37.5858869,126.9466493,서대문구,
2018,10,29,월요일,8,경상사고,0,0,1,0,71,남,15년이상,,승용,사업용,승합,진입회전사고,맑음,출퇴근,차대차,차대차-기타,신호위반,특별광역시도,홍제삼거리,37.5858869,126.9466493,서대문구,
2018,11,23,금요일,23,경상사고,0,0,1,0,50,남,10년미만,,승용,사업용,승용,진입회전사고,맑음,심야,차대차,측면직각충돌,안전거리미확보,특별광역시도,홍제삼거리,37.5858869,126.9466493,서대문구,
2018,12,13,목요일,16,경상사고,0,0,1,0,52,여,15년이상,,승용,비사업용,보행자,기타사고,맑음,주간,차대사람,차대사람-기타,안전운전불이행,특별광역시도,홍제삼거리,37.5858869,126.9466493,서대문구,
2019,1,12,토요일,2,경상사고,0,0,1,0,23,남,15년이상,,원동기,데이터오류,보행자,보행횡단사고,흐림,심야,차대사람,횡단중,안전운전불이행,특별광역시도,홍제삼거리,37.5858869,126.9466493,서대문구,
2019,4,14,일요일,13,경상사고,0,0,2,0,21,남,15년이상,,원동기,데이터오류,보행자,보행횡단사고,맑음,주간,차대사람,보도통행중,기타,특별광역시도,홍제삼거리,37.5858869,126.9466493,서대문구,
2019,6,13,목요일,7,경상사고,0,0,3,0,70,남,15년이상,,승용,사업용,승용,일직선사고,맑음,출퇴근,차대차,추돌(진행중),안전운전불이행,특별광역시도,홍제삼거리,37.5858869,126.9466493,서대문구,
2019,6,8,토요일,23,경상사고,0,0,1,0,45,남,15년이상,,승합,사업용,기타,기타사고,맑음,심야,차대차,차대차-기타,안전운전불이행,특별광역시도,홍제삼거리,37.5858869,126.9466493,서대문구,
2019,7,17,수요일,12,중상사고,0,1,1,0,70,남,15년이상,,승용,비사업용,이륜,일직선사고,맑음,주간,차대차,추돌(진행중),안전운전불이행,특별광역시도,홍제삼거리,37.5858869,126.9466493,서대문구,
2019,8,21,수요일,8,부상사고,0,0,0,1,40,여,15년이상,,승용,비사업용,원동기,진입회전사고,맑음,출퇴근,차대차,차대차-기타,신호위반,특별광역시도,홍제삼거리,37.5858869,126.9466493,서대문구,
2019,8,26,월요일,8,경상사고,0,0,1,0,47,여,15년이상,,승용,비사업용,보행자,기타사고,맑음,출퇴근,차대사람,길가장자리구역통행중,안전운전불이행,특별광역시도,홍제삼거리,37.5858869,126.9466493,서대문구,
2019,8,12,월요일,15,부상사고,0,0,0,3,58,남,15년이상,,화물,비사업용,화물,일직선사고,비,주간,차대차,추돌(진행중),안전거리미확보,특별광역시도,홍제삼거리,37.5858869,126.9466493,서대문구,
2019,9,28,토요일,0,부상사고,0,0,0,1,51,남,15년이상,,승합,사업용,원동기,진입회전사고,흐림,심야,차대차,차대차-기타,신호위반,특별광역시도,홍제삼거리,37.5858869,126.9466493,서대문구,
2019,9,9,월요일,9,경상사고,0,0,1,0,41,여,15년이상,,승용,비사업용,자전거,일직선사고,맑음,주간,차대차,차대차-기타,중앙선침범,특별광역시도,홍제삼거리,37.5858869,126.9466493,서대문구,
2019,12,16,월요일,15,경상사고,0,0,1,0,58,남,15년미만,,승용,사업용,승용,진입회전사고,맑음,주간,차대차,측면직각충돌,기타,특별광역시도,홍제삼거리,37.5858869,126.9466493,서대문구,
2017,5,17,수요일,12,중상사고,0,1,1,0,35,여,15년이상,,승용,비사업용,보행자,기타사고,맑음,주간,차대사람,차대사람-기타,데이터없음,특별광역시도,홍제역3번출구앞삼거리,37.588374,126.944695,서대문구,
2017,8,16,수요일,11,경상사고,0,0,1,0,49,남,15년이상,,승용,사업용,승용,일직선사고,흐림,주간,차대차,추돌(진행중),안전거리미확보,특별광역시도,홍제역3번출구앞삼거리,37.588374,126.944695,서대문구,
2017,8,3,목요일,12,경상사고,0,0,1,0,70,남,15년이상,,승용,비사업용,보행자,기타사고,맑음,주간,차대사람,차도통행중,안전운전불이행,특별광역시도,홍제역3번출구앞삼거리,37.588374,126.944695,서대문구,
2017,8,4,금요일,16,중상사고,0,1,0,0,71,남,15년이상,,승합,사업용,보행자,보행횡단사고,맑음,주간,차대사람,횡단중,안전운전불이행,특별광역시도,홍제역3번출구앞삼거리,37.588374,126.944695,서대문구,
2017,8,22,화요일,21,경상사고,0,0,1,0,69,남,15년이상,,승용,사업용,기타,일직선사고,맑음,심야,차대차,추돌(진행중),안전운전불이행,특별광역시도,홍제역3번출구앞삼거리,37.588374,126.944695,서대문구,
2017,9,20,수요일,7,경상사고,0,0,1,0,68,남,15년이상,,승용,사업용,자전거,기타사고,맑음,출퇴근,차대차,차대차-기타,안전운전불이행,특별광역시도,홍제역3번출구앞삼거리,37.588374,126.944695,서대문구,
2017,11,20,월요일,8,경상사고,0,0,1,0,29,남,15년미만,,이륜,기타,보행자,보행횡단사고,맑음,출퇴근,차대사람,횡단중,안전운전불이행,특별광역시도,홍제역3번출구앞삼거리,37.588374,126.944695,서대문구,
2017,12,25,월요일,13,중상사고,0,1,0,0,38,남,15년이상,,승용,사업용,보행자,기타사고,맑음,주간,차대사람,차도통행중,안전운전불이행,특별광역시도,홍제역3번출구앞삼거리,37.588374,126.944695,서대문구,
2018,2,27,화요일,9,중상사고,0,1,0,0,57,남,15년이상,,승합,사업용,보행자,진입회전사고,흐림,주간,차대사람,횡단중,신호위반,특별광역시도,홍제역3번출구앞삼거리,37.588374,126.944695,서대문구,
2018,2,6,화요일,16,경상사고,0,0,1,0,67,남,15년이상,,승용,비사업용,보행자,기타사고,맑음,주간,차대사람,차대사람-기타,안전운전불이행,특별광역시도,홍제역3번출구앞삼거리,37.588374,126.944695,서대문구,
2018,3,22,목요일,10,중상사고,0,1,0,0,26,남,15년이상,0,승용,비사업용,승합,일직선사고,맑음,주간,차대차,추돌(진행중),안전운전불이행,특별광역시도,홍제역3번출구앞삼거리,37.588374,126.944695,서대문구,
2018,6,15,금요일,23,중상사고,0,1,0,0,16,남,1년미만,,원동기,기타,보행자,진입회전사고,맑음,심야,차대사람,보도통행중,신호위반,특별광역시도,홍제역3번출구앞삼거리,37.588374,126.944695,서대문구,
2018,8,11,토요일,18,중상사고,0,1,0,0,48,여,15년이상,,승용,비사업용,승용,일직선사고,맑음,출퇴근,차대차,추돌(진행중),안전운전불이행,특별광역시도,홍제역3번출구앞삼거리,37.588374,126.944695,서대문구,
2018,9,6,목요일,12,경상사고,0,0,1,0,78,남,10년미만,,승용,사업용,보행자,기타사고,흐림,주간,차대사람,차대사람-기타,안전운전불이행,특별광역시도,홍제역3번출구앞삼거리,37.588374,126.944695,서대문구,
2018,10,17,수요일,18,경상사고,0,0,1,0,53,여,15년이상,,승용,비사업용,보행자,보행횡단사고,맑음,출퇴근,차대사람,횡단중,보행자보호의무위반,특별광역시도,홍제역3번출구앞삼거리,37.588374,126.944695,서대문구,
2018,11,11,일요일,16,부상사고,0,0,0,1,54,남,15년이상,,이륜,기타,기타,기타사고,맑음,주간,차량단독,차량단독-기타,안전운전불이행,특별광역시도,홍제역3번출구앞삼거리,37.588374,126.944695,서대문구,
2018,11,7,수요일,19,경상사고,0,0,1,0,38,남,10년미만,,승용,비사업용,보행자,보행횡단사고,흐림,출퇴근,차대사람,횡단중,안전운전불이행,특별광역시도,홍제역3번출구앞삼거리,37.588374,126.944695,서대문구,
2018,12,16,일요일,18,중상사고,0,1,0,0,29,남,10년미만,,이륜,기타,보행자,진입회전사고,맑음,출퇴근,차대사람,횡단중,신호위반,특별광역시도,홍제역3번출구앞삼거리,37.588374,126.944695,서대문구,
2019,4,22,월요일,21,부상사고,0,0,0,1,57,남,15년이상,,승합,사업용,이륜,진입회전사고,맑음,심야,차대차,측면직각충돌,안전운전불이행,특별광역시도,홍제역3번출구앞삼거리,37.588374,126.944695,서대문구,
2019,5,31,금요일,0,중상사고,0,1,0,0,48,남,15년미만,,승용,비사업용,보행자,보행횡단사고,흐림,심야,차대사람,횡단중,안전운전불이행,특별광역시도,홍제역3번출구앞삼거리,37.588374,126.944695,서대문구,
2019,5,25,토요일,11,중상사고,0,1,0,0,52,남,15년이상,,승용,사업용,원동기,진입회전사고,맑음,주간,차대차,측면직각충돌,신호위반,특별광역시도,홍제역3번출구앞삼거리,37.588374,126.944695,서대문구,
2019,5,27,월요일,11,중상사고,0,1,0,0,59,남,15년이상,,승용,비사업용,보행자,보행횡단사고,비,주간,차대사람,횡단중,보행자보호의무위반,특별광역시도,홍제역3번출구앞삼거리,37.588374,126.944695,서대문구,
2019,5,22,수요일,16,경상사고,0,0,1,0,71,남,15년이상,,승용,사업용,보행자,기타사고,맑음,주간,차대사람,차도통행중,안전운전불이행,특별광역시도,홍제역3번출구앞삼거리,37.588374,126.944695,서대문구,
2019,6,23,일요일,7,중상사고,0,1,0,0,71,남,15년이상,,승용,사업용,보행자,보행횡단사고,맑음,출퇴근,차대사람,횡단중,안전운전불이행,특별광역시도,홍제역3번출구앞삼거리,37.588374,126.944695,서대문구,
2019,9,27,금요일,5,경상사고,0,0,1,0,53,남,15년이상,,승용,비사업용,이륜,진입회전사고,맑음,새벽,차대차,측면직각충돌,중앙선침범,특별광역시도,홍제역3번출구앞삼거리,37.588374,126.944695,서대문구,
2019,9,23,월요일,8,경상사고,0,0,1,0,67,남,15년이상,,화물,사업용,보행자,보행횡단사고,맑음,출퇴근,차대사람,보도통행중,기타,특별광역시도,홍제역3번출구앞삼거리,37.588374,126.944695,서대문구,
2019,9,1,일요일,15,중상사고,0,1,0,0,68,여,15년이상,,승용,비사업용,보행자,기타사고,흐림,주간,차대사람,차대사람-기타,안전운전불이행,기타,홍제역3번출구앞삼거리,37.588374,126.944695,서대문구,
2017,7,15,토요일,17,경상사고,0,0,1,0,57,남,15년이상,,승용,비사업용,승용,일직선사고,맑음,주간,차대차,정면충돌,안전운전불이행,특별광역시도,홍제역3번출구앞삼거리,37.588374,126.944695,서대문구,
2017,9,19,화요일,18,중상사고,0,1,0,0,58,남,15년이상,,승합,사업용,승합,기타사고,맑음,출퇴근,차대차,차대차-기타,차로위반,특별광역시도,홍제역3번출구앞삼거리,37.588374,126.944695,서대문구,
2017,9,21,목요일,20,경상사고,0,0,1,0,64,여,15년이상,,승용,사업용,보행자,기타사고,맑음,출퇴근,차대사람,차대사람-기타,데이터없음,특별광역시도,홍제역3번출구앞삼거리,37.588374,126.944695,서대문구,
2017,11,2,목요일,9,경상사고,0,0,1,0,70,남,15년이상,,승용,사업용,이륜,일직선사고,맑음,주간,차대차,추돌(진행중),안전운전불이행,특별광역시도,홍제역3번출구앞삼거리,37.588374,126.944695,서대문구,
2018,2,3,토요일,1,경상사고,0,0,1,0,61,남,15년이상,,승용,사업용,승용,일직선사고,흐림,심야,차대차,추돌(진행중),안전운전불이행,특별광역시도,홍제역3번출구앞삼거리,37.588374,126.944695,서대문구,
2018,8,3,금요일,21,부상사고,0,0,0,1,58,남,15년이상,,승용,사업용,자전거,기타사고,흐림,심야,차대차,차대차-기타,기타,특별광역시도,홍제역3번출구앞삼거리,37.588374,126.944695,서대문구,
2019,5,4,토요일,23,중상사고,0,1,0,0,54,남,15년이상,,승합,사업용,기타,기타사고,맑음,심야,차량단독,차량단독-기타,기타,특별광역시도,홍제역3번출구앞삼거리,37.588374,126.944695,서대문구,
2019,10,24,목요일,20,경상사고,0,0,1,0,80,남,데이터오류,,승용,비사업용,보행자,기타사고,맑음,출퇴근,차대사람,차대사람-기타,안전운전불이행,특별광역시도,홍제역3번출구앞삼거리,37.588374,126.944695,서대문구,
2017,1,11,수요일,20,경상사고,0,0,1,0,63,남,15년이상,,승용,사업용,승용,진입회전사고,맑음,출퇴근,차대차,측면직각충돌,안전운전불이행,특별광역시도,홍제역삼거리,37.5858869,126.9466493,서대문구,
2017,4,3,월요일,11,경상사고,0,0,1,0,48,여,15년이상,,승용,비사업용,보행자,보행횡단사고,맑음,주간,차대사람,횡단중,안전운전불이행,특별광역시도,홍제역삼거리,37.5858869,126.9466493,서대문구,
2017,4,20,목요일,20,경상사고,0,0,1,0,78,남,15년이상,,승용,비사업용,보행자,기타사고,맑음,출퇴근,차대사람,차도통행중,안전운전불이행,특별광역시도,홍제역삼거리,37.5858869,126.9466493,서대문구,
2017,7,27,목요일,15,부상사고,0,0,0,1,58,남,15년이상,,승합,사업용,자전거,기타사고,맑음,주간,차대차,차대차-기타,안전운전불이행,특별광역시도,홍제역삼거리,37.5858869,126.9466493,서대문구,
2017,11,23,목요일,18,경상사고,0,0,1,0,71,남,15년이상,,승용,비사업용,보행자,진입회전사고,흐림,출퇴근,차대사람,보도통행중,신호위반,특별광역시도,홍제역삼거리,37.5858869,126.9466493,서대문구,
2018,3,22,목요일,6,경상사고,0,0,1,0,59,남,15년이상,,승용,비사업용,보행자,보행횡단사고,맑음,새벽,차대사람,횡단중,안전운전불이행,특별광역시도,홍제역삼거리,37.5858869,126.9466493,서대문구,
2018,5,25,금요일,13,경상사고,0,0,1,0,51,남,15년이상,,승용,비사업용,보행자,보행횡단사고,맑음,주간,차대사람,횡단중,안전운전불이행,특별광역시도,홍제역삼거리,37.5858869,126.9466493,서대문구,
2018,6,24,일요일,18,부상사고,0,0,0,1,53,남,2년미만,,승용,비사업용,이륜,진입회전사고,맑음,출퇴근,차대차,측면직각충돌,안전운전불이행,특별광역시도,홍제역삼거리,37.5858869,126.9466493,서대문구,
2018,7,23,월요일,1,경상사고,0,0,1,0,55,남,10년미만,,승용,비사업용,보행자,기타사고,맑음,심야,차대사람,차대사람-기타,보행자보호의무위반,특별광역시도,홍제역삼거리,37.5858869,126.9466493,서대문구,
2018,9,30,일요일,4,중상사고,0,1,0,0,32,남,15년이상,,승용,비사업용,보행자,보행횡단사고,흐림,심야,차대사람,횡단중,안전운전불이행,특별광역시도,홍제역삼거리,37.5858869,126.9466493,서대문구,
2018,11,27,화요일,6,중상사고,0,1,0,0,55,남,15년이상,,승용,비사업용,원동기,진입회전사고,맑음,새벽,차대차,측면직각충돌,안전운전불이행,특별광역시도,홍제역삼거리,37.5858869,126.9466493,서대문구,
2018,11,4,일요일,22,경상사고,0,0,1,0,66,남,15년이상,,승용,비사업용,이륜,진입회전사고,맑음,심야,차대차,측면직각충돌,안전운전불이행,특별광역시도,홍제역삼거리,37.5858869,126.9466493,서대문구,
2019,1,7,월요일,16,경상사고,0,0,1,0,47,여,15년이상,,승용,비사업용,이륜,진입회전사고,맑음,주간,차대차,측면직각충돌,신호위반,특별광역시도,홍제역삼거리,37.5858869,126.9466493,서대문구,
2019,2,17,일요일,21,경상사고,0,0,1,0,57,여,15년이상,,승용,사업용,승용,일직선사고,맑음,심야,차대차,추돌(진행중),안전운전불이행,특별광역시도,홍제역삼거리,37.5858869,126.9466493,서대문구,
2019,5,2,목요일,16,중상사고,0,1,0,0,47,남,15년이상,,승합,사업용,이륜,진입회전사고,맑음,주간,차대차,측면직각충돌,신호위반,특별광역시도,홍제역삼거리,37.5858869,126.9466493,서대문구,
2019,6,19,수요일,9,중상사고,0,1,14,7,20,남,15년이상,,승용,비사업용,승합,진입회전사고,맑음,주간,차대차,측면직각충돌,신호위반,특별광역시도,홍제역삼거리,37.5858869,126.9466493,서대문구,
2019,10,19,토요일,13,경상사고,0,0,1,0,42,여,15년이상,,승용,사업용,원동기,일직선사고,맑음,주간,차대차,추돌(진행중),안전운전불이행,특별광역시도,홍제역삼거리,37.5858869,126.9466493,서대문구,
2019,11,26,화요일,7,부상사고,0,0,0,1,76,남,15년이상,,승용,비사업용,자전거,진입회전사고,맑음,출퇴근,차대차,측면직각충돌,안전운전불이행,특별광역시도,홍제역삼거리,37.5858869,126.9466493,서대문구,
2019,12,22,일요일,15,경상사고,0,0,1,0,78,남,15년이상,,승용,비사업용,보행자,기타사고,맑음,주간,차대사람,차도통행중,안전운전불이행,특별광역시도,홍제역삼거리,37.5858869,126.9466493,서대문구,
2017,2,2,목요일,9,중상사고,0,1,0,0,53,남,15년이상,,승용,사업용,보행자,기타사고,맑음,주간,차대사람,차도통행중,안전운전불이행,특별광역시도,홍제초사거리,37.59243,126.941289,서대문구,
2017,4,15,토요일,9,중상사고,0,1,0,0,28,남,1년미만,,승용,비사업용,보행자,보행횡단사고,맑음,주간,차대사람,횡단중,안전운전불이행,특별광역시도,홍제초사거리,37.59243,126.941289,서대문구,
2017,4,5,수요일,14,부상사고,0,0,0,2,61,남,15년이상,,승합,사업용,승합,일직선사고,비,주간,차대차,추돌(진행중),안전운전불이행,특별광역시도,홍제초사거리,37.59243,126.941289,서대문구,
2017,8,15,화요일,1,부상사고,0,0,0,1,51,남,15년이상,,승용,비사업용,승용,기타사고,맑음,심야,차대차,차대차-기타,안전운전불이행,특별광역시도,홍제초사거리,37.59243,126.941289,서대문구,
2017,10,20,금요일,13,경상사고,0,0,1,0,33,남,15년미만,,원동기,기타,보행자,기타사고,맑음,주간,차대사람,차대사람-기타,안전운전불이행,특별광역시도,홍제초사거리,37.59243,126.941289,서대문구,
2018,7,5,목요일,10,부상사고,0,0,0,1,26,남,5년미만,,화물,비사업용,자전거,진입회전사고,맑음,주간,차대차,측면직각충돌,안전운전불이행,특별광역시도,홍제초사거리,37.59243,126.941289,서대문구,
2018,9,1,토요일,21,중상사고,0,1,1,0,64,남,15년이상,,화물,비사업용,화물,진입회전사고,맑음,심야,차대차,측면직각충돌,중앙선침범,특별광역시도,홍제초사거리,37.59243,126.941289,서대문구,
2019,1,12,토요일,16,경상사고,0,0,1,0,32,남,15년미만,,승용,비사업용,승용,진입회전사고,맑음,주간,차대차,측면직각충돌,안전거리미확보,특별광역시도,홍제초사거리,37.59243,126.941289,서대문구,