년도,월,일,요일,시각,사고등급,사망자수,중상자수,경상자수,부상자수,연령,성별,경력,음주,종별,용도,관련자2,사고형태,기상상태,일광상태,사고유형1,사고유형2,법규위반,도로종류,지점명,위도,경도,자치구,
2019,5,16,목요일,20,경상사고,0,0,2,0,62,남,15년이상,,승용,사업용,승용,기타사고,맑음,출퇴근,차대차,차대차-기타,교차로운행방법위반,특별광역시도,대서울교대사거리,37.4877105,127.014109,서초구,
2019,8,24,토요일,9,중상사고,0,1,0,0,38,여,15년이상,,승용,비사업용,원동기,일직선사고,맑음,주간,차대차,추돌(진행중),안전운전불이행,특별광역시도,대서울교대사거리,37.4877105,127.014109,서초구,
2019,8,2,금요일,13,중상사고,0,1,0,0,32,남,15년이상,,승용,사업용,이륜,진입회전사고,맑음,주간,차대차,측면직각충돌,안전운전불이행,특별광역시도,대서울교대사거리,37.4877105,127.014109,서초구,
2019,8,29,목요일,18,경상사고,0,0,1,0,56,남,15년이상,,승용,사업용,승용,기타사고,맑음,출퇴근,차대차,차대차-기타,안전운전불이행,특별광역시도,대서울교대사거리,37.4877105,127.014109,서초구,
2019,8,15,목요일,23,경상사고,0,0,1,0,72,남,15년이상,,승용,사업용,승용,기타사고,맑음,심야,차대차,차대차-기타,안전거리미확보,특별광역시도,대서울교대사거리,37.4877105,127.014109,서초구,
2019,9,25,수요일,13,경상사고,0,0,2,0,59,남,15년이상,,승용,사업용,승용,일직선사고,맑음,주간,차대차,추돌(진행중),안전거리미확보,특별광역시도,대서울교대사거리,37.4877105,127.014109,서초구,
2019,12,26,목요일,19,경상사고,0,0,1,0,67,남,15년이상,,승용,비사업용,이륜,기타사고,맑음,출퇴근,차대차,차대차-기타,안전운전불이행,특별광역시도,대서울교대사거리,37.4877105,127.014109,서초구,
2017,2,15,수요일,18,경상사고,0,0,2,0,55,남,15년이상,,승용,비사업용,승용,진입회전사고,맑음,출퇴근,차대차,측면직각충돌,교차로운행방법위반,특별광역시도,반포I.C,37.5031266,127.018634,서초구,
2017,3,6,월요일,14,경상사고,0,0,1,0,36,남,10년미만,,승용,사업용,승용,일직선사고,맑음,주간,차대차,추돌(진행중),안전운전불이행,특별광역시도,반포I.C,37.5031266,127.018634,서초구,
2017,4,14,금요일,11,경상사고,0,0,1,0,25,남,10년미만,,승용,사업용,승용,일직선사고,맑음,주간,차대차,추돌(진행중),안전운전불이행,특별광역시도,반포I.C,37.5031266,127.018634,서초구,
2017,5,27,토요일,5,경상사고,0,0,1,0,28,남,10년미만,,승용,비사업용,승용,일직선사고,맑음,새벽,차대차,추돌(진행중),안전운전불이행,특별광역시도,반포I.C,37.5031266,127.018634,서초구,
2017,7,14,금요일,13,경상사고,0,0,1,0,33,여,15년미만,,승용,비사업용,승용,진입회전사고,맑음,주간,차대차,측면직각충돌,안전거리미확보,특별광역시도,반포I.C,37.5031266,127.018634,서초구,
2017,8,22,화요일,18,경상사고,0,0,1,0,불명,불명,데이터오류,,기타,데이터오류,기타,기타사고,맑음,출퇴근,차대차,차대차-기타,안전운전불이행,특별광역시도,반포I.C,37.5031266,127.018634,서초구,
2017,10,19,목요일,17,부상사고,0,0,0,1,48,남,15년이상,,승용,사업용,승용,일직선사고,맑음,주간,차대차,추돌(진행중),안전거리미확보,특별광역시도,반포I.C,37.5031266,127.018634,서초구,
2017,11,29,수요일,17,경상사고,0,0,1,0,불명,불명,데이터오류,,원동기,기타,보행자,일직선사고,맑음,주간,차대사람,차도통행중,중앙선침범,특별광역시도,반포I.C,37.5031266,127.018634,서초구,
2017,11,3,금요일,20,경상사고,0,0,1,0,27,남,10년미만,,승용,비사업용,이륜,기타사고,맑음,출퇴근,차대차,차대차-기타,안전운전불이행,특별광역시도,반포I.C,37.5031266,127.018634,서초구,
2018,2,11,일요일,3,경상사고,0,0,1,0,34,여,15년미만,,승용,비사업용,승용,진입회전사고,맑음,심야,차대차,측면직각충돌,안전거리미확보,특별광역시도,반포I.C,37.5031266,127.018634,서초구,
2018,2,8,목요일,9,경상사고,0,0,1,0,45,남,15년이상,,승용,사업용,승용,일직선사고,맑음,주간,차대차,추돌(진행중),안전운전불이행,특별광역시도,반포I.C,37.5031266,127.018634,서초구,
2018,3,7,수요일,16,중상사고,0,1,0,0,20,남,데이터오류,,승용,비사업용,승용,기타사고,맑음,주간,차대차,차대차-기타,안전운전불이행,특별광역시도,반포I.C,37.5031266,127.018634,서초구,
2018,5,25,금요일,20,중상사고,0,1,0,0,29,여,5년미만,,승용,비사업용,승용,진입회전사고,맑음,출퇴근,차대차,측면직각충돌,차로위반,기타,반포I.C,37.5031266,127.018634,서초구,
2018,7,30,월요일,14,중상사고,0,1,2,0,30,남,15년미만,,승용,사업용,승용,진입회전사고,맑음,주간,차대차,측면직각충돌,교차로운행방법위반,특별광역시도,반포I.C,37.5031266,127.018634,서초구,
2018,8,3,금요일,21,중상사고,0,1,0,0,34,여,15년이상,0,승용,비사업용,보행자,보행횡단사고,맑음,심야,차대사람,보도통행중,기타,특별광역시도,반포I.C,37.5031266,127.018634,서초구,
2018,9,1,토요일,9,경상사고,0,0,2,0,64,남,15년이상,,승용,사업용,화물,진입회전사고,맑음,주간,차대차,측면직각충돌,안전거리미확보,특별광역시도,반포I.C,37.5031266,127.018634,서초구,
2018,9,30,일요일,17,경상사고,0,0,2,1,37,남,2년미만,,승용,비사업용,승용,일직선사고,맑음,주간,차대차,추돌(진행중),안전운전불이행,특별광역시도,반포I.C,37.5031266,127.018634,서초구,
2018,10,29,월요일,10,중상사고,0,1,0,0,61,남,15년이상,,승용,비사업용,승용,진입회전사고,맑음,주간,차대차,정면충돌,신호위반,특별광역시도,반포I.C,37.5031266,127.018634,서초구,
2018,10,30,화요일,16,경상사고,0,0,1,0,37,남,4년미만,,승합,사업용,이륜,진입회전사고,맑음,주간,차대차,측면직각충돌,안전운전불이행,특별광역시도,반포I.C,37.5031266,127.018634,서초구,
2018,11,6,화요일,12,경상사고,0,0,1,0,48,여,15년이상,,승용,비사업용,승용,기타사고,맑음,주간,차대차,차대차-기타,안전거리미확보,특별광역시도,반포I.C,37.5031266,127.018634,서초구,
2018,12,3,월요일,10,경상사고,0,0,1,0,28,남,10년미만,,승용,사업용,승용,기타사고,비,주간,차대차,차대차-기타,안전거리미확보,특별광역시도,반포I.C,37.5031266,127.018634,서초구,
2018,12,20,목요일,21,중상사고,0,1,0,0,38,남,10년미만,,승용,비사업용,이륜,진입회전사고,맑음,심야,차대차,측면직각충돌,안전운전불이행,특별광역시도,반포I.C,37.5031266,127.018634,서초구,
2018,12,22,토요일,22,경상사고,0,0,1,0,62,남,15년이상,,화물,사업용,화물,기타사고,맑음,심야,차대차,차대차-기타,안전거리미확보,특별광역시도,반포I.C,37.5031266,127.018634,서초구,
2019,1,21,월요일,11,경상사고,0,0,2,0,53,여,15년이상,,승용,비사업용,승용,진입회전사고,맑음,주간,차대차,측면직각충돌,안전운전불이행,특별광역시도,반포I.C,37.5031266,127.018634,서초구,
2019,1,16,수요일,21,경상사고,0,0,1,0,61,남,15년이상,,승용,비사업용,승용,진입회전사고,맑음,심야,차대차,측면직각충돌,안전거리미확보,특별광역시도,반포I.C,37.5031266,127.018634,서초구,
2019,2,19,화요일,23,중상사고,0,1,0,0,57,남,15년이상,,승용,사업용,보행자,보행횡단사고,흐림,심야,차대사람,횡단중,안전운전불이행,특별광역시도,반포I.C,37.5031266,127.018634,서초구,
2019,3,9,토요일,4,경상사고,0,0,1,0,54,남,15년이상,,승용,사업용,보행자,기타사고,맑음,심야,차대사람,차대사람-기타,안전운전불이행,특별광역시도,반포I.C,37.5031266,127.018634,서초구,
2019,4,16,화요일,3,경상사고,0,0,1,0,68,남,15년이상,,승용,사업용,승용,일직선사고,맑음,심야,차대차,정면충돌,안전운전불이행,특별광역시도,반포I.C,37.5031266,127.018634,서초구,
2019,4,8,월요일,15,경상사고,0,0,1,0,57,여,15년이상,,승용,비사업용,승용,진입회전사고,맑음,주간,차대차,측면직각충돌,신호위반,특별광역시도,반포I.C,37.5031266,127.018634,서초구,
2019,5,22,수요일,7,부상사고,0,0,0,1,59,남,15년이상,,승용,사업용,승용,진입회전사고,맑음,출퇴근,차대차,측면직각충돌,안전거리미확보,특별광역시도,반포I.C,37.5031266,127.018634,서초구,
2019,6,12,수요일,23,경상사고,0,0,1,0,60,남,15년이상,,승용,사업용,승용,기타사고,맑음,심야,차대차,차대차-기타,교차로운행방법위반,특별광역시도,반포I.C,37.5031266,127.018634,서초구,
2019,9,3,화요일,19,경상사고,0,0,1,0,54,남,15년이상,,승합,사업용,승합,기타사고,비,출퇴근,차대차,차대차-기타,안전운전불이행,특별광역시도,반포I.C,37.5031266,127.018634,서초구,
2019,10,31,목요일,20,경상사고,0,0,1,0,54,남,15년이상,,승합,사업용,보행자,기타사고,맑음,출퇴근,차대사람,차대사람-기타,기타,특별광역시도,반포I.C,37.5031266,127.018634,서초구,
2019,11,19,화요일,0,경상사고,0,0,1,0,32,여,15년미만,0,승용,비사업용,승용,진입회전사고,맑음,심야,차대차,측면직각충돌,안전거리미확보,특별광역시도,반포I.C,37.5031266,127.018634,서초구,
2019,12,1,일요일,3,경상사고,0,0,1,0,22,남,2년미만,,승용,사업용,보행자,기타사고,맑음,심야,차대사람,차대사람-기타,안전운전불이행,특별광역시도,반포I.C,37.5031266,127.018634,서초구,
2017,1,31,화요일,4,중상사고,0,1,0,0,28,여,5년미만,0,승용,비사업용,승용,일직선사고,맑음,심야,차대차,정면충돌,안전운전불이행,특별광역시도,삼호가든사거리,37.5046818,127.0103848,서초구,
2017,3,19,일요일,3,중상사고,0,1,0,0,33,남,15년이상,0,승용,비사업용,승용,일직선사고,맑음,심야,차대차,정면충돌,안전운전불이행,특별광역시도,삼호가든사거리,37.5046818,127.0103848,서초구,
2017,3,24,금요일,23,경상사고,0,0,4,0,27,남,5년미만,,승용,사업용,승용,일직선사고,맑음,심야,차대차,추돌(진행중),안전거리미확보,특별광역시도,삼호가든사거리,37.5046818,127.0103848,서초구,
2017,6,15,목요일,12,경상사고,0,0,2,0,68,남,15년이상,,화물,사업용,화물,진입회전사고,맑음,주간,차대차,측면직각충돌,안전운전불이행,특별광역시도,삼호가든사거리,37.5046818,127.0103848,서초구,
2017,10,31,화요일,10,중상사고,0,1,0,0,60,여,15년이상,,승용,비사업용,승용,진입회전사고,맑음,주간,차대차,측면직각충돌,안전거리미확보,특별광역시도,삼호가든사거리,37.5046818,127.0103848,서초구,
2017,11,1,수요일,5,경상사고,0,0,1,0,45,남,15년미만,0,승용,비사업용,승용,기타사고,맑음,새벽,차대차,차대차-기타,안전운전불이행,특별광역시도,삼호가든사거리,37.5046818,127.0103848,서초구,
2017,12,15,금요일,4,중상사고,0,1,2,0,61,남,15년이상,,승용,사업용,승용,진입회전사고,맑음,심야,차대차,측면직각충돌,신호위반,특별광역시도,삼호가든사거리,37.5046818,127.0103848,서초구,
2017,12,31,일요일,9,경상사고,0,0,1,0,27,남,10년미만,,승용,비사업용,승용,일직선사고,맑음,주간,차대차,정면충돌,중앙선침범,특별광역시도,삼호가든사거리,37.5046818,127.0103848,서초구,
2017,12,17,일요일,16,경상사고,0,0,1,0,54,남,15년이상,,승용,비사업용,승용,진입회전사고,맑음,주간,차대차,측면직각충돌,안전운전불이행,특별광역시도,삼호가든사거리,37.5046818,127.0103848,서초구,
2018,1,26,금요일,4,경상사고,0,0,1,0,37,남,15년이상,0,승용,비사업용,승용,일직선사고,맑음,심야,차대차,추돌(진행중),안전운전불이행,특별광역시도,삼호가든사거리,37.5046818,127.0103848,서초구,
2018,1,20,토요일,19,중상사고,0,1,0,0,67,남,15년이상,,승용,사업용,승용,기타사고,맑음,출퇴근,차대차,차대차-기타,교차로운행방법위반,기타,삼호가든사거리,37.5046818,127.0103848,서초구,
2018,2,15,목요일,11,경상사고,0,0,5,0,50,여,15년이상,,승용,비사업용,승용,일직선사고,맑음,주간,차대차,추돌(진행중),중앙선침범,특별광역시도,삼호가든사거리,37.5046818,127.0103848,서초구,
2018,3,23,금요일,8,경상사고,0,0,2,0,54,여,15년이상,,승용,비사업용,승용,진입회전사고,맑음,출퇴근,차대차,측면직각충돌,차로위반,특별광역시도,삼호가든사거리,37.5046818,127.0103848,서초구,
2018,3,28,수요일,13,경상사고,0,0,1,0,45,남,15년이상,,승용,비사업용,이륜,기타사고,맑음,주간,차대차,차대차-기타,안전운전불이행,특별광역시도,삼호가든사거리,37.5046818,127.0103848,서초구,
2018,4,16,월요일,12,부상사고,0,0,0,1,60,남,15년이상,,이륜,기타,기타,기타사고,맑음,주간,차량단독,차량단독-기타,안전운전불이행,특별광역시도,삼호가든사거리,37.5046818,127.0103848,서초구,
2018,4,4,수요일,15,중상사고,0,1,1,0,59,남,15년이상,,승합,사업용,보행자,진입회전사고,맑음,주간,차대사람,차대사람-기타,신호위반,특별광역시도,삼호가든사거리,37.5046818,127.0103848,서초구,
2018,5,2,수요일,10,경상사고,0,0,2,0,49,여,15년이상,,승용,비사업용,화물,일직선사고,흐림,주간,차대차,추돌(진행중),안전운전불이행,특별광역시도,삼호가든사거리,37.5046818,127.0103848,서초구,
2018,5,17,목요일,10,경상사고,0,0,1,0,57,여,15년이상,,승용,비사업용,승용,진입회전사고,흐림,주간,차대차,측면직각충돌,안전거리미확보,특별광역시도,삼호가든사거리,37.5046818,127.0103848,서초구,
2018,5,8,화요일,22,경상사고,0,0,2,0,34,남,15년이상,,승용,비사업용,승합,진입회전사고,맑음,심야,차대차,측면직각충돌,신호위반,특별광역시도,삼호가든사거리,37.5046818,127.0103848,서초구,
2018,7,27,금요일,1,경상사고,0,0,1,0,57,남,15년이상,,승용,사업용,보행자,보행횡단사고,맑음,심야,차대사람,횡단중,보행자보호의무위반,특별광역시도,삼호가든사거리,37.5046818,127.0103848,서초구,
2018,7,16,월요일,21,중상사고,0,1,0,0,54,남,15년이상,,승용,사업용,승용,일직선사고,맑음,심야,차대차,추돌(진행중),안전운전불이행,기타,삼호가든사거리,37.5046818,127.0103848,서초구,
2018,8,15,수요일,0,경상사고,0,0,2,0,58,남,15년이상,,승용,사업용,승용,진입회전사고,맑음,심야,차대차,측면직각충돌,차로위반,특별광역시도,삼호가든사거리,37.5046818,127.0103848,서초구,
2018,11,29,목요일,0,부상사고,0,0,0,1,48,남,15년이상,,승용,비사업용,이륜,기타사고,맑음,심야,차대차,차대차-기타,안전운전불이행,특별광역시도,삼호가든사거리,37.5046818,127.0103848,서초구,
2018,11,28,수요일,19,경상사고,0,0,1,0,43,여,15년이상,,승용,비사업용,승용,진입회전사고,맑음,출퇴근,차대차,측면직각충돌,안전운전불이행,특별광역시도,삼호가든사거리,37.5046818,127.0103848,서초구,
2019,1,16,수요일,11,경상사고,0,0,1,0,45,여,15년이상,,승용,비사업용,이륜,일직선사고,맑음,주간,차대차,차대차-기타,중앙선침범,특별광역시도,삼호가든사거리,37.5046818,127.0103848,서초구,
2019,1,31,목요일,15,중상사고,0,1,0,0,75,남,15년이상,,승용,사업용,승용,진입회전사고,맑음,주간,차대차,측면직각충돌,안전거리미확보,특별광역시도,삼호가든사거리,37.5046818,127.0103848,서초구,
2019,4,1,월요일,8,중상사고,0,1,0,0,54,여,15년이상,,승용,비사업용,이륜,진입회전사고,맑음,출퇴근,차대차,차대차-기타,신호위반,특별광역시도,삼호가든사거리,37.5046818,127.0103848,서초구,
2019,4,13,토요일,18,경상사고,0,0,3,0,57,남,15년이상,,승용,사업용,승용,기타사고,맑음,출퇴근,차대차,차대차-기타,안전거리미확보,특별광역시도,삼호가든사거리,37.5046818,127.0103848,서초구,
2019,7,29,월요일,3,부상사고,0,0,0,1,59,남,15년이상,,화물,비사업용,이륜,기타사고,흐림,심야,차대차,차대차-기타,안전운전불이행,특별광역시도,삼호가든사거리,37.5046818,127.0103848,서초구,
2019,7,6,토요일,18,부상사고,0,0,0,1,36,남,15년미만,,승용,비사업용,승용,진입회전사고,맑음,출퇴근,차대차,측면직각충돌,안전거리미확보,특별광역시도,삼호가든사거리,37.5046818,127.0103848,서초구,
2019,7,5,금요일,21,경상사고,0,0,1,0,41,여,15년이상,,승용,비사업용,자전거,진입회전사고,맑음,심야,차대차,측면직각충돌,불법유턴,특별광역시도,삼호가든사거리,37.5046818,127.0103848,서초구,
2019,7,9,화요일,22,경상사고,0,0,2,0,66,여,15년이상,,승용,비사업용,승용,일직선사고,맑음,심야,차대차,추돌(진행중),안전운전불이행,특별광역시도,삼호가든사거리,37.5046818,127.0103848,서초구,
2019,8,8,목요일,0,경상사고,0,0,1,0,57,남,15년이상,,승용,사업용,승용,기타사고,맑음,심야,차대차,차대차-기타,안전운전불이행,특별광역시도,삼호가든사거리,37.5046818,127.0103848,서초구,
2019,8,20,화요일,13,경상사고,0,0,8,0,57,여,15년이상,,승용,비사업용,특수,일직선사고,맑음,주간,차대차,정면충돌,안전거리미확보,특별광역시도,삼호가든사거리,37.5046818,127.0103848,서초구,
2019,8,28,수요일,17,경상사고,0,0,1,0,58,여,15년이상,,승용,비사업용,승용,진입회전사고,맑음,주간,차대차,차대차-기타,신호위반,특별광역시도,삼호가든사거리,37.5046818,127.0103848,서초구,
2019,8,23,금요일,19,경상사고,0,0,3,0,40,여,15년이상,,승용,비사업용,승용,일직선사고,맑음,출퇴근,차대차,추돌(진행중),안전운전불이행,특별광역시도,삼호가든사거리,37.5046818,127.0103848,서초구,
2019,9,17,화요일,14,경상사고,0,0,2,0,61,남,3년미만,,화물,사업용,화물,진입회전사고,맑음,주간,차대차,측면직각충돌,안전거리미확보,특별광역시도,삼호가든사거리,37.5046818,127.0103848,서초구,
2019,9,29,일요일,15,경상사고,0,0,3,0,30,남,1년미만,,승용,비사업용,승용,진입회전사고,맑음,주간,차대차,측면직각충돌,교차로운행방법위반,특별광역시도,삼호가든사거리,37.5046818,127.0103848,서초구,
2019,12,22,일요일,19,경상사고,0,0,1,0,64,여,10년미만,,승합,비사업용,승합,진입회전사고,맑음,출퇴근,차대차,측면직각충돌,교차로운행방법위반,특별광역시도,삼호가든사거리,37.5046818,127.0103848,서초구,
2017,6,19,월요일,20,경상사고,0,0,1,0,47,남,15년이상,,승용,사업용,이륜,진입회전사고,맑음,출퇴근,차대차,측면직각충돌,중앙선침범,특별광역시도,삼호가든사거리,37.5046818,127.0103848,서초구,
2017,8,24,목요일,19,경상사고,0,0,1,0,39,여,15년이상,,승용,비사업용,승용,일직선사고,맑음,출퇴근,차대차,추돌(진행중),안전운전불이행,특별광역시도,삼호가든사거리,37.5046818,127.0103848,서초구,
2017,11,26,일요일,18,경상사고,0,0,1,0,43,여,15년이상,,승용,비사업용,승용,진입회전사고,맑음,출퇴근,차대차,측면직각충돌,안전운전불이행,특별광역시도,삼호가든사거리,37.5046818,127.0103848,서초구,
2018,2,24,토요일,20,경상사고,0,0,2,0,26,남,1년미만,,승용,비사업용,승용,기타사고,맑음,출퇴근,차대차,차대차-기타,차로위반,특별광역시도,삼호가든사거리,37.5046818,127.0103848,서초구,
2018,3,11,일요일,17,경상사고,0,0,1,0,불명,불명,데이터오류,,기타,기타,기타,기타사고,맑음,주간,차대차,차대차-기타,안전거리미확보,특별광역시도,삼호가든사거리,37.5046818,127.0103848,서초구,
2018,5,25,금요일,2,중상사고,0,1,1,0,56,남,10년미만,0,승용,비사업용,승용,진입회전사고,맑음,심야,차대차,측면직각충돌,안전운전불이행,특별광역시도,삼호가든사거리,37.5046818,127.0103848,서초구,
2018,6,4,월요일,7,부상사고,0,0,0,1,63,남,15년이상,,승용,사업용,자전거,진입회전사고,맑음,출퇴근,차대차,측면직각충돌,교차로운행방법위반,특별광역시도,삼호가든사거리,37.5046818,127.0103848,서초구,
2018,6,22,금요일,16,경상사고,0,0,2,0,49,남,15년이상,,승용,사업용,승용,진입회전사고,맑음,주간,차대차,측면직각충돌,안전거리미확보,특별광역시도,삼호가든사거리,37.5046818,127.0103848,서초구,
2018,9,16,일요일,14,경상사고,0,0,1,0,38,남,15년이상,,승용,비사업용,승용,진입회전사고,맑음,주간,차대차,측면직각충돌,안전거리미확보,특별광역시도,삼호가든사거리,37.5046818,127.0103848,서초구,
2018,9,13,목요일,19,중상사고,0,1,0,0,53,남,15년이상,,승용,비사업용,승용,기타사고,맑음,출퇴근,차대차,차대차-기타,안전운전불이행,특별광역시도,삼호가든사거리,37.5046818,127.0103848,서초구,
2019,4,25,목요일,11,경상사고,0,0,1,0,45,남,10년미만,,승합,사업용,승합,기타사고,맑음,주간,차대차,차대차-기타,안전운전불이행,특별광역시도,삼호가든사거리,37.5046818,127.0103848,서초구,
2019,6,5,수요일,14,경상사고,0,0,1,0,54,남,15년이상,,승용,사업용,승용,진입회전사고,맑음,주간,차대차,측면직각충돌,안전거리미확보,특별광역시도,삼호가든사거리,37.5046818,127.0103848,서초구,
2019,8,3,토요일,19,경상사고,0,0,3,0,66,남,15년이상,,승용,사업용,승용,진입회전사고,비,출퇴근,차대차,측면직각충돌,안전거리미확보,특별광역시도,삼호가든사거리,37.5046818,127.0103848,서초구,
2019,10,16,수요일,0,중상사고,0,1,0,0,68,남,15년이상,,승용,사업용,보행자,기타사고,맑음,심야,차대사람,차도통행중,안전운전불이행,특별광역시도,삼호가든사거리,37.5046818,127.0103848,서초구,
2019,11,2,토요일,12,경상사고,0,0,1,0,65,여,15년이상,,승용,비사업용,이륜,일직선사고,맑음,주간,차대차,차대차-기타,중앙선침범,특별광역시도,삼호가든사거리,37.5046818,127.0103848,서초구,
2019,12,14,토요일,2,경상사고,0,0,1,0,62,남,10년미만,,승용,사업용,승용,진입회전사고,맑음,심야,차대차,측면직각충돌,교차로운행방법위반,특별광역시도,삼호가든사거리,37.5046818,127.0103848,서초구,
2019,12,25,수요일,3,경상사고,0,0,2,0,64,남,15년이상,,승용,사업용,승용,진입회전사고,맑음,심야,차대차,측면직각충돌,직진우회전진행방해,기타,삼호가든사거리,37.5046818,127.0103848,서초구,
2017,1,16,월요일,7,경상사고,0,0,1,0,54,남,15년이상,,화물,사업용,화물,진입회전사고,맑음,출퇴근,차대차,측면직각충돌,교차로운행방법위반,특별광역시도,서울성모병원교차로,37.5017688,127.0047906,서초구,
2017,4,6,목요일,16,경상사고,0,0,1,0,34,남,1년미만,,승용,사업용,승용,진입회전사고,맑음,주간,차대차,측면직각충돌,안전운전불이행,특별광역시도,서울성모병원교차로,37.5017688,127.0047906,서초구,
2017,5,13,토요일,17,경상사고,0,0,1,0,29,여,5년미만,,승용,비사업용,승합,기타사고,맑음,주간,차대차,차대차-기타,안전운전불이행,특별광역시도,서울성모병원교차로,37.5017688,127.0047906,서초구,
2017,6,13,화요일,8,경상사고,0,0,1,0,38,남,15년이상,,승용,비사업용,승용,일직선사고,맑음,출퇴근,차대차,추돌(진행중),차로위반,특별광역시도,서울성모병원교차로,37.5017688,127.0047906,서초구,
2017,6,9,금요일,12,경상사고,0,0,1,0,57,남,15년이상,,승용,사업용,승용,일직선사고,맑음,주간,차대차,추돌(진행중),안전거리미확보,특별광역시도,서울성모병원교차로,37.5017688,127.0047906,서초구,
2017,10,26,목요일,15,경상사고,0,0,3,0,68,남,15년이상,,화물,사업용,화물,진입회전사고,맑음,주간,차대차,측면직각충돌,안전거리미확보,특별광역시도,서울성모병원교차로,37.5017688,127.0047906,서초구,
2017,11,4,토요일,22,경상사고,0,0,2,0,44,여,15년미만,,승용,비사업용,승용,진입회전사고,맑음,심야,차대차,측면직각충돌,안전거리미확보,특별광역시도,서울성모병원교차로,37.5017688,127.0047906,서초구,
2017,12,7,목요일,10,경상사고,0,0,1,0,44,여,15년미만,,승용,비사업용,이륜,일직선사고,맑음,주간,차대차,추돌(진행중),안전운전불이행,특별광역시도,서울성모병원교차로,37.5017688,127.0047906,서초구,
2017,12,7,목요일,11,경상사고,0,0,1,0,53,남,15년이상,,승용,비사업용,승용,기타사고,맑음,주간,차대차,차대차-기타,차로위반,특별광역시도,서울성모병원교차로,37.5017688,127.0047906,서초구,
2018,1,20,토요일,14,경상사고,0,0,1,0,34,남,10년미만,,승용,비사업용,승용,일직선사고,맑음,주간,차대차,추돌(진행중),안전운전불이행,특별광역시도,서울성모병원교차로,37.5017688,127.0047906,서초구,
2018,1,23,화요일,19,부상사고,0,0,0,1,43,남,15년이상,,승용,비사업용,승용,진입회전사고,맑음,출퇴근,차대차,측면직각충돌,차로위반,특별광역시도,서울성모병원교차로,37.5017688,127.0047906,서초구,
2018,3,21,수요일,11,경상사고,0,0,1,0,55,남,10년미만,,승용,사업용,승용,일직선사고,맑음,주간,차대차,추돌(진행중),안전운전불이행,특별광역시도,서울성모병원교차로,37.5017688,127.0047906,서초구,
2018,5,31,목요일,9,경상사고,0,0,2,0,47,남,15년이상,,승용,비사업용,승용,기타사고,맑음,주간,차대차,차대차-기타,안전거리미확보,특별광역시도,서울성모병원교차로,37.5017688,127.0047906,서초구,
2018,5,31,목요일,15,중상사고,0,2,3,0,79,남,15년이상,,승용,비사업용,승용,일직선사고,맑음,주간,차대차,차대차-기타,중앙선침범,특별광역시도,서울성모병원교차로,37.5017688,127.0047906,서초구,
2018,6,9,토요일,5,경상사고,0,0,2,0,73,남,15년이상,,승용,비사업용,승용,진입회전사고,맑음,새벽,차대차,측면직각충돌,교차로운행방법위반,기타,서울성모병원교차로,37.5017688,127.0047906,서초구,
2018,6,21,목요일,14,경상사고,0,0,1,0,50,남,15년이상,,승용,사업용,승합,진입회전사고,맑음,주간,차대차,측면직각충돌,차로위반,기타,서울성모병원교차로,37.5017688,127.0047906,서초구,
2018,6,29,금요일,15,경상사고,0,0,1,0,24,남,10년미만,,승용,비사업용,승용,일직선사고,맑음,주간,차대차,추돌(진행중),안전운전불이행,특별광역시도,서울성모병원교차로,37.5017688,127.0047906,서초구,
2018,7,15,일요일,23,경상사고,0,0,1,0,22,남,4년미만,,승용,비사업용,승용,일직선사고,맑음,심야,차대차,추돌(진행중),안전운전불이행,특별광역시도,서울성모병원교차로,37.5017688,127.0047906,서초구,
2018,9,16,일요일,16,중상사고,0,1,0,0,30,여,15년미만,,승용,비사업용,승용,진입회전사고,비,주간,차대차,측면직각충돌,차로위반,특별광역시도,서울성모병원교차로,37.5017688,127.0047906,서초구,
2018,10,28,일요일,14,경상사고,0,0,3,0,69,여,15년이상,,승용,비사업용,승용,진입회전사고,맑음,주간,차대차,측면직각충돌,안전운전불이행,특별광역시도,서울성모병원교차로,37.5017688,127.0047906,서초구,
2018,10,1,월요일,23,경상사고,0,0,1,0,29,남,10년미만,,승용,비사업용,승용,일직선사고,맑음,심야,차대차,추돌(진행중),안전운전불이행,특별광역시도,서울성모병원교차로,37.5017688,127.0047906,서초구,
2018,11,13,화요일,14,경상사고,0,0,2,0,60,남,15년이상,,승용,비사업용,승용,일직선사고,맑음,주간,차대차,정면충돌,안전운전불이행,특별광역시도,서울성모병원교차로,37.5017688,127.0047906,서초구,
2019,1,26,토요일,10,경상사고,0,0,1,0,60,남,15년이상,,승합,사업용,기타,기타사고,맑음,주간,차량단독,차량단독-기타,안전운전불이행,특별광역시도,서울성모병원교차로,37.5017688,127.0047906,서초구,
2019,1,15,화요일,12,경상사고,0,0,1,0,74,남,15년이상,,승용,사업용,기타,기타사고,맑음,주간,차량단독,차량단독-기타,안전운전불이행,특별광역시도,서울성모병원교차로,37.5017688,127.0047906,서초구,
2019,1,29,화요일,12,중상사고,0,1,1,0,35,남,15년미만,,승용,비사업용,승용,진입회전사고,맑음,주간,차대차,측면직각충돌,안전거리미확보,특별광역시도,서울성모병원교차로,37.5017688,127.0047906,서초구,
2019,3,30,토요일,20,중상사고,0,1,0,0,19,남,1년미만,,승용,사업용,승용,기타사고,맑음,출퇴근,차대차,차대차-기타,안전운전불이행,특별광역시도,서울성모병원교차로,37.5017688,127.0047906,서초구,