년도,월,일,요일,시각,사고등급,사망자수,중상자수,경상자수,부상자수,연령,성별,경력,음주,종별,용도,관련자2,사고형태,기상상태,일광상태,사고유형1,사고유형2,법규위반,도로종류,지점명,위도,경도,자치구,
2019,5,27,월요일,9,경상사고,0,0,1,0,34,남,15년이상,,승용,비사업용,승용,기타사고,맑음,주간,차대차,차대차-기타,안전거리미확보,특별광역시도,서울성모병원교차로,37.5017688,127.0047906,서초구,
2019,7,23,화요일,13,경상사고,0,0,1,0,54,남,10년미만,,화물,비사업용,화물,기타사고,맑음,주간,차대차,차대차-기타,안전운전불이행,특별광역시도,서울성모병원교차로,37.5017688,127.0047906,서초구,
2019,8,13,화요일,13,경상사고,0,0,4,0,58,남,3년미만,,승용,비사업용,승용,진입회전사고,맑음,주간,차대차,측면직각충돌,안전거리미확보,특별광역시도,서울성모병원교차로,37.5017688,127.0047906,서초구,
2019,8,24,토요일,14,경상사고,0,0,1,0,74,남,15년이상,,승용,사업용,승용,진입회전사고,맑음,주간,차대차,측면직각충돌,안전거리미확보,특별광역시도,서울성모병원교차로,37.5017688,127.0047906,서초구,
2019,9,3,화요일,8,경상사고,0,0,1,0,46,남,15년이상,,승용,비사업용,승용,기타사고,맑음,출퇴근,차대차,차대차-기타,안전운전불이행,특별광역시도,서울성모병원교차로,37.5017688,127.0047906,서초구,
2019,9,23,월요일,23,경상사고,0,0,2,0,53,남,10년미만,,승용,사업용,승용,기타사고,맑음,심야,차대차,차대차-기타,안전운전불이행,특별광역시도,서울성모병원교차로,37.5017688,127.0047906,서초구,
2019,11,11,월요일,18,경상사고,0,0,1,0,38,여,15년이상,,승용,비사업용,승용,기타사고,맑음,출퇴근,차대차,차대차-기타,안전거리미확보,특별광역시도,서울성모병원교차로,37.5017688,127.0047906,서초구,
2019,11,23,토요일,21,경상사고,0,0,1,0,42,남,15년이상,,승용,비사업용,승용,진입회전사고,맑음,심야,차대차,측면직각충돌,안전거리미확보,특별광역시도,서울성모병원교차로,37.5017688,127.0047906,서초구,
2019,12,23,월요일,1,경상사고,0,0,1,0,59,남,15년이상,,승용,사업용,승용,진입회전사고,기타,심야,차대차,측면직각충돌,차로위반,특별광역시도,서울성모병원교차로,37.5017688,127.0047906,서초구,
2019,12,29,일요일,11,중상사고,0,1,3,0,64,남,15년이상,,승용,비사업용,승용,기타사고,맑음,주간,차대차,차대차-기타,안전거리미확보,특별광역시도,서울성모병원교차로,37.5017688,127.0047906,서초구,
2017,2,8,수요일,5,중상사고,0,1,0,0,60,남,15년이상,,화물,비사업용,보행자,보행횡단사고,맑음,새벽,차대사람,횡단중,보행자보호의무위반,특별광역시도,서초3동사거리,37.484069,127.011421,서초구,
2017,2,3,금요일,23,경상사고,0,0,3,0,59,남,15년이상,,승용,사업용,승용,일직선사고,맑음,심야,차대차,추돌(진행중),안전운전불이행,특별광역시도,서초3동사거리,37.484069,127.011421,서초구,
2017,4,12,수요일,8,경상사고,0,0,1,1,59,남,15년이상,,승용,비사업용,승용,일직선사고,맑음,출퇴근,차대차,정면충돌,안전운전불이행,특별광역시도,서초3동사거리,37.484069,127.011421,서초구,
2017,5,15,월요일,19,부상사고,0,0,0,1,57,남,15년이상,,승용,사업용,보행자,보행횡단사고,맑음,출퇴근,차대사람,횡단중,안전운전불이행,특별광역시도,서초3동사거리,37.484069,127.011421,서초구,
2017,6,30,금요일,8,중상사고,0,1,0,0,70,남,15년이상,,승합,비사업용,보행자,보행횡단사고,맑음,출퇴근,차대사람,보도통행중,데이터없음,특별광역시도,서초3동사거리,37.484069,127.011421,서초구,
2017,7,23,일요일,11,중상사고,0,1,3,0,46,남,15년이상,,승용,비사업용,승용,일직선사고,비,주간,차대차,추돌(진행중),안전운전불이행,특별광역시도,서초3동사거리,37.484069,127.011421,서초구,
2017,7,24,월요일,23,경상사고,0,0,1,0,57,남,15년이상,,승용,사업용,승용,일직선사고,맑음,심야,차대차,추돌(진행중),안전거리미확보,특별광역시도,서초3동사거리,37.484069,127.011421,서초구,
2017,10,18,수요일,18,경상사고,0,0,1,0,51,남,15년미만,,승용,비사업용,승용,일직선사고,흐림,출퇴근,차대차,추돌(진행중),안전운전불이행,특별광역시도,서초3동사거리,37.484069,127.011421,서초구,
2017,10,22,일요일,23,중상사고,0,1,2,0,63,남,15년이상,,승용,사업용,승용,진입회전사고,맑음,심야,차대차,측면직각충돌,신호위반,특별광역시도,서초3동사거리,37.484069,127.011421,서초구,
2017,11,10,금요일,10,중상사고,0,1,0,0,40,남,3년미만,,승용,비사업용,승용,진입회전사고,맑음,주간,차대차,측면직각충돌,안전거리미확보,특별광역시도,서초3동사거리,37.484069,127.011421,서초구,
2017,11,20,월요일,13,경상사고,0,0,1,0,74,남,15년이상,,승용,비사업용,승용,진입회전사고,맑음,주간,차대차,측면직각충돌,신호위반,특별광역시도,서초3동사거리,37.484069,127.011421,서초구,
2017,11,6,월요일,15,경상사고,0,0,3,0,36,여,15년이상,,승용,사업용,승용,진입회전사고,맑음,주간,차대차,측면직각충돌,안전운전불이행,특별광역시도,서초3동사거리,37.484069,127.011421,서초구,
2017,11,12,일요일,22,중상사고,0,1,0,0,33,남,15년미만,,승용,비사업용,승용,일직선사고,맑음,심야,차대차,추돌(진행중),안전운전불이행,특별광역시도,서초3동사거리,37.484069,127.011421,서초구,
2018,1,26,금요일,4,경상사고,0,0,3,0,61,남,15년이상,,승용,사업용,승용,진입회전사고,맑음,심야,차대차,추돌(진행중),신호위반,특별광역시도,서초3동사거리,37.484069,127.011421,서초구,
2018,1,1,월요일,20,경상사고,0,0,1,0,40,여,15년이상,,승용,비사업용,승합,진입회전사고,맑음,출퇴근,차대차,차대차-기타,신호위반,특별광역시도,서초3동사거리,37.484069,127.011421,서초구,
2018,2,3,토요일,3,중상사고,0,1,2,1,61,남,15년이상,,승용,사업용,승용,진입회전사고,눈,심야,차대차,측면직각충돌,신호위반,기타,서초3동사거리,37.484069,127.011421,서초구,
2018,3,21,수요일,22,경상사고,0,0,1,0,48,남,15년이상,,승합,사업용,승합,일직선사고,흐림,심야,차대차,추돌(진행중),안전운전불이행,특별광역시도,서초3동사거리,37.484069,127.011421,서초구,
2018,4,21,토요일,0,경상사고,0,0,1,1,25,남,10년미만,,승용,비사업용,승용,진입회전사고,맑음,심야,차대차,측면직각충돌,차로위반,특별광역시도,서초3동사거리,37.484069,127.011421,서초구,
2018,4,21,토요일,18,경상사고,0,0,1,0,26,남,2년미만,,승용,사업용,승용,진입회전사고,맑음,출퇴근,차대차,측면직각충돌,안전운전불이행,특별광역시도,서초3동사거리,37.484069,127.011421,서초구,
2018,5,4,금요일,20,경상사고,0,0,1,0,64,남,15년이상,,화물,비사업용,이륜,진입회전사고,맑음,출퇴근,차대차,측면직각충돌,신호위반,특별광역시도,서초3동사거리,37.484069,127.011421,서초구,
2018,6,12,화요일,0,경상사고,0,0,3,0,57,남,15년이상,,승용,사업용,승용,진입회전사고,맑음,심야,차대차,측면직각충돌,교차로운행방법위반,기타,서초3동사거리,37.484069,127.011421,서초구,
2018,9,13,목요일,4,경상사고,0,0,1,0,63,남,15년이상,,화물,비사업용,화물,진입회전사고,맑음,심야,차대차,정면충돌,신호위반,특별광역시도,서초3동사거리,37.484069,127.011421,서초구,
2018,10,2,화요일,23,경상사고,0,0,1,0,77,여,15년이상,,승용,사업용,보행자,보행횡단사고,맑음,심야,차대사람,횡단중,보행자보호의무위반,특별광역시도,서초3동사거리,37.484069,127.011421,서초구,
2018,11,5,월요일,10,경상사고,0,0,5,0,42,남,15년이상,,승합,사업용,화물,진입회전사고,맑음,주간,차대차,측면직각충돌,안전운전불이행,특별광역시도,서초3동사거리,37.484069,127.011421,서초구,
2018,11,19,월요일,23,경상사고,0,0,1,0,49,남,15년이상,,승용,사업용,이륜,진입회전사고,맑음,심야,차대차,차대차-기타,신호위반,특별광역시도,서초3동사거리,37.484069,127.011421,서초구,
2018,12,15,토요일,4,경상사고,0,0,1,0,45,남,15년이상,,승용,비사업용,화물,진입회전사고,맑음,심야,차대차,측면직각충돌,신호위반,특별광역시도,서초3동사거리,37.484069,127.011421,서초구,
2019,2,25,월요일,16,경상사고,0,0,1,0,45,여,15년이상,,승용,비사업용,승합,일직선사고,맑음,주간,차대차,정면충돌,차로위반,특별광역시도,서초3동사거리,37.484069,127.011421,서초구,
2019,2,8,금요일,20,경상사고,0,0,3,0,51,남,15년이상,,승용,사업용,승용,진입회전사고,맑음,출퇴근,차대차,차대차-기타,신호위반,특별광역시도,서초3동사거리,37.484069,127.011421,서초구,
2019,3,22,금요일,3,경상사고,0,0,2,0,42,여,15년이상,0,승용,비사업용,승용,기타사고,맑음,심야,차대차,차대차-기타,안전운전불이행,특별광역시도,서초3동사거리,37.484069,127.011421,서초구,
2019,3,30,토요일,16,경상사고,0,0,1,0,48,남,15년이상,,승용,비사업용,보행자,보행횡단사고,맑음,주간,차대사람,횡단중,보행자보호의무위반,특별광역시도,서초3동사거리,37.484069,127.011421,서초구,
2019,3,12,화요일,19,경상사고,0,0,1,0,32,여,10년미만,,승용,비사업용,승용,진입회전사고,맑음,출퇴근,차대차,측면직각충돌,안전거리미확보,특별광역시도,서초3동사거리,37.484069,127.011421,서초구,
2019,4,29,월요일,18,경상사고,0,0,1,0,25,남,3년미만,,승용,비사업용,승용,진입회전사고,맑음,출퇴근,차대차,측면직각충돌,안전운전불이행,특별광역시도,서초3동사거리,37.484069,127.011421,서초구,
2019,6,13,목요일,8,경상사고,0,0,1,1,39,여,15년이상,,승용,비사업용,승용,기타사고,맑음,출퇴근,차대차,차대차-기타,차로위반,특별광역시도,서초3동사거리,37.484069,127.011421,서초구,
2019,7,30,화요일,3,경상사고,0,0,1,0,50,남,15년미만,,승용,비사업용,승용,일직선사고,맑음,심야,차대차,추돌(진행중),안전운전불이행,특별광역시도,서초3동사거리,37.484069,127.011421,서초구,
2019,10,31,목요일,12,부상사고,0,0,0,1,60,여,15년이상,,승용,비사업용,승용,기타사고,맑음,주간,차대차,차대차-기타,안전운전불이행,특별광역시도,서초3동사거리,37.484069,127.011421,서초구,
2019,10,30,수요일,21,중상사고,0,1,0,0,48,여,15년이상,,승용,비사업용,보행자,보행횡단사고,맑음,심야,차대사람,횡단중,안전운전불이행,특별광역시도,서초3동사거리,37.484069,127.011421,서초구,
2019,11,30,토요일,2,경상사고,0,0,1,1,20,여,1년미만,,승용,사업용,승용,기타사고,맑음,심야,차대차,차대차-기타,안전운전불이행,특별광역시도,서초3동사거리,37.484069,127.011421,서초구,
2019,11,26,화요일,10,경상사고,0,0,4,0,72,남,15년이상,,승용,비사업용,승용,진입회전사고,맑음,주간,차대차,측면직각충돌,안전거리미확보,특별광역시도,서초3동사거리,37.484069,127.011421,서초구,
2019,11,10,일요일,11,경상사고,0,0,1,0,29,여,15년미만,,승용,비사업용,승용,기타사고,맑음,주간,차대차,차대차-기타,교차로운행방법위반,특별광역시도,서초3동사거리,37.484069,127.011421,서초구,
2019,12,30,월요일,11,중상사고,0,1,0,0,55,남,15년이상,,화물,사업용,화물,기타사고,맑음,주간,차대차,차대차-기타,안전거리미확보,특별광역시도,서초3동사거리,37.484069,127.011421,서초구,
2017,2,8,수요일,9,경상사고,0,0,1,0,59,남,15년이상,,승용,사업용,승용,기타사고,맑음,주간,차대차,차대차-기타,안전거리미확보,특별광역시도,서초역3번출구,37.49109,127.007754,서초구,
2017,2,17,금요일,9,경상사고,0,0,1,0,61,남,15년이상,,승용,사업용,이륜,진입회전사고,맑음,주간,차대차,측면직각충돌,교차로운행방법위반,특별광역시도,서초역3번출구,37.49109,127.007754,서초구,
2017,3,8,수요일,1,중상사고,0,1,2,0,19,남,데이터오류,,승용,비사업용,승용,진입회전사고,맑음,심야,차대차,추돌(진행중),신호위반,특별광역시도,서초역3번출구,37.49109,127.007754,서초구,
2017,3,29,수요일,7,경상사고,0,0,1,0,67,남,15년이상,,승용,사업용,보행자,보행횡단사고,맑음,출퇴근,차대사람,횡단중,보행자보호의무위반,특별광역시도,서초역3번출구,37.49109,127.007754,서초구,
2017,4,27,목요일,2,중상사고,0,2,1,0,54,남,15년이상,,승용,비사업용,승용,진입회전사고,맑음,심야,차대차,측면직각충돌,신호위반,특별광역시도,서초역3번출구,37.49109,127.007754,서초구,
2017,4,14,금요일,13,경상사고,0,0,1,0,35,여,4년미만,,승용,비사업용,승용,주정차사고,비,주간,차대차,추돌(주정차중),안전운전불이행,특별광역시도,서초역3번출구,37.49109,127.007754,서초구,
2017,5,20,토요일,14,경상사고,0,0,1,0,64,남,15년이상,,승용,사업용,보행자,기타사고,맑음,주간,차대사람,차대사람-기타,데이터없음,특별광역시도,서초역3번출구,37.49109,127.007754,서초구,
2017,6,12,월요일,21,경상사고,0,0,2,0,49,여,15년이상,,승용,비사업용,승용,일직선사고,맑음,심야,차대차,추돌(진행중),안전운전불이행,특별광역시도,서초역3번출구,37.49109,127.007754,서초구,
2017,7,14,금요일,10,경상사고,0,0,1,0,39,남,15년이상,,승용,비사업용,이륜,진입회전사고,맑음,주간,차대차,측면직각충돌,신호위반,특별광역시도,서초역3번출구,37.49109,127.007754,서초구,
2017,7,1,토요일,20,중상사고,0,1,0,0,29,남,1년미만,,승용,비사업용,이륜,진입회전사고,맑음,출퇴근,차대차,추돌(진행중),신호위반,특별광역시도,서초역3번출구,37.49109,127.007754,서초구,
2017,8,24,목요일,4,부상사고,0,0,0,1,49,남,15년이상,,화물,비사업용,이륜,진입회전사고,흐림,심야,차대차,차대차-기타,신호위반,특별광역시도,서초역3번출구,37.49109,127.007754,서초구,
2017,8,10,목요일,15,경상사고,0,0,1,0,30,남,10년미만,,승용,비사업용,이륜,진입회전사고,맑음,주간,차대차,측면직각충돌,안전거리미확보,특별광역시도,서초역3번출구,37.49109,127.007754,서초구,
2017,12,1,금요일,1,경상사고,0,0,3,0,59,남,15년이상,,승용,사업용,승용,일직선사고,맑음,심야,차대차,추돌(진행중),안전운전불이행,특별광역시도,서초역3번출구,37.49109,127.007754,서초구,
2017,12,21,목요일,21,경상사고,0,0,1,0,44,남,15년이상,,승용,비사업용,승용,진입회전사고,맑음,심야,차대차,차대차-기타,신호위반,특별광역시도,서초역3번출구,37.49109,127.007754,서초구,
2018,2,7,수요일,22,경상사고,0,0,1,0,62,남,15년미만,,화물,비사업용,이륜,진입회전사고,맑음,심야,차대차,측면직각충돌,안전운전불이행,특별광역시도,서초역3번출구,37.49109,127.007754,서초구,
2018,4,3,화요일,10,중상사고,0,1,0,0,74,여,15년이상,,승용,비사업용,승용,진입회전사고,맑음,주간,차대차,측면직각충돌,차로위반,특별광역시도,서초역3번출구,37.49109,127.007754,서초구,
2018,5,17,목요일,17,경상사고,0,0,1,0,63,남,15년이상,,승용,비사업용,승용,기타사고,비,주간,차대차,차대차-기타,안전거리미확보,특별광역시도,서초역3번출구,37.49109,127.007754,서초구,
2018,5,20,일요일,21,경상사고,0,0,1,0,64,여,15년이상,,승용,비사업용,승용,진입회전사고,맑음,심야,차대차,차대차-기타,신호위반,특별광역시도,서초역3번출구,37.49109,127.007754,서초구,
2018,5,17,목요일,22,경상사고,0,0,1,0,59,남,15년이상,,승용,사업용,승용,진입회전사고,비,심야,차대차,측면직각충돌,안전거리미확보,특별광역시도,서초역3번출구,37.49109,127.007754,서초구,
2018,10,6,토요일,7,경상사고,0,0,2,0,60,남,15년이상,,승합,사업용,화물,일직선사고,맑음,출퇴근,차대차,추돌(진행중),안전운전불이행,특별광역시도,서초역3번출구,37.49109,127.007754,서초구,
2018,12,7,금요일,8,경상사고,0,0,3,0,78,남,15년이상,,승용,사업용,승용,일직선사고,맑음,출퇴근,차대차,추돌(진행중),안전운전불이행,특별광역시도,서초역3번출구,37.49109,127.007754,서초구,
2018,12,7,금요일,10,경상사고,0,0,2,0,35,여,4년미만,,승용,비사업용,승용,기타사고,맑음,주간,차대차,차대차-기타,안전거리미확보,특별광역시도,서초역3번출구,37.49109,127.007754,서초구,
2019,1,21,월요일,21,경상사고,0,0,1,0,67,남,15년이상,,승용,비사업용,승용,진입회전사고,맑음,심야,차대차,측면직각충돌,안전거리미확보,특별광역시도,서초역3번출구,37.49109,127.007754,서초구,
2019,2,23,토요일,21,경상사고,0,0,2,0,39,남,4년미만,,승용,비사업용,승용,일직선사고,맑음,심야,차대차,추돌(진행중),안전운전불이행,특별광역시도,서초역3번출구,37.49109,127.007754,서초구,
2019,2,25,월요일,22,경상사고,0,0,1,0,59,남,15년이상,,승용,사업용,승용,진입회전사고,맑음,심야,차대차,측면직각충돌,신호위반,특별광역시도,서초역3번출구,37.49109,127.007754,서초구,
2019,3,3,일요일,8,중상사고,0,1,0,0,30,여,15년미만,,승용,비사업용,승용,진입회전사고,맑음,출퇴근,차대차,측면직각충돌,차로위반,특별광역시도,서초역3번출구,37.49109,127.007754,서초구,
2019,4,25,목요일,14,경상사고,0,0,4,0,76,여,15년이상,,승용,비사업용,승용,기타사고,비,주간,차대차,차대차-기타,안전거리미확보,특별광역시도,서초역3번출구,37.49109,127.007754,서초구,
2019,4,17,수요일,15,경상사고,0,0,2,0,71,남,15년이상,,승용,비사업용,승용,진입회전사고,맑음,주간,차대차,측면직각충돌,안전거리미확보,특별광역시도,서초역3번출구,37.49109,127.007754,서초구,
2019,5,3,금요일,22,부상사고,0,0,0,1,64,남,15년이상,,승용,비사업용,승용,기타사고,맑음,심야,차대차,차대차-기타,안전거리미확보,특별광역시도,서초역3번출구,37.49109,127.007754,서초구,
2019,9,10,화요일,16,경상사고,0,0,1,0,23,남,2년미만,,화물,비사업용,이륜,진입회전사고,맑음,주간,차대차,측면직각충돌,안전거리미확보,특별광역시도,서초역3번출구,37.49109,127.007754,서초구,
2019,10,12,토요일,12,경상사고,0,0,1,0,74,남,10년미만,,승용,비사업용,승용,일직선사고,맑음,주간,차대차,정면충돌,안전운전불이행,특별광역시도,서초역3번출구,37.49109,127.007754,서초구,
2019,10,15,화요일,17,경상사고,0,0,1,0,49,남,15년이상,,승용,비사업용,승용,진입회전사고,맑음,주간,차대차,측면직각충돌,신호위반,특별광역시도,서초역3번출구,37.49109,127.007754,서초구,
2019,11,15,금요일,6,중상사고,0,1,3,0,70,남,15년이상,,승용,사업용,승용,진입회전사고,비,새벽,차대차,측면직각충돌,신호위반,특별광역시도,서초역3번출구,37.49109,127.007754,서초구,
2019,11,27,수요일,6,경상사고,0,0,2,1,56,남,10년미만,,승용,비사업용,화물,진입회전사고,맑음,새벽,차대차,측면직각충돌,차로위반,특별광역시도,서초역3번출구,37.49109,127.007754,서초구,
2019,11,21,목요일,20,경상사고,0,0,1,0,28,남,15년미만,,승용,비사업용,승용,일직선사고,맑음,출퇴근,차대차,추돌(진행중),안전운전불이행,특별광역시도,서초역3번출구,37.49109,127.007754,서초구,
2019,12,16,월요일,17,경상사고,0,0,2,0,56,남,15년이상,,승용,사업용,승용,진입회전사고,맑음,주간,차대차,추돌(진행중),신호위반,특별광역시도,서초역3번출구,37.49109,127.007754,서초구,
2017,2,10,금요일,3,중상사고,0,1,0,0,35,남,15년이상,,승용,비사업용,보행자,기타사고,맑음,심야,차대사람,차도통행중,안전운전불이행,특별광역시도,서초초부근사거리,37.499988,127.0104405,서초구,
2017,2,17,금요일,22,경상사고,0,0,1,0,26,남,10년미만,,승용,비사업용,보행자,기타사고,맑음,심야,차대사람,차대사람-기타,안전운전불이행,특별광역시도,서초초부근사거리,37.499988,127.0104405,서초구,
2017,4,26,수요일,1,중상사고,0,1,0,0,50,남,3년미만,,승용,사업용,보행자,기타사고,맑음,심야,차대사람,차대사람-기타,안전운전불이행,특별광역시도,서초초부근사거리,37.499988,127.0104405,서초구,
2017,4,30,일요일,2,경상사고,0,0,1,0,29,남,10년미만,,승용,비사업용,보행자,기타사고,맑음,심야,차대사람,차대사람-기타,안전운전불이행,특별광역시도,서초초부근사거리,37.499988,127.0104405,서초구,
2017,5,23,화요일,18,경상사고,0,0,1,0,68,남,15년미만,,화물,비사업용,보행자,기타사고,흐림,출퇴근,차대사람,차대사람-기타,안전운전불이행,특별광역시도,서초초부근사거리,37.499988,127.0104405,서초구,
2017,6,22,목요일,6,중상사고,0,1,0,0,36,여,3년미만,,승용,비사업용,이륜,진입회전사고,맑음,새벽,차대차,측면직각충돌,직진우회전진행방해,특별광역시도,서초초부근사거리,37.499988,127.0104405,서초구,
2017,6,19,월요일,16,중상사고,0,1,0,0,44,여,15년이상,,승용,비사업용,보행자,기타사고,맑음,주간,차대사람,차대사람-기타,안전운전불이행,특별광역시도,서초초부근사거리,37.499988,127.0104405,서초구,
2017,7,30,일요일,5,경상사고,0,0,1,0,26,남,2년미만,,승용,비사업용,보행자,기타사고,맑음,새벽,차대사람,차대사람-기타,안전운전불이행,특별광역시도,서초초부근사거리,37.499988,127.0104405,서초구,
2017,7,5,수요일,11,경상사고,0,0,1,0,66,남,15년이상,,승용,비사업용,보행자,기타사고,맑음,주간,차대사람,길가장자리구역통행중,안전운전불이행,특별광역시도,서초초부근사거리,37.499988,127.0104405,서초구,
2017,7,28,금요일,21,경상사고,0,0,1,0,62,남,15년이상,,승용,비사업용,보행자,기타사고,맑음,심야,차대사람,차대사람-기타,안전운전불이행,특별광역시도,서초초부근사거리,37.499988,127.0104405,서초구,
2017,8,12,토요일,2,경상사고,0,0,1,0,40,남,15년미만,,승용,비사업용,보행자,진입회전사고,맑음,심야,차대사람,차대사람-기타,신호위반,특별광역시도,서초초부근사거리,37.499988,127.0104405,서초구,
2017,9,2,토요일,0,경상사고,0,0,1,0,22,남,5년미만,,승용,비사업용,보행자,기타사고,맑음,심야,차대사람,차도통행중,안전운전불이행,특별광역시도,서초초부근사거리,37.499988,127.0104405,서초구,
2017,9,4,월요일,18,중상사고,0,1,0,0,56,남,15년이상,,승용,비사업용,보행자,기타사고,맑음,출퇴근,차대사람,차대사람-기타,안전운전불이행,특별광역시도,서초초부근사거리,37.499988,127.0104405,서초구,
2017,9,13,수요일,20,중상사고,0,1,0,0,45,남,15년이상,,승용,비사업용,보행자,기타사고,맑음,출퇴근,차대사람,차대사람-기타,안전운전불이행,특별광역시도,서초초부근사거리,37.499988,127.0104405,서초구,
2017,11,18,토요일,21,경상사고,0,0,1,0,40,남,10년미만,,승용,비사업용,보행자,기타사고,맑음,심야,차대사람,차도통행중,안전운전불이행,특별광역시도,서초초부근사거리,37.499988,127.0104405,서초구,
2017,12,11,월요일,2,중상사고,0,1,0,0,35,남,15년이상,,승용,사업용,보행자,기타사고,맑음,심야,차대사람,차대사람-기타,안전운전불이행,특별광역시도,서초초부근사거리,37.499988,127.0104405,서초구,
2017,12,17,일요일,2,경상사고,0,0,1,0,53,남,15년이상,,승용,사업용,보행자,기타사고,맑음,심야,차대사람,차대사람-기타,안전운전불이행,특별광역시도,서초초부근사거리,37.499988,127.0104405,서초구,
2017,12,15,금요일,13,경상사고,0,0,1,0,45,남,15년이상,,승용,비사업용,보행자,기타사고,맑음,주간,차대사람,차도통행중,안전운전불이행,특별광역시도,서초초부근사거리,37.499988,127.0104405,서초구,
2017,12,4,월요일,17,경상사고,0,0,1,0,52,남,15년이상,,승용,사업용,보행자,보행횡단사고,맑음,주간,차대사람,횡단중,보행자보호의무위반,특별광역시도,서초초부근사거리,37.499988,127.0104405,서초구,
2018,1,26,금요일,22,경상사고,0,0,1,0,49,남,15년이상,,승용,사업용,보행자,기타사고,맑음,심야,차대사람,차대사람-기타,안전운전불이행,특별광역시도,서초초부근사거리,37.499988,127.0104405,서초구,
2018,1,27,토요일,22,부상사고,0,0,0,1,51,남,15년이상,,승용,사업용,보행자,기타사고,맑음,심야,차대사람,길가장자리구역통행중,안전운전불이행,특별광역시도,서초초부근사거리,37.499988,127.0104405,서초구,
2018,1,26,금요일,23,경상사고,0,0,1,0,51,남,15년이상,,승용,사업용,보행자,기타사고,맑음,심야,차대사람,길가장자리구역통행중,안전운전불이행,특별광역시도,서초초부근사거리,37.499988,127.0104405,서초구,
2018,4,6,금요일,2,경상사고,0,0,1,0,60,남,15년이상,,승용,사업용,보행자,기타사고,비,심야,차대사람,길가장자리구역통행중,안전운전불이행,특별광역시도,서초초부근사거리,37.499988,127.0104405,서초구,
2018,5,20,일요일,3,경상사고,0,0,1,0,64,남,15년이상,,승용,사업용,보행자,기타사고,맑음,심야,차대사람,차대사람-기타,안전운전불이행,특별광역시도,서초초부근사거리,37.499988,127.0104405,서초구,
2018,5,20,일요일,23,경상사고,0,0,1,0,44,남,4년미만,,승용,사업용,보행자,기타사고,맑음,심야,차대사람,차대사람-기타,안전운전불이행,특별광역시도,서초초부근사거리,37.499988,127.0104405,서초구,
2018,9,26,수요일,7,경상사고,0,0,1,0,21,여,4년미만,,승용,비사업용,보행자,기타사고,맑음,출퇴근,차대사람,차대사람-기타,안전운전불이행,특별광역시도,서초초부근사거리,37.499988,127.0104405,서초구,
2018,10,27,토요일,1,중상사고,0,1,0,0,24,여,15년이상,,승용,비사업용,보행자,기타사고,맑음,심야,차대사람,차도통행중,안전운전불이행,특별광역시도,서초초부근사거리,37.499988,127.0104405,서초구,
2018,10,30,화요일,23,부상사고,0,0,0,1,35,남,15년이상,,승용,비사업용,보행자,기타사고,비,심야,차대사람,차대사람-기타,안전운전불이행,특별광역시도,서초초부근사거리,37.499988,127.0104405,서초구,
2018,12,29,토요일,2,경상사고,0,0,1,0,48,남,4년미만,,승용,사업용,보행자,기타사고,맑음,심야,차대사람,차도통행중,안전운전불이행,특별광역시도,서초초부근사거리,37.499988,127.0104405,서초구,
2019,2,23,토요일,3,경상사고,0,0,1,0,19,여,1년미만,,승용,비사업용,보행자,보행횡단사고,맑음,심야,차대사람,횡단중,안전운전불이행,특별광역시도,서초초부근사거리,37.499988,127.0104405,서초구,
2019,2,21,목요일,20,경상사고,0,0,1,0,28,남,15년미만,,승용,비사업용,보행자,기타사고,맑음,출퇴근,차대사람,차대사람-기타,안전운전불이행,특별광역시도,서초초부근사거리,37.499988,127.0104405,서초구,
2019,3,23,토요일,3,경상사고,0,0,2,0,29,남,10년미만,,승용,비사업용,보행자,보행횡단사고,맑음,심야,차대사람,횡단중,안전운전불이행,특별광역시도,서초초부근사거리,37.499988,127.0104405,서초구,
2019,5,26,일요일,1,경상사고,0,0,1,0,21,남,2년미만,,승용,비사업용,보행자,기타사고,맑음,심야,차대사람,차대사람-기타,안전운전불이행,특별광역시도,서초초부근사거리,37.499988,127.0104405,서초구,
2019,6,10,월요일,2,경상사고,0,0,2,0,62,남,15년이상,,승용,사업용,승용,기타사고,맑음,심야,차대차,차대차-기타,안전운전불이행,특별광역시도,서초초부근사거리,37.499988,127.0104405,서초구,
2019,6,1,토요일,23,경상사고,0,0,1,0,29,여,10년미만,,승용,비사업용,보행자,기타사고,맑음,심야,차대사람,차대사람-기타,안전운전불이행,특별광역시도,서초초부근사거리,37.499988,127.0104405,서초구,
2019,7,18,목요일,1,부상사고,0,0,0,1,19,남,2년미만,,승용,비사업용,보행자,기타사고,맑음,심야,차대사람,차도통행중,안전운전불이행,특별광역시도,서초초부근사거리,37.499988,127.0104405,서초구,
2019,8,11,일요일,2,중상사고,0,1,0,0,52,남,15년이상,,승용,사업용,보행자,기타사고,맑음,심야,차대사람,차대사람-기타,안전운전불이행,특별광역시도,서초초부근사거리,37.499988,127.0104405,서초구,