년도,월,일,요일,시각,사고등급,사망자수,중상자수,경상자수,부상자수,연령,성별,경력,음주,종별,용도,관련자2,사고형태,기상상태,일광상태,사고유형1,사고유형2,법규위반,도로종류,지점명,위도,경도,자치구,
2019,8,31,토요일,2,경상사고,0,0,1,0,39,여,15년이상,,승용,비사업용,보행자,기타사고,맑음,심야,차대사람,차대사람-기타,안전운전불이행,특별광역시도,서초초부근사거리,37.499988,127.0104405,서초구,
2019,8,28,수요일,4,경상사고,0,0,1,0,25,여,5년미만,,승용,비사업용,보행자,기타사고,맑음,심야,차대사람,길가장자리구역통행중,안전운전불이행,특별광역시도,서초초부근사거리,37.499988,127.0104405,서초구,
2019,8,17,토요일,22,경상사고,0,0,1,0,26,남,2년미만,,승용,비사업용,보행자,보행횡단사고,맑음,심야,차대사람,보도통행중,안전운전불이행,특별광역시도,서초초부근사거리,37.499988,127.0104405,서초구,
2019,9,24,화요일,2,부상사고,0,0,0,1,57,남,15년이상,,승용,사업용,보행자,기타사고,맑음,심야,차대사람,차대사람-기타,안전운전불이행,특별광역시도,서초초부근사거리,37.499988,127.0104405,서초구,
2019,9,8,일요일,18,부상사고,0,0,0,1,31,남,15년미만,,승용,비사업용,보행자,기타사고,맑음,출퇴근,차대사람,차대사람-기타,안전운전불이행,특별광역시도,서초초부근사거리,37.499988,127.0104405,서초구,
2019,10,14,월요일,3,부상사고,0,0,0,1,60,남,15년이상,,화물,비사업용,보행자,기타사고,맑음,심야,차대사람,차대사람-기타,안전운전불이행,특별광역시도,서초초부근사거리,37.499988,127.0104405,서초구,
2019,11,9,토요일,7,경상사고,0,0,1,0,19,남,1년미만,,승용,비사업용,보행자,진입회전사고,맑음,출퇴근,차대사람,차대사람-기타,신호위반,특별광역시도,서초초부근사거리,37.499988,127.0104405,서초구,
2019,12,17,화요일,1,부상사고,0,0,0,2,29,남,10년미만,,승용,비사업용,승용,기타사고,맑음,심야,차대차,차대차-기타,안전운전불이행,특별광역시도,서초초부근사거리,37.499988,127.0104405,서초구,
2019,12,21,토요일,1,경상사고,0,0,1,0,51,남,15년이상,,승용,사업용,보행자,기타사고,맑음,심야,차대사람,차대사람-기타,안전운전불이행,특별광역시도,서초초부근사거리,37.499988,127.0104405,서초구,
2017,1,3,화요일,19,경상사고,0,0,1,0,39,남,15년이상,,화물,사업용,보행자,기타사고,맑음,출퇴근,차대사람,차도통행중,보행자보호의무위반,특별광역시도,신논현역부근사거리,37.504724,127.02538,서초구,
2017,1,22,일요일,20,경상사고,0,0,2,0,36,남,15년미만,,승용,사업용,승용,진입회전사고,맑음,출퇴근,차대차,측면직각충돌,중앙선침범,특별광역시도,신논현역부근사거리,37.504724,127.02538,서초구,
2017,3,23,목요일,10,부상사고,0,0,0,1,57,남,15년이상,,승용,사업용,승용,일직선사고,맑음,주간,차대차,추돌(진행중),안전운전불이행,특별광역시도,신논현역부근사거리,37.504724,127.02538,서초구,
2017,3,8,수요일,21,경상사고,0,0,1,0,36,여,15년미만,,승용,비사업용,보행자,보행횡단사고,맑음,심야,차대사람,횡단중,안전운전불이행,특별광역시도,신논현역부근사거리,37.504724,127.02538,서초구,
2017,3,31,금요일,22,경상사고,0,0,1,0,42,남,15년이상,0,승용,비사업용,승용,일직선사고,맑음,심야,차대차,정면충돌,안전운전불이행,특별광역시도,신논현역부근사거리,37.504724,127.02538,서초구,
2017,4,13,목요일,19,경상사고,0,0,1,0,29,남,10년미만,,승용,비사업용,승용,일직선사고,맑음,출퇴근,차대차,추돌(진행중),안전운전불이행,특별광역시도,신논현역부근사거리,37.504724,127.02538,서초구,
2017,5,27,토요일,2,부상사고,0,0,0,1,불명,불명,데이터오류,,기타,데이터오류,기타,기타사고,맑음,심야,차대사람,차대사람-기타,안전운전불이행,특별광역시도,신논현역부근사거리,37.504724,127.02538,서초구,
2017,5,11,목요일,23,경상사고,0,0,1,0,54,남,15년이상,,승용,비사업용,보행자,기타사고,맑음,심야,차대사람,차도통행중,안전운전불이행,특별광역시도,신논현역부근사거리,37.504724,127.02538,서초구,
2017,6,21,수요일,1,사망사고,1,0,0,0,48,여,15년이상,,승용,비사업용,보행자,보행횡단사고,비,심야,차대사람,횡단중,안전운전불이행,특별광역시도,신논현역부근사거리,37.504724,127.02538,서초구,
2017,6,13,화요일,2,경상사고,0,0,1,0,54,남,15년이상,,승용,사업용,보행자,일직선사고,맑음,심야,차대사람,차도통행중,중앙선침범,특별광역시도,신논현역부근사거리,37.504724,127.02538,서초구,
2017,6,9,금요일,17,경상사고,0,0,1,0,56,여,15년미만,,승용,비사업용,승용,진입회전사고,맑음,주간,차대차,측면직각충돌,안전운전불이행,특별광역시도,신논현역부근사거리,37.504724,127.02538,서초구,
2017,7,22,토요일,3,사망사고,1,0,0,0,67,남,3년미만,,승용,사업용,보행자,보행횡단사고,맑음,심야,차대사람,횡단중,안전운전불이행,특별광역시도,신논현역부근사거리,37.504724,127.02538,서초구,
2017,12,2,토요일,23,부상사고,0,0,0,1,52,남,15년이상,,승용,비사업용,원동기,기타사고,맑음,심야,차대차,차대차-기타,안전운전불이행,특별광역시도,신논현역부근사거리,37.504724,127.02538,서초구,
2018,1,12,금요일,10,경상사고,0,0,3,0,35,남,10년미만,,화물,비사업용,화물,기타사고,맑음,주간,차대차,차대차-기타,안전거리미확보,특별광역시도,신논현역부근사거리,37.504724,127.02538,서초구,
2018,4,27,금요일,10,경상사고,0,0,4,0,35,여,15년이상,,승용,비사업용,승용,진입회전사고,맑음,주간,차대차,측면직각충돌,안전거리미확보,특별광역시도,신논현역부근사거리,37.504724,127.02538,서초구,
2018,8,27,월요일,0,경상사고,0,0,1,0,30,남,15년미만,,승용,사업용,승용,일직선사고,비,심야,차대차,추돌(진행중),안전운전불이행,특별광역시도,신논현역부근사거리,37.504724,127.02538,서초구,
2018,9,9,일요일,11,경상사고,0,0,1,0,60,남,15년이상,,승용,사업용,자전거,진입회전사고,맑음,주간,차대차,측면직각충돌,안전운전불이행,특별광역시도,신논현역부근사거리,37.504724,127.02538,서초구,
2018,10,22,월요일,10,경상사고,0,0,2,0,39,여,15년이상,,승용,비사업용,화물,진입회전사고,맑음,주간,차대차,측면직각충돌,안전거리미확보,특별광역시도,신논현역부근사거리,37.504724,127.02538,서초구,
2018,11,4,일요일,4,경상사고,0,0,1,0,26,남,2년미만,0,승용,비사업용,승용,일직선사고,맑음,심야,차대차,정면충돌,중앙선침범,특별광역시도,신논현역부근사거리,37.504724,127.02538,서초구,
2018,11,28,수요일,14,경상사고,0,0,1,0,40,남,10년미만,,승용,비사업용,승용,일직선사고,맑음,주간,차대차,추돌(진행중),안전운전불이행,특별광역시도,신논현역부근사거리,37.504724,127.02538,서초구,
2018,11,8,목요일,15,경상사고,0,0,1,0,35,여,4년미만,,승용,비사업용,승용,일직선사고,비,주간,차대차,추돌(진행중),안전운전불이행,특별광역시도,신논현역부근사거리,37.504724,127.02538,서초구,
2018,12,2,일요일,3,중상사고,0,1,0,0,27,남,10년미만,,승용,비사업용,보행자,보행횡단사고,맑음,심야,차대사람,보도통행중,기타,특별광역시도,신논현역부근사거리,37.504724,127.02538,서초구,
2018,12,24,월요일,13,경상사고,0,0,2,0,51,남,15년이상,,승용,사업용,승용,진입회전사고,맑음,주간,차대차,측면직각충돌,차로위반,특별광역시도,신논현역부근사거리,37.504724,127.02538,서초구,
2019,1,26,토요일,1,경상사고,0,0,1,0,27,남,10년미만,,승용,비사업용,승용,기타사고,맑음,심야,차대차,차대차-기타,안전운전불이행,특별광역시도,신논현역부근사거리,37.504724,127.02538,서초구,
2019,3,14,목요일,20,경상사고,0,0,1,0,36,여,10년미만,,승용,비사업용,승용,진입회전사고,맑음,출퇴근,차대차,측면직각충돌,안전운전불이행,특별광역시도,신논현역부근사거리,37.504724,127.02538,서초구,
2019,4,24,수요일,13,중상사고,0,1,0,0,39,남,15년이상,,승합,사업용,자전거,기타사고,맑음,주간,차대차,차대차-기타,안전운전불이행,특별광역시도,신논현역부근사거리,37.504724,127.02538,서초구,
2019,4,16,화요일,13,경상사고,0,0,1,0,62,남,15년이상,,승용,사업용,승용,진입회전사고,맑음,주간,차대차,측면직각충돌,안전거리미확보,특별광역시도,신논현역부근사거리,37.504724,127.02538,서초구,
2019,6,18,화요일,13,부상사고,0,0,0,1,47,여,15년미만,,승용,비사업용,승용,일직선사고,맑음,주간,차대차,추돌(진행중),안전운전불이행,특별광역시도,신논현역부근사거리,37.504724,127.02538,서초구,
2019,6,27,목요일,13,경상사고,0,0,1,0,48,여,15년이상,,승용,비사업용,승용,일직선사고,맑음,주간,차대차,추돌(진행중),안전운전불이행,특별광역시도,신논현역부근사거리,37.504724,127.02538,서초구,
2019,8,5,월요일,13,경상사고,0,0,1,0,54,여,15년이상,,승용,비사업용,이륜,기타사고,맑음,주간,차대차,차대차-기타,기타,특별광역시도,신논현역부근사거리,37.504724,127.02538,서초구,
2019,10,19,토요일,20,중상사고,0,1,0,0,43,여,15년미만,,승용,비사업용,이륜,기타사고,맑음,출퇴근,차대차,차대차-기타,안전운전불이행,특별광역시도,신논현역부근사거리,37.504724,127.02538,서초구,
2019,11,22,금요일,8,경상사고,0,0,1,0,50,남,15년이상,,승용,비사업용,기타,기타사고,맑음,출퇴근,차대차,차대차-기타,안전운전불이행,특별광역시도,신논현역부근사거리,37.504724,127.02538,서초구,
2019,12,21,토요일,4,경상사고,0,0,2,0,28,여,10년미만,0,승용,비사업용,승용,일직선사고,맑음,심야,차대차,추돌(진행중),안전운전불이행,특별광역시도,신논현역부근사거리,37.504724,127.02538,서초구,
2019,12,13,금요일,15,경상사고,0,0,2,0,39,여,15년이상,,승용,비사업용,승용,진입회전사고,맑음,주간,차대차,측면직각충돌,안전운전불이행,특별광역시도,신논현역부근사거리,37.504724,127.02538,서초구,
2019,12,3,화요일,19,경상사고,0,0,1,0,29,여,10년미만,,승용,비사업용,승용,기타사고,맑음,출퇴근,차대차,차대차-기타,안전거리미확보,특별광역시도,신논현역부근사거리,37.504724,127.02538,서초구,
2017,1,14,토요일,19,중상사고,0,1,0,0,53,여,15년이상,,승용,비사업용,승용,진입회전사고,맑음,출퇴근,차대차,측면직각충돌,차로위반,특별광역시도,양재I.C,37.4634929,127.0397164,서초구,
2017,1,11,수요일,21,경상사고,0,0,5,0,46,남,2년미만,0,승용,비사업용,승용,일직선사고,맑음,심야,차대차,추돌(진행중),안전운전불이행,특별광역시도,양재I.C,37.4634929,127.0397164,서초구,
2017,3,10,금요일,20,중상사고,0,1,3,3,45,남,15년이상,0,승용,비사업용,승용,진입회전사고,맑음,출퇴근,차대차,측면직각충돌,안전운전불이행,특별광역시도,양재I.C,37.4634929,127.0397164,서초구,
2017,8,10,목요일,13,경상사고,0,0,1,0,58,남,15년이상,,승용,비사업용,승용,일직선사고,맑음,주간,차대차,추돌(진행중),안전운전불이행,특별광역시도,양재I.C,37.4634929,127.0397164,서초구,
2017,9,2,토요일,11,경상사고,0,0,1,0,23,남,4년미만,,승용,비사업용,승용,일직선사고,맑음,주간,차대차,추돌(진행중),안전운전불이행,특별광역시도,양재I.C,37.4634929,127.0397164,서초구,
2017,10,14,토요일,18,중상사고,0,1,0,0,43,남,10년미만,,승용,비사업용,승용,일직선사고,맑음,출퇴근,차대차,추돌(진행중),안전운전불이행,특별광역시도,양재I.C,37.4634929,127.0397164,서초구,
2017,12,20,수요일,0,경상사고,0,0,1,0,56,남,15년이상,,승용,사업용,승용,일직선사고,흐림,심야,차대차,추돌(진행중),안전거리미확보,특별광역시도,양재I.C,37.4634929,127.0397164,서초구,
2017,12,7,목요일,23,경상사고,0,0,1,0,64,남,10년미만,,승용,비사업용,승용,일직선사고,맑음,심야,차대차,추돌(진행중),안전운전불이행,특별광역시도,양재I.C,37.4634929,127.0397164,서초구,
2018,1,22,월요일,17,부상사고,0,0,0,2,51,남,15년미만,,승용,사업용,승용,일직선사고,맑음,주간,차대차,추돌(진행중),안전운전불이행,특별광역시도,양재I.C,37.4634929,127.0397164,서초구,
2018,1,31,수요일,23,중상사고,0,1,5,0,55,남,15년이상,,승용,사업용,승용,일직선사고,맑음,심야,차대차,추돌(진행중),안전운전불이행,특별광역시도,양재I.C,37.4634929,127.0397164,서초구,
2018,2,8,목요일,22,경상사고,0,0,1,0,68,남,15년이상,,승용,비사업용,승용,일직선사고,맑음,심야,차대차,추돌(진행중),안전운전불이행,특별광역시도,양재I.C,37.4634929,127.0397164,서초구,
2018,4,19,목요일,15,중상사고,0,1,0,0,26,남,10년미만,,승용,비사업용,승용,일직선사고,맑음,주간,차대차,추돌(진행중),안전운전불이행,기타,양재I.C,37.4634929,127.0397164,서초구,
2018,6,26,화요일,15,경상사고,0,0,1,0,57,남,15년이상,,승용,비사업용,승용,일직선사고,비,주간,차대차,추돌(진행중),안전운전불이행,특별광역시도,양재I.C,37.4634929,127.0397164,서초구,
2018,8,9,목요일,7,경상사고,0,0,1,0,50,남,15년이상,,승용,비사업용,승용,기타사고,맑음,출퇴근,차대차,차대차-기타,안전거리미확보,특별광역시도,양재I.C,37.4634929,127.0397164,서초구,
2018,10,8,월요일,2,중상사고,0,6,0,0,46,남,15년이상,,승용,비사업용,화물,일직선사고,맑음,심야,차대차,추돌(진행중),과속,특별광역시도,양재I.C,37.4634929,127.0397164,서초구,
2018,10,31,수요일,21,경상사고,0,0,2,0,36,남,데이터오류,0,승용,비사업용,승용,일직선사고,맑음,심야,차대차,추돌(진행중),안전운전불이행,특별광역시도,양재I.C,37.4634929,127.0397164,서초구,
2018,11,3,토요일,22,경상사고,0,0,3,0,41,여,10년미만,,승용,비사업용,승용,기타사고,맑음,심야,차대차,차대차-기타,안전운전불이행,특별광역시도,양재I.C,37.4634929,127.0397164,서초구,
2018,12,23,일요일,20,경상사고,0,0,3,0,19,남,데이터오류,,승용,사업용,승용,진입회전사고,맑음,출퇴근,차대차,측면직각충돌,안전거리미확보,특별광역시도,양재I.C,37.4634929,127.0397164,서초구,
2019,1,30,수요일,0,경상사고,0,0,1,0,68,남,15년이상,,승용,사업용,화물,일직선사고,맑음,심야,차대차,추돌(진행중),안전거리미확보,특별광역시도,양재I.C,37.4634929,127.0397164,서초구,
2019,1,17,목요일,18,경상사고,0,0,1,0,69,남,15년이상,,승용,비사업용,승용,일직선사고,맑음,출퇴근,차대차,추돌(진행중),안전거리미확보,특별광역시도,양재I.C,37.4634929,127.0397164,서초구,
2019,1,21,월요일,19,경상사고,0,0,1,0,35,여,10년미만,,승용,비사업용,화물,진입회전사고,맑음,출퇴근,차대차,측면직각충돌,안전거리미확보,특별광역시도,양재I.C,37.4634929,127.0397164,서초구,
2019,2,8,금요일,17,경상사고,0,0,2,0,29,여,15년미만,,승용,비사업용,승용,일직선사고,맑음,주간,차대차,추돌(진행중),안전운전불이행,특별광역시도,양재I.C,37.4634929,127.0397164,서초구,
2019,3,25,월요일,11,경상사고,0,0,1,0,54,여,10년미만,,승용,사업용,승용,진입회전사고,맑음,주간,차대차,측면직각충돌,안전운전불이행,특별광역시도,양재I.C,37.4634929,127.0397164,서초구,
2019,5,26,일요일,5,경상사고,0,0,1,0,56,남,15년이상,,승용,비사업용,기타,일직선사고,맑음,새벽,차대차,추돌(진행중),안전거리미확보,특별광역시도,양재I.C,37.4634929,127.0397164,서초구,
2019,6,4,화요일,14,경상사고,0,0,1,0,48,남,15년이상,,승용,비사업용,승용,진입회전사고,맑음,주간,차대차,측면직각충돌,안전거리미확보,특별광역시도,양재I.C,37.4634929,127.0397164,서초구,
2019,7,25,목요일,5,부상사고,0,0,0,1,52,남,15년이상,,화물,사업용,기타,기타사고,맑음,새벽,차량단독,도로외이탈(추락),안전운전불이행,특별광역시도,양재I.C,37.4634929,127.0397164,서초구,
2019,8,18,일요일,12,경상사고,0,0,2,0,27,남,10년미만,,승용,비사업용,승용,일직선사고,맑음,주간,차대차,추돌(진행중),안전운전불이행,특별광역시도,양재I.C,37.4634929,127.0397164,서초구,
2019,8,6,화요일,14,경상사고,0,0,2,0,59,여,15년이상,,승용,비사업용,승용,기타사고,맑음,주간,차대차,차대차-기타,안전거리미확보,특별광역시도,양재I.C,37.4634929,127.0397164,서초구,
2019,10,13,일요일,11,경상사고,0,0,1,1,62,남,15년이상,,화물,비사업용,화물,일직선사고,맑음,주간,차대차,추돌(진행중),안전거리미확보,특별광역시도,양재I.C,37.4634929,127.0397164,서초구,
2019,11,7,목요일,22,경상사고,0,0,1,0,38,남,15년이상,,승용,사업용,이륜,진입회전사고,맑음,심야,차대차,측면직각충돌,차로위반,특별광역시도,양재I.C,37.4634929,127.0397164,서초구,
2019,11,7,목요일,22,경상사고,0,0,2,0,36,남,15년이상,0,승용,비사업용,승용,일직선사고,맑음,심야,차대차,추돌(진행중),안전운전불이행,특별광역시도,양재I.C,37.4634929,127.0397164,서초구,
2019,11,19,화요일,23,중상사고,0,1,0,0,51,남,15년이상,,화물,사업용,화물,일직선사고,기타,심야,차대차,추돌(진행중),안전거리미확보,특별광역시도,양재I.C,37.4634929,127.0397164,서초구,
2017,3,3,금요일,19,중상사고,0,1,1,3,48,남,15년이상,,승용,비사업용,승용,일직선사고,맑음,출퇴근,차대차,추돌(진행중),안전거리미확보,특별광역시도,양재I.C,37.4634929,127.0397164,서초구,
2017,6,27,화요일,21,경상사고,0,0,1,0,58,여,15년이상,,승용,비사업용,승용,진입회전사고,맑음,심야,차대차,측면직각충돌,안전거리미확보,특별광역시도,양재I.C,37.4634929,127.0397164,서초구,
2017,8,9,수요일,1,중상사고,0,1,0,0,26,남,10년미만,0,승용,비사업용,승용,진입회전사고,맑음,심야,차대차,측면직각충돌,중앙선침범,특별광역시도,양재I.C,37.4634929,127.0397164,서초구,
2017,10,5,목요일,14,경상사고,0,0,3,1,61,남,15년이상,,승용,비사업용,승용,진입회전사고,맑음,주간,차대차,측면직각충돌,차로위반,특별광역시도,양재I.C,37.4634929,127.0397164,서초구,
2017,10,21,토요일,17,경상사고,0,0,2,0,52,남,15년미만,,특수,사업용,특수,진입회전사고,맑음,주간,차대차,측면직각충돌,차로위반,특별광역시도,양재I.C,37.4634929,127.0397164,서초구,
2017,12,25,월요일,12,경상사고,0,0,1,0,47,여,15년미만,,승용,비사업용,승용,일직선사고,맑음,주간,차대차,추돌(진행중),안전운전불이행,특별광역시도,양재I.C,37.4634929,127.0397164,서초구,
2017,12,1,금요일,22,경상사고,0,0,1,0,65,남,15년이상,,승용,사업용,승용,진입회전사고,비,심야,차대차,측면직각충돌,안전거리미확보,특별광역시도,양재I.C,37.4634929,127.0397164,서초구,
2018,3,17,토요일,18,경상사고,0,0,1,0,63,여,10년미만,,승용,비사업용,승용,일직선사고,맑음,출퇴근,차대차,추돌(진행중),안전거리미확보,특별광역시도,양재I.C,37.4634929,127.0397164,서초구,
2018,6,10,일요일,0,중상사고,0,1,1,0,47,남,15년이상,0,승용,비사업용,승용,진입회전사고,비,심야,차대차,측면직각충돌,차로위반,특별광역시도,양재I.C,37.4634929,127.0397164,서초구,
2018,7,13,금요일,10,경상사고,0,0,1,0,77,남,15년이상,,승용,비사업용,화물,진입회전사고,맑음,주간,차대차,측면직각충돌,안전운전불이행,특별광역시도,양재I.C,37.4634929,127.0397164,서초구,
2018,8,24,금요일,10,경상사고,0,0,1,0,50,남,15년이상,,화물,비사업용,화물,기타사고,비,주간,차대차,차대차-기타,안전운전불이행,특별광역시도,양재I.C,37.4634929,127.0397164,서초구,
2018,8,17,금요일,17,경상사고,0,0,1,0,33,남,15년이상,,승용,사업용,승용,일직선사고,맑음,주간,차대차,추돌(진행중),안전운전불이행,특별광역시도,양재I.C,37.4634929,127.0397164,서초구,
2018,12,11,화요일,12,경상사고,0,0,1,0,68,남,15년이상,,화물,사업용,화물,진입회전사고,맑음,주간,차대차,측면직각충돌,안전거리미확보,특별광역시도,양재I.C,37.4634929,127.0397164,서초구,
2019,1,30,수요일,18,경상사고,0,0,1,0,73,남,15년이상,,승용,비사업용,승용,진입회전사고,맑음,출퇴근,차대차,측면직각충돌,안전운전불이행,특별광역시도,양재I.C,37.4634929,127.0397164,서초구,
2019,3,2,토요일,11,경상사고,0,0,1,0,60,남,15년이상,,화물,비사업용,화물,기타사고,맑음,주간,차대차,차대차-기타,안전운전불이행,특별광역시도,양재I.C,37.4634929,127.0397164,서초구,
2019,6,2,일요일,15,경상사고,0,0,2,1,21,남,4년미만,,승용,비사업용,승용,일직선사고,맑음,주간,차대차,추돌(진행중),안전운전불이행,특별광역시도,양재I.C,37.4634929,127.0397164,서초구,
2019,7,29,월요일,23,경상사고,0,0,2,0,56,남,3년미만,,승용,비사업용,승용,진입회전사고,맑음,심야,차대차,측면직각충돌,안전거리미확보,특별광역시도,양재I.C,37.4634929,127.0397164,서초구,
2019,8,28,수요일,15,경상사고,0,0,1,0,62,남,15년이상,,승용,비사업용,승용,일직선사고,맑음,주간,차대차,추돌(진행중),안전운전불이행,특별광역시도,양재I.C,37.4634929,127.0397164,서초구,
2019,8,1,목요일,22,경상사고,0,0,1,0,52,남,15년이상,,승용,사업용,승용,기타사고,맑음,심야,차대차,차대차-기타,안전거리미확보,특별광역시도,양재I.C,37.4634929,127.0397164,서초구,
2019,9,26,목요일,18,경상사고,0,0,1,0,75,남,15년이상,,승용,비사업용,승용,진입회전사고,맑음,출퇴근,차대차,측면직각충돌,안전운전불이행,기타,양재I.C,37.4634929,127.0397164,서초구,
2019,10,31,목요일,16,경상사고,0,0,1,0,61,남,15년이상,,화물,사업용,화물,진입회전사고,맑음,주간,차대차,측면직각충돌,안전거리미확보,특별광역시도,양재I.C,37.4634929,127.0397164,서초구,
2019,11,5,화요일,14,경상사고,0,0,1,0,53,남,15년이상,,화물,비사업용,이륜,기타사고,맑음,주간,차대차,차대차-기타,안전거리미확보,특별광역시도,양재I.C,37.4634929,127.0397164,서초구,
2019,11,17,일요일,18,경상사고,0,0,1,0,66,남,15년이상,,승용,비사업용,승합,일직선사고,맑음,출퇴근,차대차,정면충돌,안전거리미확보,특별광역시도,양재I.C,37.4634929,127.0397164,서초구,
2019,11,18,월요일,18,경상사고,0,0,1,0,42,남,15년이상,,승용,비사업용,승용,기타사고,맑음,출퇴근,차대차,차대차-기타,안전거리미확보,특별광역시도,양재I.C,37.4634929,127.0397164,서초구,
2019,11,15,금요일,19,경상사고,0,0,1,0,54,남,15년이상,,승용,비사업용,화물,일직선사고,비,출퇴근,차대차,추돌(진행중),안전운전불이행,특별광역시도,양재I.C,37.4634929,127.0397164,서초구,
2019,11,17,일요일,20,부상사고,0,0,0,1,60,남,15년이상,,화물,사업용,화물,기타사고,비,출퇴근,차대차,차대차-기타,안전거리미확보,특별광역시도,양재I.C,37.4634929,127.0397164,서초구,
2017,1,15,일요일,3,경상사고,0,0,1,0,43,남,15년이상,,승용,사업용,승용,진입회전사고,맑음,심야,차대차,측면직각충돌,안전거리미확보,특별광역시도,이수교차로,37.4998209,126.9849707,서초구,
2017,2,20,월요일,15,중상사고,0,1,8,0,26,여,15년이상,,승용,비사업용,승합,진입회전사고,맑음,주간,차대차,측면직각충돌,신호위반,특별광역시도,이수교차로,37.4998209,126.9849707,서초구,
2017,3,4,토요일,0,경상사고,0,0,4,0,65,남,15년이상,,승용,사업용,승용,진입회전사고,맑음,심야,차대차,측면직각충돌,신호위반,특별광역시도,이수교차로,37.4998209,126.9849707,서초구,
2017,3,4,토요일,0,경상사고,0,0,2,0,65,남,15년이상,,승용,사업용,승용,진입회전사고,맑음,심야,차대차,추돌(진행중),신호위반,특별광역시도,이수교차로,37.4998209,126.9849707,서초구,
2017,3,14,화요일,0,경상사고,0,0,1,0,36,남,10년미만,0,승용,비사업용,승용,진입회전사고,맑음,심야,차대차,측면직각충돌,안전운전불이행,특별광역시도,이수교차로,37.4998209,126.9849707,서초구,
2017,3,18,토요일,21,경상사고,0,0,1,0,19,남,15년이상,,승용,사업용,승용,진입회전사고,맑음,심야,차대차,정면충돌,신호위반,특별광역시도,이수교차로,37.4998209,126.9849707,서초구,
2017,3,28,화요일,21,경상사고,0,0,2,0,38,남,15년이상,,승용,사업용,승용,진입회전사고,맑음,심야,차대차,측면직각충돌,신호위반,특별광역시도,이수교차로,37.4998209,126.9849707,서초구,
2017,4,21,금요일,1,경상사고,0,0,3,0,57,남,10년미만,,승용,비사업용,승용,진입회전사고,맑음,심야,차대차,측면직각충돌,교차로운행방법위반,특별광역시도,이수교차로,37.4998209,126.9849707,서초구,
2017,4,4,화요일,2,경상사고,0,0,1,0,33,남,15년이상,,승용,비사업용,승용,진입회전사고,맑음,심야,차대차,측면직각충돌,신호위반,특별광역시도,이수교차로,37.4998209,126.9849707,서초구,
2017,4,3,월요일,10,경상사고,0,0,1,0,54,남,15년이상,,승용,비사업용,승용,진입회전사고,맑음,주간,차대차,측면직각충돌,신호위반,특별광역시도,이수교차로,37.4998209,126.9849707,서초구,
2017,4,1,토요일,16,경상사고,0,0,2,0,63,남,15년이상,,승용,사업용,이륜,진입회전사고,흐림,주간,차대차,측면직각충돌,안전운전불이행,특별광역시도,이수교차로,37.4998209,126.9849707,서초구,
2017,4,7,금요일,19,경상사고,0,0,2,0,37,남,15년이상,,승용,비사업용,승용,진입회전사고,맑음,출퇴근,차대차,측면직각충돌,신호위반,특별광역시도,이수교차로,37.4998209,126.9849707,서초구,
2017,5,21,일요일,13,중상사고,0,1,1,0,55,여,10년미만,,승용,비사업용,원동기,진입회전사고,맑음,주간,차대차,측면직각충돌,안전거리미확보,특별광역시도,이수교차로,37.4998209,126.9849707,서초구,
2017,6,10,토요일,2,중상사고,0,1,4,0,35,남,15년이상,,승용,비사업용,승용,진입회전사고,맑음,심야,차대차,정면충돌,신호위반,특별광역시도,이수교차로,37.4998209,126.9849707,서초구,
2017,6,6,화요일,23,경상사고,0,0,1,0,57,남,15년이상,,승용,사업용,승용,일직선사고,비,심야,차대차,추돌(진행중),안전운전불이행,특별광역시도,이수교차로,37.4998209,126.9849707,서초구,
2017,7,2,일요일,7,부상사고,0,0,0,1,55,남,15년이상,,승용,비사업용,기타,진입회전사고,흐림,출퇴근,차대차,측면직각충돌,신호위반,특별광역시도,이수교차로,37.4998209,126.9849707,서초구,
2017,7,9,일요일,22,경상사고,0,0,3,0,48,남,15년미만,,승용,사업용,승용,일직선사고,맑음,심야,차대차,추돌(진행중),안전거리미확보,특별광역시도,이수교차로,37.4998209,126.9849707,서초구,
2017,8,26,토요일,19,경상사고,0,0,1,0,23,여,1년미만,,승용,비사업용,승용,진입회전사고,맑음,출퇴근,차대차,측면직각충돌,신호위반,특별광역시도,이수교차로,37.4998209,126.9849707,서초구,
2017,10,14,토요일,5,중상사고,0,1,1,0,57,남,15년이상,,승용,비사업용,승용,진입회전사고,맑음,새벽,차대차,측면직각충돌,신호위반,특별광역시도,이수교차로,37.4998209,126.9849707,서초구,
2017,10,13,금요일,18,경상사고,0,0,1,0,28,남,10년미만,,승용,비사업용,승용,진입회전사고,맑음,출퇴근,차대차,측면직각충돌,차로위반,특별광역시도,이수교차로,37.4998209,126.9849707,서초구,
2017,10,7,토요일,23,경상사고,0,0,1,1,58,남,15년이상,,승용,비사업용,승용,기타사고,맑음,심야,차대차,차대차-기타,안전운전불이행,특별광역시도,이수교차로,37.4998209,126.9849707,서초구,
2017,11,20,월요일,4,경상사고,0,0,2,0,72,남,15년이상,,승용,사업용,승용,기타사고,맑음,심야,차대차,차대차-기타,안전운전불이행,특별광역시도,이수교차로,37.4998209,126.9849707,서초구,