년도,월,일,요일,시각,사고등급,사망자수,중상자수,경상자수,부상자수,연령,성별,경력,음주,종별,용도,관련자2,사고형태,기상상태,일광상태,사고유형1,사고유형2,법규위반,도로종류,지점명,위도,경도,자치구,
2017,11,27,월요일,4,중상사고,0,1,0,0,58,여,15년이상,,승용,비사업용,이륜,진입회전사고,맑음,심야,차대차,추돌(진행중),신호위반,특별광역시도,이수교차로,37.4998209,126.9849707,서초구,
2017,12,21,목요일,2,경상사고,0,0,1,0,39,남,15년이상,,승용,사업용,승용,일직선사고,맑음,심야,차대차,추돌(진행중),안전운전불이행,특별광역시도,이수교차로,37.4998209,126.9849707,서초구,
2017,12,23,토요일,23,중상사고,0,1,1,0,45,남,15년이상,0,승용,비사업용,승용,진입회전사고,맑음,심야,차대차,측면직각충돌,신호위반,특별광역시도,이수교차로,37.4998209,126.9849707,서초구,
2018,1,17,수요일,18,경상사고,0,0,1,0,50,여,15년이상,,승용,비사업용,승용,일직선사고,맑음,출퇴근,차대차,추돌(진행중),안전운전불이행,특별광역시도,이수교차로,37.4998209,126.9849707,서초구,
2018,2,13,화요일,20,경상사고,0,0,2,0,46,남,15년이상,,승합,사업용,승합,진입회전사고,맑음,출퇴근,차대차,측면직각충돌,안전운전불이행,특별광역시도,이수교차로,37.4998209,126.9849707,서초구,
2018,3,29,목요일,0,경상사고,0,0,2,0,72,남,15년이상,,승용,사업용,승용,진입회전사고,맑음,심야,차대차,측면직각충돌,신호위반,특별광역시도,이수교차로,37.4998209,126.9849707,서초구,
2018,4,18,수요일,18,중상사고,0,2,14,0,31,남,15년미만,,승용,비사업용,승합,기타사고,맑음,출퇴근,차대차,차대차-기타,안전거리미확보,특별광역시도,이수교차로,37.4998209,126.9849707,서초구,
2018,4,13,금요일,22,경상사고,0,0,1,0,36,여,15년미만,,승용,비사업용,승용,기타사고,맑음,심야,차대차,차대차-기타,안전거리미확보,특별광역시도,이수교차로,37.4998209,126.9849707,서초구,
2018,5,3,목요일,0,경상사고,0,0,2,0,34,남,15년이상,0,승용,비사업용,승용,일직선사고,맑음,심야,차대차,추돌(진행중),안전운전불이행,특별광역시도,이수교차로,37.4998209,126.9849707,서초구,
2018,7,17,화요일,0,중상사고,0,1,1,0,28,남,15년이상,,승용,비사업용,승용,진입회전사고,맑음,심야,차대차,측면직각충돌,신호위반,특별광역시도,이수교차로,37.4998209,126.9849707,서초구,
2018,10,10,수요일,1,경상사고,0,0,1,0,52,남,15년이상,,승용,사업용,화물,진입회전사고,비,심야,차대차,측면직각충돌,교차로운행방법위반,특별광역시도,이수교차로,37.4998209,126.9849707,서초구,
2018,10,6,토요일,5,경상사고,0,0,1,0,53,남,15년이상,,승용,비사업용,승용,진입회전사고,비,새벽,차대차,측면직각충돌,신호위반,특별광역시도,이수교차로,37.4998209,126.9849707,서초구,
2018,10,6,토요일,5,중상사고,0,1,0,0,55,남,15년이상,,승용,사업용,승용,일직선사고,비,새벽,차대차,추돌(진행중),안전운전불이행,특별광역시도,이수교차로,37.4998209,126.9849707,서초구,
2018,10,12,금요일,17,중상사고,0,1,0,0,66,남,15년이상,,승용,비사업용,자전거,진입회전사고,맑음,주간,차대차,측면직각충돌,안전운전불이행,특별광역시도,이수교차로,37.4998209,126.9849707,서초구,
2018,12,7,금요일,7,경상사고,0,0,2,0,51,남,2년미만,,화물,비사업용,화물,진입회전사고,맑음,출퇴근,차대차,측면직각충돌,신호위반,특별광역시도,이수교차로,37.4998209,126.9849707,서초구,
2019,2,26,화요일,9,경상사고,0,0,1,0,41,남,15년이상,,이륜,데이터오류,이륜,진입회전사고,맑음,주간,차대차,측면직각충돌,신호위반,특별광역시도,이수교차로,37.4998209,126.9849707,서초구,
2019,3,1,금요일,11,경상사고,0,0,2,0,60,여,15년이상,,승용,비사업용,승용,진입회전사고,맑음,주간,차대차,측면직각충돌,신호위반,특별광역시도,이수교차로,37.4998209,126.9849707,서초구,
2019,3,13,수요일,15,경상사고,0,0,1,0,31,여,1년미만,,승용,비사업용,승용,진입회전사고,맑음,주간,차대차,측면직각충돌,신호위반,특별광역시도,이수교차로,37.4998209,126.9849707,서초구,
2019,3,20,수요일,18,경상사고,0,0,1,0,60,남,15년이상,,승용,비사업용,기타,진입회전사고,맑음,출퇴근,차대차,측면직각충돌,신호위반,특별광역시도,이수교차로,37.4998209,126.9849707,서초구,
2019,5,17,금요일,2,경상사고,0,0,2,0,64,남,15년이상,,승용,사업용,승용,진입회전사고,맑음,심야,차대차,정면충돌,신호위반,특별광역시도,이수교차로,37.4998209,126.9849707,서초구,
2019,5,11,토요일,4,경상사고,0,0,2,0,35,여,15년이상,,승용,비사업용,승용,진입회전사고,맑음,심야,차대차,측면직각충돌,신호위반,특별광역시도,이수교차로,37.4998209,126.9849707,서초구,
2019,8,10,토요일,12,중상사고,0,1,0,0,26,남,15년이상,,승용,비사업용,이륜,진입회전사고,맑음,주간,차대차,측면직각충돌,신호위반,특별광역시도,이수교차로,37.4998209,126.9849707,서초구,
2019,11,21,목요일,10,경상사고,0,0,1,1,41,남,15년미만,,승용,사업용,기타,진입회전사고,맑음,주간,차대차,측면직각충돌,신호위반,특별광역시도,이수교차로,37.4998209,126.9849707,서초구,
2019,11,4,월요일,14,경상사고,0,0,1,0,70,남,15년이상,,승용,비사업용,이륜,진입회전사고,맑음,주간,차대차,차대차-기타,신호위반,특별광역시도,이수교차로,37.4998209,126.9849707,서초구,
2019,12,9,월요일,5,경상사고,0,0,2,0,71,남,15년이상,,승용,사업용,승용,진입회전사고,맑음,새벽,차대차,측면직각충돌,신호위반,특별광역시도,이수교차로,37.4998209,126.9849707,서초구,
2017,1,2,월요일,8,경상사고,0,0,1,0,27,여,15년이상,,승용,비사업용,승용,일직선사고,맑음,출퇴근,차대차,정면충돌,안전운전불이행,특별광역시도,트럭터미널앞교차로,37.461767,127.037227,서초구,
2017,1,6,금요일,16,경상사고,0,0,2,0,62,남,15년이상,,승용,비사업용,승용,기타사고,맑음,주간,차대차,차대차-기타,안전운전불이행,특별광역시도,트럭터미널앞교차로,37.461767,127.037227,서초구,
2017,1,15,일요일,18,경상사고,0,0,1,0,40,여,15년이상,,승용,비사업용,보행자,기타사고,맑음,출퇴근,차대사람,차도통행중,안전운전불이행,특별광역시도,트럭터미널앞교차로,37.461767,127.037227,서초구,
2017,3,16,목요일,15,경상사고,0,0,1,0,33,여,15년미만,,승용,비사업용,화물,진입회전사고,맑음,주간,차대차,측면직각충돌,안전거리미확보,특별광역시도,트럭터미널앞교차로,37.461767,127.037227,서초구,
2017,4,5,수요일,23,경상사고,0,0,1,0,34,여,15년미만,,승용,비사업용,승용,진입회전사고,맑음,심야,차대차,측면직각충돌,안전운전불이행,특별광역시도,트럭터미널앞교차로,37.461767,127.037227,서초구,
2017,6,18,일요일,19,중상사고,0,1,0,0,40,여,15년이상,,승용,비사업용,승용,진입회전사고,맑음,출퇴근,차대차,측면직각충돌,신호위반,특별광역시도,트럭터미널앞교차로,37.461767,127.037227,서초구,
2017,7,14,금요일,21,경상사고,0,0,1,0,36,남,15년미만,,승용,비사업용,승용,진입회전사고,맑음,심야,차대차,정면충돌,신호위반,특별광역시도,트럭터미널앞교차로,37.461767,127.037227,서초구,
2017,8,24,목요일,13,경상사고,0,0,1,0,62,여,15년이상,,승용,비사업용,승용,일직선사고,비,주간,차대차,추돌(진행중),안전운전불이행,특별광역시도,트럭터미널앞교차로,37.461767,127.037227,서초구,
2017,8,2,수요일,16,경상사고,0,0,1,0,68,여,15년이상,,승용,비사업용,승용,진입회전사고,맑음,주간,차대차,측면직각충돌,데이터없음,특별광역시도,트럭터미널앞교차로,37.461767,127.037227,서초구,
2017,9,8,금요일,17,경상사고,0,0,1,0,41,남,15년미만,,승용,비사업용,승용,진입회전사고,맑음,주간,차대차,측면직각충돌,차로위반,특별광역시도,트럭터미널앞교차로,37.461767,127.037227,서초구,
2017,9,29,금요일,17,경상사고,0,0,1,0,48,남,10년미만,,승용,비사업용,승용,기타사고,맑음,주간,차대차,차대차-기타,안전거리미확보,특별광역시도,트럭터미널앞교차로,37.461767,127.037227,서초구,
2017,9,9,토요일,20,경상사고,0,0,4,0,52,남,15년미만,,승용,사업용,승용,기타사고,맑음,출퇴근,차대차,차대차-기타,안전거리미확보,특별광역시도,트럭터미널앞교차로,37.461767,127.037227,서초구,
2017,10,15,일요일,17,경상사고,0,0,2,0,65,남,15년이상,,승용,비사업용,승용,기타사고,맑음,주간,차대차,차대차-기타,안전운전불이행,특별광역시도,트럭터미널앞교차로,37.461767,127.037227,서초구,
2017,10,12,목요일,22,경상사고,0,0,1,0,55,남,15년이상,,승합,사업용,승합,진입회전사고,맑음,심야,차대차,측면직각충돌,안전운전불이행,특별광역시도,트럭터미널앞교차로,37.461767,127.037227,서초구,
2017,11,25,토요일,11,경상사고,0,0,2,0,40,남,15년이상,,승용,사업용,승용,기타사고,비,주간,차대차,차대차-기타,교차로운행방법위반,특별광역시도,트럭터미널앞교차로,37.461767,127.037227,서초구,
2017,11,26,일요일,12,경상사고,0,0,1,0,51,남,15년이상,,승용,비사업용,승용,진입회전사고,맑음,주간,차대차,측면직각충돌,안전거리미확보,특별광역시도,트럭터미널앞교차로,37.461767,127.037227,서초구,
2017,11,24,금요일,17,경상사고,0,0,2,0,66,남,15년이상,,승용,비사업용,화물,기타사고,맑음,주간,차대차,차대차-기타,차로위반,특별광역시도,트럭터미널앞교차로,37.461767,127.037227,서초구,
2017,11,24,금요일,18,경상사고,0,0,1,0,25,여,2년미만,,승용,비사업용,승합,진입회전사고,맑음,출퇴근,차대차,측면직각충돌,차로위반,특별광역시도,트럭터미널앞교차로,37.461767,127.037227,서초구,
2017,11,10,금요일,20,경상사고,0,0,1,0,43,여,15년이상,,승용,비사업용,승용,진입회전사고,흐림,출퇴근,차대차,측면직각충돌,안전거리미확보,특별광역시도,트럭터미널앞교차로,37.461767,127.037227,서초구,
2017,12,15,금요일,0,경상사고,0,0,3,0,52,남,15년이상,0,승용,사업용,승합,일직선사고,맑음,심야,차대차,정면충돌,안전운전불이행,특별광역시도,트럭터미널앞교차로,37.461767,127.037227,서초구,
2017,12,16,토요일,15,경상사고,0,0,3,0,57,여,15년이상,,승용,비사업용,승용,일직선사고,맑음,주간,차대차,추돌(진행중),안전운전불이행,특별광역시도,트럭터미널앞교차로,37.461767,127.037227,서초구,
2018,1,25,목요일,8,경상사고,0,0,1,0,52,남,15년이상,,승용,비사업용,승용,진입회전사고,맑음,출퇴근,차대차,측면직각충돌,안전거리미확보,특별광역시도,트럭터미널앞교차로,37.461767,127.037227,서초구,
2018,1,22,월요일,14,경상사고,0,0,1,0,64,남,15년이상,,승용,사업용,승용,기타사고,맑음,주간,차대차,차대차-기타,교차로운행방법위반,특별광역시도,트럭터미널앞교차로,37.461767,127.037227,서초구,
2018,1,8,월요일,23,경상사고,0,0,1,0,59,남,15년이상,,화물,비사업용,화물,진입회전사고,흐림,심야,차대차,측면직각충돌,안전운전불이행,특별광역시도,트럭터미널앞교차로,37.461767,127.037227,서초구,
2018,2,15,목요일,1,경상사고,0,0,3,0,43,남,15년이상,0,승용,비사업용,승용,진입회전사고,맑음,심야,차대차,차대차-기타,신호위반,특별광역시도,트럭터미널앞교차로,37.461767,127.037227,서초구,
2018,2,12,월요일,18,경상사고,0,0,2,0,38,남,15년미만,,승합,비사업용,승합,진입회전사고,맑음,출퇴근,차대차,측면직각충돌,교차로운행방법위반,특별광역시도,트럭터미널앞교차로,37.461767,127.037227,서초구,
2018,3,9,금요일,16,부상사고,0,0,0,1,35,남,3년미만,,승용,비사업용,승용,진입회전사고,맑음,주간,차대차,측면직각충돌,교차로운행방법위반,기타,트럭터미널앞교차로,37.461767,127.037227,서초구,
2018,3,20,화요일,18,경상사고,0,0,1,0,50,남,15년이상,,승용,비사업용,승용,기타사고,맑음,출퇴근,차대차,차대차-기타,차로위반,특별광역시도,트럭터미널앞교차로,37.461767,127.037227,서초구,
2018,5,24,목요일,13,경상사고,0,0,2,0,54,남,10년미만,,승용,비사업용,승용,진입회전사고,맑음,주간,차대차,측면직각충돌,안전거리미확보,특별광역시도,트럭터미널앞교차로,37.461767,127.037227,서초구,
2018,6,12,화요일,0,중상사고,0,1,0,0,61,남,5년미만,,화물,비사업용,화물,일직선사고,맑음,심야,차대차,추돌(진행중),안전운전불이행,특별광역시도,트럭터미널앞교차로,37.461767,127.037227,서초구,
2018,6,11,월요일,9,경상사고,0,0,2,0,66,남,15년이상,,승용,사업용,승용,진입회전사고,맑음,주간,차대차,측면직각충돌,안전운전불이행,특별광역시도,트럭터미널앞교차로,37.461767,127.037227,서초구,
2018,6,11,월요일,10,경상사고,0,0,1,0,61,여,15년이상,,승용,비사업용,승용,진입회전사고,맑음,주간,차대차,측면직각충돌,차로위반,특별광역시도,트럭터미널앞교차로,37.461767,127.037227,서초구,
2018,6,7,목요일,12,경상사고,0,0,3,0,29,여,15년미만,,승용,비사업용,승용,진입회전사고,맑음,주간,차대차,측면직각충돌,차로위반,특별광역시도,트럭터미널앞교차로,37.461767,127.037227,서초구,
2018,7,27,금요일,15,경상사고,0,0,1,0,44,여,15년미만,,승용,비사업용,승용,진입회전사고,맑음,주간,차대차,측면직각충돌,안전거리미확보,특별광역시도,트럭터미널앞교차로,37.461767,127.037227,서초구,
2018,8,12,일요일,21,경상사고,0,0,2,0,68,남,15년이상,,승합,비사업용,승합,진입회전사고,맑음,심야,차대차,측면직각충돌,안전운전불이행,특별광역시도,트럭터미널앞교차로,37.461767,127.037227,서초구,
2018,9,11,화요일,7,경상사고,0,0,1,0,28,남,10년미만,,승용,비사업용,승용,진입회전사고,맑음,출퇴근,차대차,측면직각충돌,차로위반,특별광역시도,트럭터미널앞교차로,37.461767,127.037227,서초구,
2019,2,8,금요일,12,중상사고,0,1,0,0,47,남,15년이상,,승용,비사업용,보행자,기타사고,맑음,주간,차대사람,차대사람-기타,안전운전불이행,기타,트럭터미널앞교차로,37.461767,127.037227,서초구,
2019,2,14,목요일,15,경상사고,0,0,1,0,46,남,15년미만,,승용,사업용,승용,진입회전사고,맑음,주간,차대차,측면직각충돌,안전거리미확보,특별광역시도,트럭터미널앞교차로,37.461767,127.037227,서초구,
2019,2,11,월요일,18,경상사고,0,0,1,0,60,남,15년이상,,승용,사업용,승용,일직선사고,맑음,출퇴근,차대차,추돌(진행중),안전거리미확보,특별광역시도,트럭터미널앞교차로,37.461767,127.037227,서초구,
2019,3,25,월요일,9,경상사고,0,0,2,0,33,남,10년미만,,승용,비사업용,승용,일직선사고,맑음,주간,차대차,추돌(진행중),안전운전불이행,특별광역시도,트럭터미널앞교차로,37.461767,127.037227,서초구,
2019,4,20,토요일,17,경상사고,0,0,2,0,42,남,5년미만,,승용,비사업용,승용,진입회전사고,흐림,주간,차대차,차대차-기타,신호위반,특별광역시도,트럭터미널앞교차로,37.461767,127.037227,서초구,
2019,4,16,화요일,18,경상사고,0,0,1,0,48,남,3년미만,,승용,비사업용,승용,기타사고,맑음,출퇴근,차대차,차대차-기타,직진우회전진행방해,특별광역시도,트럭터미널앞교차로,37.461767,127.037227,서초구,
2019,4,15,월요일,22,중상사고,0,2,0,2,44,여,15년이상,0,승용,비사업용,승용,진입회전사고,맑음,심야,차대차,측면직각충돌,안전운전불이행,특별광역시도,트럭터미널앞교차로,37.461767,127.037227,서초구,
2019,5,24,금요일,15,경상사고,0,0,2,1,44,여,15년이상,,승용,비사업용,승용,진입회전사고,맑음,주간,차대차,측면직각충돌,안전거리미확보,특별광역시도,트럭터미널앞교차로,37.461767,127.037227,서초구,
2019,6,14,금요일,9,경상사고,0,0,2,0,48,남,15년이상,,승합,사업용,승합,기타사고,맑음,주간,차대차,차대차-기타,안전거리미확보,특별광역시도,트럭터미널앞교차로,37.461767,127.037227,서초구,
2019,6,24,월요일,14,경상사고,0,0,1,0,58,남,15년이상,,화물,비사업용,화물,진입회전사고,맑음,주간,차대차,측면직각충돌,교차로운행방법위반,특별광역시도,트럭터미널앞교차로,37.461767,127.037227,서초구,
2019,7,10,수요일,9,경상사고,0,0,1,0,59,남,15년이상,,화물,비사업용,화물,일직선사고,맑음,주간,차대차,추돌(진행중),안전거리미확보,특별광역시도,트럭터미널앞교차로,37.461767,127.037227,서초구,
2019,7,24,수요일,11,경상사고,0,0,2,0,44,남,15년미만,,화물,사업용,화물,기타사고,맑음,주간,차대차,차대차-기타,안전운전불이행,특별광역시도,트럭터미널앞교차로,37.461767,127.037227,서초구,
2019,7,18,목요일,16,경상사고,0,0,1,0,60,남,15년이상,,승용,비사업용,화물,진입회전사고,맑음,주간,차대차,측면직각충돌,안전운전불이행,특별광역시도,트럭터미널앞교차로,37.461767,127.037227,서초구,
2019,10,27,일요일,20,경상사고,0,0,4,0,58,남,15년이상,,승용,비사업용,승용,기타사고,맑음,출퇴근,차대차,차대차-기타,안전거리미확보,특별광역시도,트럭터미널앞교차로,37.461767,127.037227,서초구,
2019,10,12,토요일,21,경상사고,0,0,1,0,64,남,15년이상,,승용,사업용,승용,진입회전사고,맑음,심야,차대차,측면직각충돌,안전운전불이행,기타,트럭터미널앞교차로,37.461767,127.037227,서초구,
2019,11,17,일요일,13,경상사고,0,0,2,0,38,남,15년이상,,승용,사업용,승용,기타사고,맑음,주간,차대차,차대차-기타,안전거리미확보,특별광역시도,트럭터미널앞교차로,37.461767,127.037227,서초구,
2019,11,4,월요일,21,중상사고,0,1,0,0,45,여,15년이상,,승용,비사업용,보행자,기타사고,맑음,심야,차대사람,차대사람-기타,안전운전불이행,특별광역시도,트럭터미널앞교차로,37.461767,127.037227,서초구,
2019,11,20,수요일,23,경상사고,0,0,1,0,32,남,10년미만,,승용,비사업용,승용,기타사고,맑음,심야,차대차,차대차-기타,안전거리미확보,특별광역시도,트럭터미널앞교차로,37.461767,127.037227,서초구,
2019,12,11,수요일,2,경상사고,0,0,1,0,31,남,15년미만,,승합,사업용,승합,진입회전사고,맑음,심야,차대차,측면직각충돌,신호위반,특별광역시도,트럭터미널앞교차로,37.461767,127.037227,서초구,
2019,12,27,금요일,10,경상사고,0,0,1,0,62,남,15년이상,,건설기계,사업용,건설기계,진입회전사고,맑음,주간,차대차,측면직각충돌,안전운전불이행,특별광역시도,트럭터미널앞교차로,37.461767,127.037227,서초구,
2017,3,29,수요일,20,경상사고,0,0,2,0,51,남,15년이상,0,화물,비사업용,화물,기타사고,맑음,출퇴근,차대차,차대차-기타,안전운전불이행,특별광역시도,트럭터미널앞교차로,37.461767,127.037227,서초구,
2017,7,8,토요일,17,경상사고,0,0,2,1,52,여,15년이상,,승용,비사업용,승용,일직선사고,맑음,주간,차대차,추돌(진행중),안전운전불이행,특별광역시도,트럭터미널앞교차로,37.461767,127.037227,서초구,
2017,8,29,화요일,19,중상사고,0,1,0,0,61,남,15년이상,,승용,사업용,보행자,기타사고,맑음,출퇴근,차대사람,차대사람-기타,보행자보호의무위반,특별광역시도,트럭터미널앞교차로,37.461767,127.037227,서초구,
2017,9,13,수요일,16,경상사고,0,0,1,0,73,남,15년이상,,승용,비사업용,승용,진입회전사고,맑음,주간,차대차,측면직각충돌,차로위반,특별광역시도,트럭터미널앞교차로,37.461767,127.037227,서초구,
2017,9,12,화요일,22,경상사고,0,0,1,0,52,남,15년이상,,승용,비사업용,승용,일직선사고,맑음,심야,차대차,추돌(진행중),안전운전불이행,특별광역시도,트럭터미널앞교차로,37.461767,127.037227,서초구,
2017,11,30,목요일,23,중상사고,0,1,0,0,51,남,15년이상,,승용,비사업용,기타,기타사고,맑음,심야,차대차,차대차-기타,안전운전불이행,특별광역시도,트럭터미널앞교차로,37.461767,127.037227,서초구,
2018,1,12,금요일,0,경상사고,0,0,1,0,43,남,15년이상,0,승용,비사업용,승용,일직선사고,맑음,심야,차대차,추돌(진행중),안전운전불이행,특별광역시도,트럭터미널앞교차로,37.461767,127.037227,서초구,
2018,1,16,화요일,13,경상사고,0,0,1,0,60,남,15년이상,,건설기계,비사업용,건설기계,기타사고,맑음,주간,차대차,차대차-기타,차로위반,특별광역시도,트럭터미널앞교차로,37.461767,127.037227,서초구,
2018,1,11,목요일,14,경상사고,0,0,1,0,24,여,2년미만,,승용,비사업용,승용,기타사고,맑음,주간,차대차,차대차-기타,안전거리미확보,특별광역시도,트럭터미널앞교차로,37.461767,127.037227,서초구,
2018,2,5,월요일,9,경상사고,0,0,2,0,35,남,15년이상,,승용,비사업용,승용,진입회전사고,맑음,주간,차대차,측면직각충돌,안전운전불이행,특별광역시도,트럭터미널앞교차로,37.461767,127.037227,서초구,
2018,3,17,토요일,8,경상사고,0,0,1,0,71,남,15년이상,,승용,비사업용,화물,기타사고,맑음,출퇴근,차대차,차대차-기타,안전거리미확보,특별광역시도,트럭터미널앞교차로,37.461767,127.037227,서초구,
2018,7,12,목요일,15,경상사고,0,0,1,0,56,여,15년이상,,승용,비사업용,승용,일직선사고,맑음,주간,차대차,정면충돌,차로위반,특별광역시도,트럭터미널앞교차로,37.461767,127.037227,서초구,
2019,3,5,화요일,7,경상사고,0,0,2,0,29,남,10년미만,,화물,비사업용,화물,일직선사고,맑음,출퇴근,차대차,추돌(진행중),안전운전불이행,특별광역시도,트럭터미널앞교차로,37.461767,127.037227,서초구,
2019,3,28,목요일,8,경상사고,0,0,1,0,43,남,15년이상,,화물,사업용,화물,진입회전사고,맑음,출퇴근,차대차,측면직각충돌,안전거리미확보,특별광역시도,트럭터미널앞교차로,37.461767,127.037227,서초구,
2019,3,22,금요일,9,경상사고,0,0,1,0,31,남,15년미만,,승용,비사업용,승용,기타사고,맑음,주간,차대차,차대차-기타,안전거리미확보,특별광역시도,트럭터미널앞교차로,37.461767,127.037227,서초구,
2019,3,18,월요일,23,경상사고,0,0,1,0,42,남,15년이상,0,승용,비사업용,승용,진입회전사고,맑음,심야,차대차,측면직각충돌,안전운전불이행,특별광역시도,트럭터미널앞교차로,37.461767,127.037227,서초구,
2019,4,12,금요일,14,경상사고,0,0,1,0,55,남,15년이상,,화물,비사업용,화물,일직선사고,맑음,주간,차대차,정면충돌,차로위반,특별광역시도,트럭터미널앞교차로,37.461767,127.037227,서초구,
2019,5,31,금요일,16,경상사고,0,0,1,0,73,남,15년이상,,승용,비사업용,승용,진입회전사고,맑음,주간,차대차,측면직각충돌,안전운전불이행,특별광역시도,트럭터미널앞교차로,37.461767,127.037227,서초구,
2019,11,21,목요일,19,중상사고,0,2,0,0,65,남,15년이상,,승합,사업용,승합,기타사고,맑음,출퇴근,차대차,차대차-기타,안전거리미확보,특별광역시도,트럭터미널앞교차로,37.461767,127.037227,서초구,
2019,11,2,토요일,21,경상사고,0,0,1,0,71,남,15년이상,,승용,사업용,승용,진입회전사고,맑음,심야,차대차,측면직각충돌,안전운전불이행,기타,트럭터미널앞교차로,37.461767,127.037227,서초구,
2017,1,18,수요일,11,경상사고,0,0,1,0,42,여,15년미만,,승용,비사업용,승용,기타사고,맑음,주간,차대차,차대차-기타,안전운전불이행,특별광역시도,트럭터미널앞교차로,37.461767,127.037227,서초구,
2017,1,7,토요일,13,경상사고,0,0,3,0,63,남,15년이상,,승용,사업용,승용,일직선사고,맑음,주간,차대차,추돌(진행중),안전운전불이행,특별광역시도,트럭터미널앞교차로,37.461767,127.037227,서초구,
2017,1,18,수요일,16,경상사고,0,0,1,0,43,남,15년이상,,승용,비사업용,이륜,일직선사고,맑음,주간,차대차,정면충돌,안전운전불이행,특별광역시도,트럭터미널앞교차로,37.461767,127.037227,서초구,
2017,6,17,토요일,10,경상사고,0,0,1,0,51,남,15년이상,,특수,사업용,특수,진입회전사고,맑음,주간,차대차,측면직각충돌,차로위반,특별광역시도,트럭터미널앞교차로,37.461767,127.037227,서초구,
2018,2,14,수요일,10,경상사고,0,0,1,0,불명,불명,데이터오류,,기타,기타,기타,기타사고,맑음,주간,차대사람,차도통행중,안전운전불이행,특별광역시도,트럭터미널앞교차로,37.461767,127.037227,서초구,
2018,4,8,일요일,16,경상사고,0,0,2,0,59,남,15년이상,,승용,사업용,승용,진입회전사고,맑음,주간,차대차,측면직각충돌,안전운전불이행,특별광역시도,트럭터미널앞교차로,37.461767,127.037227,서초구,
2018,8,9,목요일,9,경상사고,0,0,1,0,69,남,15년이상,,승용,사업용,승용,진입회전사고,맑음,주간,차대차,측면직각충돌,안전거리미확보,특별광역시도,트럭터미널앞교차로,37.461767,127.037227,서초구,
2018,9,21,금요일,8,경상사고,0,0,1,0,30,여,2년미만,,승용,비사업용,승용,진입회전사고,비,출퇴근,차대차,측면직각충돌,차로위반,특별광역시도,트럭터미널앞교차로,37.461767,127.037227,서초구,
2018,9,12,수요일,16,경상사고,0,0,1,0,32,남,15년미만,,승용,사업용,화물,진입회전사고,맑음,주간,차대차,측면직각충돌,안전거리미확보,특별광역시도,트럭터미널앞교차로,37.461767,127.037227,서초구,
2019,1,22,화요일,0,경상사고,0,0,1,0,52,남,15년이상,,승용,사업용,이륜,일직선사고,맑음,심야,차대차,추돌(진행중),안전운전불이행,특별광역시도,트럭터미널앞교차로,37.461767,127.037227,서초구,
2019,5,19,일요일,10,경상사고,0,0,3,2,37,남,15년이상,,승용,비사업용,승용,기타사고,흐림,주간,차대차,차대차-기타,안전거리미확보,특별광역시도,트럭터미널앞교차로,37.461767,127.037227,서초구,
2019,7,12,금요일,9,경상사고,0,0,1,0,42,남,10년미만,,승용,비사업용,승합,기타사고,맑음,주간,차대차,차대차-기타,안전거리미확보,특별광역시도,트럭터미널앞교차로,37.461767,127.037227,서초구,
2019,8,2,금요일,23,경상사고,0,0,1,0,61,남,15년이상,,승용,비사업용,승용,일직선사고,맑음,심야,차대차,정면충돌,안전거리미확보,특별광역시도,트럭터미널앞교차로,37.461767,127.037227,서초구,
2019,10,12,토요일,9,부상사고,0,0,0,1,42,남,15년이상,,승용,비사업용,승용,기타사고,맑음,주간,차대차,차대차-기타,안전거리미확보,특별광역시도,트럭터미널앞교차로,37.461767,127.037227,서초구,
2019,11,15,금요일,14,중상사고,0,1,0,0,47,남,15년이상,,승용,비사업용,화물,진입회전사고,비,주간,차대차,측면직각충돌,차로위반,특별광역시도,트럭터미널앞교차로,37.461767,127.037227,서초구,
2017,1,14,토요일,11,경상사고,0,0,2,1,58,여,15년이상,,승용,비사업용,승용,진입회전사고,맑음,주간,차대차,측면직각충돌,안전운전불이행,특별광역시도,트럭터미널앞사거리,37.507881,126.843776,서초구,
2017,1,3,화요일,18,경상사고,0,0,1,0,57,남,15년이상,,승용,비사업용,승용,일직선사고,맑음,출퇴근,차대차,추돌(진행중),안전운전불이행,특별광역시도,트럭터미널앞사거리,37.507881,126.843776,서초구,
2017,2,11,토요일,19,경상사고,0,0,2,0,42,남,15년이상,,화물,사업용,화물,기타사고,맑음,출퇴근,차대차,차대차-기타,교차로운행방법위반,특별광역시도,트럭터미널앞사거리,37.507881,126.843776,서초구,
2017,3,18,토요일,10,경상사고,0,0,2,0,37,남,15년이상,,승용,비사업용,승용,기타사고,맑음,주간,차대차,차대차-기타,안전운전불이행,특별광역시도,트럭터미널앞사거리,37.507881,126.843776,서초구,
2017,3,21,화요일,10,경상사고,0,0,1,0,49,남,15년이상,,화물,비사업용,화물,진입회전사고,맑음,주간,차대차,측면직각충돌,차로위반,특별광역시도,트럭터미널앞사거리,37.507881,126.843776,서초구,
2017,3,18,토요일,15,중상사고,0,1,0,0,65,남,15년이상,,승용,사업용,승용,진입회전사고,맑음,주간,차대차,측면직각충돌,안전거리미확보,특별광역시도,트럭터미널앞사거리,37.507881,126.843776,서초구,
2017,4,5,수요일,15,경상사고,0,0,2,0,24,남,5년미만,,승용,비사업용,화물,진입회전사고,비,주간,차대차,측면직각충돌,안전거리미확보,특별광역시도,트럭터미널앞사거리,37.507881,126.843776,서초구,