년도,월,일,요일,시각,사고등급,사망자수,중상자수,경상자수,부상자수,연령,성별,경력,음주,종별,용도,관련자2,사고형태,기상상태,일광상태,사고유형1,사고유형2,법규위반,도로종류,지점명,위도,경도,자치구,
2017,4,5,수요일,22,경상사고,0,0,2,0,58,남,15년이상,,승용,사업용,승용,진입회전사고,비,심야,차대차,측면직각충돌,안전거리미확보,특별광역시도,트럭터미널앞사거리,37.507881,126.843776,서초구,
2017,5,23,화요일,14,경상사고,0,0,2,0,50,남,15년이상,,화물,사업용,화물,기타사고,맑음,주간,차대차,차대차-기타,안전운전불이행,특별광역시도,트럭터미널앞사거리,37.507881,126.843776,서초구,
2017,6,5,월요일,11,경상사고,0,0,1,0,66,남,15년이상,,승용,비사업용,화물,진입회전사고,맑음,주간,차대차,측면직각충돌,안전거리미확보,특별광역시도,트럭터미널앞사거리,37.507881,126.843776,서초구,
2017,6,2,금요일,13,중상사고,0,1,1,0,39,남,15년이상,,승용,비사업용,승합,진입회전사고,맑음,주간,차대차,측면직각충돌,안전거리미확보,특별광역시도,트럭터미널앞사거리,37.507881,126.843776,서초구,
2017,6,4,일요일,14,경상사고,0,0,2,0,43,남,15년이상,,승용,비사업용,승용,기타사고,맑음,주간,차대차,차대차-기타,안전거리미확보,특별광역시도,트럭터미널앞사거리,37.507881,126.843776,서초구,
2017,8,9,수요일,14,중상사고,0,1,0,0,46,남,10년미만,,승용,사업용,승용,일직선사고,맑음,주간,차대차,추돌(진행중),안전운전불이행,특별광역시도,트럭터미널앞사거리,37.507881,126.843776,서초구,
2017,8,7,월요일,15,경상사고,0,0,1,0,59,남,15년이상,,화물,비사업용,화물,진입회전사고,맑음,주간,차대차,측면직각충돌,신호위반,특별광역시도,트럭터미널앞사거리,37.507881,126.843776,서초구,
2017,8,19,토요일,17,경상사고,0,0,2,0,61,남,15년이상,,승용,비사업용,승용,진입회전사고,맑음,주간,차대차,차대차-기타,신호위반,특별광역시도,트럭터미널앞사거리,37.507881,126.843776,서초구,
2017,9,26,화요일,1,경상사고,0,0,3,0,62,남,15년이상,,승용,사업용,승용,진입회전사고,맑음,심야,차대차,측면직각충돌,안전거리미확보,특별광역시도,트럭터미널앞사거리,37.507881,126.843776,서초구,
2017,9,23,토요일,2,중상사고,0,1,2,0,56,남,15년이상,,승합,비사업용,승합,진입회전사고,맑음,심야,차대차,측면직각충돌,안전운전불이행,특별광역시도,트럭터미널앞사거리,37.507881,126.843776,서초구,
2017,9,23,토요일,7,경상사고,0,0,1,0,39,여,4년미만,,승용,비사업용,화물,진입회전사고,맑음,출퇴근,차대차,측면직각충돌,신호위반,특별광역시도,트럭터미널앞사거리,37.507881,126.843776,서초구,
2017,9,20,수요일,12,경상사고,0,0,2,0,51,남,15년이상,,화물,사업용,화물,진입회전사고,맑음,주간,차대차,측면직각충돌,안전거리미확보,특별광역시도,트럭터미널앞사거리,37.507881,126.843776,서초구,
2017,9,25,월요일,21,중상사고,0,1,1,0,56,남,15년이상,,승용,사업용,승용,진입회전사고,맑음,심야,차대차,측면직각충돌,신호위반,특별광역시도,트럭터미널앞사거리,37.507881,126.843776,서초구,
2017,10,22,일요일,1,경상사고,0,0,1,0,51,남,15년이상,,승용,사업용,승용,기타사고,맑음,심야,차대차,차대차-기타,안전운전불이행,특별광역시도,트럭터미널앞사거리,37.507881,126.843776,서초구,
2017,10,2,월요일,6,경상사고,0,0,1,1,56,남,15년이상,,승용,비사업용,화물,기타사고,맑음,새벽,차대차,차대차-기타,안전운전불이행,특별광역시도,트럭터미널앞사거리,37.507881,126.843776,서초구,
2017,10,3,화요일,10,중상사고,0,1,1,0,52,남,15년이상,,승용,비사업용,승용,기타사고,맑음,주간,차대차,차대차-기타,안전거리미확보,특별광역시도,트럭터미널앞사거리,37.507881,126.843776,서초구,
2017,10,2,월요일,13,중상사고,0,1,0,0,47,남,15년미만,,승용,비사업용,승용,진입회전사고,맑음,주간,차대차,측면직각충돌,안전운전불이행,특별광역시도,트럭터미널앞사거리,37.507881,126.843776,서초구,
2017,10,6,금요일,14,경상사고,0,0,3,1,75,남,15년이상,,승용,비사업용,승용,진입회전사고,맑음,주간,차대차,정면충돌,신호위반,특별광역시도,트럭터미널앞사거리,37.507881,126.843776,서초구,
2017,10,24,화요일,15,중상사고,0,1,3,0,44,남,15년이상,,승합,사업용,승합,기타사고,맑음,주간,차대차,차대차-기타,안전운전불이행,특별광역시도,트럭터미널앞사거리,37.507881,126.843776,서초구,
2017,10,17,화요일,15,경상사고,0,0,1,0,26,남,4년미만,,승용,비사업용,승용,진입회전사고,맑음,주간,차대차,측면직각충돌,안전운전불이행,특별광역시도,트럭터미널앞사거리,37.507881,126.843776,서초구,
2017,10,3,화요일,15,경상사고,0,0,2,0,48,남,15년이상,,승용,비사업용,승용,진입회전사고,맑음,주간,차대차,측면직각충돌,안전운전불이행,특별광역시도,트럭터미널앞사거리,37.507881,126.843776,서초구,
2017,10,9,월요일,16,경상사고,0,0,2,0,26,여,15년이상,,승용,비사업용,승합,진입회전사고,맑음,주간,차대차,측면직각충돌,신호위반,특별광역시도,트럭터미널앞사거리,37.507881,126.843776,서초구,
2017,10,12,목요일,18,경상사고,0,0,1,0,27,남,10년미만,,승용,비사업용,승합,기타사고,맑음,출퇴근,차대차,차대차-기타,차로위반,특별광역시도,트럭터미널앞사거리,37.507881,126.843776,서초구,
2017,10,4,수요일,18,경상사고,0,0,3,0,75,남,15년이상,,승용,비사업용,승용,진입회전사고,맑음,출퇴근,차대차,측면직각충돌,안전운전불이행,특별광역시도,트럭터미널앞사거리,37.507881,126.843776,서초구,
2017,10,29,일요일,18,부상사고,0,0,0,1,55,남,15년이상,,승용,사업용,기타,진입회전사고,맑음,출퇴근,차대차,차대차-기타,신호위반,특별광역시도,트럭터미널앞사거리,37.507881,126.843776,서초구,
2017,10,8,일요일,22,경상사고,0,0,1,0,28,여,5년미만,,승용,비사업용,승용,일직선사고,맑음,심야,차대차,추돌(진행중),안전운전불이행,특별광역시도,트럭터미널앞사거리,37.507881,126.843776,서초구,
2017,10,4,수요일,22,경상사고,0,0,3,1,46,남,15년이상,,승용,비사업용,승용,진입회전사고,맑음,심야,차대차,측면직각충돌,안전운전불이행,특별광역시도,트럭터미널앞사거리,37.507881,126.843776,서초구,
2017,11,22,수요일,8,경상사고,0,0,1,0,76,남,15년이상,,승용,비사업용,보행자,진입회전사고,맑음,출퇴근,차대사람,차도통행중,신호위반,특별광역시도,트럭터미널앞사거리,37.507881,126.843776,서초구,
2017,11,14,화요일,22,경상사고,0,0,1,0,불명,불명,데이터오류,,기타,데이터오류,기타,보행횡단사고,맑음,심야,차대사람,보도통행중,안전운전불이행,특별광역시도,트럭터미널앞사거리,37.507881,126.843776,서초구,
2017,11,27,월요일,23,중상사고,0,2,2,0,46,남,15년이상,,승용,사업용,승용,진입회전사고,맑음,심야,차대차,추돌(진행중),신호위반,특별광역시도,트럭터미널앞사거리,37.507881,126.843776,서초구,
2017,12,9,토요일,1,중상사고,0,1,3,0,50,남,15년이상,,승용,사업용,승용,진입회전사고,맑음,심야,차대차,측면직각충돌,신호위반,특별광역시도,트럭터미널앞사거리,37.507881,126.843776,서초구,
2017,12,2,토요일,2,경상사고,0,0,1,0,47,남,10년미만,,승용,사업용,승용,진입회전사고,맑음,심야,차대차,측면직각충돌,신호위반,특별광역시도,트럭터미널앞사거리,37.507881,126.843776,서초구,
2017,12,31,일요일,9,경상사고,0,0,1,0,53,남,10년미만,,승용,비사업용,승용,진입회전사고,맑음,주간,차대차,추돌(진행중),신호위반,특별광역시도,트럭터미널앞사거리,37.507881,126.843776,서초구,
2017,12,3,일요일,10,중상사고,0,1,2,0,40,남,15년이상,,승용,비사업용,화물,진입회전사고,흐림,주간,차대차,차대차-기타,신호위반,특별광역시도,트럭터미널앞사거리,37.507881,126.843776,서초구,
2017,12,30,토요일,10,경상사고,0,0,1,0,36,여,15년이상,,승용,비사업용,승합,진입회전사고,맑음,주간,차대차,측면직각충돌,신호위반,특별광역시도,트럭터미널앞사거리,37.507881,126.843776,서초구,
2017,12,18,월요일,19,중상사고,0,1,0,0,46,남,3년미만,,승용,비사업용,화물,진입회전사고,눈,출퇴근,차대차,차대차-기타,신호위반,특별광역시도,트럭터미널앞사거리,37.507881,126.843776,서초구,
2018,1,26,금요일,0,중상사고,0,1,0,0,62,남,15년이상,,승용,비사업용,승용,기타사고,맑음,심야,차대차,차대차-기타,교차로운행방법위반,특별광역시도,트럭터미널앞사거리,37.507881,126.843776,서초구,
2018,1,29,월요일,2,경상사고,0,0,1,0,24,남,15년이상,0,승용,비사업용,승용,진입회전사고,맑음,심야,차대차,측면직각충돌,안전운전불이행,특별광역시도,트럭터미널앞사거리,37.507881,126.843776,서초구,
2018,1,25,목요일,16,경상사고,0,0,2,0,65,남,10년미만,,승용,비사업용,화물,기타사고,맑음,주간,차대차,차대차-기타,차로위반,특별광역시도,트럭터미널앞사거리,37.507881,126.843776,서초구,
2018,1,25,목요일,17,경상사고,0,0,1,0,35,여,15년이상,,승용,비사업용,승용,진입회전사고,맑음,주간,차대차,측면직각충돌,안전거리미확보,특별광역시도,트럭터미널앞사거리,37.507881,126.843776,서초구,
2018,1,31,수요일,23,경상사고,0,0,2,0,49,남,15년이상,0,승용,사업용,승용,일직선사고,맑음,심야,차대차,추돌(진행중),안전운전불이행,특별광역시도,트럭터미널앞사거리,37.507881,126.843776,서초구,
2018,1,26,금요일,23,경상사고,0,0,1,0,48,남,15년이상,,승용,사업용,승용,진입회전사고,맑음,심야,차대차,측면직각충돌,신호위반,특별광역시도,트럭터미널앞사거리,37.507881,126.843776,서초구,
2018,2,11,일요일,10,경상사고,0,0,1,0,62,남,15년이상,,승용,비사업용,승용,진입회전사고,맑음,주간,차대차,측면직각충돌,안전운전불이행,특별광역시도,트럭터미널앞사거리,37.507881,126.843776,서초구,
2018,2,2,금요일,22,경상사고,0,0,1,0,38,남,1년미만,,화물,비사업용,화물,진입회전사고,맑음,심야,차대차,차대차-기타,신호위반,특별광역시도,트럭터미널앞사거리,37.507881,126.843776,서초구,
2018,3,15,목요일,16,경상사고,0,0,1,0,43,남,15년이상,,승용,비사업용,화물,진입회전사고,맑음,주간,차대차,측면직각충돌,안전거리미확보,특별광역시도,트럭터미널앞사거리,37.507881,126.843776,서초구,
2018,3,7,수요일,19,경상사고,0,0,1,0,68,남,15년이상,,승합,비사업용,승합,진입회전사고,맑음,출퇴근,차대차,측면직각충돌,안전운전불이행,특별광역시도,트럭터미널앞사거리,37.507881,126.843776,서초구,
2018,4,14,토요일,12,경상사고,0,0,3,0,48,남,15년이상,,화물,비사업용,화물,일직선사고,비,주간,차대차,추돌(진행중),안전운전불이행,특별광역시도,트럭터미널앞사거리,37.507881,126.843776,서초구,
2018,4,26,목요일,12,경상사고,0,0,1,0,55,남,15년이상,,승용,비사업용,승용,진입회전사고,맑음,주간,차대차,측면직각충돌,안전운전불이행,특별광역시도,트럭터미널앞사거리,37.507881,126.843776,서초구,
2018,4,11,수요일,13,경상사고,0,0,1,0,25,남,10년미만,,승용,비사업용,화물,진입회전사고,맑음,주간,차대차,측면직각충돌,안전거리미확보,특별광역시도,트럭터미널앞사거리,37.507881,126.843776,서초구,
2018,4,24,화요일,13,경상사고,0,0,2,0,53,남,15년이상,,승합,사업용,승합,진입회전사고,맑음,주간,차대차,측면직각충돌,차로위반,기타,트럭터미널앞사거리,37.507881,126.843776,서초구,
2018,4,11,수요일,20,중상사고,0,1,0,0,44,남,15년이상,,승용,비사업용,승용,진입회전사고,맑음,출퇴근,차대차,측면직각충돌,신호위반,특별광역시도,트럭터미널앞사거리,37.507881,126.843776,서초구,
2018,5,13,일요일,1,경상사고,0,0,1,0,50,남,10년미만,,승용,사업용,승용,진입회전사고,비,심야,차대차,정면충돌,신호위반,특별광역시도,트럭터미널앞사거리,37.507881,126.843776,서초구,
2018,6,15,금요일,18,경상사고,0,0,2,0,27,여,10년미만,,승용,비사업용,승용,진입회전사고,맑음,출퇴근,차대차,측면직각충돌,안전운전불이행,특별광역시도,트럭터미널앞사거리,37.507881,126.843776,서초구,
2018,7,25,수요일,13,부상사고,0,0,0,1,54,남,15년이상,,승합,사업용,승합,진입회전사고,맑음,주간,차대차,측면직각충돌,안전운전불이행,특별광역시도,트럭터미널앞사거리,37.507881,126.843776,서초구,
2018,8,7,화요일,8,경상사고,0,0,1,0,55,남,15년이상,,화물,사업용,화물,진입회전사고,맑음,출퇴근,차대차,측면직각충돌,교차로운행방법위반,특별광역시도,트럭터미널앞사거리,37.507881,126.843776,서초구,
2018,8,31,금요일,10,중상사고,0,1,0,0,35,남,15년미만,,승용,사업용,승용,기타사고,맑음,주간,차대차,차대차-기타,안전운전불이행,특별광역시도,트럭터미널앞사거리,37.507881,126.843776,서초구,
2018,8,31,금요일,12,경상사고,0,0,2,0,52,여,15년이상,,승용,비사업용,승용,진입회전사고,맑음,주간,차대차,측면직각충돌,차로위반,특별광역시도,트럭터미널앞사거리,37.507881,126.843776,서초구,
2018,9,16,일요일,14,경상사고,0,0,1,0,43,남,15년이상,,승용,비사업용,보행자,기타사고,맑음,주간,차대사람,차대사람-기타,안전운전불이행,특별광역시도,트럭터미널앞사거리,37.507881,126.843776,서초구,
2018,9,1,토요일,15,경상사고,0,0,1,0,60,남,15년이상,,승용,비사업용,승용,진입회전사고,맑음,주간,차대차,측면직각충돌,신호위반,특별광역시도,트럭터미널앞사거리,37.507881,126.843776,서초구,
2018,9,10,월요일,17,경상사고,0,0,1,0,45,남,15년이상,,승용,비사업용,기타,일직선사고,맑음,주간,차대차,추돌(진행중),안전거리미확보,특별광역시도,트럭터미널앞사거리,37.507881,126.843776,서초구,
2018,9,29,토요일,20,중상사고,0,1,0,0,63,남,15년이상,,승용,비사업용,보행자,보행횡단사고,맑음,출퇴근,차대사람,횡단중,안전운전불이행,특별광역시도,트럭터미널앞사거리,37.507881,126.843776,서초구,
2018,10,1,월요일,16,경상사고,0,0,2,0,63,남,15년이상,,승용,사업용,승용,진입회전사고,맑음,주간,차대차,측면직각충돌,차로위반,특별광역시도,트럭터미널앞사거리,37.507881,126.843776,서초구,
2018,10,2,화요일,23,경상사고,0,0,2,0,29,여,10년미만,,승용,비사업용,승합,진입회전사고,맑음,심야,차대차,측면직각충돌,차로위반,특별광역시도,트럭터미널앞사거리,37.507881,126.843776,서초구,
2018,11,2,금요일,9,경상사고,0,0,3,0,32,여,15년미만,,승용,비사업용,승용,일직선사고,맑음,주간,차대차,추돌(진행중),안전운전불이행,특별광역시도,트럭터미널앞사거리,37.507881,126.843776,서초구,
2018,12,7,금요일,17,경상사고,0,0,4,0,43,남,15년이상,,승용,비사업용,승용,진입회전사고,맑음,주간,차대차,측면직각충돌,안전거리미확보,특별광역시도,트럭터미널앞사거리,37.507881,126.843776,서초구,
2018,12,1,토요일,19,경상사고,0,0,2,0,71,남,15년이상,,건설기계,사업용,건설기계,진입회전사고,맑음,출퇴근,차대차,측면직각충돌,안전거리미확보,특별광역시도,트럭터미널앞사거리,37.507881,126.843776,서초구,
2019,1,26,토요일,12,경상사고,0,0,3,0,32,남,10년미만,,승용,비사업용,승용,진입회전사고,맑음,주간,차대차,측면직각충돌,안전운전불이행,특별광역시도,트럭터미널앞사거리,37.507881,126.843776,서초구,
2019,2,17,일요일,17,경상사고,0,0,1,0,61,여,15년이상,,승용,비사업용,승용,진입회전사고,맑음,주간,차대차,측면직각충돌,안전운전불이행,특별광역시도,트럭터미널앞사거리,37.507881,126.843776,서초구,
2019,2,21,목요일,17,경상사고,0,0,1,0,60,여,15년이상,,승용,비사업용,승용,진입회전사고,맑음,주간,차대차,측면직각충돌,안전거리미확보,특별광역시도,트럭터미널앞사거리,37.507881,126.843776,서초구,
2019,3,2,토요일,12,경상사고,0,0,1,0,60,여,15년이상,,승용,비사업용,승용,진입회전사고,맑음,주간,차대차,측면직각충돌,안전거리미확보,특별광역시도,트럭터미널앞사거리,37.507881,126.843776,서초구,
2019,3,30,토요일,12,경상사고,0,0,1,0,22,남,3년미만,,승용,비사업용,승용,일직선사고,맑음,주간,차대차,추돌(진행중),안전운전불이행,특별광역시도,트럭터미널앞사거리,37.507881,126.843776,서초구,
2019,4,9,화요일,10,경상사고,0,0,1,0,48,남,10년미만,,승용,비사업용,승용,진입회전사고,맑음,주간,차대차,측면직각충돌,안전운전불이행,특별광역시도,트럭터미널앞사거리,37.507881,126.843776,서초구,
2019,4,10,수요일,12,경상사고,0,0,1,0,71,남,3년미만,,화물,사업용,화물,일직선사고,비,주간,차대차,추돌(진행중),안전운전불이행,특별광역시도,트럭터미널앞사거리,37.507881,126.843776,서초구,
2019,5,1,수요일,17,경상사고,0,0,2,0,63,남,15년이상,,승합,사업용,승합,일직선사고,맑음,주간,차대차,추돌(진행중),안전거리미확보,특별광역시도,트럭터미널앞사거리,37.507881,126.843776,서초구,
2019,5,13,월요일,17,경상사고,0,0,1,0,30,남,10년미만,,승용,비사업용,승합,진입회전사고,맑음,주간,차대차,측면직각충돌,차로위반,특별광역시도,트럭터미널앞사거리,37.507881,126.843776,서초구,
2019,6,2,일요일,2,경상사고,0,0,1,0,59,남,10년미만,,승용,사업용,기타,기타사고,맑음,심야,차량단독,차량단독-기타,안전운전불이행,특별광역시도,트럭터미널앞사거리,37.507881,126.843776,서초구,
2019,6,20,목요일,8,경상사고,0,0,1,0,28,남,10년미만,,승용,사업용,승용,진입회전사고,맑음,출퇴근,차대차,측면직각충돌,안전거리미확보,특별광역시도,트럭터미널앞사거리,37.507881,126.843776,서초구,
2019,6,19,수요일,10,경상사고,0,0,1,0,52,남,15년이상,,특수,사업용,특수,기타사고,맑음,주간,차대차,차대차-기타,안전운전불이행,특별광역시도,트럭터미널앞사거리,37.507881,126.843776,서초구,
2019,7,6,토요일,16,경상사고,0,0,2,0,53,남,15년이상,,승용,비사업용,승용,진입회전사고,맑음,주간,차대차,측면직각충돌,안전운전불이행,특별광역시도,트럭터미널앞사거리,37.507881,126.843776,서초구,
2019,8,27,화요일,11,경상사고,0,0,1,0,57,남,15년이상,,승합,사업용,승합,기타사고,맑음,주간,차대차,차대차-기타,안전거리미확보,특별광역시도,트럭터미널앞사거리,37.507881,126.843776,서초구,
2019,9,9,월요일,22,경상사고,0,0,1,0,51,남,15년이상,0,승용,비사업용,승합,일직선사고,맑음,심야,차대차,추돌(진행중),안전운전불이행,특별광역시도,트럭터미널앞사거리,37.507881,126.843776,서초구,
2019,10,4,금요일,3,경상사고,0,0,2,0,67,남,15년이상,,승용,비사업용,승용,기타사고,맑음,심야,차대차,차대차-기타,차로위반,특별광역시도,트럭터미널앞사거리,37.507881,126.843776,서초구,
2019,10,7,월요일,10,경상사고,0,0,2,0,21,남,3년미만,,승용,비사업용,승용,진입회전사고,맑음,주간,차대차,측면직각충돌,직진우회전진행방해,기타,트럭터미널앞사거리,37.507881,126.843776,서초구,
2019,11,26,화요일,8,경상사고,0,0,1,0,43,남,15년미만,,승용,비사업용,승용,기타사고,맑음,출퇴근,차대차,차대차-기타,안전운전불이행,특별광역시도,트럭터미널앞사거리,37.507881,126.843776,서초구,
2019,11,21,목요일,15,중상사고,0,1,0,0,35,남,15년이상,,화물,비사업용,화물,진입회전사고,맑음,주간,차대차,측면직각충돌,안전운전불이행,특별광역시도,트럭터미널앞사거리,37.507881,126.843776,서초구,
2019,12,24,화요일,11,중상사고,0,3,2,0,59,여,15년이상,,승용,비사업용,승용,일직선사고,맑음,주간,차대차,추돌(진행중),안전운전불이행,특별광역시도,트럭터미널앞사거리,37.507881,126.843776,서초구,
2019,12,20,금요일,14,경상사고,0,0,1,0,37,남,10년미만,,승용,비사업용,승합,진입회전사고,맑음,주간,차대차,측면직각충돌,교차로운행방법위반,특별광역시도,트럭터미널앞사거리,37.507881,126.843776,서초구,
2019,12,7,토요일,16,경상사고,0,0,1,0,27,여,1년미만,,승용,비사업용,승용,진입회전사고,맑음,주간,차대차,측면직각충돌,안전운전불이행,특별광역시도,트럭터미널앞사거리,37.507881,126.843776,서초구,
2019,12,21,토요일,18,경상사고,0,0,1,0,51,여,15년이상,,승용,비사업용,승용,진입회전사고,비,출퇴근,차대차,측면직각충돌,안전거리미확보,특별광역시도,트럭터미널앞사거리,37.507881,126.843776,서초구,
2019,12,23,월요일,23,경상사고,0,0,2,0,34,남,15년이상,,승용,비사업용,승용,기타사고,맑음,심야,차대차,차대차-기타,안전거리미확보,특별광역시도,트럭터미널앞사거리,37.507881,126.843776,서초구,
2017,1,25,수요일,7,경상사고,0,0,1,0,48,남,15년이상,,승용,사업용,승용,일직선사고,맑음,출퇴근,차대차,추돌(진행중),안전운전불이행,특별광역시도,트럭터미널앞사거리,37.507881,126.843776,서초구,
2017,4,14,금요일,21,경상사고,0,0,1,0,64,남,15년이상,,승합,비사업용,승합,기타사고,맑음,심야,차대차,차대차-기타,안전거리미확보,특별광역시도,트럭터미널앞사거리,37.507881,126.843776,서초구,
2017,6,5,월요일,19,중상사고,0,1,0,0,53,남,4년미만,0,승용,사업용,승용,기타사고,맑음,출퇴근,차대차,차대차-기타,안전운전불이행,특별광역시도,트럭터미널앞사거리,37.507881,126.843776,서초구,
2017,8,26,토요일,12,경상사고,0,0,1,0,66,남,15년이상,,승용,비사업용,승합,기타사고,맑음,주간,차대차,차대차-기타,안전운전불이행,특별광역시도,트럭터미널앞사거리,37.507881,126.843776,서초구,
2018,4,25,수요일,21,경상사고,0,0,1,0,25,남,10년미만,,승용,비사업용,승용,진입회전사고,맑음,심야,차대차,측면직각충돌,안전거리미확보,특별광역시도,트럭터미널앞사거리,37.507881,126.843776,서초구,
2019,1,15,화요일,0,경상사고,0,0,1,0,29,여,15년미만,,승용,사업용,승용,기타사고,맑음,심야,차대차,차대차-기타,차로위반,특별광역시도,트럭터미널앞사거리,37.507881,126.843776,서초구,
2019,1,7,월요일,14,경상사고,0,0,2,1,69,여,15년이상,,승용,비사업용,승용,진입회전사고,맑음,주간,차대차,측면직각충돌,안전거리미확보,특별광역시도,트럭터미널앞사거리,37.507881,126.843776,서초구,
2019,2,2,토요일,0,경상사고,0,0,1,0,59,남,15년이상,,승용,비사업용,승용,기타사고,맑음,심야,차대차,차대차-기타,차로위반,특별광역시도,트럭터미널앞사거리,37.507881,126.843776,서초구,
2019,3,2,토요일,7,중상사고,0,1,0,0,59,남,15년이상,,승용,비사업용,승용,진입회전사고,맑음,출퇴근,차대차,측면직각충돌,안전거리미확보,특별광역시도,트럭터미널앞사거리,37.507881,126.843776,서초구,
2019,4,13,토요일,7,경상사고,0,0,2,0,43,남,15년이상,,화물,사업용,화물,진입회전사고,맑음,출퇴근,차대차,측면직각충돌,안전운전불이행,특별광역시도,트럭터미널앞사거리,37.507881,126.843776,서초구,
2019,8,23,금요일,18,경상사고,0,0,1,0,49,남,15년이상,,승합,사업용,보행자,보행횡단사고,맑음,출퇴근,차대사람,보도통행중,안전운전불이행,특별광역시도,트럭터미널앞사거리,37.507881,126.843776,서초구,
2019,11,28,목요일,10,중상사고,0,1,0,0,54,남,15년이상,,승합,사업용,승합,진입회전사고,기타,주간,차대차,측면직각충돌,차로위반,특별광역시도,트럭터미널앞사거리,37.507881,126.843776,서초구,
2019,11,20,수요일,22,경상사고,0,0,1,0,67,남,15년미만,,승합,비사업용,승합,진입회전사고,맑음,심야,차대차,측면직각충돌,안전거리미확보,특별광역시도,트럭터미널앞사거리,37.507881,126.843776,서초구,
2017,1,1,일요일,4,중상사고,0,1,0,0,57,남,15년이상,,승용,사업용,보행자,보행횡단사고,맑음,심야,차대사람,횡단중,안전운전불이행,특별광역시도,호남선터미널앞사거리,37.504893,127.003216,서초구,
2017,2,13,월요일,19,중상사고,0,1,1,0,49,남,15년이상,,승용,사업용,승용,기타사고,맑음,출퇴근,차대차,차대차-기타,안전거리미확보,특별광역시도,호남선터미널앞사거리,37.504893,127.003216,서초구,
2017,2,18,토요일,19,경상사고,0,0,1,0,52,남,15년이상,,승용,비사업용,보행자,보행횡단사고,맑음,출퇴근,차대사람,횡단중,안전운전불이행,특별광역시도,호남선터미널앞사거리,37.504893,127.003216,서초구,
2017,4,30,일요일,19,부상사고,0,0,0,1,54,남,15년이상,,승합,사업용,보행자,기타사고,맑음,출퇴근,차대사람,차대사람-기타,안전운전불이행,특별광역시도,호남선터미널앞사거리,37.504893,127.003216,서초구,
2017,5,13,토요일,18,경상사고,0,0,1,0,42,남,15년이상,,이륜,기타,보행자,진입회전사고,흐림,출퇴근,차대사람,횡단중,신호위반,특별광역시도,호남선터미널앞사거리,37.504893,127.003216,서초구,
2017,5,5,금요일,23,경상사고,0,0,1,0,49,남,15년이상,,승용,사업용,보행자,보행횡단사고,맑음,심야,차대사람,횡단중,안전운전불이행,특별광역시도,호남선터미널앞사거리,37.504893,127.003216,서초구,
2017,7,9,일요일,0,중상사고,0,1,0,0,44,남,15년이상,,승합,사업용,보행자,보행횡단사고,흐림,심야,차대사람,횡단중,안전운전불이행,특별광역시도,호남선터미널앞사거리,37.504893,127.003216,서초구,
2017,7,8,토요일,10,경상사고,0,0,1,0,29,남,15년이상,,승용,비사업용,보행자,보행횡단사고,흐림,주간,차대사람,횡단중,안전운전불이행,특별광역시도,호남선터미널앞사거리,37.504893,127.003216,서초구,
2017,9,8,금요일,16,중상사고,0,1,0,0,71,여,15년이상,,승용,비사업용,보행자,진입회전사고,맑음,주간,차대사람,횡단중,신호위반,특별광역시도,호남선터미널앞사거리,37.504893,127.003216,서초구,
2017,9,28,목요일,22,중상사고,0,1,0,0,48,남,15년이상,,승합,사업용,보행자,기타사고,맑음,심야,차대사람,차대사람-기타,안전운전불이행,특별광역시도,호남선터미널앞사거리,37.504893,127.003216,서초구,
2017,10,3,화요일,14,경상사고,0,0,1,0,33,여,15년미만,,승용,비사업용,승용,일직선사고,맑음,주간,차대차,추돌(진행중),안전운전불이행,특별광역시도,호남선터미널앞사거리,37.504893,127.003216,서초구,
2017,10,2,월요일,18,경상사고,0,0,1,0,57,남,15년이상,,화물,비사업용,화물,진입회전사고,맑음,출퇴근,차대차,측면직각충돌,안전운전불이행,특별광역시도,호남선터미널앞사거리,37.504893,127.003216,서초구,
2017,12,14,목요일,17,부상사고,0,0,0,1,54,여,15년이상,,승용,비사업용,승용,진입회전사고,맑음,주간,차대차,측면직각충돌,안전거리미확보,특별광역시도,호남선터미널앞사거리,37.504893,127.003216,서초구,
2017,12,15,금요일,17,경상사고,0,0,1,0,33,여,10년미만,,승용,비사업용,승용,진입회전사고,맑음,주간,차대차,측면직각충돌,안전운전불이행,특별광역시도,호남선터미널앞사거리,37.504893,127.003216,서초구,
2017,12,27,수요일,22,경상사고,0,0,1,0,72,남,15년이상,,승용,사업용,승용,진입회전사고,맑음,심야,차대차,측면직각충돌,안전거리미확보,특별광역시도,호남선터미널앞사거리,37.504893,127.003216,서초구,
2018,1,17,수요일,13,부상사고,0,0,0,1,74,남,15년이상,,승용,사업용,이륜,기타사고,맑음,주간,차대차,차대차-기타,안전운전불이행,특별광역시도,호남선터미널앞사거리,37.504893,127.003216,서초구,
2018,3,26,월요일,6,중상사고,0,1,0,0,70,남,15년이상,,승용,사업용,이륜,기타사고,맑음,새벽,차대차,차대차-기타,기타,특별광역시도,호남선터미널앞사거리,37.504893,127.003216,서초구,
2018,3,2,금요일,12,부상사고,0,0,0,1,29,남,15년미만,,승용,사업용,승용,일직선사고,맑음,주간,차대차,추돌(진행중),안전운전불이행,특별광역시도,호남선터미널앞사거리,37.504893,127.003216,서초구,
2018,3,24,토요일,21,경상사고,0,0,1,0,불명,불명,데이터오류,,기타,기타,기타,진입회전사고,맑음,심야,차대사람,횡단중,신호위반,특별광역시도,호남선터미널앞사거리,37.504893,127.003216,서초구,
2018,5,11,금요일,16,경상사고,0,0,1,0,60,남,15년이상,,승용,사업용,이륜,기타사고,맑음,주간,차대차,차대차-기타,기타,특별광역시도,호남선터미널앞사거리,37.504893,127.003216,서초구,