년도,월,일,요일,시각,사고등급,사망자수,중상자수,경상자수,부상자수,연령,성별,경력,음주,종별,용도,관련자2,사고형태,기상상태,일광상태,사고유형1,사고유형2,법규위반,도로종류,지점명,위도,경도,자치구,
2018,8,29,수요일,22,중상사고,0,1,1,0,33,남,15년이상,,승용,비사업용,보행자,진입회전사고,비,심야,차대사람,횡단중,신호위반,특별광역시도,호남선터미널앞사거리,37.504893,127.003216,서초구,
2018,9,4,화요일,11,중상사고,0,1,0,0,58,남,15년이상,,승용,사업용,보행자,기타사고,맑음,주간,차대사람,차대사람-기타,기타,특별광역시도,호남선터미널앞사거리,37.504893,127.003216,서초구,
2018,10,15,월요일,10,경상사고,0,0,1,0,46,남,15년이상,,승용,사업용,원동기,기타사고,맑음,주간,차대차,차대차-기타,안전운전불이행,기타,호남선터미널앞사거리,37.504893,127.003216,서초구,
2018,11,11,일요일,5,경상사고,0,0,1,0,23,남,2년미만,0,승용,비사업용,승용,일직선사고,맑음,새벽,차대차,추돌(진행중),안전운전불이행,특별광역시도,호남선터미널앞사거리,37.504893,127.003216,서초구,
2018,11,22,목요일,13,경상사고,0,0,1,0,63,여,15년이상,,승용,비사업용,자전거,기타사고,맑음,주간,차대차,차대차-기타,안전운전불이행,특별광역시도,호남선터미널앞사거리,37.504893,127.003216,서초구,
2019,1,12,토요일,13,경상사고,0,0,1,0,71,남,15년이상,,승용,사업용,보행자,기타사고,맑음,주간,차대사람,차대사람-기타,안전운전불이행,특별광역시도,호남선터미널앞사거리,37.504893,127.003216,서초구,
2019,3,12,화요일,14,경상사고,0,0,1,0,50,남,3년미만,,승합,사업용,승합,진입회전사고,맑음,주간,차대차,측면직각충돌,안전운전불이행,특별광역시도,호남선터미널앞사거리,37.504893,127.003216,서초구,
2019,3,13,수요일,19,중상사고,0,1,0,0,64,남,15년미만,,승합,사업용,승합,진입회전사고,기타,출퇴근,차대차,측면직각충돌,안전운전불이행,특별광역시도,호남선터미널앞사거리,37.504893,127.003216,서초구,
2019,4,11,목요일,16,중상사고,0,1,0,0,36,남,15년미만,,자전거,데이터오류,보행자,보행횡단사고,맑음,주간,차대사람,보도통행중,기타,특별광역시도,호남선터미널앞사거리,37.504893,127.003216,서초구,
2019,6,30,일요일,16,경상사고,0,0,2,0,19,여,1년미만,,승용,비사업용,승용,진입회전사고,맑음,주간,차대차,측면직각충돌,차로위반,특별광역시도,호남선터미널앞사거리,37.504893,127.003216,서초구,
2019,7,16,화요일,11,중상사고,0,1,0,1,31,남,15년이상,,승용,비사업용,원동기,진입회전사고,맑음,주간,차대차,측면직각충돌,불법유턴,특별광역시도,호남선터미널앞사거리,37.504893,127.003216,서초구,
2019,7,24,수요일,12,중상사고,0,1,0,0,54,여,15년이상,,승용,비사업용,이륜,진입회전사고,맑음,주간,차대차,측면직각충돌,안전거리미확보,특별광역시도,호남선터미널앞사거리,37.504893,127.003216,서초구,
2019,7,13,토요일,12,경상사고,0,0,1,0,84,남,15년이상,,승용,사업용,승용,진입회전사고,맑음,주간,차대차,측면직각충돌,안전거리미확보,특별광역시도,호남선터미널앞사거리,37.504893,127.003216,서초구,
2019,7,8,월요일,16,경상사고,0,0,1,0,36,남,15년이상,,승용,사업용,승용,일직선사고,맑음,주간,차대차,추돌(진행중),안전운전불이행,특별광역시도,호남선터미널앞사거리,37.504893,127.003216,서초구,
2019,7,10,수요일,23,중상사고,0,1,0,0,46,남,15년이상,,승용,사업용,보행자,보행횡단사고,비,심야,차대사람,횡단중,안전운전불이행,특별광역시도,호남선터미널앞사거리,37.504893,127.003216,서초구,
2019,8,22,목요일,11,경상사고,0,0,1,0,41,여,15년이상,,승용,비사업용,승합,기타사고,맑음,주간,차대차,차대차-기타,안전운전불이행,특별광역시도,호남선터미널앞사거리,37.504893,127.003216,서초구,
2019,8,26,월요일,20,부상사고,0,0,0,1,64,남,15년이상,,승용,사업용,이륜,기타사고,맑음,출퇴근,차대차,차대차-기타,안전운전불이행,특별광역시도,호남선터미널앞사거리,37.504893,127.003216,서초구,
2019,11,29,금요일,4,경상사고,0,0,1,0,28,여,10년미만,0,승용,비사업용,승용,일직선사고,맑음,심야,차대차,추돌(진행중),안전운전불이행,특별광역시도,호남선터미널앞사거리,37.504893,127.003216,서초구,
2019,11,11,월요일,16,경상사고,0,0,1,0,64,남,15년이상,,승용,사업용,보행자,진입회전사고,맑음,주간,차대사람,횡단중,신호위반,특별광역시도,호남선터미널앞사거리,37.504893,127.003216,서초구,
2019,12,15,일요일,15,중상사고,0,1,0,0,51,남,15년이상,,승합,사업용,기타,기타사고,맑음,주간,차량단독,차량단독-기타,안전운전불이행,특별광역시도,호남선터미널앞사거리,37.504893,127.003216,서초구,
2019,12,26,목요일,18,부상사고,0,0,0,1,44,남,15년이상,,승용,비사업용,보행자,보행횡단사고,맑음,출퇴근,차대사람,횡단중,안전운전불이행,특별광역시도,호남선터미널앞사거리,37.504893,127.003216,서초구,
2017,3,13,월요일,23,중상사고,0,1,0,0,29,남,1년미만,,승용,비사업용,보행자,기타사고,맑음,심야,차대사람,차대사람-기타,과속,특별광역시도,호남선터미널앞사거리,37.504893,127.003216,서초구,
2017,5,27,토요일,10,중상사고,0,1,1,0,48,남,15년이상,,승합,사업용,이륜,기타사고,맑음,주간,차대차,차대차-기타,차로위반,특별광역시도,호남선터미널앞사거리,37.504893,127.003216,서초구,
2017,5,19,금요일,19,경상사고,0,0,3,0,43,남,3년미만,,승합,사업용,승합,진입회전사고,맑음,출퇴근,차대차,측면직각충돌,안전거리미확보,특별광역시도,호남선터미널앞사거리,37.504893,127.003216,서초구,
2017,7,21,금요일,0,경상사고,0,0,3,0,30,남,15년미만,,승용,비사업용,승합,진입회전사고,맑음,심야,차대차,측면직각충돌,안전운전불이행,특별광역시도,호남선터미널앞사거리,37.504893,127.003216,서초구,
2018,11,22,목요일,11,중상사고,0,1,0,0,71,남,15년이상,,승합,사업용,승합,진입회전사고,맑음,주간,차대차,측면직각충돌,안전거리미확보,특별광역시도,호남선터미널앞사거리,37.504893,127.003216,서초구,
2019,2,17,일요일,21,경상사고,0,0,3,0,60,남,15년이상,,승용,사업용,승용,일직선사고,맑음,심야,차대차,추돌(진행중),안전거리미확보,특별광역시도,호남선터미널앞사거리,37.504893,127.003216,서초구,
2019,6,18,화요일,22,경상사고,0,0,1,0,64,남,15년이상,,승용,사업용,기타,기타사고,맑음,심야,차량단독,차량단독-기타,안전운전불이행,특별광역시도,호남선터미널앞사거리,37.504893,127.003216,서초구,
2019,11,6,수요일,14,부상사고,0,0,0,1,36,여,10년미만,,승용,비사업용,기타,단독사고,맑음,주간,차량단독,공작물추돌,안전운전불이행,특별광역시도,호남선터미널앞사거리,37.504893,127.003216,서초구,
2017,3,20,월요일,8,부상사고,0,0,0,1,65,남,15년이상,,승용,사업용,자전거,진입회전사고,맑음,출퇴근,차대차,측면직각충돌,교차로운행방법위반,특별광역시도,고산자교남단사거리,37.57175,127.037931,성동구,
2017,5,22,월요일,14,경상사고,0,0,1,0,41,여,15년이상,,승용,비사업용,보행자,보행횡단사고,맑음,주간,차대사람,횡단중,보행자보호의무위반,특별광역시도,고산자교남단사거리,37.57175,127.037931,성동구,
2017,6,5,월요일,20,경상사고,0,0,1,0,62,여,15년이상,,승용,비사업용,이륜,진입회전사고,맑음,출퇴근,차대차,측면직각충돌,교차로운행방법위반,특별광역시도,고산자교남단사거리,37.57175,127.037931,성동구,
2017,7,21,금요일,18,중상사고,0,1,0,0,35,남,1년미만,,화물,비사업용,보행자,보행횡단사고,맑음,출퇴근,차대사람,횡단중,보행자보호의무위반,특별광역시도,고산자교남단사거리,37.57175,127.037931,성동구,
2017,8,21,월요일,6,경상사고,0,0,1,0,68,남,15년이상,,승용,사업용,승용,진입회전사고,흐림,새벽,차대차,차대차-기타,신호위반,특별광역시도,고산자교남단사거리,37.57175,127.037931,성동구,
2017,9,2,토요일,9,경상사고,0,0,1,0,33,남,15년미만,,승합,비사업용,보행자,보행횡단사고,맑음,주간,차대사람,보도통행중,데이터없음,특별광역시도,고산자교남단사거리,37.57175,127.037931,성동구,
2017,9,23,토요일,13,사망사고,1,0,0,0,52,남,15년이상,,승합,사업용,자전거,기타사고,맑음,주간,차대차,차대차-기타,안전운전불이행,특별광역시도,고산자교남단사거리,37.57175,127.037931,성동구,
2017,9,3,일요일,15,경상사고,0,0,1,0,72,남,15년이상,,승용,비사업용,자전거,진입회전사고,맑음,주간,차대차,측면직각충돌,안전운전불이행,특별광역시도,고산자교남단사거리,37.57175,127.037931,성동구,
2017,10,29,일요일,0,경상사고,0,0,2,0,43,남,10년미만,,승용,비사업용,승용,진입회전사고,맑음,심야,차대차,측면직각충돌,신호위반,특별광역시도,고산자교남단사거리,37.57175,127.037931,성동구,
2017,10,10,화요일,23,경상사고,0,0,1,0,불명,불명,데이터오류,,기타,데이터오류,기타,기타사고,비,심야,차대차,차대차-기타,차로위반,특별광역시도,고산자교남단사거리,37.57175,127.037931,성동구,
2017,12,5,화요일,8,중상사고,0,2,1,0,48,남,15년미만,,화물,비사업용,이륜,진입회전사고,맑음,출퇴근,차대차,측면직각충돌,신호위반,특별광역시도,고산자교남단사거리,37.57175,127.037931,성동구,
2017,12,13,수요일,9,경상사고,0,0,1,1,42,남,15년이상,,이륜,기타,이륜,진입회전사고,맑음,주간,차대차,측면직각충돌,신호위반,특별광역시도,고산자교남단사거리,37.57175,127.037931,성동구,
2018,6,29,금요일,2,중상사고,0,1,0,0,38,남,15년이상,,승용,비사업용,기타,단독사고,흐림,심야,차량단독,공작물추돌,안전운전불이행,특별광역시도,고산자교남단사거리,37.57175,127.037931,성동구,
2018,7,15,일요일,2,중상사고,0,1,1,0,43,남,10년미만,,이륜,기타,이륜,진입회전사고,맑음,심야,차대차,측면직각충돌,신호위반,특별광역시도,고산자교남단사거리,37.57175,127.037931,성동구,
2019,5,29,수요일,16,경상사고,0,0,2,0,70,여,15년이상,,승용,비사업용,화물,진입회전사고,맑음,주간,차대차,측면직각충돌,안전거리미확보,특별광역시도,고산자교남단사거리,37.57175,127.037931,성동구,
2019,6,13,목요일,17,경상사고,0,0,1,0,71,남,15년이상,,승용,비사업용,승용,진입회전사고,맑음,주간,차대차,측면직각충돌,교차로운행방법위반,특별광역시도,고산자교남단사거리,37.57175,127.037931,성동구,
2019,6,21,금요일,23,경상사고,0,0,1,0,55,남,15년이상,,승용,사업용,승용,기타사고,맑음,심야,차대차,차대차-기타,안전거리미확보,특별광역시도,고산자교남단사거리,37.57175,127.037931,성동구,
2019,8,25,일요일,10,경상사고,0,0,1,0,67,여,15년이상,,승용,비사업용,자전거,진입회전사고,맑음,주간,차대차,측면직각충돌,신호위반,특별광역시도,고산자교남단사거리,37.57175,127.037931,성동구,
2019,10,21,월요일,6,중상사고,0,1,0,0,31,남,15년이상,,승용,비사업용,자전거,진입회전사고,맑음,새벽,차대차,차대차-기타,신호위반,특별광역시도,고산자교남단사거리,37.57175,127.037931,성동구,
2019,10,24,목요일,13,경상사고,0,0,1,0,36,남,15년이상,,승용,비사업용,이륜,일직선사고,맑음,주간,차대차,추돌(진행중),안전운전불이행,특별광역시도,고산자교남단사거리,37.57175,127.037931,성동구,
2017,1,2,월요일,12,경상사고,0,0,1,0,29,여,10년미만,,승용,비사업용,승용,진입회전사고,맑음,주간,차대차,측면직각충돌,안전운전불이행,특별광역시도,금호사거리,37.5480101,127.0257709,성동구,
2017,1,24,화요일,19,중상사고,0,1,0,0,49,남,15년이상,,화물,비사업용,보행자,진입회전사고,맑음,출퇴근,차대사람,횡단중,신호위반,특별광역시도,금호사거리,37.5480101,127.0257709,성동구,
2017,1,5,목요일,21,부상사고,0,0,0,1,16,남,1년미만,,이륜,기타,이륜,진입회전사고,맑음,심야,차대차,측면직각충돌,신호위반,특별광역시도,금호사거리,37.5480101,127.0257709,성동구,
2017,7,5,수요일,9,중상사고,0,1,0,0,58,남,15년이상,,승용,비사업용,보행자,보행횡단사고,맑음,주간,차대사람,횡단중,안전운전불이행,특별광역시도,금호사거리,37.5480101,127.0257709,성동구,
2017,9,27,수요일,11,경상사고,0,0,1,0,59,남,15년이상,,승용,사업용,승합,진입회전사고,맑음,주간,차대차,측면직각충돌,데이터없음,특별광역시도,금호사거리,37.5480101,127.0257709,성동구,
2017,9,17,일요일,12,경상사고,0,0,2,0,28,남,10년미만,,승용,비사업용,승용,일직선사고,맑음,주간,차대차,추돌(진행중),안전운전불이행,특별광역시도,금호사거리,37.5480101,127.0257709,성동구,
2017,9,23,토요일,20,경상사고,0,0,2,1,43,남,2년미만,,승합,사업용,승합,진입회전사고,맑음,출퇴근,차대차,측면직각충돌,안전거리미확보,특별광역시도,금호사거리,37.5480101,127.0257709,성동구,
2017,11,10,금요일,12,중상사고,0,1,0,0,56,여,15년이상,,승용,사업용,승용,일직선사고,맑음,주간,차대차,추돌(진행중),안전운전불이행,특별광역시도,금호사거리,37.5480101,127.0257709,성동구,
2017,12,31,일요일,19,경상사고,0,0,1,0,50,남,10년미만,,승용,비사업용,이륜,진입회전사고,맑음,출퇴근,차대차,측면직각충돌,안전운전불이행,특별광역시도,금호사거리,37.5480101,127.0257709,성동구,
2018,1,17,수요일,7,경상사고,0,0,1,0,47,남,15년이상,,화물,사업용,화물,기타사고,흐림,출퇴근,차대차,차대차-기타,교차로운행방법위반,특별광역시도,금호사거리,37.5480101,127.0257709,성동구,
2018,1,29,월요일,15,경상사고,0,0,5,0,41,여,15년이상,,승용,비사업용,화물,일직선사고,맑음,주간,차대차,추돌(진행중),안전운전불이행,특별광역시도,금호사거리,37.5480101,127.0257709,성동구,
2018,2,8,목요일,5,경상사고,0,0,1,0,62,남,15년이상,,승용,사업용,이륜,진입회전사고,맑음,새벽,차대차,측면직각충돌,신호위반,특별광역시도,금호사거리,37.5480101,127.0257709,성동구,
2018,2,16,금요일,17,부상사고,0,0,0,1,54,여,15년이상,,승합,비사업용,승합,일직선사고,맑음,주간,차대차,추돌(진행중),안전운전불이행,특별광역시도,금호사거리,37.5480101,127.0257709,성동구,
2018,3,6,화요일,22,경상사고,0,0,1,0,55,남,15년이상,,승용,비사업용,승용,진입회전사고,흐림,심야,차대차,측면직각충돌,안전운전불이행,특별광역시도,금호사거리,37.5480101,127.0257709,성동구,
2018,5,12,토요일,23,중상사고,0,1,0,0,49,남,15년이상,0,승용,비사업용,승용,일직선사고,비,심야,차대차,차대차-기타,중앙선침범,특별광역시도,금호사거리,37.5480101,127.0257709,성동구,
2018,11,16,금요일,20,중상사고,0,1,0,0,51,여,15년이상,,승용,비사업용,보행자,보행횡단사고,맑음,출퇴근,차대사람,보도통행중,기타,특별광역시도,금호사거리,37.5480101,127.0257709,성동구,
2019,4,27,토요일,6,경상사고,0,0,1,0,53,남,15년이상,,승용,사업용,승용,진입회전사고,맑음,새벽,차대차,측면직각충돌,신호위반,특별광역시도,금호사거리,37.5480101,127.0257709,성동구,
2019,5,9,목요일,21,경상사고,0,0,1,0,38,남,2년미만,,이륜,데이터오류,이륜,일직선사고,맑음,심야,차대차,추돌(진행중),안전운전불이행,특별광역시도,금호사거리,37.5480101,127.0257709,성동구,
2019,7,13,토요일,13,중상사고,0,1,0,0,34,남,15년미만,,승용,비사업용,승용,진입회전사고,맑음,주간,차대차,측면직각충돌,안전거리미확보,특별광역시도,금호사거리,37.5480101,127.0257709,성동구,
2019,9,1,일요일,20,경상사고,0,0,1,0,29,남,15년이상,,승용,비사업용,보행자,보행횡단사고,맑음,출퇴근,차대사람,횡단중,보행자보호의무위반,특별광역시도,금호사거리,37.5480101,127.0257709,성동구,
2019,11,30,토요일,23,중상사고,0,1,0,0,35,남,4년미만,,화물,비사업용,보행자,보행횡단사고,맑음,심야,차대사람,횡단중,안전운전불이행,특별광역시도,금호사거리,37.5480101,127.0257709,성동구,
2019,12,2,월요일,10,경상사고,0,0,1,1,51,남,15년이상,,승용,비사업용,이륜,진입회전사고,맑음,주간,차대차,차대차-기타,신호위반,특별광역시도,금호사거리,37.5480101,127.0257709,성동구,
2017,2,12,일요일,20,경상사고,0,0,1,0,69,남,15년이상,,승용,사업용,보행자,보행횡단사고,맑음,출퇴근,차대사람,횡단중,안전운전불이행,특별광역시도,논골사거리,37.5556203,127.0247986,성동구,
2017,6,7,수요일,15,중상사고,0,1,0,0,39,남,15년이상,,승합,사업용,기타,기타사고,맑음,주간,차량단독,차량단독-기타,데이터없음,특별광역시도,논골사거리,37.5556203,127.0247986,성동구,
2017,7,28,금요일,21,중상사고,0,1,4,0,39,남,15년미만,,승용,비사업용,승용,진입회전사고,맑음,심야,차대차,측면직각충돌,신호위반,특별광역시도,논골사거리,37.5556203,127.0247986,성동구,
2017,8,21,월요일,22,부상사고,0,0,0,1,31,남,3년미만,,승용,비사업용,이륜,진입회전사고,맑음,심야,차대차,측면직각충돌,신호위반,특별광역시도,논골사거리,37.5556203,127.0247986,성동구,
2017,9,27,수요일,20,중상사고,0,1,0,0,39,여,15년이상,,승용,비사업용,이륜,진입회전사고,흐림,출퇴근,차대차,차대차-기타,신호위반,특별광역시도,논골사거리,37.5556203,127.0247986,성동구,
2017,9,19,화요일,21,중상사고,0,1,0,0,34,남,10년미만,,승용,비사업용,이륜,진입회전사고,비,심야,차대차,측면직각충돌,안전운전불이행,특별광역시도,논골사거리,37.5556203,127.0247986,성동구,
2017,10,6,금요일,22,경상사고,0,0,1,0,47,남,15년이상,,승용,사업용,승용,진입회전사고,비,심야,차대차,측면직각충돌,신호위반,특별광역시도,논골사거리,37.5556203,127.0247986,성동구,
2017,10,26,목요일,22,중상사고,0,2,1,0,54,남,5년미만,0,승용,비사업용,승용,기타사고,맑음,심야,차대차,차대차-기타,안전운전불이행,특별광역시도,논골사거리,37.5556203,127.0247986,성동구,
2018,3,15,목요일,18,경상사고,0,0,1,0,50,남,15년이상,,승용,사업용,원동기,일직선사고,맑음,출퇴근,차대차,정면충돌,안전운전불이행,특별광역시도,논골사거리,37.5556203,127.0247986,성동구,
2018,7,20,금요일,17,경상사고,0,0,1,0,53,남,15년이상,,승합,사업용,기타,기타사고,흐림,주간,차량단독,차량단독-기타,안전운전불이행,특별광역시도,논골사거리,37.5556203,127.0247986,성동구,
2018,8,4,토요일,1,부상사고,0,0,0,1,58,남,15년이상,,승용,사업용,승용,기타사고,맑음,심야,차대차,차대차-기타,안전운전불이행,특별광역시도,논골사거리,37.5556203,127.0247986,성동구,
2018,10,27,토요일,22,중상사고,0,1,0,0,58,남,15년이상,,승합,사업용,기타,기타사고,맑음,심야,차량단독,차량단독-기타,안전운전불이행,특별광역시도,논골사거리,37.5556203,127.0247986,성동구,
2019,1,29,화요일,0,중상사고,0,1,0,0,68,남,15년이상,,승용,사업용,원동기,진입회전사고,맑음,심야,차대차,차대차-기타,신호위반,특별광역시도,논골사거리,37.5556203,127.0247986,성동구,
2019,2,26,화요일,8,중상사고,0,1,0,0,50,남,15년이상,,승용,사업용,이륜,진입회전사고,맑음,출퇴근,차대차,측면직각충돌,신호위반,특별광역시도,논골사거리,37.5556203,127.0247986,성동구,
2019,3,25,월요일,8,경상사고,0,0,1,0,42,남,10년미만,,승합,사업용,기타,기타사고,맑음,출퇴근,차량단독,차량단독-기타,기타,특별광역시도,논골사거리,37.5556203,127.0247986,성동구,
2019,6,25,화요일,20,경상사고,0,0,1,0,38,여,15년이상,,승용,비사업용,원동기,진입회전사고,맑음,출퇴근,차대차,측면직각충돌,안전운전불이행,특별광역시도,논골사거리,37.5556203,127.0247986,성동구,
2019,9,6,금요일,0,경상사고,0,0,2,0,38,여,15년이상,,승용,비사업용,승용,진입회전사고,맑음,심야,차대차,측면직각충돌,신호위반,특별광역시도,논골사거리,37.5556203,127.0247986,성동구,
2019,9,29,일요일,12,경상사고,0,0,1,0,46,남,15년이상,,승용,비사업용,이륜,기타사고,맑음,주간,차대차,차대차-기타,교차로운행방법위반,특별광역시도,논골사거리,37.5556203,127.0247986,성동구,
2019,11,13,수요일,19,부상사고,0,0,0,1,51,남,15년이상,,승용,사업용,이륜,기타사고,맑음,출퇴근,차대차,차대차-기타,안전운전불이행,특별광역시도,논골사거리,37.5556203,127.0247986,성동구,
2017,1,25,수요일,17,경상사고,0,0,1,0,36,남,5년미만,,승용,비사업용,원동기,진입회전사고,흐림,주간,차대차,측면직각충돌,안전운전불이행,특별광역시도,도선사거리,37.5659526,127.0364638,성동구,
2017,4,19,수요일,4,중상사고,0,1,0,0,24,남,10년미만,,승용,비사업용,보행자,보행횡단사고,맑음,심야,차대사람,횡단중,안전운전불이행,특별광역시도,도선사거리,37.5659526,127.0364638,성동구,
2017,6,26,월요일,13,경상사고,0,0,1,0,51,남,15년미만,,화물,비사업용,이륜,진입회전사고,맑음,주간,차대차,측면직각충돌,안전운전불이행,특별광역시도,도선사거리,37.5659526,127.0364638,성동구,
2017,6,20,화요일,18,경상사고,0,0,1,0,65,남,15년이상,,승용,사업용,자전거,진입회전사고,맑음,출퇴근,차대차,측면직각충돌,안전운전불이행,특별광역시도,도선사거리,37.5659526,127.0364638,성동구,
2017,7,2,일요일,5,경상사고,0,0,1,0,68,남,15년이상,,승용,사업용,자전거,진입회전사고,맑음,새벽,차대차,측면직각충돌,안전운전불이행,특별광역시도,도선사거리,37.5659526,127.0364638,성동구,
2017,7,1,토요일,11,중상사고,0,1,0,0,52,여,15년미만,,승용,비사업용,이륜,기타사고,맑음,주간,차대차,차대차-기타,안전거리미확보,특별광역시도,도선사거리,37.5659526,127.0364638,성동구,
2017,10,25,수요일,16,경상사고,0,0,1,0,60,남,15년이상,,승용,사업용,이륜,진입회전사고,맑음,주간,차대차,차대차-기타,신호위반,특별광역시도,도선사거리,37.5659526,127.0364638,성동구,
2017,12,29,금요일,9,경상사고,0,0,1,0,67,남,15년이상,,승용,사업용,승합,진입회전사고,맑음,주간,차대차,측면직각충돌,안전거리미확보,특별광역시도,도선사거리,37.5659526,127.0364638,성동구,
2017,12,19,화요일,14,부상사고,0,0,0,1,57,남,15년이상,,화물,비사업용,원동기,진입회전사고,맑음,주간,차대차,측면직각충돌,교차로운행방법위반,특별광역시도,도선사거리,37.5659526,127.0364638,성동구,
2017,12,29,금요일,23,경상사고,0,0,1,0,55,남,15년이상,,승용,사업용,이륜,기타사고,맑음,심야,차대차,차대차-기타,안전거리미확보,특별광역시도,도선사거리,37.5659526,127.0364638,성동구,
2018,1,17,수요일,0,경상사고,0,0,2,0,53,여,10년미만,,승합,비사업용,승합,기타사고,맑음,심야,차대차,차대차-기타,안전거리미확보,특별광역시도,도선사거리,37.5659526,127.0364638,성동구,
2018,1,14,일요일,2,중상사고,0,2,2,0,31,남,10년미만,0,승용,비사업용,승용,일직선사고,흐림,심야,차대차,추돌(진행중),안전운전불이행,특별광역시도,도선사거리,37.5659526,127.0364638,성동구,
2018,1,2,화요일,22,경상사고,0,0,1,0,65,남,15년이상,,승용,사업용,기타,단독사고,맑음,심야,차량단독,공작물추돌,안전운전불이행,특별광역시도,도선사거리,37.5659526,127.0364638,성동구,
2018,2,4,일요일,0,중상사고,0,1,2,0,53,남,15년이상,,승용,사업용,승용,일직선사고,맑음,심야,차대차,추돌(진행중),안전거리미확보,특별광역시도,도선사거리,37.5659526,127.0364638,성동구,
2018,2,26,월요일,6,경상사고,0,0,1,0,74,남,15년이상,,승용,사업용,승용,기타사고,맑음,새벽,차대차,차대차-기타,안전운전불이행,특별광역시도,도선사거리,37.5659526,127.0364638,성동구,
2018,4,13,금요일,14,중상사고,0,2,0,0,73,남,15년이상,,승합,비사업용,이륜,진입회전사고,흐림,주간,차대차,차대차-기타,신호위반,특별광역시도,도선사거리,37.5659526,127.0364638,성동구,
2018,4,24,화요일,20,경상사고,0,0,1,0,35,남,15년미만,,승용,비사업용,이륜,진입회전사고,맑음,출퇴근,차대차,차대차-기타,신호위반,특별광역시도,도선사거리,37.5659526,127.0364638,성동구,
2018,6,26,화요일,8,경상사고,0,0,1,0,29,남,5년미만,,승용,비사업용,이륜,기타사고,비,출퇴근,차대차,차대차-기타,안전운전불이행,특별광역시도,도선사거리,37.5659526,127.0364638,성동구,
2018,6,25,월요일,21,경상사고,0,0,1,0,61,남,15년이상,,승용,사업용,승용,일직선사고,맑음,심야,차대차,추돌(진행중),안전거리미확보,특별광역시도,도선사거리,37.5659526,127.0364638,성동구,
2018,9,1,토요일,21,경상사고,0,0,1,0,58,남,15년이상,,승합,사업용,승합,기타사고,맑음,심야,차대차,차대차-기타,안전거리미확보,특별광역시도,도선사거리,37.5659526,127.0364638,성동구,
2018,11,21,수요일,3,경상사고,0,0,2,0,48,여,4년미만,,승용,사업용,승용,기타사고,맑음,심야,차대차,차대차-기타,안전운전불이행,특별광역시도,도선사거리,37.5659526,127.0364638,성동구,
2018,12,15,토요일,7,중상사고,0,1,0,0,35,여,15년미만,,승용,비사업용,이륜,진입회전사고,맑음,출퇴근,차대차,측면직각충돌,신호위반,특별광역시도,도선사거리,37.5659526,127.0364638,성동구,
2019,1,28,월요일,11,경상사고,0,0,1,0,50,남,15년이상,,승합,비사업용,이륜,진입회전사고,맑음,주간,차대차,차대차-기타,신호위반,특별광역시도,도선사거리,37.5659526,127.0364638,성동구,
2019,1,28,월요일,14,경상사고,0,0,1,0,75,남,15년이상,,승용,사업용,보행자,기타사고,맑음,주간,차대사람,차대사람-기타,안전운전불이행,특별광역시도,도선사거리,37.5659526,127.0364638,성동구,
2019,1,16,수요일,16,경상사고,0,0,1,0,40,남,10년미만,,화물,비사업용,이륜,진입회전사고,맑음,주간,차대차,차대차-기타,신호위반,특별광역시도,도선사거리,37.5659526,127.0364638,성동구,
2019,1,15,화요일,16,중상사고,0,1,1,0,62,남,15년이상,,승용,비사업용,승용,진입회전사고,맑음,주간,차대차,측면직각충돌,신호위반,특별광역시도,도선사거리,37.5659526,127.0364638,성동구,
2019,3,7,목요일,19,경상사고,0,0,2,0,51,남,15년미만,,승용,사업용,승용,진입회전사고,맑음,출퇴근,차대차,측면직각충돌,안전거리미확보,특별광역시도,도선사거리,37.5659526,127.0364638,성동구,
2019,5,5,일요일,20,중상사고,0,1,0,0,65,남,15년이상,,화물,비사업용,화물,진입회전사고,맑음,출퇴근,차대차,측면직각충돌,신호위반,특별광역시도,도선사거리,37.5659526,127.0364638,성동구,
2019,5,7,화요일,22,중상사고,0,1,0,0,27,남,10년미만,,승용,비사업용,이륜,진입회전사고,맑음,심야,차대차,측면직각충돌,신호위반,특별광역시도,도선사거리,37.5659526,127.0364638,성동구,
2019,6,13,목요일,20,경상사고,0,0,1,0,불명,불명,데이터오류,,기타,데이터오류,기타,진입회전사고,맑음,출퇴근,차대차,측면직각충돌,안전운전불이행,특별광역시도,도선사거리,37.5659526,127.0364638,성동구,
2019,7,22,월요일,19,경상사고,0,0,1,0,17,남,1년미만,,이륜,데이터오류,이륜,진입회전사고,맑음,출퇴근,차대차,측면직각충돌,신호위반,특별광역시도,도선사거리,37.5659526,127.0364638,성동구,
2019,10,31,목요일,7,경상사고,0,0,1,0,72,남,15년이상,,승용,사업용,이륜,기타사고,맑음,출퇴근,차대차,차대차-기타,기타,특별광역시도,도선사거리,37.5659526,127.0364638,성동구,
2019,11,9,토요일,3,경상사고,0,0,1,0,70,남,15년이상,,승용,사업용,기타,기타사고,맑음,심야,차량단독,차량단독-기타,안전운전불이행,특별광역시도,도선사거리,37.5659526,127.0364638,성동구,
2019,11,2,토요일,18,중상사고,0,1,0,0,42,남,15년미만,,이륜,데이터오류,이륜,진입회전사고,맑음,출퇴근,차대차,측면직각충돌,중앙선침범,특별광역시도,도선사거리,37.5659526,127.0364638,성동구,