년도,월,일,요일,시각,사고등급,사망자수,중상자수,경상자수,부상자수,연령,성별,경력,음주,종별,용도,관련자2,사고형태,기상상태,일광상태,사고유형1,사고유형2,법규위반,도로종류,지점명,위도,경도,자치구,
2017,3,28,화요일,18,경상사고,0,0,1,1,51,남,15년이상,,승용,비사업용,이륜,진입회전사고,맑음,출퇴근,차대차,측면직각충돌,안전거리미확보,특별광역시도,마장역1번출구앞삼거리,37.566127,127.042965,성동구,
2017,6,2,금요일,13,경상사고,0,0,2,0,47,남,15년이상,,승용,사업용,승용,기타사고,맑음,주간,차대차,차대차-기타,교차로운행방법위반,특별광역시도,마장역1번출구앞삼거리,37.566127,127.042965,성동구,
2017,7,18,화요일,6,경상사고,0,0,1,0,62,남,15년이상,,승용,사업용,승용,일직선사고,비,새벽,차대차,추돌(진행중),안전거리미확보,특별광역시도,마장역1번출구앞삼거리,37.566127,127.042965,성동구,
2017,7,17,월요일,8,경상사고,0,0,1,0,76,남,1년미만,,이륜,기타,기타,진입회전사고,맑음,출퇴근,차대차,측면직각충돌,안전운전불이행,특별광역시도,마장역1번출구앞삼거리,37.566127,127.042965,성동구,
2017,8,7,월요일,11,부상사고,0,0,0,1,83,남,15년이상,,승용,사업용,자전거,진입회전사고,맑음,주간,차대차,측면직각충돌,신호위반,특별광역시도,마장역1번출구앞삼거리,37.566127,127.042965,성동구,
2017,11,19,일요일,2,경상사고,0,0,1,0,59,남,15년이상,,승용,사업용,승용,진입회전사고,흐림,심야,차대차,차대차-기타,신호위반,특별광역시도,마장역1번출구앞삼거리,37.566127,127.042965,성동구,
2018,1,30,화요일,14,경상사고,0,0,1,0,55,여,10년미만,,승용,비사업용,보행자,기타사고,맑음,주간,차대사람,차대사람-기타,안전운전불이행,특별광역시도,마장역1번출구앞삼거리,37.566127,127.042965,성동구,
2018,4,10,화요일,9,경상사고,0,0,1,0,63,남,15년이상,,화물,비사업용,화물,진입회전사고,맑음,주간,차대차,측면직각충돌,안전운전불이행,특별광역시도,마장역1번출구앞삼거리,37.566127,127.042965,성동구,
2018,4,2,월요일,10,경상사고,0,0,1,0,66,남,15년이상,,승용,비사업용,승용,일직선사고,맑음,주간,차대차,추돌(진행중),안전운전불이행,특별광역시도,마장역1번출구앞삼거리,37.566127,127.042965,성동구,
2018,4,1,일요일,19,경상사고,0,0,1,0,66,남,15년이상,,승용,비사업용,이륜,진입회전사고,맑음,출퇴근,차대차,측면직각충돌,안전운전불이행,특별광역시도,마장역1번출구앞삼거리,37.566127,127.042965,성동구,
2018,7,10,화요일,0,경상사고,0,0,2,0,55,남,15년이상,,승용,사업용,이륜,기타사고,비,심야,차대차,차대차-기타,안전운전불이행,특별광역시도,마장역1번출구앞삼거리,37.566127,127.042965,성동구,
2018,9,20,목요일,8,경상사고,0,0,1,0,46,여,15년이상,,승용,비사업용,화물,기타사고,맑음,출퇴근,차대차,차대차-기타,안전운전불이행,특별광역시도,마장역1번출구앞삼거리,37.566127,127.042965,성동구,
2018,9,7,금요일,19,경상사고,0,0,1,0,69,남,15년이상,,승용,사업용,승용,기타사고,맑음,출퇴근,차대차,차대차-기타,안전거리미확보,특별광역시도,마장역1번출구앞삼거리,37.566127,127.042965,성동구,
2018,9,10,월요일,23,경상사고,0,0,1,0,57,남,5년미만,,승용,사업용,승용,일직선사고,맑음,심야,차대차,추돌(진행중),안전거리미확보,특별광역시도,마장역1번출구앞삼거리,37.566127,127.042965,성동구,
2019,4,14,일요일,19,경상사고,0,0,1,0,72,남,15년이상,,승용,사업용,이륜,진입회전사고,맑음,출퇴근,차대차,측면직각충돌,신호위반,특별광역시도,마장역1번출구앞삼거리,37.566127,127.042965,성동구,
2019,4,28,일요일,20,경상사고,0,0,1,0,불명,불명,데이터오류,,기타,데이터오류,기타,기타사고,맑음,출퇴근,차대차,차대차-기타,안전운전불이행,특별광역시도,마장역1번출구앞삼거리,37.566127,127.042965,성동구,
2019,5,15,수요일,20,중상사고,0,1,3,0,35,남,15년미만,,승용,비사업용,승합,일직선사고,맑음,출퇴근,차대차,추돌(진행중),안전운전불이행,특별광역시도,마장역1번출구앞삼거리,37.566127,127.042965,성동구,
2019,8,2,금요일,8,중상사고,0,1,0,0,65,남,15년이상,,승용,사업용,이륜,진입회전사고,맑음,출퇴근,차대차,추돌(진행중),신호위반,특별광역시도,마장역1번출구앞삼거리,37.566127,127.042965,성동구,
2019,10,10,목요일,14,경상사고,0,0,2,0,61,남,10년미만,,승용,비사업용,승용,일직선사고,맑음,주간,차대차,추돌(진행중),안전운전불이행,특별광역시도,마장역1번출구앞삼거리,37.566127,127.042965,성동구,
2017,1,4,수요일,18,부상사고,0,0,0,1,43,남,15년이상,,승용,비사업용,이륜,진입회전사고,맑음,출퇴근,차대차,차대차-기타,신호위반,특별광역시도,무학여고앞사거리,37.5585368,127.0335199,성동구,
2017,2,10,금요일,4,중상사고,0,1,0,0,69,남,15년미만,,승용,비사업용,보행자,보행횡단사고,맑음,심야,차대사람,횡단중,안전운전불이행,특별광역시도,무학여고앞사거리,37.5585368,127.0335199,성동구,
2017,3,22,수요일,22,부상사고,0,0,0,1,55,여,10년미만,,승용,비사업용,이륜,진입회전사고,맑음,심야,차대차,측면직각충돌,안전운전불이행,특별광역시도,무학여고앞사거리,37.5585368,127.0335199,성동구,
2017,4,7,금요일,3,중상사고,0,1,0,2,26,남,1년미만,,승용,비사업용,화물,진입회전사고,맑음,심야,차대차,측면직각충돌,안전운전불이행,특별광역시도,무학여고앞사거리,37.5585368,127.0335199,성동구,
2017,4,22,토요일,17,경상사고,0,0,1,0,56,남,15년이상,,승용,사업용,승용,일직선사고,맑음,주간,차대차,추돌(진행중),안전거리미확보,특별광역시도,무학여고앞사거리,37.5585368,127.0335199,성동구,
2017,5,31,수요일,3,경상사고,0,0,1,1,67,남,15년이상,,승용,사업용,승용,기타사고,맑음,심야,차대차,차대차-기타,차로위반,특별광역시도,무학여고앞사거리,37.5585368,127.0335199,성동구,
2017,6,27,화요일,6,경상사고,0,0,1,0,67,남,1년미만,,승용,사업용,승용,진입회전사고,맑음,새벽,차대차,측면직각충돌,교차로운행방법위반,특별광역시도,무학여고앞사거리,37.5585368,127.0335199,성동구,
2017,6,16,금요일,22,경상사고,0,0,2,0,43,여,4년미만,,승용,비사업용,승용,진입회전사고,맑음,심야,차대차,측면직각충돌,안전운전불이행,특별광역시도,무학여고앞사거리,37.5585368,127.0335199,성동구,
2017,7,6,목요일,22,부상사고,0,0,0,1,54,남,15년이상,,승용,사업용,이륜,진입회전사고,맑음,심야,차대차,측면직각충돌,신호위반,특별광역시도,무학여고앞사거리,37.5585368,127.0335199,성동구,
2017,9,1,금요일,5,경상사고,0,0,1,0,37,여,10년미만,0,승용,사업용,승용,일직선사고,맑음,새벽,차대차,추돌(진행중),안전운전불이행,특별광역시도,무학여고앞사거리,37.5585368,127.0335199,성동구,
2017,9,24,일요일,10,경상사고,0,0,1,0,62,남,15년이상,,승용,사업용,이륜,진입회전사고,맑음,주간,차대차,차대차-기타,신호위반,특별광역시도,무학여고앞사거리,37.5585368,127.0335199,성동구,
2017,12,22,금요일,0,중상사고,0,1,0,0,37,남,15년이상,0,승용,사업용,승용,일직선사고,맑음,심야,차대차,추돌(진행중),안전운전불이행,특별광역시도,무학여고앞사거리,37.5585368,127.0335199,성동구,
2018,1,24,수요일,5,경상사고,0,0,1,0,36,남,15년미만,,승용,비사업용,승용,일직선사고,맑음,새벽,차대차,추돌(진행중),안전운전불이행,특별광역시도,무학여고앞사거리,37.5585368,127.0335199,성동구,
2018,3,25,일요일,5,중상사고,0,1,3,0,34,남,10년미만,,승용,사업용,승용,진입회전사고,맑음,새벽,차대차,측면직각충돌,신호위반,특별광역시도,무학여고앞사거리,37.5585368,127.0335199,성동구,
2018,3,23,금요일,12,경상사고,0,0,1,0,34,여,15년미만,,승용,비사업용,자전거,기타사고,맑음,주간,차대차,차대차-기타,안전거리미확보,특별광역시도,무학여고앞사거리,37.5585368,127.0335199,성동구,
2018,3,27,화요일,20,부상사고,0,0,0,1,18,남,1년미만,,이륜,기타,보행자,보행횡단사고,맑음,출퇴근,차대사람,횡단중,안전운전불이행,특별광역시도,무학여고앞사거리,37.5585368,127.0335199,성동구,
2018,7,18,수요일,0,중상사고,0,1,0,0,70,남,15년이상,,승용,사업용,기타,기타사고,맑음,심야,차량단독,차량단독-기타,안전운전불이행,특별광역시도,무학여고앞사거리,37.5585368,127.0335199,성동구,
2018,9,17,월요일,10,경상사고,0,0,2,0,26,남,10년미만,,승용,비사업용,승용,진입회전사고,맑음,주간,차대차,측면직각충돌,신호위반,특별광역시도,무학여고앞사거리,37.5585368,127.0335199,성동구,
2018,9,16,일요일,12,경상사고,0,0,1,0,불명,불명,데이터오류,,기타,기타,기타,기타사고,맑음,주간,차대차,차대차-기타,안전운전불이행,특별광역시도,무학여고앞사거리,37.5585368,127.0335199,성동구,
2018,10,17,수요일,7,경상사고,0,0,1,0,37,여,15년이상,,승용,비사업용,화물,진입회전사고,맑음,출퇴근,차대차,측면직각충돌,안전거리미확보,특별광역시도,무학여고앞사거리,37.5585368,127.0335199,성동구,
2018,11,13,화요일,6,중상사고,0,1,0,0,63,남,15년이상,,승용,사업용,보행자,보행횡단사고,맑음,새벽,차대사람,횡단중,안전운전불이행,특별광역시도,무학여고앞사거리,37.5585368,127.0335199,성동구,
2019,2,13,수요일,0,경상사고,0,0,2,0,25,남,5년미만,,승용,비사업용,승용,일직선사고,맑음,심야,차대차,추돌(진행중),안전운전불이행,특별광역시도,무학여고앞사거리,37.5585368,127.0335199,성동구,
2019,4,21,일요일,10,경상사고,0,0,2,0,29,남,3년미만,0,승용,비사업용,승용,일직선사고,맑음,주간,차대차,추돌(진행중),안전운전불이행,특별광역시도,무학여고앞사거리,37.5585368,127.0335199,성동구,
2019,5,1,수요일,20,경상사고,0,0,1,0,29,여,5년미만,,승용,비사업용,승용,일직선사고,맑음,출퇴근,차대차,추돌(진행중),안전운전불이행,특별광역시도,무학여고앞사거리,37.5585368,127.0335199,성동구,
2019,5,1,수요일,21,경상사고,0,0,1,0,26,여,1년미만,,승용,사업용,보행자,기타사고,맑음,심야,차대사람,차대사람-기타,기타,특별광역시도,무학여고앞사거리,37.5585368,127.0335199,성동구,
2019,7,11,목요일,15,경상사고,0,0,1,0,29,남,10년미만,,승용,비사업용,보행자,보행횡단사고,맑음,주간,차대사람,횡단중,안전운전불이행,특별광역시도,무학여고앞사거리,37.5585368,127.0335199,성동구,
2019,7,5,금요일,23,경상사고,0,0,3,0,55,남,15년이상,,승용,사업용,승용,일직선사고,맑음,심야,차대차,추돌(진행중),안전거리미확보,특별광역시도,무학여고앞사거리,37.5585368,127.0335199,성동구,
2019,9,11,수요일,7,경상사고,0,0,2,0,69,남,15년이상,,승용,사업용,화물,일직선사고,흐림,출퇴근,차대차,추돌(진행중),안전거리미확보,특별광역시도,무학여고앞사거리,37.5585368,127.0335199,성동구,
2019,11,9,토요일,15,경상사고,0,0,1,0,불명,불명,데이터오류,,기타,데이터오류,기타,기타사고,맑음,주간,차대사람,차대사람-기타,안전운전불이행,특별광역시도,무학여고앞사거리,37.5585368,127.0335199,성동구,
2019,11,15,금요일,20,경상사고,0,0,1,0,불명,불명,데이터오류,,기타,데이터오류,기타,기타사고,맑음,출퇴근,차대사람,길가장자리구역통행중,안전운전불이행,특별광역시도,무학여고앞사거리,37.5585368,127.0335199,성동구,
2019,12,8,일요일,7,중상사고,0,1,0,0,38,여,15년이상,,승용,비사업용,보행자,보행횡단사고,맑음,출퇴근,차대사람,횡단중,안전운전불이행,특별광역시도,무학여고앞사거리,37.5585368,127.0335199,성동구,
2017,3,24,금요일,16,경상사고,0,0,1,0,56,남,15년이상,,승용,사업용,이륜,일직선사고,맑음,주간,차대차,추돌(진행중),안전거리미확보,특별광역시도,무학여고앞사거리,37.5585368,127.0335199,성동구,
2017,4,15,토요일,14,중상사고,0,1,1,0,46,여,15년미만,,승용,비사업용,승용,진입회전사고,맑음,주간,차대차,측면직각충돌,안전거리미확보,특별광역시도,무학여고앞사거리,37.5585368,127.0335199,성동구,
2017,6,28,수요일,19,경상사고,0,0,1,0,45,남,15년이상,,승용,비사업용,자전거,진입회전사고,맑음,출퇴근,차대차,측면직각충돌,안전운전불이행,특별광역시도,무학여고앞사거리,37.5585368,127.0335199,성동구,
2017,8,11,금요일,19,경상사고,0,0,1,0,52,남,15년이상,,승합,사업용,기타,기타사고,맑음,출퇴근,차량단독,차량단독-기타,데이터없음,특별광역시도,무학여고앞사거리,37.5585368,127.0335199,성동구,
2018,1,8,월요일,13,경상사고,0,0,1,0,63,여,15년이상,,자전거,기타,보행자,기타사고,맑음,주간,차대사람,차대사람-기타,기타,특별광역시도,무학여고앞사거리,37.5585368,127.0335199,성동구,
2018,2,1,목요일,22,중상사고,0,1,0,0,33,남,15년미만,,승용,비사업용,보행자,보행횡단사고,맑음,심야,차대사람,횡단중,보행자보호의무위반,특별광역시도,무학여고앞사거리,37.5585368,127.0335199,성동구,
2018,2,7,수요일,22,경상사고,0,0,1,0,49,남,15년이상,,승용,사업용,승용,일직선사고,맑음,심야,차대차,추돌(진행중),안전거리미확보,특별광역시도,무학여고앞사거리,37.5585368,127.0335199,성동구,
2018,6,26,화요일,21,중상사고,0,1,0,0,71,남,10년미만,,승용,사업용,승용,일직선사고,비,심야,차대차,추돌(진행중),안전운전불이행,특별광역시도,무학여고앞사거리,37.5585368,127.0335199,성동구,
2018,7,2,월요일,10,경상사고,0,0,1,0,불명,불명,데이터오류,,기타,기타,기타,보행횡단사고,비,주간,차대사람,횡단중,안전운전불이행,특별광역시도,무학여고앞사거리,37.5585368,127.0335199,성동구,
2018,9,1,토요일,22,경상사고,0,0,1,0,31,여,15년미만,,승용,비사업용,보행자,보행횡단사고,맑음,심야,차대사람,보도통행중,기타,특별광역시도,무학여고앞사거리,37.5585368,127.0335199,성동구,
2019,2,23,토요일,14,중상사고,0,1,0,0,25,남,10년미만,,건설기계,사업용,건설기계,일직선사고,맑음,주간,차대차,추돌(진행중),안전운전불이행,특별광역시도,무학여고앞사거리,37.5585368,127.0335199,성동구,
2019,4,17,수요일,9,경상사고,0,0,1,0,60,남,15년이상,,승합,사업용,기타,기타사고,맑음,주간,차량단독,차량단독-기타,기타,특별광역시도,무학여고앞사거리,37.5585368,127.0335199,성동구,
2019,5,7,화요일,19,부상사고,0,0,0,1,35,남,15년이상,,승용,비사업용,자전거,기타사고,맑음,출퇴근,차대차,차대차-기타,안전거리미확보,특별광역시도,무학여고앞사거리,37.5585368,127.0335199,성동구,
2017,2,11,토요일,1,경상사고,0,0,3,0,37,남,15년이상,0,승용,비사업용,승용,일직선사고,맑음,심야,차대차,추돌(진행중),안전운전불이행,특별광역시도,바람의언덕출입구앞,34.7446779,128.6631429,성동구,
2017,4,22,토요일,5,경상사고,0,0,1,0,44,남,15년이상,,건설기계,사업용,건설기계,진입회전사고,맑음,새벽,차대차,측면직각충돌,신호위반,특별광역시도,바람의언덕출입구앞,34.7446779,128.6631429,성동구,
2017,10,1,일요일,19,중상사고,0,1,0,0,불명,불명,데이터오류,,기타,데이터오류,기타,기타사고,비,출퇴근,차대사람,차대사람-기타,안전운전불이행,특별광역시도,바람의언덕출입구앞,34.7446779,128.6631429,성동구,
2017,12,8,금요일,10,경상사고,0,0,1,0,35,여,15년이상,,승용,비사업용,승용,일직선사고,맑음,주간,차대차,추돌(진행중),안전거리미확보,특별광역시도,바람의언덕출입구앞,34.7446779,128.6631429,성동구,
2018,3,4,일요일,0,경상사고,0,0,2,0,50,남,15년미만,0,화물,비사업용,화물,일직선사고,맑음,심야,차대차,추돌(진행중),안전거리미확보,특별광역시도,바람의언덕출입구앞,34.7446779,128.6631429,성동구,
2018,3,28,수요일,6,경상사고,0,0,2,0,59,남,15년이상,,화물,사업용,화물,일직선사고,맑음,새벽,차대차,추돌(진행중),안전거리미확보,특별광역시도,바람의언덕출입구앞,34.7446779,128.6631429,성동구,
2018,4,2,월요일,2,중상사고,0,1,3,0,32,여,2년미만,0,승용,비사업용,승용,일직선사고,맑음,심야,차대차,추돌(진행중),안전운전불이행,특별광역시도,바람의언덕출입구앞,34.7446779,128.6631429,성동구,
2018,5,16,수요일,1,중상사고,0,1,0,0,61,남,15년이상,,승용,사업용,이륜,진입회전사고,흐림,심야,차대차,측면직각충돌,안전거리미확보,특별광역시도,바람의언덕출입구앞,34.7446779,128.6631429,성동구,
2018,6,23,토요일,5,경상사고,0,0,1,0,30,여,15년미만,0,승용,비사업용,화물,일직선사고,맑음,새벽,차대차,추돌(진행중),안전운전불이행,특별광역시도,바람의언덕출입구앞,34.7446779,128.6631429,성동구,
2018,8,31,금요일,7,중상사고,0,1,0,0,36,남,2년미만,0,이륜,기타,기타,기타사고,맑음,출퇴근,차량단독,차량단독-기타,안전운전불이행,특별광역시도,바람의언덕출입구앞,34.7446779,128.6631429,성동구,
2019,6,15,토요일,4,중상사고,0,2,0,0,33,남,10년미만,0,승용,비사업용,승용,일직선사고,맑음,심야,차대차,차대차-기타,중앙선침범,특별광역시도,바람의언덕출입구앞,34.7446779,128.6631429,성동구,
2019,6,20,목요일,12,경상사고,0,0,2,0,30,남,10년미만,,승용,사업용,화물,진입회전사고,맑음,주간,차대차,측면직각충돌,안전운전불이행,특별광역시도,바람의언덕출입구앞,34.7446779,128.6631429,성동구,
2019,9,4,수요일,8,경상사고,0,0,1,0,60,남,15년이상,,승용,사업용,승용,일직선사고,맑음,출퇴근,차대차,추돌(진행중),안전운전불이행,특별광역시도,바람의언덕출입구앞,34.7446779,128.6631429,성동구,
2017,1,23,월요일,17,경상사고,0,0,1,0,62,남,15년이상,,승용,사업용,승용,일직선사고,맑음,주간,차대차,추돌(진행중),안전거리미확보,특별광역시도,바람의언덕출입구앞,34.7446779,128.6631429,성동구,
2018,1,25,목요일,11,경상사고,0,0,1,0,45,남,10년미만,,승용,사업용,승용,일직선사고,맑음,주간,차대차,추돌(진행중),안전운전불이행,특별광역시도,바람의언덕출입구앞,34.7446779,128.6631429,성동구,
2018,3,29,목요일,8,경상사고,0,0,1,0,31,남,15년미만,,화물,비사업용,화물,진입회전사고,맑음,출퇴근,차대차,측면직각충돌,안전운전불이행,특별광역시도,바람의언덕출입구앞,34.7446779,128.6631429,성동구,
2018,4,19,목요일,23,경상사고,0,0,2,0,69,남,15년이상,,승용,사업용,승용,일직선사고,맑음,심야,차대차,추돌(진행중),안전거리미확보,특별광역시도,바람의언덕출입구앞,34.7446779,128.6631429,성동구,
2018,9,5,수요일,18,경상사고,0,0,1,0,83,남,15년이상,,승합,비사업용,승합,기타사고,맑음,출퇴근,차대차,차대차-기타,안전운전불이행,특별광역시도,바람의언덕출입구앞,34.7446779,128.6631429,성동구,
2019,2,15,금요일,20,중상사고,0,1,0,0,57,남,15년이상,,승용,비사업용,화물,기타사고,눈,출퇴근,차대차,차대차-기타,안전거리미확보,특별광역시도,바람의언덕출입구앞,34.7446779,128.6631429,성동구,
2019,7,19,금요일,12,경상사고,0,0,6,0,54,남,15년이상,,화물,사업용,화물,일직선사고,맑음,주간,차대차,추돌(진행중),안전거리미확보,특별광역시도,바람의언덕출입구앞,34.7446779,128.6631429,성동구,
2019,8,17,토요일,22,경상사고,0,0,2,0,31,여,15년미만,,승용,비사업용,화물,기타사고,맑음,심야,차대차,차대차-기타,안전거리미확보,특별광역시도,바람의언덕출입구앞,34.7446779,128.6631429,성동구,
2019,10,30,수요일,9,중상사고,0,1,0,0,72,남,10년미만,,승용,사업용,이륜,진입회전사고,맑음,주간,차대차,측면직각충돌,신호위반,특별광역시도,바람의언덕출입구앞,34.7446779,128.6631429,성동구,
2019,10,1,화요일,17,경상사고,0,0,1,0,40,남,15년이상,,건설기계,사업용,건설기계,진입회전사고,맑음,주간,차대차,측면직각충돌,안전거리미확보,특별광역시도,바람의언덕출입구앞,34.7446779,128.6631429,성동구,
2017,4,8,토요일,1,부상사고,0,0,0,2,48,남,15년이상,,승용,사업용,기타,일직선사고,맑음,심야,차대차,추돌(진행중),안전거리미확보,특별광역시도,바람의언덕출입구앞,34.7446779,128.6631429,성동구,
2017,4,6,목요일,2,경상사고,0,0,3,0,54,남,15년이상,,승용,사업용,기타,기타사고,비,심야,차량단독,차량단독-기타,안전운전불이행,특별광역시도,바람의언덕출입구앞,34.7446779,128.6631429,성동구,
2017,4,5,수요일,11,경상사고,0,0,1,1,31,남,15년이상,,승용,사업용,승용,진입회전사고,맑음,주간,차대차,측면직각충돌,신호위반,특별광역시도,바람의언덕출입구앞,34.7446779,128.6631429,성동구,
2017,7,21,금요일,16,경상사고,0,0,1,0,34,남,10년미만,,건설기계,사업용,건설기계,진입회전사고,맑음,주간,차대차,측면직각충돌,안전거리미확보,특별광역시도,바람의언덕출입구앞,34.7446779,128.6631429,성동구,
2017,7,8,토요일,20,경상사고,0,0,1,0,43,여,10년미만,,승용,비사업용,이륜,진입회전사고,맑음,출퇴근,차대차,측면직각충돌,신호위반,특별광역시도,바람의언덕출입구앞,34.7446779,128.6631429,성동구,
2017,7,21,금요일,23,경상사고,0,0,2,0,62,남,15년이상,,승용,비사업용,승용,진입회전사고,흐림,심야,차대차,측면직각충돌,신호위반,특별광역시도,바람의언덕출입구앞,34.7446779,128.6631429,성동구,
2017,8,20,일요일,2,경상사고,0,0,2,0,53,남,15년이상,,승용,비사업용,기타,단독사고,비,심야,차량단독,공작물추돌,안전운전불이행,특별광역시도,바람의언덕출입구앞,34.7446779,128.6631429,성동구,
2017,8,5,토요일,15,경상사고,0,0,2,0,23,남,10년미만,,건설기계,사업용,건설기계,진입회전사고,맑음,주간,차대차,측면직각충돌,안전거리미확보,특별광역시도,바람의언덕출입구앞,34.7446779,128.6631429,성동구,
2017,8,4,금요일,17,중상사고,0,1,0,0,48,남,15년이상,,승용,비사업용,승용,기타사고,맑음,주간,차대차,차대차-기타,안전거리미확보,특별광역시도,바람의언덕출입구앞,34.7446779,128.6631429,성동구,
2017,9,1,금요일,0,경상사고,0,0,2,0,55,남,15년이상,,승용,사업용,이륜,진입회전사고,맑음,심야,차대차,측면직각충돌,신호위반,특별광역시도,바람의언덕출입구앞,34.7446779,128.6631429,성동구,
2017,10,13,금요일,18,경상사고,0,0,1,0,65,남,15년이상,,승용,비사업용,화물,진입회전사고,맑음,출퇴근,차대차,측면직각충돌,신호위반,특별광역시도,바람의언덕출입구앞,34.7446779,128.6631429,성동구,
2017,11,24,금요일,1,경상사고,0,0,1,0,46,남,15년이상,,승용,사업용,승용,진입회전사고,맑음,심야,차대차,측면직각충돌,신호위반,특별광역시도,바람의언덕출입구앞,34.7446779,128.6631429,성동구,
2017,12,9,토요일,6,중상사고,0,1,1,0,63,남,15년이상,,승용,비사업용,승용,진입회전사고,맑음,새벽,차대차,측면직각충돌,신호위반,특별광역시도,바람의언덕출입구앞,34.7446779,128.6631429,성동구,
2018,1,31,수요일,8,경상사고,0,0,2,0,55,남,15년이상,,승용,사업용,승용,기타사고,흐림,출퇴근,차대차,차대차-기타,안전거리미확보,특별광역시도,바람의언덕출입구앞,34.7446779,128.6631429,성동구,
2018,1,8,월요일,23,경상사고,0,0,1,0,50,남,15년이상,,화물,비사업용,화물,기타사고,맑음,심야,차대차,차대차-기타,안전거리미확보,특별광역시도,바람의언덕출입구앞,34.7446779,128.6631429,성동구,
2018,2,8,목요일,7,경상사고,0,0,1,0,40,남,15년이상,,화물,비사업용,화물,일직선사고,맑음,출퇴근,차대차,추돌(진행중),안전거리미확보,특별광역시도,바람의언덕출입구앞,34.7446779,128.6631429,성동구,
2018,2,24,토요일,10,경상사고,0,0,1,0,58,남,10년미만,,화물,비사업용,화물,일직선사고,맑음,주간,차대차,추돌(진행중),안전거리미확보,특별광역시도,바람의언덕출입구앞,34.7446779,128.6631429,성동구,
2018,3,20,화요일,14,중상사고,0,1,1,0,73,남,15년이상,,승용,비사업용,승용,일직선사고,맑음,주간,차대차,추돌(진행중),안전운전불이행,특별광역시도,바람의언덕출입구앞,34.7446779,128.6631429,성동구,
2018,3,26,월요일,14,경상사고,0,0,2,0,56,남,15년이상,,건설기계,비사업용,건설기계,진입회전사고,맑음,주간,차대차,측면직각충돌,안전거리미확보,특별광역시도,바람의언덕출입구앞,34.7446779,128.6631429,성동구,
2018,4,5,목요일,0,경상사고,0,0,2,0,56,남,15년이상,,승용,사업용,승용,진입회전사고,맑음,심야,차대차,측면직각충돌,안전거리미확보,특별광역시도,바람의언덕출입구앞,34.7446779,128.6631429,성동구,
2018,5,27,일요일,10,경상사고,0,0,1,0,25,남,10년미만,0,승용,비사업용,이륜,일직선사고,맑음,주간,차대차,추돌(진행중),안전거리미확보,특별광역시도,바람의언덕출입구앞,34.7446779,128.6631429,성동구,
2018,5,28,월요일,19,중상사고,0,1,0,0,63,남,15년이상,,승용,비사업용,이륜,진입회전사고,맑음,출퇴근,차대차,측면직각충돌,신호위반,특별광역시도,바람의언덕출입구앞,34.7446779,128.6631429,성동구,
2018,5,19,토요일,23,중상사고,0,1,0,0,51,여,15년이상,,승용,비사업용,이륜,진입회전사고,맑음,심야,차대차,측면직각충돌,신호위반,특별광역시도,바람의언덕출입구앞,34.7446779,128.6631429,성동구,
2018,6,13,수요일,11,경상사고,0,0,1,0,63,남,15년이상,,승용,사업용,승용,일직선사고,맑음,주간,차대차,추돌(진행중),안전운전불이행,특별광역시도,바람의언덕출입구앞,34.7446779,128.6631429,성동구,
2018,6,13,수요일,12,경상사고,0,0,1,0,40,남,15년미만,,승용,비사업용,승용,진입회전사고,맑음,주간,차대차,측면직각충돌,안전운전불이행,특별광역시도,바람의언덕출입구앞,34.7446779,128.6631429,성동구,
2018,6,20,수요일,12,경상사고,0,0,1,0,49,남,15년이상,,승용,사업용,이륜,진입회전사고,맑음,주간,차대차,측면직각충돌,신호위반,특별광역시도,바람의언덕출입구앞,34.7446779,128.6631429,성동구,
2018,6,21,목요일,20,경상사고,0,0,1,0,40,남,15년이상,,승용,비사업용,승용,진입회전사고,흐림,출퇴근,차대차,측면직각충돌,신호위반,특별광역시도,바람의언덕출입구앞,34.7446779,128.6631429,성동구,
2018,8,11,토요일,23,경상사고,0,0,1,0,29,남,4년미만,,승용,사업용,승용,진입회전사고,맑음,심야,차대차,측면직각충돌,신호위반,특별광역시도,바람의언덕출입구앞,34.7446779,128.6631429,성동구,
2018,9,6,목요일,7,경상사고,0,0,1,0,49,남,2년미만,,승용,사업용,원동기,일직선사고,맑음,출퇴근,차대차,추돌(진행중),안전운전불이행,특별광역시도,바람의언덕출입구앞,34.7446779,128.6631429,성동구,
2018,10,11,목요일,17,경상사고,0,0,1,0,62,남,15년미만,,승용,사업용,기타,기타사고,맑음,주간,차량단독,차량단독-기타,안전운전불이행,특별광역시도,바람의언덕출입구앞,34.7446779,128.6631429,성동구,
2018,11,10,토요일,3,경상사고,0,0,3,0,61,남,15년이상,,승용,사업용,승용,진입회전사고,맑음,심야,차대차,측면직각충돌,교차로운행방법위반,특별광역시도,바람의언덕출입구앞,34.7446779,128.6631429,성동구,
2018,11,11,일요일,4,중상사고,0,1,1,0,42,남,15년이상,,승용,비사업용,이륜,진입회전사고,맑음,심야,차대차,차대차-기타,신호위반,특별광역시도,바람의언덕출입구앞,34.7446779,128.6631429,성동구,
2018,12,1,토요일,14,경상사고,0,0,1,0,71,남,15년이상,,승용,사업용,승용,일직선사고,맑음,주간,차대차,추돌(진행중),안전운전불이행,특별광역시도,바람의언덕출입구앞,34.7446779,128.6631429,성동구,
2019,1,27,일요일,15,경상사고,0,0,2,0,51,남,15년이상,,승용,사업용,승용,진입회전사고,맑음,주간,차대차,측면직각충돌,신호위반,특별광역시도,바람의언덕출입구앞,34.7446779,128.6631429,성동구,
2019,2,23,토요일,16,경상사고,0,0,4,0,39,남,15년이상,,승용,비사업용,이륜,일직선사고,맑음,주간,차대차,추돌(진행중),안전거리미확보,특별광역시도,바람의언덕출입구앞,34.7446779,128.6631429,성동구,