년도,월,일,요일,시각,사고등급,사망자수,중상자수,경상자수,부상자수,연령,성별,경력,음주,종별,용도,관련자2,사고형태,기상상태,일광상태,사고유형1,사고유형2,법규위반,도로종류,지점명,위도,경도,자치구,
2019,3,9,토요일,2,중상사고,0,1,2,0,61,남,15년이상,,승용,사업용,기타,단독사고,맑음,심야,차량단독,공작물추돌,안전운전불이행,특별광역시도,바람의언덕출입구앞,34.7446779,128.6631429,성동구,
2019,3,29,금요일,10,경상사고,0,0,1,0,55,남,15년이상,,승용,비사업용,승용,진입회전사고,맑음,주간,차대차,측면직각충돌,안전거리미확보,특별광역시도,바람의언덕출입구앞,34.7446779,128.6631429,성동구,
2019,5,9,목요일,9,중상사고,0,1,0,0,27,남,10년미만,,승용,비사업용,이륜,진입회전사고,맑음,주간,차대차,측면직각충돌,신호위반,특별광역시도,바람의언덕출입구앞,34.7446779,128.6631429,성동구,
2019,5,13,월요일,23,경상사고,0,0,1,1,42,남,15년이상,,화물,사업용,화물,진입회전사고,맑음,심야,차대차,측면직각충돌,안전거리미확보,특별광역시도,바람의언덕출입구앞,34.7446779,128.6631429,성동구,
2019,6,13,목요일,15,경상사고,0,0,1,0,72,남,15년이상,,승용,사업용,이륜,기타사고,맑음,주간,차대차,차대차-기타,안전운전불이행,특별광역시도,바람의언덕출입구앞,34.7446779,128.6631429,성동구,
2019,6,23,일요일,22,중상사고,0,2,1,0,58,남,15년이상,,승용,사업용,이륜,진입회전사고,맑음,심야,차대차,측면직각충돌,신호위반,특별광역시도,바람의언덕출입구앞,34.7446779,128.6631429,성동구,
2019,6,2,일요일,22,경상사고,0,0,1,0,30,남,10년미만,,승용,비사업용,화물,진입회전사고,맑음,심야,차대차,측면직각충돌,신호위반,특별광역시도,바람의언덕출입구앞,34.7446779,128.6631429,성동구,
2019,7,5,금요일,0,경상사고,0,0,2,1,52,남,15년이상,,승합,사업용,승합,진입회전사고,맑음,심야,차대차,측면직각충돌,교차로운행방법위반,특별광역시도,바람의언덕출입구앞,34.7446779,128.6631429,성동구,
2019,7,13,토요일,12,경상사고,0,0,1,0,21,남,2년미만,,승용,비사업용,이륜,진입회전사고,맑음,주간,차대차,측면직각충돌,신호위반,특별광역시도,바람의언덕출입구앞,34.7446779,128.6631429,성동구,
2019,7,31,수요일,22,경상사고,0,0,1,0,48,여,15년이상,,승용,비사업용,원동기,진입회전사고,비,심야,차대차,측면직각충돌,신호위반,특별광역시도,바람의언덕출입구앞,34.7446779,128.6631429,성동구,
2019,8,20,화요일,2,경상사고,0,0,2,0,62,남,15년이상,,승용,사업용,승용,진입회전사고,맑음,심야,차대차,측면직각충돌,안전거리미확보,특별광역시도,바람의언덕출입구앞,34.7446779,128.6631429,성동구,
2019,8,14,수요일,5,중상사고,0,1,0,0,51,남,15년미만,,화물,사업용,화물,진입회전사고,맑음,새벽,차대차,측면직각충돌,신호위반,특별광역시도,바람의언덕출입구앞,34.7446779,128.6631429,성동구,
2019,8,18,일요일,13,경상사고,0,0,3,0,27,남,15년미만,,승용,비사업용,승용,진입회전사고,맑음,주간,차대차,측면직각충돌,신호위반,특별광역시도,바람의언덕출입구앞,34.7446779,128.6631429,성동구,
2019,9,25,수요일,14,경상사고,0,0,1,0,46,여,15년이상,,승용,비사업용,화물,기타사고,맑음,주간,차대차,차대차-기타,안전운전불이행,특별광역시도,바람의언덕출입구앞,34.7446779,128.6631429,성동구,
2019,9,22,일요일,17,중상사고,0,1,0,0,27,남,2년미만,,승용,비사업용,승용,일직선사고,맑음,주간,차대차,추돌(진행중),안전운전불이행,특별광역시도,바람의언덕출입구앞,34.7446779,128.6631429,성동구,
2019,9,25,수요일,20,경상사고,0,0,1,0,20,여,15년이상,,자전거,데이터오류,자전거,기타사고,맑음,출퇴근,차대차,차대차-기타,안전운전불이행,기타,바람의언덕출입구앞,34.7446779,128.6631429,성동구,
2019,9,23,월요일,23,경상사고,0,0,2,0,43,남,15년미만,,승용,사업용,이륜,진입회전사고,맑음,심야,차대차,측면직각충돌,신호위반,특별광역시도,바람의언덕출입구앞,34.7446779,128.6631429,성동구,
2019,10,8,화요일,23,경상사고,0,0,3,0,24,여,15년이상,,승용,비사업용,승용,진입회전사고,맑음,심야,차대차,측면직각충돌,신호위반,특별광역시도,바람의언덕출입구앞,34.7446779,128.6631429,성동구,
2019,11,6,수요일,14,경상사고,0,0,1,0,37,여,15년이상,,승용,비사업용,이륜,기타사고,맑음,주간,차대차,차대차-기타,안전운전불이행,특별광역시도,바람의언덕출입구앞,34.7446779,128.6631429,성동구,
2019,12,12,목요일,9,경상사고,0,0,2,0,28,남,10년미만,,승용,비사업용,이륜,진입회전사고,맑음,주간,차대차,측면직각충돌,신호위반,특별광역시도,바람의언덕출입구앞,34.7446779,128.6631429,성동구,
2017,1,5,목요일,10,중상사고,0,1,0,0,27,남,10년미만,,승용,비사업용,원동기,진입회전사고,맑음,주간,차대차,측면직각충돌,신호위반,특별광역시도,비우당교남단사거리,37.5707574,127.0266036,성동구,
2017,4,6,목요일,8,경상사고,0,0,1,0,65,남,15년이상,,승용,사업용,승용,진입회전사고,맑음,출퇴근,차대차,측면직각충돌,안전운전불이행,특별광역시도,비우당교남단사거리,37.5707574,127.0266036,성동구,
2017,4,18,화요일,11,경상사고,0,0,1,0,43,남,15년이상,,화물,비사업용,이륜,진입회전사고,맑음,주간,차대차,측면직각충돌,신호위반,특별광역시도,비우당교남단사거리,37.5707574,127.0266036,성동구,
2017,6,4,일요일,0,중상사고,0,1,1,0,30,남,15년이상,,승용,비사업용,이륜,진입회전사고,맑음,심야,차대차,측면직각충돌,신호위반,특별광역시도,비우당교남단사거리,37.5707574,127.0266036,성동구,
2017,6,25,일요일,0,경상사고,0,0,2,0,27,남,4년미만,,승용,비사업용,승용,진입회전사고,맑음,심야,차대차,측면직각충돌,신호위반,특별광역시도,비우당교남단사거리,37.5707574,127.0266036,성동구,
2017,6,9,금요일,8,경상사고,0,0,2,1,52,남,15년미만,0,화물,비사업용,화물,진입회전사고,맑음,출퇴근,차대차,측면직각충돌,신호위반,특별광역시도,비우당교남단사거리,37.5707574,127.0266036,성동구,
2017,6,24,토요일,20,중상사고,0,1,0,0,31,남,15년이상,,승용,비사업용,이륜,기타사고,맑음,출퇴근,차대차,차대차-기타,안전운전불이행,특별광역시도,비우당교남단사거리,37.5707574,127.0266036,성동구,
2017,7,24,월요일,22,경상사고,0,0,2,0,57,남,15년이상,,승용,사업용,화물,진입회전사고,맑음,심야,차대차,측면직각충돌,신호위반,특별광역시도,비우당교남단사거리,37.5707574,127.0266036,성동구,
2017,9,20,수요일,2,중상사고,0,2,1,0,62,남,15년이상,,승용,사업용,승용,진입회전사고,맑음,심야,차대차,측면직각충돌,신호위반,특별광역시도,비우당교남단사거리,37.5707574,127.0266036,성동구,
2017,11,26,일요일,9,경상사고,0,0,4,0,71,남,15년이상,,승용,사업용,승용,진입회전사고,맑음,주간,차대차,측면직각충돌,신호위반,특별광역시도,비우당교남단사거리,37.5707574,127.0266036,성동구,
2017,12,1,금요일,19,중상사고,0,1,0,0,28,남,10년미만,,이륜,기타,원동기,진입회전사고,맑음,출퇴근,차대차,측면직각충돌,교차로운행방법위반,특별광역시도,비우당교남단사거리,37.5707574,127.0266036,성동구,
2018,4,9,월요일,7,경상사고,0,0,1,0,36,남,10년미만,,화물,비사업용,화물,진입회전사고,맑음,출퇴근,차대차,측면직각충돌,신호위반,특별광역시도,비우당교남단사거리,37.5707574,127.0266036,성동구,
2018,5,17,목요일,5,경상사고,0,0,1,0,29,남,10년미만,,승용,비사업용,승용,진입회전사고,맑음,새벽,차대차,측면직각충돌,신호위반,특별광역시도,비우당교남단사거리,37.5707574,127.0266036,성동구,
2018,5,7,월요일,12,중상사고,0,1,0,0,36,남,15년이상,,승용,비사업용,이륜,진입회전사고,맑음,주간,차대차,측면직각충돌,신호위반,특별광역시도,비우당교남단사거리,37.5707574,127.0266036,성동구,
2018,7,17,화요일,23,경상사고,0,0,1,0,불명,불명,데이터오류,,기타,기타,기타,기타사고,맑음,심야,차대차,차대차-기타,안전운전불이행,특별광역시도,비우당교남단사거리,37.5707574,127.0266036,성동구,
2019,3,8,금요일,12,경상사고,0,0,1,0,39,여,15년이상,,승용,비사업용,이륜,진입회전사고,맑음,주간,차대차,측면직각충돌,신호위반,특별광역시도,비우당교남단사거리,37.5707574,127.0266036,성동구,
2019,5,21,화요일,12,중상사고,0,1,0,0,54,남,15년이상,,승용,비사업용,승용,진입회전사고,맑음,주간,차대차,측면직각충돌,신호위반,특별광역시도,비우당교남단사거리,37.5707574,127.0266036,성동구,
2019,5,15,수요일,13,경상사고,0,0,1,0,47,남,15년이상,,승합,사업용,승합,진입회전사고,맑음,주간,차대차,측면직각충돌,신호위반,특별광역시도,비우당교남단사거리,37.5707574,127.0266036,성동구,
2019,5,23,목요일,18,경상사고,0,0,1,0,59,남,15년이상,,승합,사업용,자전거,기타사고,맑음,출퇴근,차대차,차대차-기타,안전운전불이행,특별광역시도,비우당교남단사거리,37.5707574,127.0266036,성동구,
2019,9,9,월요일,22,경상사고,0,0,2,0,34,남,15년이상,,승용,비사업용,화물,진입회전사고,맑음,심야,차대차,측면직각충돌,신호위반,특별광역시도,비우당교남단사거리,37.5707574,127.0266036,성동구,
2019,10,3,목요일,9,중상사고,0,1,0,0,53,남,15년이상,,승용,비사업용,이륜,진입회전사고,비,주간,차대차,차대차-기타,신호위반,특별광역시도,비우당교남단사거리,37.5707574,127.0266036,성동구,
2019,12,5,목요일,12,경상사고,0,0,1,0,43,남,15년이상,,승합,비사업용,승합,진입회전사고,맑음,주간,차대차,측면직각충돌,신호위반,특별광역시도,비우당교남단사거리,37.5707574,127.0266036,성동구,
2017,3,5,일요일,21,중상사고,0,1,0,0,52,남,3년미만,,승용,사업용,보행자,보행횡단사고,비,심야,차대사람,횡단중,안전운전불이행,특별광역시도,삼성아파트부근,36.3239433,127.4073235,성동구,
2017,4,2,일요일,12,부상사고,0,0,0,1,69,남,15년이상,,승용,사업용,이륜,진입회전사고,맑음,주간,차대차,정면충돌,신호위반,특별광역시도,삼성아파트부근,36.3239433,127.4073235,성동구,
2017,4,12,수요일,21,경상사고,0,0,2,0,69,여,15년이상,,승용,비사업용,승용,진입회전사고,맑음,심야,차대차,측면직각충돌,안전운전불이행,특별광역시도,삼성아파트부근,36.3239433,127.4073235,성동구,
2017,7,20,목요일,13,중상사고,0,1,0,0,30,여,15년미만,,승용,비사업용,이륜,진입회전사고,맑음,주간,차대차,차대차-기타,신호위반,특별광역시도,삼성아파트부근,36.3239433,127.4073235,성동구,
2017,9,11,월요일,1,경상사고,0,0,1,0,42,남,15년이상,0,승용,비사업용,기타,단독사고,비,심야,차량단독,공작물추돌,안전운전불이행,특별광역시도,삼성아파트부근,36.3239433,127.4073235,성동구,
2017,9,22,금요일,9,경상사고,0,0,1,0,65,남,15년이상,,승용,비사업용,이륜,기타사고,맑음,주간,차대차,차대차-기타,안전거리미확보,특별광역시도,삼성아파트부근,36.3239433,127.4073235,성동구,
2017,11,9,목요일,7,경상사고,0,0,1,0,41,여,15년이상,,승용,비사업용,승용,일직선사고,맑음,출퇴근,차대차,추돌(진행중),안전운전불이행,특별광역시도,삼성아파트부근,36.3239433,127.4073235,성동구,
2017,12,13,수요일,17,경상사고,0,0,1,0,66,남,15년이상,,승용,사업용,이륜,진입회전사고,맑음,주간,차대차,측면직각충돌,안전운전불이행,특별광역시도,삼성아파트부근,36.3239433,127.4073235,성동구,
2018,2,23,금요일,20,경상사고,0,0,1,0,60,남,15년이상,,승용,사업용,이륜,진입회전사고,맑음,출퇴근,차대차,차대차-기타,신호위반,특별광역시도,삼성아파트부근,36.3239433,127.4073235,성동구,
2018,6,25,월요일,19,경상사고,0,0,2,0,53,여,15년이상,,승용,비사업용,보행자,기타사고,맑음,출퇴근,차대사람,차대사람-기타,보행자보호의무위반,특별광역시도,삼성아파트부근,36.3239433,127.4073235,성동구,
2018,8,22,수요일,9,경상사고,0,0,1,0,57,남,15년이상,,승용,비사업용,승용,진입회전사고,맑음,주간,차대차,측면직각충돌,안전거리미확보,특별광역시도,삼성아파트부근,36.3239433,127.4073235,성동구,
2018,10,14,일요일,1,경상사고,0,0,1,0,53,남,10년미만,,승용,비사업용,이륜,진입회전사고,맑음,심야,차대차,차대차-기타,신호위반,특별광역시도,삼성아파트부근,36.3239433,127.4073235,성동구,
2018,11,8,목요일,7,경상사고,0,0,1,0,55,남,15년이상,,승용,사업용,승용,진입회전사고,비,출퇴근,차대차,차대차-기타,신호위반,특별광역시도,삼성아파트부근,36.3239433,127.4073235,성동구,
2018,12,13,목요일,20,경상사고,0,0,2,0,71,남,15년이상,,승용,사업용,승용,진입회전사고,맑음,출퇴근,차대차,측면직각충돌,안전거리미확보,특별광역시도,삼성아파트부근,36.3239433,127.4073235,성동구,
2019,4,13,토요일,18,부상사고,0,0,0,1,43,여,15년이상,,승용,비사업용,승용,진입회전사고,맑음,출퇴근,차대차,측면직각충돌,안전거리미확보,특별광역시도,삼성아파트부근,36.3239433,127.4073235,성동구,
2019,7,24,수요일,9,경상사고,0,0,1,0,36,남,15년이상,,승용,비사업용,승용,진입회전사고,맑음,주간,차대차,측면직각충돌,안전운전불이행,특별광역시도,삼성아파트부근,36.3239433,127.4073235,성동구,
2019,8,11,일요일,9,경상사고,0,0,1,0,59,남,15년이상,,승합,사업용,이륜,진입회전사고,맑음,주간,차대차,측면직각충돌,안전거리미확보,특별광역시도,삼성아파트부근,36.3239433,127.4073235,성동구,
2019,8,11,일요일,22,중상사고,0,1,0,0,44,여,15년이상,,승용,사업용,보행자,진입회전사고,비,심야,차대사람,횡단중,신호위반,특별광역시도,삼성아파트부근,36.3239433,127.4073235,성동구,
2019,11,12,화요일,16,중상사고,0,1,0,0,52,여,15년이상,,승용,비사업용,이륜,기타사고,맑음,주간,차대차,차대차-기타,차로위반,특별광역시도,삼성아파트부근,36.3239433,127.4073235,성동구,
2017,2,3,금요일,19,경상사고,0,0,1,0,65,남,15년이상,,승용,사업용,자전거,진입회전사고,맑음,출퇴근,차대차,측면직각충돌,데이터없음,특별광역시도,상왕십리역2번출구삼거리,37.5645,127.028872,성동구,
2017,4,9,일요일,11,부상사고,0,0,0,1,61,남,15년이상,,승용,사업용,원동기,진입회전사고,맑음,주간,차대차,측면직각충돌,안전거리미확보,특별광역시도,상왕십리역2번출구삼거리,37.5645,127.028872,성동구,
2017,6,14,수요일,12,경상사고,0,0,1,0,23,남,15년이상,,원동기,기타,보행자,보행횡단사고,맑음,주간,차대사람,횡단중,보행자보호의무위반,특별광역시도,상왕십리역2번출구삼거리,37.5645,127.028872,성동구,
2017,6,11,일요일,14,부상사고,0,0,0,1,26,남,5년미만,,승용,비사업용,이륜,기타사고,맑음,주간,차대차,차대차-기타,안전운전불이행,특별광역시도,상왕십리역2번출구삼거리,37.5645,127.028872,성동구,
2017,7,20,목요일,20,경상사고,0,0,1,0,60,남,15년이상,,승용,비사업용,승용,진입회전사고,흐림,출퇴근,차대차,측면직각충돌,안전운전불이행,특별광역시도,상왕십리역2번출구삼거리,37.5645,127.028872,성동구,
2017,9,27,수요일,19,중상사고,0,1,0,0,28,남,10년미만,,승용,비사업용,보행자,보행횡단사고,흐림,출퇴근,차대사람,횡단중,안전운전불이행,특별광역시도,상왕십리역2번출구삼거리,37.5645,127.028872,성동구,
2017,11,26,일요일,2,경상사고,0,0,2,2,65,남,15년이상,,승용,사업용,승용,진입회전사고,안개,심야,차대차,측면직각충돌,신호위반,특별광역시도,상왕십리역2번출구삼거리,37.5645,127.028872,성동구,
2017,11,8,수요일,13,경상사고,0,0,1,0,59,남,15년이상,,승용,사업용,승용,일직선사고,흐림,주간,차대차,추돌(진행중),안전운전불이행,특별광역시도,상왕십리역2번출구삼거리,37.5645,127.028872,성동구,
2018,1,16,화요일,3,경상사고,0,0,1,0,61,남,15년이상,,승용,사업용,보행자,진입회전사고,맑음,심야,차대사람,횡단중,신호위반,특별광역시도,상왕십리역2번출구삼거리,37.5645,127.028872,성동구,
2018,2,4,일요일,23,경상사고,0,0,1,0,59,남,15년이상,,승용,사업용,승용,진입회전사고,맑음,심야,차대차,측면직각충돌,안전거리미확보,특별광역시도,상왕십리역2번출구삼거리,37.5645,127.028872,성동구,
2018,5,1,화요일,0,중상사고,0,1,0,0,29,여,10년미만,0,승용,비사업용,이륜,기타사고,맑음,심야,차대차,차대차-기타,안전거리미확보,특별광역시도,상왕십리역2번출구삼거리,37.5645,127.028872,성동구,
2018,6,27,수요일,21,경상사고,0,0,1,0,47,남,15년미만,,승용,비사업용,보행자,보행횡단사고,맑음,심야,차대사람,횡단중,중앙선침범,특별광역시도,상왕십리역2번출구삼거리,37.5645,127.028872,성동구,
2018,10,7,일요일,2,중상사고,0,1,0,0,56,남,15년이상,,승용,사업용,이륜,진입회전사고,맑음,심야,차대차,측면직각충돌,신호위반,특별광역시도,상왕십리역2번출구삼거리,37.5645,127.028872,성동구,
2018,11,17,토요일,11,경상사고,0,0,1,0,44,남,15년이상,,승합,사업용,승합,기타사고,맑음,주간,차대차,차대차-기타,안전거리미확보,특별광역시도,상왕십리역2번출구삼거리,37.5645,127.028872,성동구,
2019,3,14,목요일,4,경상사고,0,0,1,0,45,여,15년이상,,승용,비사업용,승용,진입회전사고,맑음,심야,차대차,측면직각충돌,신호위반,특별광역시도,상왕십리역2번출구삼거리,37.5645,127.028872,성동구,
2019,3,18,월요일,17,경상사고,0,0,1,0,38,남,15년이상,,이륜,데이터오류,이륜,기타사고,맑음,주간,차대차,차대차-기타,안전운전불이행,특별광역시도,상왕십리역2번출구삼거리,37.5645,127.028872,성동구,
2019,6,19,수요일,9,경상사고,0,0,1,0,68,남,15년이상,,승용,비사업용,자전거,진입회전사고,맑음,주간,차대차,측면직각충돌,신호위반,특별광역시도,상왕십리역2번출구삼거리,37.5645,127.028872,성동구,
2019,7,6,토요일,19,경상사고,0,0,2,0,63,남,15년이상,,승합,사업용,기타,기타사고,맑음,출퇴근,차량단독,차량단독-기타,안전운전불이행,특별광역시도,상왕십리역2번출구삼거리,37.5645,127.028872,성동구,
2017,6,2,금요일,23,중상사고,0,1,0,0,49,남,3년미만,0,이륜,기타,보행자,기타사고,맑음,심야,차대사람,길가장자리구역통행중,안전운전불이행,특별광역시도,서울숲지구대사거리,37.5380118,127.0522686,성동구,
2017,7,20,목요일,10,경상사고,0,0,1,0,40,남,15년이상,,승용,비사업용,자전거,진입회전사고,맑음,주간,차대차,측면직각충돌,중앙선침범,특별광역시도,서울숲지구대사거리,37.5380118,127.0522686,성동구,
2017,7,24,월요일,13,경상사고,0,0,1,0,64,남,15년이상,,승합,사업용,기타,기타사고,흐림,주간,차량단독,차량단독-기타,데이터없음,특별광역시도,서울숲지구대사거리,37.5380118,127.0522686,성동구,
2017,9,29,금요일,5,경상사고,0,0,1,0,59,남,15년이상,,승용,사업용,자전거,기타사고,맑음,새벽,차대차,차대차-기타,교차로운행방법위반,특별광역시도,서울숲지구대사거리,37.5380118,127.0522686,성동구,
2017,10,26,목요일,22,경상사고,0,0,1,1,32,남,15년미만,,승용,비사업용,승용,진입회전사고,맑음,심야,차대차,측면직각충돌,교차로운행방법위반,특별광역시도,서울숲지구대사거리,37.5380118,127.0522686,성동구,
2017,11,18,토요일,0,경상사고,0,0,1,0,56,남,15년이상,,승용,사업용,승용,진입회전사고,맑음,심야,차대차,측면직각충돌,교차로운행방법위반,특별광역시도,서울숲지구대사거리,37.5380118,127.0522686,성동구,
2018,2,3,토요일,19,경상사고,0,0,1,0,65,남,15년이상,,승용,사업용,승용,진입회전사고,맑음,출퇴근,차대차,측면직각충돌,교차로운행방법위반,특별광역시도,서울숲지구대사거리,37.5380118,127.0522686,성동구,
2018,3,30,금요일,1,경상사고,0,0,1,0,69,남,15년이상,,승용,사업용,원동기,진입회전사고,맑음,심야,차대차,측면직각충돌,교차로운행방법위반,특별광역시도,서울숲지구대사거리,37.5380118,127.0522686,성동구,
2018,4,21,토요일,17,중상사고,0,1,0,0,57,남,15년이상,,승용,사업용,보행자,보행횡단사고,맑음,주간,차대사람,횡단중,보행자보호의무위반,특별광역시도,서울숲지구대사거리,37.5380118,127.0522686,성동구,
2018,8,22,수요일,8,경상사고,0,0,1,0,60,남,15년이상,,승용,비사업용,보행자,보행횡단사고,맑음,출퇴근,차대사람,횡단중,보행자보호의무위반,특별광역시도,서울숲지구대사거리,37.5380118,127.0522686,성동구,
2018,9,13,목요일,8,사망사고,1,0,0,0,62,남,15년이상,,화물,비사업용,보행자,보행횡단사고,맑음,출퇴근,차대사람,횡단중,보행자보호의무위반,특별광역시도,서울숲지구대사거리,37.5380118,127.0522686,성동구,
2018,9,1,토요일,11,경상사고,0,0,1,0,50,남,15년이상,,화물,비사업용,보행자,보행횡단사고,맑음,주간,차대사람,횡단중,안전운전불이행,특별광역시도,서울숲지구대사거리,37.5380118,127.0522686,성동구,
2018,10,29,월요일,19,중상사고,0,1,0,0,40,여,15년이상,,승용,비사업용,보행자,기타사고,맑음,출퇴근,차대사람,차도통행중,안전운전불이행,특별광역시도,서울숲지구대사거리,37.5380118,127.0522686,성동구,
2018,11,6,화요일,17,중상사고,0,1,0,0,30,남,15년미만,,승용,사업용,보행자,보행횡단사고,맑음,주간,차대사람,횡단중,안전운전불이행,특별광역시도,서울숲지구대사거리,37.5380118,127.0522686,성동구,
2019,5,15,수요일,12,경상사고,0,0,1,0,56,남,15년이상,,승용,비사업용,보행자,보행횡단사고,맑음,주간,차대사람,횡단중,보행자보호의무위반,특별광역시도,서울숲지구대사거리,37.5380118,127.0522686,성동구,
2019,6,7,금요일,21,경상사고,0,0,1,0,25,남,10년미만,,승용,사업용,보행자,보행횡단사고,맑음,심야,차대사람,횡단중,보행자보호의무위반,특별광역시도,서울숲지구대사거리,37.5380118,127.0522686,성동구,
2019,11,15,금요일,10,중상사고,0,1,0,0,64,남,15년이상,,화물,비사업용,보행자,보행횡단사고,비,주간,차대사람,횡단중,보행자보호의무위반,특별광역시도,서울숲지구대사거리,37.5380118,127.0522686,성동구,
2017,1,12,목요일,8,부상사고,0,0,0,1,63,남,15년이상,,승용,비사업용,이륜,기타사고,맑음,출퇴근,차대차,차대차-기타,차로위반,특별광역시도,서울숲푸르지오앞,37.5446327,127.0222629,성동구,
2017,4,8,토요일,2,경상사고,0,0,1,0,37,남,4년미만,,이륜,기타,기타,기타사고,맑음,심야,차량단독,전도전복,안전운전불이행,특별광역시도,서울숲푸르지오앞,37.5446327,127.0222629,성동구,
2017,6,24,토요일,5,중상사고,0,1,0,0,불명,불명,데이터오류,,기타,데이터오류,기타,기타사고,맑음,새벽,차대사람,차대사람-기타,안전운전불이행,기타,서울숲푸르지오앞,37.5446327,127.0222629,성동구,
2017,7,1,토요일,2,경상사고,0,0,1,0,31,남,15년미만,,승용,비사업용,이륜,진입회전사고,맑음,심야,차대차,측면직각충돌,신호위반,특별광역시도,서울숲푸르지오앞,37.5446327,127.0222629,성동구,
2017,9,30,토요일,21,부상사고,0,0,0,1,53,남,15년이상,,승용,사업용,승용,일직선사고,맑음,심야,차대차,추돌(진행중),안전거리미확보,특별광역시도,서울숲푸르지오앞,37.5446327,127.0222629,성동구,
2017,11,27,월요일,10,중상사고,0,1,0,0,59,남,3년미만,,승합,사업용,보행자,기타사고,맑음,주간,차대사람,차대사람-기타,안전운전불이행,특별광역시도,서울숲푸르지오앞,37.5446327,127.0222629,성동구,
2017,11,30,목요일,22,중상사고,0,1,1,0,59,남,15년이상,,승용,사업용,기타,단독사고,맑음,심야,차량단독,공작물추돌,안전운전불이행,특별광역시도,서울숲푸르지오앞,37.5446327,127.0222629,성동구,
2018,3,12,월요일,13,중상사고,0,1,2,0,57,남,15년이상,,건설기계,비사업용,건설기계,진입회전사고,맑음,주간,차대차,차대차-기타,신호위반,특별광역시도,서울숲푸르지오앞,37.5446327,127.0222629,성동구,
2018,3,15,목요일,18,경상사고,0,0,1,0,43,남,15년이상,,승용,비사업용,승용,일직선사고,맑음,출퇴근,차대차,추돌(진행중),안전운전불이행,특별광역시도,서울숲푸르지오앞,37.5446327,127.0222629,성동구,
2018,6,12,화요일,1,경상사고,0,0,1,0,57,남,15년이상,,승용,사업용,화물,진입회전사고,맑음,심야,차대차,측면직각충돌,신호위반,특별광역시도,서울숲푸르지오앞,37.5446327,127.0222629,성동구,
2018,6,28,목요일,16,경상사고,0,0,1,0,78,남,15년이상,,승합,사업용,보행자,기타사고,비,주간,차대사람,차대사람-기타,안전운전불이행,특별광역시도,서울숲푸르지오앞,37.5446327,127.0222629,성동구,
2018,9,16,일요일,9,중상사고,0,1,0,0,35,남,15년이상,,승용,사업용,자전거,진입회전사고,맑음,주간,차대차,측면직각충돌,신호위반,특별광역시도,서울숲푸르지오앞,37.5446327,127.0222629,성동구,
2019,1,16,수요일,4,사망사고,1,0,0,0,69,남,15년이상,,승용,비사업용,기타,기타사고,맑음,심야,차량단독,차량단독-기타,안전운전불이행,특별광역시도,서울숲푸르지오앞,37.5446327,127.0222629,성동구,
2019,3,14,목요일,15,경상사고,0,0,1,0,64,남,15년이상,,승합,사업용,승합,기타사고,맑음,주간,차대차,차대차-기타,안전거리미확보,특별광역시도,서울숲푸르지오앞,37.5446327,127.0222629,성동구,
2019,3,23,토요일,17,경상사고,0,0,1,0,47,남,15년이상,,화물,비사업용,화물,기타사고,맑음,주간,차대차,차대차-기타,교차로운행방법위반,특별광역시도,서울숲푸르지오앞,37.5446327,127.0222629,성동구,
2019,8,19,월요일,20,경상사고,0,0,1,0,25,남,15년이상,,승용,비사업용,이륜,진입회전사고,맑음,출퇴근,차대차,측면직각충돌,안전운전불이행,특별광역시도,서울숲푸르지오앞,37.5446327,127.0222629,성동구,
2019,10,22,화요일,20,경상사고,0,0,1,0,24,남,10년미만,,승용,비사업용,승용,진입회전사고,맑음,출퇴근,차대차,측면직각충돌,안전거리미확보,특별광역시도,서울숲푸르지오앞,37.5446327,127.0222629,성동구,
2019,11,4,월요일,18,중상사고,0,1,0,0,41,남,15년이상,,승용,비사업용,승합,진입회전사고,맑음,출퇴근,차대차,차대차-기타,신호위반,특별광역시도,서울숲푸르지오앞,37.5446327,127.0222629,성동구,
2019,11,19,화요일,18,경상사고,0,0,1,0,30,여,4년미만,,승용,비사업용,승용,일직선사고,맑음,출퇴근,차대차,추돌(진행중),안전운전불이행,특별광역시도,서울숲푸르지오앞,37.5446327,127.0222629,성동구,
2017,1,7,토요일,19,경상사고,0,0,1,0,26,남,10년미만,,승용,비사업용,승용,진입회전사고,맑음,출퇴근,차대차,측면직각충돌,안전거리미확보,특별광역시도,성동교남단교차로,37.5529821,127.0437691,성동구,
2017,3,27,월요일,21,중상사고,0,1,0,0,54,남,15년이상,,승용,비사업용,원동기,진입회전사고,맑음,심야,차대차,측면직각충돌,신호위반,특별광역시도,성동교남단교차로,37.5529821,127.0437691,성동구,
2017,4,18,화요일,2,경상사고,0,0,1,0,47,남,15년이상,,승용,사업용,기타,기타사고,맑음,심야,차량단독,차량단독-기타,안전운전불이행,특별광역시도,성동교남단교차로,37.5529821,127.0437691,성동구,
2017,5,13,토요일,10,경상사고,0,0,2,0,23,남,15년이상,,승용,비사업용,승용,일직선사고,맑음,주간,차대차,추돌(진행중),안전거리미확보,특별광역시도,성동교남단교차로,37.5529821,127.0437691,성동구,
2017,5,15,월요일,22,경상사고,0,0,1,0,36,남,15년이상,,승용,비사업용,이륜,진입회전사고,맑음,심야,차대차,측면직각충돌,신호위반,특별광역시도,성동교남단교차로,37.5529821,127.0437691,성동구,
2017,5,22,월요일,22,경상사고,0,0,3,0,65,남,15년이상,,승용,사업용,승용,진입회전사고,맑음,심야,차대차,측면직각충돌,신호위반,특별광역시도,성동교남단교차로,37.5529821,127.0437691,성동구,
2017,8,26,토요일,12,중상사고,0,1,0,0,32,남,15년미만,,화물,비사업용,이륜,진입회전사고,맑음,주간,차대차,측면직각충돌,신호위반,특별광역시도,성동교남단교차로,37.5529821,127.0437691,성동구,