년도,월,일,요일,시각,사고등급,사망자수,중상자수,경상자수,부상자수,연령,성별,경력,음주,종별,용도,관련자2,사고형태,기상상태,일광상태,사고유형1,사고유형2,법규위반,도로종류,지점명,위도,경도,자치구,
2017,12,30,토요일,4,중상사고,0,5,1,0,48,남,10년미만,0,승용,비사업용,승용,기타사고,맑음,심야,차대차,차대차-기타,안전운전불이행,특별광역시도,성동교남단교차로,37.5529821,127.0437691,성동구,
2017,12,15,금요일,12,경상사고,0,0,1,0,67,남,15년이상,,승용,사업용,특수,기타사고,맑음,주간,차대차,차대차-기타,안전운전불이행,특별광역시도,성동교남단교차로,37.5529821,127.0437691,성동구,
2017,12,19,화요일,15,중상사고,0,1,1,0,29,여,5년미만,,승용,사업용,승용,진입회전사고,맑음,주간,차대차,측면직각충돌,교차로운행방법위반,특별광역시도,성동교남단교차로,37.5529821,127.0437691,성동구,
2017,12,26,화요일,20,경상사고,0,0,1,0,57,남,15년이상,,승용,사업용,승용,일직선사고,맑음,출퇴근,차대차,추돌(진행중),안전거리미확보,특별광역시도,성동교남단교차로,37.5529821,127.0437691,성동구,
2017,12,17,일요일,22,중상사고,0,1,0,0,56,남,15년이상,,승용,사업용,보행자,진입회전사고,맑음,심야,차대사람,차대사람-기타,신호위반,특별광역시도,성동교남단교차로,37.5529821,127.0437691,성동구,
2018,2,22,목요일,10,경상사고,0,0,1,0,52,남,15년이상,,승합,사업용,기타,진입회전사고,맑음,주간,차대차,차대차-기타,신호위반,특별광역시도,성동교남단교차로,37.5529821,127.0437691,성동구,
2018,5,3,목요일,7,경상사고,0,0,1,0,34,남,15년이상,,승용,비사업용,승용,기타사고,맑음,출퇴근,차대차,차대차-기타,안전거리미확보,특별광역시도,성동교남단교차로,37.5529821,127.0437691,성동구,
2018,5,24,목요일,13,경상사고,0,0,1,0,65,남,15년이상,,승용,사업용,화물,일직선사고,흐림,주간,차대차,추돌(진행중),안전운전불이행,특별광역시도,성동교남단교차로,37.5529821,127.0437691,성동구,
2018,5,22,화요일,17,경상사고,0,0,2,0,36,남,5년미만,,승용,비사업용,승용,진입회전사고,맑음,주간,차대차,측면직각충돌,안전운전불이행,특별광역시도,성동교남단교차로,37.5529821,127.0437691,성동구,
2018,6,22,금요일,13,경상사고,0,0,1,0,63,남,15년이상,,승용,사업용,화물,기타사고,맑음,주간,차대차,차대차-기타,차로위반,특별광역시도,성동교남단교차로,37.5529821,127.0437691,성동구,
2018,7,24,화요일,3,중상사고,0,1,2,0,48,남,15년이상,,화물,비사업용,화물,일직선사고,맑음,심야,차대차,추돌(진행중),안전거리미확보,특별광역시도,성동교남단교차로,37.5529821,127.0437691,성동구,
2018,7,25,수요일,12,경상사고,0,0,1,0,52,남,15년이상,,화물,비사업용,화물,진입회전사고,맑음,주간,차대차,측면직각충돌,안전거리미확보,특별광역시도,성동교남단교차로,37.5529821,127.0437691,성동구,
2018,9,8,토요일,7,경상사고,0,0,2,0,74,남,15년이상,,승용,사업용,이륜,진입회전사고,맑음,출퇴근,차대차,차대차-기타,신호위반,특별광역시도,성동교남단교차로,37.5529821,127.0437691,성동구,
2018,9,5,수요일,20,중상사고,0,1,1,0,59,남,15년이상,,승용,비사업용,승용,진입회전사고,맑음,출퇴근,차대차,측면직각충돌,안전거리미확보,특별광역시도,성동교남단교차로,37.5529821,127.0437691,성동구,
2018,10,25,목요일,17,경상사고,0,0,1,0,65,남,15년이상,,승합,사업용,이륜,진입회전사고,맑음,주간,차대차,측면직각충돌,신호위반,특별광역시도,성동교남단교차로,37.5529821,127.0437691,성동구,
2018,12,16,일요일,13,경상사고,0,0,2,0,66,남,15년이상,,승합,비사업용,승합,진입회전사고,맑음,주간,차대차,측면직각충돌,안전거리미확보,특별광역시도,성동교남단교차로,37.5529821,127.0437691,성동구,
2019,1,30,수요일,23,경상사고,0,0,3,2,66,여,15년이상,,승용,사업용,승용,일직선사고,맑음,심야,차대차,추돌(진행중),안전거리미확보,특별광역시도,성동교남단교차로,37.5529821,127.0437691,성동구,
2019,3,15,금요일,1,경상사고,0,0,2,0,20,남,데이터오류,0,승용,사업용,승용,진입회전사고,맑음,심야,차대차,측면직각충돌,안전거리미확보,특별광역시도,성동교남단교차로,37.5529821,127.0437691,성동구,
2019,3,21,목요일,10,경상사고,0,0,2,0,50,여,15년이상,,화물,비사업용,화물,진입회전사고,맑음,주간,차대차,측면직각충돌,신호위반,특별광역시도,성동교남단교차로,37.5529821,127.0437691,성동구,
2019,4,24,수요일,21,경상사고,0,0,1,0,60,남,15년이상,,승용,사업용,승용,진입회전사고,맑음,심야,차대차,측면직각충돌,안전거리미확보,특별광역시도,성동교남단교차로,37.5529821,127.0437691,성동구,
2019,4,19,금요일,23,경상사고,0,0,1,1,45,남,15년이상,,승용,비사업용,승용,일직선사고,맑음,심야,차대차,추돌(진행중),안전거리미확보,특별광역시도,성동교남단교차로,37.5529821,127.0437691,성동구,
2019,5,11,토요일,11,경상사고,0,0,1,0,41,남,15년이상,,승용,비사업용,승용,진입회전사고,맑음,주간,차대차,측면직각충돌,안전운전불이행,특별광역시도,성동교남단교차로,37.5529821,127.0437691,성동구,
2019,5,4,토요일,16,중상사고,0,1,0,0,54,남,15년이상,,화물,비사업용,이륜,진입회전사고,맑음,주간,차대차,측면직각충돌,안전운전불이행,특별광역시도,성동교남단교차로,37.5529821,127.0437691,성동구,
2019,5,25,토요일,16,경상사고,0,0,2,0,53,남,15년이상,,승용,사업용,승용,진입회전사고,맑음,주간,차대차,측면직각충돌,차로위반,특별광역시도,성동교남단교차로,37.5529821,127.0437691,성동구,
2019,8,7,수요일,21,경상사고,0,0,1,0,63,남,15년이상,,승용,사업용,승용,기타사고,맑음,심야,차대차,차대차-기타,안전거리미확보,특별광역시도,성동교남단교차로,37.5529821,127.0437691,성동구,
2019,10,15,화요일,13,경상사고,0,0,1,0,불명,불명,데이터오류,,기타,데이터오류,기타,기타사고,맑음,주간,차대차,차대차-기타,안전운전불이행,특별광역시도,성동교남단교차로,37.5529821,127.0437691,성동구,
2019,11,3,일요일,18,경상사고,0,0,1,0,44,남,10년미만,,승용,사업용,승용,일직선사고,맑음,출퇴근,차대차,추돌(진행중),안전운전불이행,특별광역시도,성동교남단교차로,37.5529821,127.0437691,성동구,
2019,11,22,금요일,23,경상사고,0,0,1,0,62,남,15년이상,,승용,사업용,승용,일직선사고,맑음,심야,차대차,추돌(진행중),안전운전불이행,특별광역시도,성동교남단교차로,37.5529821,127.0437691,성동구,
2019,12,12,목요일,21,경상사고,0,0,2,0,60,남,15년이상,,승용,사업용,승용,일직선사고,맑음,심야,차대차,추돌(진행중),안전운전불이행,특별광역시도,성동교남단교차로,37.5529821,127.0437691,성동구,
2017,8,22,화요일,10,중상사고,0,1,0,0,62,남,10년미만,,승용,사업용,승용,기타사고,맑음,주간,차대차,차대차-기타,안전거리미확보,특별광역시도,성동교남단교차로,37.5529821,127.0437691,성동구,
2018,5,30,수요일,22,경상사고,0,0,1,0,48,남,15년이상,,승용,사업용,승용,일직선사고,흐림,심야,차대차,추돌(진행중),안전운전불이행,특별광역시도,성동교남단교차로,37.5529821,127.0437691,성동구,
2018,7,19,목요일,5,경상사고,0,0,1,0,60,남,5년미만,,승용,사업용,기타,단독사고,맑음,새벽,차량단독,공작물추돌,안전운전불이행,특별광역시도,성동교남단교차로,37.5529821,127.0437691,성동구,
2018,7,14,토요일,11,경상사고,0,0,1,0,39,남,15년이상,,승용,비사업용,승용,일직선사고,맑음,주간,차대차,추돌(진행중),안전운전불이행,특별광역시도,성동교남단교차로,37.5529821,127.0437691,성동구,
2018,9,9,일요일,21,경상사고,0,0,1,0,43,여,15년이상,0,승용,비사업용,승용,일직선사고,맑음,심야,차대차,추돌(진행중),안전운전불이행,특별광역시도,성동교남단교차로,37.5529821,127.0437691,성동구,
2018,10,29,월요일,23,경상사고,0,0,1,0,32,남,10년미만,0,승용,비사업용,승용,일직선사고,맑음,심야,차대차,정면충돌,중앙선침범,특별광역시도,성동교남단교차로,37.5529821,127.0437691,성동구,
2018,11,27,화요일,23,경상사고,0,0,2,0,65,남,15년이상,,승용,사업용,승용,일직선사고,맑음,심야,차대차,추돌(진행중),안전거리미확보,특별광역시도,성동교남단교차로,37.5529821,127.0437691,성동구,
2019,1,25,금요일,18,경상사고,0,0,1,0,60,여,15년이상,,승용,비사업용,승용,일직선사고,맑음,출퇴근,차대차,추돌(진행중),안전운전불이행,특별광역시도,성동교남단교차로,37.5529821,127.0437691,성동구,
2019,5,18,토요일,1,경상사고,0,0,1,1,39,남,15년이상,,승용,비사업용,승용,진입회전사고,맑음,심야,차대차,측면직각충돌,안전거리미확보,특별광역시도,성동교남단교차로,37.5529821,127.0437691,성동구,
2019,5,5,일요일,13,중상사고,0,1,3,0,42,여,15년이상,,승용,비사업용,승용,일직선사고,맑음,주간,차대차,추돌(진행중),안전운전불이행,특별광역시도,성동교남단교차로,37.5529821,127.0437691,성동구,
2019,10,1,화요일,11,중상사고,0,1,0,0,71,남,15년이상,,승용,비사업용,건설기계,기타사고,맑음,주간,차대차,차대차-기타,안전운전불이행,특별광역시도,성동교남단교차로,37.5529821,127.0437691,성동구,
2017,7,20,목요일,7,경상사고,0,0,1,0,42,남,15년이상,,승용,비사업용,승용,일직선사고,맑음,출퇴근,차대차,추돌(진행중),안전운전불이행,특별광역시도,성동교남단교차로,37.5529821,127.0437691,성동구,
2017,8,1,화요일,6,경상사고,0,0,1,0,39,여,15년미만,,승용,비사업용,승합,진입회전사고,맑음,새벽,차대차,측면직각충돌,안전거리미확보,특별광역시도,성동교남단교차로,37.5529821,127.0437691,성동구,
2017,9,8,금요일,4,경상사고,0,0,1,0,37,여,15년이상,0,승용,비사업용,화물,일직선사고,흐림,심야,차대차,차대차-기타,중앙선침범,특별광역시도,성동교남단교차로,37.5529821,127.0437691,성동구,
2018,2,12,월요일,23,경상사고,0,0,2,0,32,남,4년미만,0,승합,비사업용,승합,일직선사고,맑음,심야,차대차,추돌(진행중),안전운전불이행,특별광역시도,성동교남단교차로,37.5529821,127.0437691,성동구,
2018,9,24,월요일,13,경상사고,0,0,1,0,78,여,15년이상,,승용,비사업용,승용,진입회전사고,맑음,주간,차대차,측면직각충돌,안전운전불이행,특별광역시도,성동교남단교차로,37.5529821,127.0437691,성동구,
2018,11,29,목요일,23,경상사고,0,0,1,0,29,남,10년미만,,승용,비사업용,이륜,진입회전사고,맑음,심야,차대차,측면직각충돌,중앙선침범,특별광역시도,성동교남단교차로,37.5529821,127.0437691,성동구,
2019,8,11,일요일,19,중상사고,0,1,0,0,58,남,15년이상,,승용,비사업용,이륜,진입회전사고,맑음,출퇴근,차대차,측면직각충돌,신호위반,특별광역시도,성동교남단교차로,37.5529821,127.0437691,성동구,
2019,10,17,목요일,18,경상사고,0,0,1,0,38,여,2년미만,,승용,비사업용,이륜,진입회전사고,맑음,출퇴근,차대차,측면직각충돌,안전운전불이행,특별광역시도,성동교남단교차로,37.5529821,127.0437691,성동구,
2019,11,14,목요일,5,중상사고,0,1,3,1,59,남,15년이상,,승용,사업용,승용,기타사고,맑음,새벽,차대차,차대차-기타,차로위반,특별광역시도,성동교남단교차로,37.5529821,127.0437691,성동구,
2017,1,18,수요일,17,경상사고,0,0,1,0,45,여,15년이상,,승용,비사업용,승용,일직선사고,맑음,주간,차대차,추돌(진행중),안전운전불이행,특별광역시도,성동구청앞삼거리,37.5630554,127.0367125,성동구,
2017,2,9,목요일,11,경상사고,0,0,1,0,69,남,15년미만,,승용,사업용,승용,기타사고,맑음,주간,차대차,차대차-기타,차로위반,특별광역시도,성동구청앞삼거리,37.5630554,127.0367125,성동구,
2017,3,13,월요일,18,중상사고,0,1,0,0,63,남,10년미만,,승용,비사업용,승용,진입회전사고,맑음,출퇴근,차대차,측면직각충돌,안전거리미확보,특별광역시도,성동구청앞삼거리,37.5630554,127.0367125,성동구,
2017,3,21,화요일,19,경상사고,0,0,1,0,39,남,15년이상,,승용,비사업용,보행자,보행횡단사고,맑음,출퇴근,차대사람,횡단중,안전운전불이행,특별광역시도,성동구청앞삼거리,37.5630554,127.0367125,성동구,
2017,5,29,월요일,0,부상사고,0,0,0,1,29,남,3년미만,,원동기,기타,원동기,진입회전사고,맑음,심야,차대차,측면직각충돌,신호위반,특별광역시도,성동구청앞삼거리,37.5630554,127.0367125,성동구,
2017,5,19,금요일,17,경상사고,0,0,1,0,54,남,15년이상,,건설기계,사업용,건설기계,진입회전사고,맑음,주간,차대차,측면직각충돌,안전운전불이행,특별광역시도,성동구청앞삼거리,37.5630554,127.0367125,성동구,
2017,7,10,월요일,16,부상사고,0,0,0,1,65,남,15년이상,,승용,사업용,이륜,기타사고,흐림,주간,차대차,차대차-기타,데이터없음,특별광역시도,성동구청앞삼거리,37.5630554,127.0367125,성동구,
2017,7,26,수요일,19,중상사고,0,1,0,0,61,남,15년이상,,승용,사업용,이륜,기타사고,맑음,출퇴근,차대차,차대차-기타,데이터없음,특별광역시도,성동구청앞삼거리,37.5630554,127.0367125,성동구,
2017,11,24,금요일,6,경상사고,0,0,2,0,45,남,15년이상,,승용,사업용,승합,일직선사고,맑음,새벽,차대차,추돌(진행중),안전거리미확보,특별광역시도,성동구청앞삼거리,37.5630554,127.0367125,성동구,
2017,12,23,토요일,1,중상사고,0,3,4,0,44,남,2년미만,0,승용,비사업용,승용,일직선사고,맑음,심야,차대차,추돌(진행중),안전운전불이행,특별광역시도,성동구청앞삼거리,37.5630554,127.0367125,성동구,
2017,12,28,목요일,12,중상사고,0,1,0,0,39,여,15년이상,,승용,비사업용,보행자,진입회전사고,맑음,주간,차대사람,횡단중,신호위반,특별광역시도,성동구청앞삼거리,37.5630554,127.0367125,성동구,
2018,2,6,화요일,15,경상사고,0,0,1,0,51,남,15년이상,,승합,사업용,보행자,기타사고,맑음,주간,차대사람,차대사람-기타,안전운전불이행,특별광역시도,성동구청앞삼거리,37.5630554,127.0367125,성동구,
2018,3,12,월요일,6,경상사고,0,0,1,0,64,남,15년미만,,승용,사업용,승용,일직선사고,맑음,새벽,차대차,추돌(진행중),안전거리미확보,특별광역시도,성동구청앞삼거리,37.5630554,127.0367125,성동구,
2018,5,17,목요일,11,경상사고,0,0,1,0,27,여,10년미만,,승용,비사업용,이륜,기타사고,맑음,주간,차대차,차대차-기타,안전거리미확보,특별광역시도,성동구청앞삼거리,37.5630554,127.0367125,성동구,
2018,5,8,화요일,14,경상사고,0,0,3,0,60,남,15년이상,,승용,사업용,승용,진입회전사고,맑음,주간,차대차,측면직각충돌,안전운전불이행,특별광역시도,성동구청앞삼거리,37.5630554,127.0367125,성동구,
2018,8,9,목요일,10,경상사고,0,0,1,0,72,남,15년미만,,승용,사업용,승용,진입회전사고,맑음,주간,차대차,측면직각충돌,안전거리미확보,특별광역시도,성동구청앞삼거리,37.5630554,127.0367125,성동구,
2018,12,29,토요일,23,경상사고,0,0,1,0,29,남,10년미만,,승용,사업용,보행자,기타사고,맑음,심야,차대사람,차대사람-기타,안전운전불이행,특별광역시도,성동구청앞삼거리,37.5630554,127.0367125,성동구,
2019,4,10,수요일,11,경상사고,0,0,1,0,63,남,15년미만,,승용,사업용,승용,기타사고,맑음,주간,차대차,차대차-기타,차로위반,특별광역시도,성동구청앞삼거리,37.5630554,127.0367125,성동구,
2019,5,28,화요일,13,중상사고,0,1,0,0,41,여,15년이상,,승용,비사업용,보행자,진입회전사고,맑음,주간,차대사람,횡단중,신호위반,특별광역시도,성동구청앞삼거리,37.5630554,127.0367125,성동구,
2017,4,29,토요일,12,경상사고,0,0,1,0,27,남,10년미만,,승용,비사업용,승용,진입회전사고,맑음,주간,차대차,측면직각충돌,신호위반,특별광역시도,성수1치안센터,37.5396505,127.0511854,성동구,
2017,5,20,토요일,1,중상사고,0,1,0,0,60,남,15년이상,,승용,사업용,보행자,보행횡단사고,맑음,심야,차대사람,횡단중,안전운전불이행,특별광역시도,성수1치안센터,37.5396505,127.0511854,성동구,
2017,5,21,일요일,7,중상사고,0,1,0,0,27,여,2년미만,,승용,비사업용,이륜,진입회전사고,맑음,출퇴근,차대차,측면직각충돌,안전운전불이행,특별광역시도,성수1치안센터,37.5396505,127.0511854,성동구,
2017,6,1,목요일,22,중상사고,0,1,0,0,47,여,15년이상,,승용,비사업용,보행자,보행횡단사고,맑음,심야,차대사람,횡단중,안전운전불이행,특별광역시도,성수1치안센터,37.5396505,127.0511854,성동구,
2017,7,21,금요일,21,경상사고,0,0,1,0,60,남,15년이상,,승용,사업용,승용,진입회전사고,맑음,심야,차대차,측면직각충돌,안전운전불이행,특별광역시도,성수1치안센터,37.5396505,127.0511854,성동구,
2017,12,29,금요일,7,경상사고,0,0,1,0,57,남,15년이상,,승용,비사업용,기타,진입회전사고,맑음,출퇴근,차대차,측면직각충돌,안전운전불이행,특별광역시도,성수1치안센터,37.5396505,127.0511854,성동구,
2018,5,15,화요일,7,중상사고,0,1,0,0,51,여,15년이상,,승용,비사업용,자전거,기타사고,맑음,출퇴근,차대차,차대차-기타,안전운전불이행,특별광역시도,성수1치안센터,37.5396505,127.0511854,성동구,
2018,7,31,화요일,6,경상사고,0,0,1,0,49,남,15년이상,,승용,사업용,원동기,진입회전사고,맑음,새벽,차대차,측면직각충돌,신호위반,특별광역시도,성수1치안센터,37.5396505,127.0511854,성동구,
2018,9,10,월요일,8,경상사고,0,0,1,0,44,남,15년이상,,화물,비사업용,자전거,기타사고,맑음,출퇴근,차대차,차대차-기타,안전운전불이행,특별광역시도,성수1치안센터,37.5396505,127.0511854,성동구,
2018,9,13,목요일,20,중상사고,0,2,0,0,69,남,15년이상,,승용,비사업용,이륜,진입회전사고,맑음,출퇴근,차대차,측면직각충돌,안전운전불이행,특별광역시도,성수1치안센터,37.5396505,127.0511854,성동구,
2018,10,4,목요일,15,중상사고,0,1,0,0,65,남,15년이상,,승용,사업용,이륜,기타사고,맑음,주간,차대차,차대차-기타,안전거리미확보,특별광역시도,성수1치안센터,37.5396505,127.0511854,성동구,
2019,1,25,금요일,9,경상사고,0,0,1,0,65,남,15년이상,,승용,사업용,승용,진입회전사고,맑음,주간,차대차,측면직각충돌,신호위반,특별광역시도,성수1치안센터,37.5396505,127.0511854,성동구,
2019,3,9,토요일,17,경상사고,0,0,1,0,35,남,15년미만,,승용,비사업용,이륜,진입회전사고,맑음,주간,차대차,측면직각충돌,안전운전불이행,특별광역시도,성수1치안센터,37.5396505,127.0511854,성동구,
2019,6,6,목요일,18,부상사고,0,0,0,1,51,남,15년이상,,승용,사업용,이륜,기타사고,비,출퇴근,차대차,차대차-기타,안전거리미확보,특별광역시도,성수1치안센터,37.5396505,127.0511854,성동구,
2019,7,12,금요일,17,경상사고,0,0,1,0,51,여,15년미만,,승용,비사업용,승용,진입회전사고,맑음,주간,차대차,측면직각충돌,신호위반,특별광역시도,성수1치안센터,37.5396505,127.0511854,성동구,
2019,7,14,일요일,18,경상사고,0,0,1,0,57,남,15년이상,,자전거,데이터오류,자전거,기타사고,맑음,출퇴근,차대차,차대차-기타,안전거리미확보,특별광역시도,성수1치안센터,37.5396505,127.0511854,성동구,
2019,9,25,수요일,11,부상사고,0,0,0,1,55,남,15년이상,,승용,사업용,자전거,진입회전사고,맑음,주간,차대차,측면직각충돌,직진우회전진행방해,특별광역시도,성수1치안센터,37.5396505,127.0511854,성동구,
2019,10,31,목요일,14,경상사고,0,0,1,0,22,남,3년미만,,이륜,데이터오류,이륜,진입회전사고,맑음,주간,차대차,측면직각충돌,신호위반,특별광역시도,성수1치안센터,37.5396505,127.0511854,성동구,
2019,10,31,목요일,16,경상사고,0,0,2,0,23,남,10년미만,,이륜,데이터오류,이륜,기타사고,맑음,주간,차대차,차대차-기타,안전운전불이행,특별광역시도,성수1치안센터,37.5396505,127.0511854,성동구,
2017,5,30,화요일,10,중상사고,0,2,0,0,75,여,15년이상,,승용,비사업용,승용,진입회전사고,맑음,주간,차대차,측면직각충돌,안전운전불이행,특별광역시도,성수역2번출구사거리,37.54436,127.057378,성동구,
2017,7,22,토요일,5,중상사고,0,1,0,0,69,남,15년이상,,승합,비사업용,보행자,기타사고,맑음,새벽,차대사람,차대사람-기타,안전운전불이행,특별광역시도,성수역2번출구사거리,37.54436,127.057378,성동구,
2017,9,19,화요일,21,경상사고,0,0,1,0,37,남,10년미만,,원동기,기타,보행자,보행횡단사고,비,심야,차대사람,횡단중,안전운전불이행,특별광역시도,성수역2번출구사거리,37.54436,127.057378,성동구,
2017,10,6,금요일,4,경상사고,0,0,1,0,26,남,10년미만,,승용,비사업용,승용,진입회전사고,맑음,심야,차대차,측면직각충돌,안전운전불이행,특별광역시도,성수역2번출구사거리,37.54436,127.057378,성동구,
2017,11,25,토요일,1,경상사고,0,0,2,0,26,남,10년미만,0,승용,비사업용,승용,진입회전사고,맑음,심야,차대차,측면직각충돌,안전운전불이행,특별광역시도,성수역2번출구사거리,37.54436,127.057378,성동구,
2018,3,17,토요일,5,경상사고,0,0,1,0,58,남,10년미만,0,승용,비사업용,승용,일직선사고,맑음,새벽,차대차,추돌(진행중),안전운전불이행,특별광역시도,성수역2번출구사거리,37.54436,127.057378,성동구,
2018,3,12,월요일,16,경상사고,0,0,1,0,38,남,15년이상,,화물,사업용,보행자,기타사고,맑음,주간,차대사람,차대사람-기타,안전운전불이행,특별광역시도,성수역2번출구사거리,37.54436,127.057378,성동구,
2018,3,16,금요일,21,경상사고,0,0,3,0,62,여,15년미만,,승용,비사업용,승용,기타사고,맑음,심야,차대차,차대차-기타,안전운전불이행,특별광역시도,성수역2번출구사거리,37.54436,127.057378,성동구,
2018,4,22,일요일,14,경상사고,0,0,1,0,35,남,10년미만,,승용,비사업용,승용,기타사고,맑음,주간,차대차,차대차-기타,교차로운행방법위반,특별광역시도,성수역2번출구사거리,37.54436,127.057378,성동구,
2018,5,28,월요일,12,경상사고,0,0,1,0,63,남,15년이상,,승용,사업용,승용,일직선사고,맑음,주간,차대차,추돌(진행중),안전운전불이행,특별광역시도,성수역2번출구사거리,37.54436,127.057378,성동구,
2018,8,12,일요일,15,중상사고,0,1,0,0,28,남,10년미만,,승용,비사업용,원동기,진입회전사고,맑음,주간,차대차,측면직각충돌,안전운전불이행,특별광역시도,성수역2번출구사거리,37.54436,127.057378,성동구,
2019,2,8,금요일,11,경상사고,0,0,1,0,불명,불명,데이터오류,,기타,데이터오류,기타,기타사고,맑음,주간,차대차,차대차-기타,교차로운행방법위반,특별광역시도,성수역2번출구사거리,37.54436,127.057378,성동구,
2019,4,6,토요일,1,경상사고,0,0,1,0,56,남,15년이상,,승합,비사업용,이륜,기타사고,맑음,심야,차대차,차대차-기타,안전거리미확보,특별광역시도,성수역2번출구사거리,37.54436,127.057378,성동구,
2019,5,20,월요일,6,중상사고,0,1,0,0,58,남,15년이상,,승용,사업용,원동기,진입회전사고,맑음,새벽,차대차,측면직각충돌,안전운전불이행,특별광역시도,성수역2번출구사거리,37.54436,127.057378,성동구,
2019,5,25,토요일,9,중상사고,0,1,0,0,43,남,15년이상,,승용,비사업용,이륜,기타사고,맑음,주간,차대차,차대차-기타,안전거리미확보,특별광역시도,성수역2번출구사거리,37.54436,127.057378,성동구,
2019,6,24,월요일,13,경상사고,0,0,1,0,36,여,15년이상,,승용,비사업용,승용,일직선사고,맑음,주간,차대차,추돌(진행중),안전운전불이행,특별광역시도,성수역2번출구사거리,37.54436,127.057378,성동구,
2019,7,19,금요일,22,경상사고,0,0,1,0,불명,불명,데이터오류,,기타,데이터오류,기타,진입회전사고,맑음,심야,차대차,측면직각충돌,안전운전불이행,특별광역시도,성수역2번출구사거리,37.54436,127.057378,성동구,
2019,10,16,수요일,13,부상사고,0,0,0,1,52,남,15년이상,,승용,사업용,이륜,일직선사고,맑음,주간,차대차,추돌(진행중),안전운전불이행,특별광역시도,성수역2번출구사거리,37.54436,127.057378,성동구,
2017,1,25,수요일,0,중상사고,0,2,3,0,60,남,15년이상,,승용,사업용,승용,진입회전사고,맑음,심야,차대차,추돌(진행중),신호위반,특별광역시도,왕십리역오거리,37.561949,127.038485,성동구,
2017,1,27,금요일,6,경상사고,0,0,2,0,53,남,15년이상,,승용,사업용,승용,일직선사고,비,새벽,차대차,추돌(진행중),안전운전불이행,특별광역시도,왕십리역오거리,37.561949,127.038485,성동구,
2017,3,4,토요일,1,경상사고,0,0,4,0,25,남,3년미만,0,승용,비사업용,승용,진입회전사고,맑음,심야,차대차,측면직각충돌,교차로운행방법위반,특별광역시도,왕십리역오거리,37.561949,127.038485,성동구,
2017,5,20,토요일,11,경상사고,0,0,1,0,41,남,15년이상,,승용,비사업용,승용,진입회전사고,맑음,주간,차대차,측면직각충돌,안전운전불이행,특별광역시도,왕십리역오거리,37.561949,127.038485,성동구,
2017,6,23,금요일,11,중상사고,0,1,0,0,67,남,15년이상,,승용,사업용,이륜,일직선사고,맑음,주간,차대차,추돌(진행중),안전운전불이행,특별광역시도,왕십리역오거리,37.561949,127.038485,성동구,
2017,6,2,금요일,22,경상사고,0,0,1,0,42,남,15년이상,,승용,비사업용,승용,주정차사고,맑음,심야,차대차,추돌(주정차중),안전운전불이행,특별광역시도,왕십리역오거리,37.561949,127.038485,성동구,
2017,7,19,수요일,16,경상사고,0,0,1,0,59,남,15년이상,,승용,비사업용,승용,일직선사고,맑음,주간,차대차,추돌(진행중),안전운전불이행,특별광역시도,왕십리역오거리,37.561949,127.038485,성동구,
2017,9,21,목요일,2,경상사고,0,0,1,0,45,여,3년미만,,승용,사업용,승용,기타사고,맑음,심야,차대차,차대차-기타,안전운전불이행,특별광역시도,왕십리역오거리,37.561949,127.038485,성동구,
2017,9,6,수요일,10,경상사고,0,0,1,0,61,남,15년이상,,승용,비사업용,보행자,진입회전사고,흐림,주간,차대사람,횡단중,신호위반,특별광역시도,왕십리역오거리,37.561949,127.038485,성동구,
2017,9,25,월요일,22,경상사고,0,0,2,1,64,남,15년이상,,승용,사업용,승용,일직선사고,맑음,심야,차대차,추돌(진행중),안전운전불이행,특별광역시도,왕십리역오거리,37.561949,127.038485,성동구,
2017,10,21,토요일,18,중상사고,0,1,0,0,22,남,10년미만,,원동기,기타,보행자,보행횡단사고,흐림,출퇴근,차대사람,횡단중,보행자보호의무위반,특별광역시도,왕십리역오거리,37.561949,127.038485,성동구,
2018,3,3,토요일,21,중상사고,0,1,0,0,36,남,4년미만,,승용,비사업용,승용,기타사고,맑음,심야,차대차,차대차-기타,교차로운행방법위반,특별광역시도,왕십리역오거리,37.561949,127.038485,성동구,
2018,4,21,토요일,5,경상사고,0,0,1,0,16,남,데이터오류,0,이륜,기타,보행자,진입회전사고,맑음,새벽,차대사람,차대사람-기타,신호위반,특별광역시도,왕십리역오거리,37.561949,127.038485,성동구,
2018,4,22,일요일,12,경상사고,0,0,1,2,52,남,15년이상,,승용,비사업용,승용,진입회전사고,흐림,주간,차대차,측면직각충돌,신호위반,특별광역시도,왕십리역오거리,37.561949,127.038485,성동구,
2018,5,10,목요일,2,부상사고,0,0,0,1,18,남,데이터오류,,원동기,기타,기타,기타사고,흐림,심야,차량단독,차량단독-기타,안전운전불이행,특별광역시도,왕십리역오거리,37.561949,127.038485,성동구,
2018,6,22,금요일,1,경상사고,0,0,1,0,59,남,15년이상,,승용,사업용,기타,기타사고,맑음,심야,차량단독,차량단독-기타,안전운전불이행,특별광역시도,왕십리역오거리,37.561949,127.038485,성동구,
2018,6,26,화요일,19,경상사고,0,0,1,0,67,남,15년이상,,승용,사업용,원동기,기타사고,비,출퇴근,차대차,차대차-기타,안전거리미확보,특별광역시도,왕십리역오거리,37.561949,127.038485,성동구,