년도,월,일,요일,시각,사고등급,사망자수,중상자수,경상자수,부상자수,연령,성별,경력,음주,종별,용도,관련자2,사고형태,기상상태,일광상태,사고유형1,사고유형2,법규위반,도로종류,지점명,위도,경도,자치구,
2018,6,2,토요일,23,경상사고,0,0,1,0,46,남,15년이상,,승용,사업용,원동기,진입회전사고,맑음,심야,차대차,측면직각충돌,신호위반,특별광역시도,왕십리역오거리,37.561949,127.038485,성동구,
2018,7,4,수요일,14,경상사고,0,0,1,0,55,남,15년이상,,승합,사업용,보행자,보행횡단사고,맑음,주간,차대사람,횡단중,안전운전불이행,특별광역시도,왕십리역오거리,37.561949,127.038485,성동구,
2018,7,14,토요일,20,경상사고,0,0,1,0,60,남,15년이상,,승용,사업용,이륜,기타사고,맑음,출퇴근,차대차,차대차-기타,기타,특별광역시도,왕십리역오거리,37.561949,127.038485,성동구,
2018,8,2,목요일,21,경상사고,0,0,1,0,42,남,4년미만,,승합,사업용,승합,진입회전사고,맑음,심야,차대차,차대차-기타,신호위반,특별광역시도,왕십리역오거리,37.561949,127.038485,성동구,
2018,10,9,화요일,2,중상사고,0,1,1,0,48,남,15년이상,0,화물,비사업용,화물,진입회전사고,맑음,심야,차대차,측면직각충돌,안전운전불이행,특별광역시도,왕십리역오거리,37.561949,127.038485,성동구,
2018,10,26,금요일,8,중상사고,0,1,0,0,70,남,4년미만,,승용,사업용,승용,일직선사고,비,출퇴근,차대차,추돌(진행중),안전거리미확보,특별광역시도,왕십리역오거리,37.561949,127.038485,성동구,
2018,11,15,목요일,22,경상사고,0,0,1,0,32,여,10년미만,,승용,비사업용,승용,진입회전사고,맑음,심야,차대차,측면직각충돌,안전운전불이행,특별광역시도,왕십리역오거리,37.561949,127.038485,성동구,
2018,12,24,월요일,21,중상사고,0,1,2,0,34,여,3년미만,,승용,비사업용,승용,기타사고,맑음,심야,차대차,차대차-기타,안전운전불이행,특별광역시도,왕십리역오거리,37.561949,127.038485,성동구,
2019,4,27,토요일,1,경상사고,0,0,1,0,56,남,15년이상,,승용,사업용,보행자,보행횡단사고,맑음,심야,차대사람,횡단중,안전운전불이행,특별광역시도,왕십리역오거리,37.561949,127.038485,성동구,
2019,4,29,월요일,12,경상사고,0,0,1,0,60,여,15년이상,,승용,비사업용,원동기,일직선사고,맑음,주간,차대차,정면충돌,안전운전불이행,특별광역시도,왕십리역오거리,37.561949,127.038485,성동구,
2019,6,10,월요일,20,경상사고,0,0,1,0,43,여,10년미만,,승용,사업용,화물,일직선사고,맑음,출퇴근,차대차,추돌(진행중),안전운전불이행,특별광역시도,왕십리역오거리,37.561949,127.038485,성동구,
2019,7,13,토요일,12,중상사고,0,1,0,0,52,남,15년이상,,승용,비사업용,이륜,진입회전사고,맑음,주간,차대차,측면직각충돌,신호위반,특별광역시도,왕십리역오거리,37.561949,127.038485,성동구,
2019,8,11,일요일,23,경상사고,0,0,1,0,58,남,15년이상,,승용,비사업용,보행자,보행횡단사고,비,심야,차대사람,횡단중,안전운전불이행,특별광역시도,왕십리역오거리,37.561949,127.038485,성동구,
2019,9,2,월요일,10,경상사고,0,0,1,0,45,여,15년미만,,승용,비사업용,이륜,일직선사고,맑음,주간,차대차,추돌(진행중),안전운전불이행,특별광역시도,왕십리역오거리,37.561949,127.038485,성동구,
2019,9,28,토요일,17,경상사고,0,0,1,0,불명,불명,데이터오류,,자전거,데이터오류,보행자,기타사고,맑음,주간,차대사람,차대사람-기타,안전운전불이행,특별광역시도,왕십리역오거리,37.561949,127.038485,성동구,
2019,10,24,목요일,8,경상사고,0,0,1,0,58,여,15년이상,,승용,비사업용,승용,일직선사고,맑음,출퇴근,차대차,추돌(진행중),안전운전불이행,특별광역시도,왕십리역오거리,37.561949,127.038485,성동구,
2019,10,17,목요일,9,경상사고,0,0,1,0,42,여,15년이상,,승용,비사업용,이륜,진입회전사고,맑음,주간,차대차,측면직각충돌,안전운전불이행,특별광역시도,왕십리역오거리,37.561949,127.038485,성동구,
2017,1,25,수요일,6,부상사고,0,0,0,1,52,남,15년이상,,승용,비사업용,기타,단독사고,맑음,새벽,차량단독,공작물추돌,안전운전불이행,특별광역시도,왕십리역오거리,37.561949,127.038485,성동구,
2018,1,4,목요일,20,중상사고,0,1,0,0,72,남,10년미만,,승용,사업용,기타,기타사고,맑음,출퇴근,차량단독,차량단독-기타,기타,특별광역시도,왕십리역오거리,37.561949,127.038485,성동구,
2018,2,3,토요일,21,경상사고,0,0,1,0,37,남,10년미만,,승용,비사업용,승용,진입회전사고,맑음,심야,차대차,측면직각충돌,신호위반,특별광역시도,왕십리역오거리,37.561949,127.038485,성동구,
2018,3,10,토요일,12,경상사고,0,0,1,0,66,남,15년이상,,승용,사업용,이륜,기타사고,맑음,주간,차대차,차대차-기타,기타,특별광역시도,왕십리역오거리,37.561949,127.038485,성동구,
2018,6,12,화요일,12,중상사고,0,1,0,0,61,여,15년이상,,승용,비사업용,이륜,진입회전사고,맑음,주간,차대차,차대차-기타,신호위반,특별광역시도,왕십리역오거리,37.561949,127.038485,성동구,
2018,10,6,토요일,18,경상사고,0,0,1,0,31,여,10년미만,,승용,비사업용,승용,진입회전사고,맑음,출퇴근,차대차,측면직각충돌,안전운전불이행,특별광역시도,왕십리역오거리,37.561949,127.038485,성동구,
2018,11,25,일요일,16,중상사고,0,1,0,0,51,여,15년이상,,승용,비사업용,승용,기타사고,흐림,주간,차대차,차대차-기타,안전거리미확보,특별광역시도,왕십리역오거리,37.561949,127.038485,성동구,
2019,1,9,수요일,14,경상사고,0,0,2,0,49,남,15년이상,,화물,비사업용,화물,진입회전사고,맑음,주간,차대차,측면직각충돌,신호위반,특별광역시도,왕십리역오거리,37.561949,127.038485,성동구,
2019,7,15,월요일,10,경상사고,0,0,5,0,30,남,15년미만,,승용,비사업용,이륜,일직선사고,맑음,주간,차대차,추돌(진행중),안전거리미확보,특별광역시도,왕십리역오거리,37.561949,127.038485,성동구,
2019,11,12,화요일,13,경상사고,0,0,3,0,72,남,15년이상,,승용,사업용,승용,일직선사고,맑음,주간,차대차,추돌(진행중),안전거리미확보,특별광역시도,왕십리역오거리,37.561949,127.038485,성동구,
2019,11,4,월요일,16,경상사고,0,0,1,0,58,남,15년이상,,승용,사업용,승용,일직선사고,맑음,주간,차대차,추돌(진행중),안전운전불이행,특별광역시도,왕십리역오거리,37.561949,127.038485,성동구,
2019,3,5,화요일,9,경상사고,0,0,3,0,51,남,10년미만,0,승용,비사업용,승용,기타사고,맑음,주간,차대차,차대차-기타,안전거리미확보,특별광역시도,왕십리역오거리,37.561949,127.038485,성동구,
2019,5,8,수요일,16,중상사고,0,1,3,0,73,남,5년미만,,승용,사업용,승용,진입회전사고,맑음,주간,차대차,측면직각충돌,신호위반,특별광역시도,왕십리역오거리,37.561949,127.038485,성동구,
2019,7,16,화요일,22,경상사고,0,0,1,0,56,남,15년이상,,승용,사업용,이륜,진입회전사고,맑음,심야,차대차,차대차-기타,신호위반,특별광역시도,왕십리역오거리,37.561949,127.038485,성동구,
2019,8,1,목요일,19,중상사고,0,1,0,0,59,남,15년이상,,승용,사업용,이륜,기타사고,맑음,출퇴근,차대차,차대차-기타,기타,특별광역시도,왕십리역오거리,37.561949,127.038485,성동구,
2019,10,4,금요일,1,경상사고,0,0,2,0,28,여,10년미만,0,승용,비사업용,화물,진입회전사고,맑음,심야,차대차,측면직각충돌,안전운전불이행,특별광역시도,왕십리역오거리,37.561949,127.038485,성동구,
2017,6,10,토요일,23,부상사고,0,0,0,1,65,남,15년이상,,승용,사업용,기타,기타사고,맑음,심야,차량단독,차량단독-기타,데이터없음,특별광역시도,왕십리역오거리,37.561949,127.038485,성동구,
2017,8,19,토요일,23,중상사고,0,1,0,0,62,남,15년이상,,승용,사업용,이륜,일직선사고,맑음,심야,차대차,차대차-기타,중앙선침범,특별광역시도,왕십리역오거리,37.561949,127.038485,성동구,
2017,9,30,토요일,4,경상사고,0,0,1,0,54,남,5년미만,,승합,비사업용,보행자,기타사고,맑음,심야,차대사람,차대사람-기타,안전운전불이행,특별광역시도,왕십리역오거리,37.561949,127.038485,성동구,
2017,9,28,목요일,18,부상사고,0,0,0,1,30,남,10년미만,,승용,사업용,이륜,기타사고,맑음,출퇴근,차대차,차대차-기타,안전거리미확보,특별광역시도,왕십리역오거리,37.561949,127.038485,성동구,
2017,10,7,토요일,20,경상사고,0,0,1,0,63,남,15년이상,,승용,사업용,승용,진입회전사고,맑음,출퇴근,차대차,측면직각충돌,안전거리미확보,특별광역시도,왕십리역오거리,37.561949,127.038485,성동구,
2019,9,12,목요일,3,경상사고,0,0,1,0,34,남,10년미만,,승용,비사업용,승용,진입회전사고,맑음,심야,차대차,측면직각충돌,안전운전불이행,특별광역시도,왕십리역오거리,37.561949,127.038485,성동구,
2019,12,17,화요일,23,중상사고,0,1,0,0,불명,불명,데이터오류,,기타,데이터오류,기타,보행횡단사고,맑음,심야,차대사람,보도통행중,기타,특별광역시도,왕십리역오거리,37.561949,127.038485,성동구,
2017,1,10,화요일,5,경상사고,0,0,3,0,65,남,15년이상,,승용,사업용,승용,진입회전사고,맑음,새벽,차대차,측면직각충돌,차로위반,특별광역시도,제2마장교서단교차로,37.569668,127.048356,성동구,
2017,5,25,목요일,17,경상사고,0,0,1,0,60,남,15년이상,,승용,사업용,승합,일직선사고,맑음,주간,차대차,추돌(진행중),안전거리미확보,특별광역시도,제2마장교서단교차로,37.569668,127.048356,성동구,
2017,7,22,토요일,21,경상사고,0,0,1,0,63,남,15년이상,,승합,비사업용,보행자,진입회전사고,비,심야,차대사람,횡단중,신호위반,특별광역시도,제2마장교서단교차로,37.569668,127.048356,성동구,
2017,8,13,일요일,6,중상사고,0,1,0,0,48,남,15년이상,,승용,비사업용,보행자,보행횡단사고,맑음,새벽,차대사람,횡단중,안전운전불이행,특별광역시도,제2마장교서단교차로,37.569668,127.048356,성동구,
2017,12,24,일요일,20,경상사고,0,0,1,0,61,남,15년미만,,승용,사업용,승용,일직선사고,맑음,출퇴근,차대차,추돌(진행중),안전운전불이행,특별광역시도,제2마장교서단교차로,37.569668,127.048356,성동구,
2018,3,28,수요일,8,경상사고,0,0,1,0,36,남,15년이상,,승용,비사업용,보행자,보행횡단사고,맑음,출퇴근,차대사람,횡단중,안전운전불이행,특별광역시도,제2마장교서단교차로,37.569668,127.048356,성동구,
2018,5,17,목요일,9,경상사고,0,0,1,0,62,남,15년이상,,승합,사업용,보행자,기타사고,비,주간,차대사람,차대사람-기타,기타,특별광역시도,제2마장교서단교차로,37.569668,127.048356,성동구,
2018,6,27,수요일,15,경상사고,0,0,2,0,44,남,15년이상,,화물,비사업용,화물,진입회전사고,맑음,주간,차대차,측면직각충돌,안전거리미확보,특별광역시도,제2마장교서단교차로,37.569668,127.048356,성동구,
2018,10,15,월요일,8,경상사고,0,0,1,0,62,남,데이터오류,,승용,비사업용,승용,기타사고,맑음,출퇴근,차대차,차대차-기타,안전거리미확보,특별광역시도,제2마장교서단교차로,37.569668,127.048356,성동구,
2018,10,19,금요일,16,중상사고,0,1,0,0,45,남,15년이상,,승용,비사업용,보행자,보행횡단사고,맑음,주간,차대사람,횡단중,안전운전불이행,특별광역시도,제2마장교서단교차로,37.569668,127.048356,성동구,
2018,11,13,화요일,14,경상사고,0,0,1,0,34,여,10년미만,,승용,비사업용,승용,진입회전사고,맑음,주간,차대차,측면직각충돌,교차로운행방법위반,특별광역시도,제2마장교서단교차로,37.569668,127.048356,성동구,
2019,1,25,금요일,22,경상사고,0,0,1,0,불명,불명,데이터오류,,기타,데이터오류,기타,기타사고,맑음,심야,차대차,차대차-기타,안전운전불이행,특별광역시도,제2마장교서단교차로,37.569668,127.048356,성동구,
2019,2,9,토요일,13,경상사고,0,0,2,0,51,여,15년이상,,승용,비사업용,승용,기타사고,맑음,주간,차대차,차대차-기타,안전거리미확보,특별광역시도,제2마장교서단교차로,37.569668,127.048356,성동구,
2019,2,12,화요일,20,중상사고,0,1,1,0,32,여,5년미만,,승용,비사업용,승용,진입회전사고,흐림,출퇴근,차대차,측면직각충돌,안전운전불이행,특별광역시도,제2마장교서단교차로,37.569668,127.048356,성동구,
2019,9,5,목요일,23,경상사고,0,0,1,0,32,남,10년미만,0,승용,비사업용,승용,일직선사고,맑음,심야,차대차,추돌(진행중),안전운전불이행,특별광역시도,제2마장교서단교차로,37.569668,127.048356,성동구,
2019,10,21,월요일,19,경상사고,0,0,1,0,44,남,15년이상,,승용,사업용,이륜,진입회전사고,맑음,출퇴근,차대차,측면직각충돌,안전거리미확보,특별광역시도,제2마장교서단교차로,37.569668,127.048356,성동구,
2019,10,15,화요일,21,경상사고,0,0,1,0,49,남,1년미만,,승용,사업용,이륜,진입회전사고,맑음,심야,차대차,측면직각충돌,안전운전불이행,특별광역시도,제2마장교서단교차로,37.569668,127.048356,성동구,
2019,11,29,금요일,14,중상사고,0,1,0,0,38,남,10년미만,,승용,비사업용,이륜,일직선사고,맑음,주간,차대차,추돌(진행중),안전운전불이행,특별광역시도,제2마장교서단교차로,37.569668,127.048356,성동구,
2017,1,16,월요일,15,경상사고,0,0,1,0,31,남,15년미만,,승용,비사업용,이륜,진입회전사고,맑음,주간,차대차,측면직각충돌,신호위반,특별광역시도,제2마장교서단사거리,37.56808,127.045867,성동구,
2017,3,4,토요일,4,경상사고,0,0,2,0,59,남,15년이상,0,화물,비사업용,화물,일직선사고,맑음,심야,차대차,추돌(진행중),안전운전불이행,특별광역시도,제2마장교서단사거리,37.56808,127.045867,성동구,
2017,4,7,금요일,12,경상사고,0,0,1,0,38,남,15년이상,,승용,사업용,원동기,일직선사고,맑음,주간,차대차,추돌(진행중),안전운전불이행,특별광역시도,제2마장교서단사거리,37.56808,127.045867,성동구,
2017,5,15,월요일,21,경상사고,0,0,1,0,50,남,15년이상,,승용,비사업용,이륜,진입회전사고,맑음,심야,차대차,차대차-기타,신호위반,특별광역시도,제2마장교서단사거리,37.56808,127.045867,성동구,
2017,6,19,월요일,22,경상사고,0,0,1,0,23,남,5년미만,,승용,비사업용,승용,일직선사고,맑음,심야,차대차,추돌(진행중),안전운전불이행,특별광역시도,제2마장교서단사거리,37.56808,127.045867,성동구,
2017,7,24,월요일,4,경상사고,0,0,2,0,63,남,15년이상,,화물,비사업용,화물,진입회전사고,흐림,심야,차대차,측면직각충돌,신호위반,특별광역시도,제2마장교서단사거리,37.56808,127.045867,성동구,
2017,10,11,수요일,6,부상사고,0,0,0,1,불명,불명,데이터오류,,기타,데이터오류,기타,기타사고,맑음,새벽,차대차,차대차-기타,안전운전불이행,특별광역시도,제2마장교서단사거리,37.56808,127.045867,성동구,
2017,10,20,금요일,13,중상사고,0,1,0,0,48,남,15년이상,,화물,비사업용,자전거,진입회전사고,맑음,주간,차대차,측면직각충돌,안전운전불이행,특별광역시도,제2마장교서단사거리,37.56808,127.045867,성동구,
2017,11,17,금요일,10,경상사고,0,0,1,0,31,남,15년미만,0,승용,비사업용,승용,진입회전사고,흐림,주간,차대차,측면직각충돌,신호위반,특별광역시도,제2마장교서단사거리,37.56808,127.045867,성동구,
2018,2,10,토요일,1,경상사고,0,0,1,0,29,남,10년미만,,화물,비사업용,이륜,진입회전사고,맑음,심야,차대차,측면직각충돌,신호위반,특별광역시도,제2마장교서단사거리,37.56808,127.045867,성동구,
2018,2,15,목요일,14,경상사고,0,0,2,0,53,남,15년이상,,승용,비사업용,승용,기타사고,맑음,주간,차대차,차대차-기타,안전운전불이행,특별광역시도,제2마장교서단사거리,37.56808,127.045867,성동구,
2018,3,25,일요일,7,중상사고,0,1,0,0,23,남,3년미만,,승용,비사업용,화물,진입회전사고,흐림,출퇴근,차대차,측면직각충돌,신호위반,특별광역시도,제2마장교서단사거리,37.56808,127.045867,성동구,
2018,4,7,토요일,0,중상사고,0,2,0,0,53,남,4년미만,0,승용,비사업용,승용,진입회전사고,맑음,심야,차대차,측면직각충돌,신호위반,특별광역시도,제2마장교서단사거리,37.56808,127.045867,성동구,
2018,5,20,일요일,17,경상사고,0,0,1,0,22,남,4년미만,,자전거,기타,보행자,기타사고,맑음,주간,차대사람,차대사람-기타,안전운전불이행,특별광역시도,제2마장교서단사거리,37.56808,127.045867,성동구,
2018,6,16,토요일,2,경상사고,0,0,1,0,47,남,15년이상,,승용,사업용,승용,일직선사고,흐림,심야,차대차,추돌(진행중),안전운전불이행,특별광역시도,제2마장교서단사거리,37.56808,127.045867,성동구,
2018,6,8,금요일,5,경상사고,0,0,1,1,55,남,15년이상,,승용,비사업용,승용,진입회전사고,맑음,새벽,차대차,추돌(진행중),신호위반,특별광역시도,제2마장교서단사거리,37.56808,127.045867,성동구,
2018,6,14,목요일,20,중상사고,0,1,1,0,22,남,4년미만,,승용,비사업용,이륜,진입회전사고,흐림,출퇴근,차대차,측면직각충돌,신호위반,특별광역시도,제2마장교서단사거리,37.56808,127.045867,성동구,
2018,8,23,목요일,11,경상사고,0,0,3,0,68,남,15년이상,,승용,사업용,화물,진입회전사고,맑음,주간,차대차,측면직각충돌,신호위반,특별광역시도,제2마장교서단사거리,37.56808,127.045867,성동구,
2018,11,3,토요일,6,경상사고,0,0,1,0,65,남,15년이상,,승용,사업용,자전거,진입회전사고,맑음,새벽,차대차,차대차-기타,신호위반,특별광역시도,제2마장교서단사거리,37.56808,127.045867,성동구,
2018,12,28,금요일,10,경상사고,0,0,2,0,64,남,15년이상,,화물,사업용,이륜,진입회전사고,맑음,주간,차대차,측면직각충돌,안전운전불이행,특별광역시도,제2마장교서단사거리,37.56808,127.045867,성동구,
2019,5,10,금요일,1,경상사고,0,0,3,0,54,남,15년이상,,승용,비사업용,승용,일직선사고,맑음,심야,차대차,추돌(진행중),안전운전불이행,특별광역시도,제2마장교서단사거리,37.56808,127.045867,성동구,
2019,6,16,일요일,6,중상사고,0,1,0,0,63,남,15년이상,,승용,비사업용,이륜,진입회전사고,맑음,새벽,차대차,측면직각충돌,신호위반,특별광역시도,제2마장교서단사거리,37.56808,127.045867,성동구,
2019,6,12,수요일,15,경상사고,0,0,1,0,56,남,15년이상,,화물,비사업용,화물,진입회전사고,맑음,주간,차대차,측면직각충돌,신호위반,특별광역시도,제2마장교서단사거리,37.56808,127.045867,성동구,
2017,5,4,목요일,10,경상사고,0,0,1,1,31,남,10년미만,,승용,비사업용,원동기,진입회전사고,맑음,주간,차대차,측면직각충돌,안전운전불이행,특별광역시도,청계9가교차로,37.56961,127.030336,성동구,
2017,5,31,수요일,17,경상사고,0,0,1,0,44,남,10년미만,,승용,비사업용,자전거,진입회전사고,맑음,주간,차대차,측면직각충돌,안전운전불이행,특별광역시도,청계9가교차로,37.56961,127.030336,성동구,
2017,6,11,일요일,14,중상사고,0,1,0,0,33,여,15년이상,,승용,비사업용,이륜,진입회전사고,맑음,주간,차대차,측면직각충돌,안전거리미확보,특별광역시도,청계9가교차로,37.56961,127.030336,성동구,
2017,6,11,일요일,21,경상사고,0,0,1,0,50,남,15년이상,,승용,비사업용,보행자,보행횡단사고,맑음,심야,차대사람,횡단중,보행자보호의무위반,특별광역시도,청계9가교차로,37.56961,127.030336,성동구,
2017,10,9,월요일,19,중상사고,0,1,0,0,49,남,15년이상,,화물,비사업용,화물,진입회전사고,맑음,출퇴근,차대차,측면직각충돌,신호위반,특별광역시도,청계9가교차로,37.56961,127.030336,성동구,
2017,11,15,수요일,12,경상사고,0,0,1,0,60,여,15년이상,,승용,비사업용,이륜,진입회전사고,맑음,주간,차대차,측면직각충돌,신호위반,특별광역시도,청계9가교차로,37.56961,127.030336,성동구,
2017,11,13,월요일,14,중상사고,0,1,0,0,59,남,15년미만,,화물,비사업용,자전거,기타사고,흐림,주간,차대차,차대차-기타,안전운전불이행,특별광역시도,청계9가교차로,37.56961,127.030336,성동구,
2017,11,26,일요일,16,경상사고,0,0,1,0,57,남,15년미만,,승합,사업용,기타,기타사고,흐림,주간,차량단독,차량단독-기타,안전운전불이행,특별광역시도,청계9가교차로,37.56961,127.030336,성동구,
2018,2,14,수요일,17,경상사고,0,0,1,0,71,남,10년미만,,승합,비사업용,승합,진입회전사고,맑음,주간,차대차,측면직각충돌,안전거리미확보,특별광역시도,청계9가교차로,37.56961,127.030336,성동구,
2018,3,16,금요일,5,중상사고,0,2,0,1,69,남,15년이상,,승용,비사업용,화물,진입회전사고,맑음,새벽,차대차,측면직각충돌,신호위반,특별광역시도,청계9가교차로,37.56961,127.030336,성동구,
2018,4,20,금요일,17,경상사고,0,0,1,0,43,남,15년이상,,화물,사업용,자전거,기타사고,맑음,주간,차대차,차대차-기타,안전운전불이행,특별광역시도,청계9가교차로,37.56961,127.030336,성동구,
2018,5,25,금요일,10,경상사고,0,0,1,0,67,남,15년이상,,화물,사업용,화물,진입회전사고,맑음,주간,차대차,측면직각충돌,신호위반,특별광역시도,청계9가교차로,37.56961,127.030336,성동구,
2018,5,10,목요일,12,중상사고,0,1,0,0,52,남,15년이상,,화물,비사업용,자전거,진입회전사고,맑음,주간,차대차,차대차-기타,신호위반,특별광역시도,청계9가교차로,37.56961,127.030336,성동구,
2018,8,19,일요일,8,중상사고,0,1,1,0,56,여,15년이상,,승용,비사업용,승용,진입회전사고,맑음,출퇴근,차대차,측면직각충돌,신호위반,특별광역시도,청계9가교차로,37.56961,127.030336,성동구,
2018,12,6,목요일,9,경상사고,0,0,1,0,54,남,15년이상,,승합,사업용,기타,기타사고,맑음,주간,차량단독,차량단독-기타,안전운전불이행,특별광역시도,청계9가교차로,37.56961,127.030336,성동구,
2019,3,12,화요일,20,중상사고,0,1,1,0,65,남,15년이상,,이륜,데이터오류,이륜,일직선사고,맑음,출퇴근,차대차,추돌(진행중),안전거리미확보,특별광역시도,청계9가교차로,37.56961,127.030336,성동구,
2019,5,16,목요일,8,중상사고,0,1,0,0,56,남,15년이상,,승합,사업용,승합,기타사고,맑음,출퇴근,차대차,차대차-기타,안전거리미확보,특별광역시도,청계9가교차로,37.56961,127.030336,성동구,
2019,10,17,목요일,7,경상사고,0,0,1,0,33,남,15년미만,,승용,비사업용,자전거,기타사고,맑음,출퇴근,차대차,차대차-기타,불법유턴,특별광역시도,청계9가교차로,37.56961,127.030336,성동구,
2017,3,7,화요일,10,경상사고,0,0,2,0,69,남,15년이상,,승용,사업용,이륜,일직선사고,맑음,주간,차대차,추돌(진행중),안전거리미확보,특별광역시도,하왕십리치안센터앞사거리,37.5630917,127.031881,성동구,
2017,3,5,일요일,11,경상사고,0,0,1,0,73,남,15년이상,,승용,사업용,승용,진입회전사고,맑음,주간,차대차,측면직각충돌,안전거리미확보,특별광역시도,하왕십리치안센터앞사거리,37.5630917,127.031881,성동구,
2017,7,11,화요일,18,부상사고,0,0,0,1,불명,불명,데이터오류,,기타,데이터오류,기타,진입회전사고,맑음,출퇴근,차대사람,보도통행중,신호위반,특별광역시도,하왕십리치안센터앞사거리,37.5630917,127.031881,성동구,
2017,8,15,화요일,3,중상사고,0,1,0,0,31,남,15년이상,0,이륜,기타,보행자,진입회전사고,비,심야,차대사람,횡단중,신호위반,특별광역시도,하왕십리치안센터앞사거리,37.5630917,127.031881,성동구,
2017,10,17,화요일,3,경상사고,0,0,3,0,51,남,15년이상,,승용,사업용,승용,기타사고,맑음,심야,차대차,차대차-기타,안전운전불이행,특별광역시도,하왕십리치안센터앞사거리,37.5630917,127.031881,성동구,
2017,10,29,일요일,16,부상사고,0,0,0,1,42,남,15년이상,,승합,사업용,기타,기타사고,맑음,주간,차량단독,차량단독-기타,데이터없음,특별광역시도,하왕십리치안센터앞사거리,37.5630917,127.031881,성동구,
2017,10,8,일요일,19,경상사고,0,0,1,0,25,남,10년미만,,자전거,기타,보행자,진입회전사고,맑음,출퇴근,차대사람,횡단중,신호위반,특별광역시도,하왕십리치안센터앞사거리,37.5630917,127.031881,성동구,
2018,3,7,수요일,22,경상사고,0,0,3,0,62,남,15년이상,,승용,사업용,승용,기타사고,비,심야,차대차,차대차-기타,차로위반,특별광역시도,하왕십리치안센터앞사거리,37.5630917,127.031881,성동구,
2018,4,19,목요일,0,경상사고,0,0,1,0,64,남,15년이상,,승용,사업용,이륜,기타사고,맑음,심야,차대차,차대차-기타,기타,특별광역시도,하왕십리치안센터앞사거리,37.5630917,127.031881,성동구,
2018,4,9,월요일,12,경상사고,0,0,1,0,37,남,15년이상,,화물,비사업용,보행자,기타사고,맑음,주간,차대사람,차대사람-기타,안전운전불이행,특별광역시도,하왕십리치안센터앞사거리,37.5630917,127.031881,성동구,
2018,5,24,목요일,13,경상사고,0,0,1,0,43,남,15년이상,,승합,사업용,기타,기타사고,흐림,주간,차량단독,차량단독-기타,안전운전불이행,특별광역시도,하왕십리치안센터앞사거리,37.5630917,127.031881,성동구,
2018,6,1,금요일,23,경상사고,0,0,1,0,47,남,15년이상,,승용,사업용,자전거,기타사고,맑음,심야,차대차,차대차-기타,교차로운행방법위반,특별광역시도,하왕십리치안센터앞사거리,37.5630917,127.031881,성동구,
2018,10,24,수요일,5,경상사고,0,0,2,0,34,남,10년미만,,승용,비사업용,승용,일직선사고,흐림,새벽,차대차,추돌(진행중),안전운전불이행,특별광역시도,하왕십리치안센터앞사거리,37.5630917,127.031881,성동구,
2018,11,29,목요일,23,경상사고,0,0,1,0,49,남,15년이상,,이륜,기타,보행자,기타사고,맑음,심야,차대사람,차대사람-기타,안전운전불이행,특별광역시도,하왕십리치안센터앞사거리,37.5630917,127.031881,성동구,
2018,12,21,금요일,19,중상사고,0,1,0,0,34,남,15년미만,,승용,비사업용,보행자,기타사고,맑음,출퇴근,차대사람,차대사람-기타,안전운전불이행,특별광역시도,하왕십리치안센터앞사거리,37.5630917,127.031881,성동구,
2019,2,19,화요일,16,경상사고,0,0,1,0,54,남,15년이상,,승용,사업용,승합,진입회전사고,맑음,주간,차대차,측면직각충돌,안전운전불이행,특별광역시도,하왕십리치안센터앞사거리,37.5630917,127.031881,성동구,
2019,2,18,월요일,20,경상사고,0,0,1,0,46,남,15년이상,,승합,사업용,이륜,기타사고,맑음,출퇴근,차대차,차대차-기타,기타,특별광역시도,하왕십리치안센터앞사거리,37.5630917,127.031881,성동구,
2019,8,7,수요일,9,경상사고,0,0,1,0,39,남,10년미만,,승용,비사업용,보행자,보행횡단사고,맑음,주간,차대사람,횡단중,안전운전불이행,특별광역시도,하왕십리치안센터앞사거리,37.5630917,127.031881,성동구,
2019,11,24,일요일,13,경상사고,0,0,2,0,63,남,15년이상,,승용,사업용,화물,기타사고,맑음,주간,차대차,차대차-기타,안전운전불이행,특별광역시도,하왕십리치안센터앞사거리,37.5630917,127.031881,성동구,
2017,3,29,수요일,10,중상사고,0,1,0,0,63,남,15년이상,,승용,비사업용,보행자,보행횡단사고,맑음,주간,차대사람,횡단중,안전운전불이행,특별광역시도,하왕십리치안센터앞사거리,37.5630917,127.031881,성동구,
2017,5,2,화요일,18,경상사고,0,0,1,1,46,남,15년이상,,승용,비사업용,이륜,진입회전사고,맑음,출퇴근,차대차,측면직각충돌,안전운전불이행,특별광역시도,하왕십리치안센터앞사거리,37.5630917,127.031881,성동구,
2017,6,14,수요일,17,중상사고,0,1,0,0,50,남,15년이상,,승용,사업용,이륜,진입회전사고,맑음,주간,차대차,측면직각충돌,신호위반,특별광역시도,하왕십리치안센터앞사거리,37.5630917,127.031881,성동구,
2017,7,12,수요일,15,경상사고,0,0,3,1,58,남,15년이상,,승용,비사업용,승용,기타사고,맑음,주간,차대차,차대차-기타,안전운전불이행,특별광역시도,하왕십리치안센터앞사거리,37.5630917,127.031881,성동구,
2017,8,24,목요일,17,부상사고,0,0,0,2,22,남,5년미만,,승용,비사업용,승용,일직선사고,맑음,주간,차대차,추돌(진행중),안전거리미확보,특별광역시도,하왕십리치안센터앞사거리,37.5630917,127.031881,성동구,