년도,월,일,요일,시각,사고등급,사망자수,중상자수,경상자수,부상자수,연령,성별,경력,음주,종별,용도,관련자2,사고형태,기상상태,일광상태,사고유형1,사고유형2,법규위반,도로종류,지점명,위도,경도,자치구,
2017,11,24,금요일,20,경상사고,0,0,1,0,60,남,15년이상,,승용,사업용,승용,일직선사고,맑음,출퇴근,차대차,추돌(진행중),안전거리미확보,특별광역시도,하왕십리치안센터앞사거리,37.5630917,127.031881,성동구,
2017,12,11,월요일,6,중상사고,0,1,0,0,65,남,15년이상,,승용,사업용,보행자,보행횡단사고,맑음,새벽,차대사람,횡단중,안전운전불이행,특별광역시도,하왕십리치안센터앞사거리,37.5630917,127.031881,성동구,
2018,1,30,화요일,20,경상사고,0,0,2,0,45,남,15년이상,,승용,사업용,승용,일직선사고,맑음,출퇴근,차대차,추돌(진행중),안전거리미확보,특별광역시도,하왕십리치안센터앞사거리,37.5630917,127.031881,성동구,
2018,3,18,일요일,17,사망사고,1,0,0,0,57,남,15년미만,0,이륜,기타,기타,기타사고,맑음,주간,차량단독,차량단독-기타,안전운전불이행,특별광역시도,하왕십리치안센터앞사거리,37.5630917,127.031881,성동구,
2018,7,17,화요일,4,경상사고,0,0,1,0,70,남,15년이상,,승용,사업용,승용,진입회전사고,맑음,심야,차대차,측면직각충돌,안전운전불이행,특별광역시도,하왕십리치안센터앞사거리,37.5630917,127.031881,성동구,
2018,8,1,수요일,13,경상사고,0,0,1,0,31,남,15년미만,,화물,비사업용,이륜,진입회전사고,맑음,주간,차대차,차대차-기타,신호위반,특별광역시도,하왕십리치안센터앞사거리,37.5630917,127.031881,성동구,
2018,11,15,목요일,16,중상사고,0,1,0,0,28,남,15년이상,,승용,비사업용,보행자,기타사고,맑음,주간,차대사람,차대사람-기타,안전운전불이행,특별광역시도,하왕십리치안센터앞사거리,37.5630917,127.031881,성동구,
2018,12,11,화요일,10,경상사고,0,0,1,0,불명,불명,데이터오류,,기타,기타,기타,보행횡단사고,맑음,주간,차대사람,횡단중,보행자보호의무위반,특별광역시도,하왕십리치안센터앞사거리,37.5630917,127.031881,성동구,
2019,3,9,토요일,13,경상사고,0,0,1,0,74,남,15년이상,,승용,사업용,이륜,기타사고,맑음,주간,차대차,차대차-기타,기타,특별광역시도,하왕십리치안센터앞사거리,37.5630917,127.031881,성동구,
2019,3,12,화요일,16,경상사고,0,0,1,0,66,남,15년이상,,승용,사업용,승용,진입회전사고,맑음,주간,차대차,측면직각충돌,불법유턴,특별광역시도,하왕십리치안센터앞사거리,37.5630917,127.031881,성동구,
2019,3,15,금요일,16,경상사고,0,0,1,0,40,남,15년이상,,승용,비사업용,이륜,진입회전사고,비,주간,차대차,측면직각충돌,신호위반,특별광역시도,하왕십리치안센터앞사거리,37.5630917,127.031881,성동구,
2019,4,26,금요일,9,중상사고,0,1,0,0,49,여,15년이상,,승용,비사업용,이륜,기타사고,비,주간,차대차,차대차-기타,교차로운행방법위반,특별광역시도,하왕십리치안센터앞사거리,37.5630917,127.031881,성동구,
2019,11,7,목요일,22,경상사고,0,0,3,0,56,남,15년이상,,승용,사업용,이륜,진입회전사고,맑음,심야,차대차,측면직각충돌,안전운전불이행,특별광역시도,하왕십리치안센터앞사거리,37.5630917,127.031881,성동구,
2019,12,20,금요일,15,경상사고,0,0,1,0,65,남,15년이상,,승용,사업용,보행자,기타사고,맑음,주간,차대사람,차대사람-기타,안전운전불이행,특별광역시도,하왕십리치안센터앞사거리,37.5630917,127.031881,성동구,
2017,3,20,월요일,18,경상사고,0,0,1,0,64,남,15년이상,,승용,사업용,승용,일직선사고,맑음,출퇴근,차대차,추돌(진행중),안전거리미확보,특별광역시도,개운산입구교차로,37.59243,127.036237,성북구,
2017,4,12,수요일,22,경상사고,0,0,1,0,74,남,15년이상,,승용,사업용,승용,일직선사고,흐림,심야,차대차,추돌(진행중),안전운전불이행,특별광역시도,개운산입구교차로,37.59243,127.036237,성북구,
2017,6,18,일요일,2,경상사고,0,0,3,0,61,남,15년이상,,승용,사업용,승용,일직선사고,맑음,심야,차대차,정면충돌,차로위반,특별광역시도,개운산입구교차로,37.59243,127.036237,성북구,
2017,7,25,화요일,14,중상사고,0,2,0,0,52,남,15년이상,,화물,비사업용,이륜,진입회전사고,맑음,주간,차대차,측면직각충돌,안전운전불이행,특별광역시도,개운산입구교차로,37.59243,127.036237,성북구,
2017,7,20,목요일,16,중상사고,0,1,0,0,62,남,15년이상,,승합,사업용,승합,일직선사고,맑음,주간,차대차,정면충돌,안전운전불이행,특별광역시도,개운산입구교차로,37.59243,127.036237,성북구,
2017,10,17,화요일,17,중상사고,0,1,0,0,49,여,15년이상,,승용,비사업용,보행자,기타사고,맑음,주간,차대사람,차도통행중,안전운전불이행,특별광역시도,개운산입구교차로,37.59243,127.036237,성북구,
2017,12,21,목요일,17,경상사고,0,0,1,0,36,남,15년이상,,승용,비사업용,원동기,진입회전사고,흐림,주간,차대차,측면직각충돌,안전운전불이행,특별광역시도,개운산입구교차로,37.59243,127.036237,성북구,
2018,1,21,일요일,10,부상사고,0,0,0,1,22,남,2년미만,,승용,비사업용,자전거,진입회전사고,맑음,주간,차대차,측면직각충돌,안전거리미확보,특별광역시도,개운산입구교차로,37.59243,127.036237,성북구,
2018,1,30,화요일,10,경상사고,0,0,1,0,66,남,15년이상,,승용,사업용,화물,진입회전사고,맑음,주간,차대차,측면직각충돌,안전운전불이행,특별광역시도,개운산입구교차로,37.59243,127.036237,성북구,
2018,1,15,월요일,22,부상사고,0,0,0,1,50,남,15년이상,0,승용,비사업용,승용,진입회전사고,맑음,심야,차대차,측면직각충돌,신호위반,특별광역시도,개운산입구교차로,37.59243,127.036237,성북구,
2018,2,12,월요일,13,경상사고,0,0,1,0,57,남,15년이상,,승용,비사업용,이륜,진입회전사고,맑음,주간,차대차,측면직각충돌,안전거리미확보,특별광역시도,개운산입구교차로,37.59243,127.036237,성북구,
2018,6,6,수요일,16,중상사고,0,1,0,0,33,남,15년이상,,승용,비사업용,이륜,진입회전사고,맑음,주간,차대차,측면직각충돌,안전운전불이행,특별광역시도,개운산입구교차로,37.59243,127.036237,성북구,
2018,6,20,수요일,16,중상사고,0,1,0,0,53,남,15년이상,,승용,비사업용,이륜,진입회전사고,맑음,주간,차대차,측면직각충돌,안전운전불이행,특별광역시도,개운산입구교차로,37.59243,127.036237,성북구,
2018,7,14,토요일,16,경상사고,0,0,1,0,20,남,3년미만,,승용,비사업용,승용,일직선사고,맑음,주간,차대차,추돌(진행중),안전운전불이행,특별광역시도,개운산입구교차로,37.59243,127.036237,성북구,
2018,7,16,월요일,21,경상사고,0,0,1,0,60,남,15년이상,,승용,비사업용,승용,진입회전사고,흐림,심야,차대차,측면직각충돌,불법유턴,특별광역시도,개운산입구교차로,37.59243,127.036237,성북구,
2018,9,22,토요일,19,경상사고,0,0,1,0,44,남,15년이상,0,승용,비사업용,승용,일직선사고,맑음,출퇴근,차대차,추돌(진행중),안전거리미확보,특별광역시도,개운산입구교차로,37.59243,127.036237,성북구,
2018,10,15,월요일,19,중상사고,0,2,0,0,49,남,15년이상,0,승용,비사업용,승용,일직선사고,맑음,출퇴근,차대차,추돌(진행중),안전거리미확보,특별광역시도,개운산입구교차로,37.59243,127.036237,성북구,
2018,10,15,월요일,19,경상사고,0,0,1,0,39,여,15년이상,,승용,비사업용,이륜,일직선사고,맑음,출퇴근,차대차,추돌(진행중),안전거리미확보,특별광역시도,개운산입구교차로,37.59243,127.036237,성북구,
2018,11,4,일요일,14,경상사고,0,0,1,0,28,남,15년이상,,승용,비사업용,이륜,기타사고,맑음,주간,차대차,차대차-기타,차로위반,특별광역시도,개운산입구교차로,37.59243,127.036237,성북구,
2018,12,19,수요일,9,중상사고,0,1,0,0,25,남,15년이상,,승용,비사업용,이륜,일직선사고,맑음,주간,차대차,추돌(진행중),안전거리미확보,특별광역시도,개운산입구교차로,37.59243,127.036237,성북구,
2019,1,7,월요일,13,중상사고,0,2,0,0,35,남,15년이상,,승용,비사업용,이륜,진입회전사고,맑음,주간,차대차,측면직각충돌,기타,특별광역시도,개운산입구교차로,37.59243,127.036237,성북구,
2019,3,15,금요일,20,경상사고,0,0,1,0,22,남,1년미만,,화물,비사업용,화물,진입회전사고,흐림,출퇴근,차대차,측면직각충돌,안전거리미확보,특별광역시도,개운산입구교차로,37.59243,127.036237,성북구,
2019,4,19,금요일,7,경상사고,0,0,1,0,37,남,15년이상,,화물,비사업용,자전거,진입회전사고,맑음,출퇴근,차대차,측면직각충돌,안전운전불이행,특별광역시도,개운산입구교차로,37.59243,127.036237,성북구,
2019,4,4,목요일,18,경상사고,0,0,1,0,40,남,5년미만,,승용,비사업용,승용,일직선사고,맑음,출퇴근,차대차,추돌(진행중),안전운전불이행,특별광역시도,개운산입구교차로,37.59243,127.036237,성북구,
2019,5,14,화요일,20,경상사고,0,0,1,0,63,남,15년이상,,승합,사업용,기타,기타사고,맑음,출퇴근,차량단독,차량단독-기타,안전운전불이행,특별광역시도,개운산입구교차로,37.59243,127.036237,성북구,
2019,6,19,수요일,18,경상사고,0,0,1,0,56,남,15년이상,,승합,사업용,이륜,진입회전사고,맑음,출퇴근,차대차,측면직각충돌,안전운전불이행,특별광역시도,개운산입구교차로,37.59243,127.036237,성북구,
2019,9,21,토요일,12,경상사고,0,0,1,0,52,남,15년이상,,승용,비사업용,승용,일직선사고,맑음,주간,차대차,추돌(진행중),안전운전불이행,특별광역시도,개운산입구교차로,37.59243,127.036237,성북구,
2017,1,30,월요일,9,경상사고,0,0,1,0,63,남,15년미만,,승용,비사업용,승용,진입회전사고,맑음,주간,차대차,측면직각충돌,중앙선침범,특별광역시도,경동고교입구,37.5861997,127.0146321,성북구,
2017,3,15,수요일,6,중상사고,0,1,0,0,57,남,15년이상,,화물,비사업용,화물,진입회전사고,맑음,새벽,차대차,측면직각충돌,안전거리미확보,특별광역시도,경동고교입구,37.5861997,127.0146321,성북구,
2017,3,4,토요일,11,경상사고,0,0,1,0,52,여,15년이상,,승용,비사업용,승합,진입회전사고,맑음,주간,차대차,정면충돌,신호위반,특별광역시도,경동고교입구,37.5861997,127.0146321,성북구,
2017,4,3,월요일,16,경상사고,0,0,1,0,37,남,15년이상,,승용,비사업용,승용,진입회전사고,맑음,주간,차대차,추돌(진행중),신호위반,특별광역시도,경동고교입구,37.5861997,127.0146321,성북구,
2017,5,23,화요일,19,경상사고,0,0,1,0,불명,불명,데이터오류,,기타,데이터오류,기타,진입회전사고,비,출퇴근,차대차,측면직각충돌,안전거리미확보,특별광역시도,경동고교입구,37.5861997,127.0146321,성북구,
2017,5,17,수요일,21,중상사고,0,1,0,0,32,남,15년이상,,승합,비사업용,이륜,진입회전사고,맑음,심야,차대차,측면직각충돌,안전운전불이행,특별광역시도,경동고교입구,37.5861997,127.0146321,성북구,
2017,5,4,목요일,23,중상사고,0,2,0,0,30,남,15년이상,,승용,비사업용,이륜,진입회전사고,맑음,심야,차대차,측면직각충돌,신호위반,특별광역시도,경동고교입구,37.5861997,127.0146321,성북구,
2017,7,23,일요일,1,경상사고,0,0,1,0,49,남,15년이상,,승용,사업용,이륜,기타사고,비,심야,차대차,차대차-기타,안전운전불이행,특별광역시도,경동고교입구,37.5861997,127.0146321,성북구,
2017,7,8,토요일,1,부상사고,0,0,0,1,51,남,15년이상,,승용,사업용,기타,기타사고,비,심야,차량단독,차량단독-기타,안전운전불이행,특별광역시도,경동고교입구,37.5861997,127.0146321,성북구,
2017,7,5,수요일,16,경상사고,0,0,4,0,69,남,15년이상,,화물,비사업용,화물,진입회전사고,맑음,주간,차대차,측면직각충돌,안전운전불이행,특별광역시도,경동고교입구,37.5861997,127.0146321,성북구,
2017,8,11,금요일,10,경상사고,0,0,1,0,75,남,15년이상,,승용,사업용,승합,일직선사고,맑음,주간,차대차,추돌(진행중),안전운전불이행,특별광역시도,경동고교입구,37.5861997,127.0146321,성북구,
2017,8,19,토요일,13,중상사고,0,1,0,0,59,남,15년이상,,승용,사업용,원동기,진입회전사고,맑음,주간,차대차,측면직각충돌,안전운전불이행,특별광역시도,경동고교입구,37.5861997,127.0146321,성북구,
2017,8,18,금요일,15,경상사고,0,0,1,0,67,남,15년이상,,승용,사업용,이륜,일직선사고,맑음,주간,차대차,추돌(진행중),안전운전불이행,특별광역시도,경동고교입구,37.5861997,127.0146321,성북구,
2017,8,4,금요일,20,경상사고,0,0,1,0,28,남,10년미만,,원동기,기타,원동기,진입회전사고,맑음,출퇴근,차대차,측면직각충돌,신호위반,특별광역시도,경동고교입구,37.5861997,127.0146321,성북구,
2017,9,4,월요일,12,부상사고,0,0,0,1,33,남,10년미만,,승용,비사업용,화물,일직선사고,맑음,주간,차대차,정면충돌,안전거리미확보,특별광역시도,경동고교입구,37.5861997,127.0146321,성북구,
2017,9,11,월요일,21,경상사고,0,0,1,0,51,남,15년이상,,원동기,기타,보행자,보행횡단사고,맑음,심야,차대사람,횡단중,안전운전불이행,특별광역시도,경동고교입구,37.5861997,127.0146321,성북구,
2017,10,9,월요일,15,중상사고,0,1,0,0,62,남,15년이상,,승합,사업용,보행자,기타사고,맑음,주간,차대사람,차대사람-기타,안전운전불이행,특별광역시도,경동고교입구,37.5861997,127.0146321,성북구,
2017,11,14,화요일,15,경상사고,0,0,1,0,60,남,15년이상,,승용,비사업용,원동기,일직선사고,맑음,주간,차대차,추돌(진행중),안전운전불이행,특별광역시도,경동고교입구,37.5861997,127.0146321,성북구,
2017,11,22,수요일,22,경상사고,0,0,1,0,37,여,15년이상,,승용,비사업용,이륜,진입회전사고,맑음,심야,차대차,측면직각충돌,안전운전불이행,특별광역시도,경동고교입구,37.5861997,127.0146321,성북구,
2018,1,11,목요일,12,중상사고,0,1,1,0,61,남,15년이상,,승용,사업용,승용,기타사고,맑음,주간,차대차,차대차-기타,안전거리미확보,특별광역시도,경동고교입구,37.5861997,127.0146321,성북구,
2018,1,11,목요일,13,경상사고,0,0,1,0,58,남,15년이상,,화물,비사업용,원동기,기타사고,맑음,주간,차대차,차대차-기타,안전운전불이행,특별광역시도,경동고교입구,37.5861997,127.0146321,성북구,
2018,2,15,목요일,6,중상사고,0,1,1,0,45,남,15년이상,,승용,비사업용,이륜,진입회전사고,맑음,새벽,차대차,정면충돌,신호위반,특별광역시도,경동고교입구,37.5861997,127.0146321,성북구,
2018,3,26,월요일,7,경상사고,0,0,1,0,62,남,15년이상,,승용,사업용,승용,일직선사고,맑음,출퇴근,차대차,추돌(진행중),안전거리미확보,특별광역시도,경동고교입구,37.5861997,127.0146321,성북구,
2018,4,12,목요일,10,경상사고,0,0,2,0,25,남,10년미만,,승용,비사업용,보행자,보행횡단사고,맑음,주간,차대사람,보도통행중,기타,특별광역시도,경동고교입구,37.5861997,127.0146321,성북구,
2018,5,31,목요일,0,중상사고,0,1,0,0,57,남,15년이상,,승용,사업용,이륜,진입회전사고,맑음,심야,차대차,측면직각충돌,신호위반,특별광역시도,경동고교입구,37.5861997,127.0146321,성북구,
2018,5,8,화요일,19,경상사고,0,0,1,0,55,남,15년이상,,화물,비사업용,이륜,기타사고,맑음,출퇴근,차대차,차대차-기타,교차로운행방법위반,특별광역시도,경동고교입구,37.5861997,127.0146321,성북구,
2018,5,2,수요일,21,경상사고,0,0,1,0,49,남,15년이상,,승용,사업용,승합,진입회전사고,맑음,심야,차대차,측면직각충돌,안전운전불이행,특별광역시도,경동고교입구,37.5861997,127.0146321,성북구,
2018,6,22,금요일,14,경상사고,0,0,3,1,42,남,15년이상,,화물,비사업용,화물,진입회전사고,맑음,주간,차대차,측면직각충돌,안전거리미확보,특별광역시도,경동고교입구,37.5861997,127.0146321,성북구,
2018,9,3,월요일,23,경상사고,0,0,1,0,30,남,4년미만,,승용,비사업용,승용,일직선사고,흐림,심야,차대차,추돌(진행중),안전운전불이행,특별광역시도,경동고교입구,37.5861997,127.0146321,성북구,
2018,12,9,일요일,14,경상사고,0,0,1,0,24,남,10년미만,,승용,비사업용,이륜,기타사고,맑음,주간,차대차,차대차-기타,안전운전불이행,특별광역시도,경동고교입구,37.5861997,127.0146321,성북구,
2018,12,2,일요일,17,중상사고,0,1,0,0,38,남,15년이상,,승용,비사업용,이륜,진입회전사고,맑음,주간,차대차,측면직각충돌,신호위반,특별광역시도,경동고교입구,37.5861997,127.0146321,성북구,
2018,12,12,수요일,19,경상사고,0,0,1,0,46,남,15년이상,,화물,비사업용,이륜,기타사고,맑음,출퇴근,차대차,차대차-기타,교차로운행방법위반,특별광역시도,경동고교입구,37.5861997,127.0146321,성북구,
2019,2,19,화요일,19,경상사고,0,0,1,0,29,남,데이터오류,,이륜,데이터오류,이륜,진입회전사고,맑음,출퇴근,차대차,측면직각충돌,안전운전불이행,특별광역시도,경동고교입구,37.5861997,127.0146321,성북구,
2019,7,27,토요일,21,경상사고,0,0,1,1,30,남,15년미만,,승용,비사업용,승용,진입회전사고,흐림,심야,차대차,측면직각충돌,신호위반,특별광역시도,경동고교입구,37.5861997,127.0146321,성북구,
2019,8,14,수요일,17,경상사고,0,0,1,0,64,남,15년이상,,승용,비사업용,이륜,진입회전사고,맑음,주간,차대차,측면직각충돌,안전운전불이행,특별광역시도,경동고교입구,37.5861997,127.0146321,성북구,
2019,11,28,목요일,18,경상사고,0,0,2,0,47,남,15년이상,,승용,비사업용,승용,진입회전사고,맑음,출퇴근,차대차,측면직각충돌,신호위반,특별광역시도,경동고교입구,37.5861997,127.0146321,성북구,
2017,1,21,토요일,11,경상사고,0,0,1,0,25,남,1년미만,,승용,사업용,승용,일직선사고,맑음,주간,차대차,추돌(진행중),안전운전불이행,특별광역시도,고대앞사거리,37.5863945,127.0328247,성북구,
2017,2,25,토요일,17,경상사고,0,0,1,0,48,남,15년이상,,승용,비사업용,승용,일직선사고,맑음,주간,차대차,추돌(진행중),안전운전불이행,특별광역시도,고대앞사거리,37.5863945,127.0328247,성북구,
2017,3,2,목요일,19,경상사고,0,0,1,0,45,여,15년이상,,승용,비사업용,이륜,일직선사고,맑음,출퇴근,차대차,추돌(진행중),안전거리미확보,특별광역시도,고대앞사거리,37.5863945,127.0328247,성북구,
2017,4,21,금요일,0,경상사고,0,0,1,0,37,남,15년이상,,승용,비사업용,승용,일직선사고,맑음,심야,차대차,추돌(진행중),안전운전불이행,특별광역시도,고대앞사거리,37.5863945,127.0328247,성북구,
2017,9,23,토요일,10,중상사고,0,1,0,0,56,여,15년이상,,승용,비사업용,이륜,진입회전사고,맑음,주간,차대차,측면직각충돌,신호위반,특별광역시도,고대앞사거리,37.5863945,127.0328247,성북구,
2017,10,5,목요일,18,경상사고,0,0,1,0,57,여,15년이상,,승용,사업용,이륜,진입회전사고,맑음,출퇴근,차대차,측면직각충돌,안전운전불이행,특별광역시도,고대앞사거리,37.5863945,127.0328247,성북구,
2017,10,23,월요일,20,부상사고,0,0,0,1,61,남,15년이상,,승용,사업용,자전거,진입회전사고,맑음,출퇴근,차대차,측면직각충돌,중앙선침범,특별광역시도,고대앞사거리,37.5863945,127.0328247,성북구,
2017,12,7,목요일,19,경상사고,0,0,1,0,67,남,15년미만,,승용,비사업용,화물,진입회전사고,맑음,출퇴근,차대차,측면직각충돌,교차로운행방법위반,특별광역시도,고대앞사거리,37.5863945,127.0328247,성북구,
2018,1,11,목요일,16,경상사고,0,0,2,0,66,남,15년이상,,승용,사업용,승용,일직선사고,맑음,주간,차대차,추돌(진행중),안전운전불이행,특별광역시도,고대앞사거리,37.5863945,127.0328247,성북구,
2018,5,28,월요일,4,중상사고,0,1,0,0,62,남,15년이상,,승용,사업용,승합,진입회전사고,맑음,심야,차대차,측면직각충돌,안전운전불이행,특별광역시도,고대앞사거리,37.5863945,127.0328247,성북구,
2018,5,25,금요일,20,중상사고,0,1,0,0,57,남,15년이상,,승용,사업용,이륜,진입회전사고,맑음,출퇴근,차대차,측면직각충돌,신호위반,특별광역시도,고대앞사거리,37.5863945,127.0328247,성북구,
2018,10,30,화요일,12,경상사고,0,0,1,0,42,남,15년이상,,이륜,기타,기타,단독사고,맑음,주간,차량단독,공작물추돌,안전운전불이행,특별광역시도,고대앞사거리,37.5863945,127.0328247,성북구,
2018,12,9,일요일,19,경상사고,0,0,2,0,27,남,15년이상,,승용,비사업용,승용,진입회전사고,맑음,출퇴근,차대차,측면직각충돌,중앙선침범,특별광역시도,고대앞사거리,37.5863945,127.0328247,성북구,
2018,12,1,토요일,21,부상사고,0,0,0,1,62,남,15년이상,,승용,사업용,이륜,진입회전사고,맑음,심야,차대차,측면직각충돌,안전운전불이행,특별광역시도,고대앞사거리,37.5863945,127.0328247,성북구,
2019,2,27,수요일,8,중상사고,0,1,0,0,34,여,15년이상,,승용,비사업용,이륜,진입회전사고,맑음,출퇴근,차대차,측면직각충돌,신호위반,특별광역시도,고대앞사거리,37.5863945,127.0328247,성북구,
2019,3,21,목요일,1,중상사고,0,2,3,0,30,여,15년이상,0,승용,비사업용,승용,진입회전사고,비,심야,차대차,측면직각충돌,신호위반,특별광역시도,고대앞사거리,37.5863945,127.0328247,성북구,
2019,3,2,토요일,19,경상사고,0,0,1,0,57,남,15년이상,,화물,사업용,이륜,진입회전사고,맑음,출퇴근,차대차,측면직각충돌,안전운전불이행,특별광역시도,고대앞사거리,37.5863945,127.0328247,성북구,
2019,3,5,화요일,19,중상사고,0,1,0,0,61,남,15년이상,,승용,사업용,이륜,진입회전사고,흐림,출퇴근,차대차,측면직각충돌,신호위반,특별광역시도,고대앞사거리,37.5863945,127.0328247,성북구,
2019,4,8,월요일,17,경상사고,0,0,1,0,43,남,4년미만,,이륜,데이터오류,이륜,진입회전사고,맑음,주간,차대차,측면직각충돌,신호위반,특별광역시도,고대앞사거리,37.5863945,127.0328247,성북구,
2019,6,1,토요일,4,경상사고,0,0,1,0,61,남,15년이상,,승용,사업용,이륜,진입회전사고,맑음,심야,차대차,정면충돌,신호위반,특별광역시도,고대앞사거리,37.5863945,127.0328247,성북구,
2019,6,26,수요일,8,경상사고,0,0,1,0,62,남,15년이상,,승용,비사업용,승합,기타사고,맑음,출퇴근,차대차,차대차-기타,안전운전불이행,특별광역시도,고대앞사거리,37.5863945,127.0328247,성북구,
2019,7,20,토요일,6,중상사고,0,2,0,0,21,남,15년이상,,이륜,데이터오류,이륜,진입회전사고,맑음,새벽,차대차,측면직각충돌,신호위반,특별광역시도,고대앞사거리,37.5863945,127.0328247,성북구,
2019,7,12,금요일,12,중상사고,0,1,0,0,25,남,데이터오류,,이륜,데이터오류,이륜,진입회전사고,맑음,주간,차대차,측면직각충돌,신호위반,특별광역시도,고대앞사거리,37.5863945,127.0328247,성북구,
2019,9,3,화요일,17,부상사고,0,0,0,1,59,남,15년이상,,화물,사업용,화물,진입회전사고,맑음,주간,차대차,측면직각충돌,기타,특별광역시도,고대앞사거리,37.5863945,127.0328247,성북구,
2019,11,16,토요일,23,중상사고,0,1,1,0,60,남,15년이상,,승용,사업용,승용,진입회전사고,맑음,심야,차대차,측면직각충돌,신호위반,특별광역시도,고대앞사거리,37.5863945,127.0328247,성북구,
2019,12,31,화요일,13,경상사고,0,0,2,0,47,남,15년이상,,승용,사업용,승용,진입회전사고,맑음,주간,차대차,측면직각충돌,신호위반,특별광역시도,고대앞사거리,37.5863945,127.0328247,성북구,
2019,12,27,금요일,19,경상사고,0,0,1,0,21,남,5년미만,,이륜,데이터오류,이륜,진입회전사고,맑음,출퇴근,차대차,측면직각충돌,교차로운행방법위반,특별광역시도,고대앞사거리,37.5863945,127.0328247,성북구,
2017,1,6,금요일,5,경상사고,0,0,1,0,30,남,4년미만,,승용,비사업용,승용,진입회전사고,흐림,새벽,차대차,차대차-기타,신호위반,특별광역시도,돈암1동주민센터부근,37.6035174,127.0263659,성북구,
2017,1,11,수요일,10,중상사고,0,2,0,0,50,여,15년이상,,승용,비사업용,승용,진입회전사고,맑음,주간,차대차,측면직각충돌,신호위반,특별광역시도,돈암1동주민센터부근,37.6035174,127.0263659,성북구,
2017,1,22,일요일,21,경상사고,0,0,1,0,51,남,15년이상,,승용,비사업용,보행자,보행횡단사고,흐림,심야,차대사람,횡단중,안전운전불이행,특별광역시도,돈암1동주민센터부근,37.6035174,127.0263659,성북구,
2017,1,29,일요일,21,경상사고,0,0,2,1,60,남,15년이상,,승용,사업용,승용,기타사고,비,심야,차대차,차대차-기타,안전거리미확보,특별광역시도,돈암1동주민센터부근,37.6035174,127.0263659,성북구,
2017,1,24,화요일,23,경상사고,0,0,2,0,23,남,1년미만,,승용,비사업용,승용,진입회전사고,맑음,심야,차대차,측면직각충돌,신호위반,특별광역시도,돈암1동주민센터부근,37.6035174,127.0263659,성북구,
2017,2,2,목요일,0,경상사고,0,0,1,0,57,남,15년이상,,승용,비사업용,이륜,진입회전사고,비,심야,차대차,측면직각충돌,신호위반,특별광역시도,돈암1동주민센터부근,37.6035174,127.0263659,성북구,
2017,2,12,일요일,1,경상사고,0,0,1,0,58,남,15년이상,,승용,비사업용,이륜,진입회전사고,맑음,심야,차대차,측면직각충돌,안전거리미확보,특별광역시도,돈암1동주민센터부근,37.6035174,127.0263659,성북구,
2017,3,6,월요일,10,중상사고,0,1,3,0,55,남,15년이상,,승용,사업용,승합,진입회전사고,맑음,주간,차대차,측면직각충돌,신호위반,특별광역시도,돈암1동주민센터부근,37.6035174,127.0263659,성북구,
2017,3,16,목요일,20,경상사고,0,0,1,0,58,남,15년이상,,승용,비사업용,이륜,진입회전사고,맑음,출퇴근,차대차,정면충돌,신호위반,특별광역시도,돈암1동주민센터부근,37.6035174,127.0263659,성북구,
2017,5,13,토요일,2,경상사고,0,0,1,0,34,남,15년이상,0,승용,비사업용,승용,일직선사고,맑음,심야,차대차,정면충돌,안전운전불이행,특별광역시도,돈암1동주민센터부근,37.6035174,127.0263659,성북구,
2017,5,2,화요일,8,중상사고,0,1,0,0,38,남,15년이상,,승용,비사업용,자전거,진입회전사고,맑음,출퇴근,차대차,측면직각충돌,불법유턴,특별광역시도,돈암1동주민센터부근,37.6035174,127.0263659,성북구,
2017,6,27,화요일,11,부상사고,0,0,0,1,65,남,15년이상,,승용,비사업용,화물,진입회전사고,맑음,주간,차대차,측면직각충돌,안전운전불이행,특별광역시도,돈암1동주민센터부근,37.6035174,127.0263659,성북구,
2017,8,11,금요일,9,중상사고,0,1,0,0,43,여,15년이상,,승용,비사업용,자전거,진입회전사고,맑음,주간,차대차,측면직각충돌,안전운전불이행,특별광역시도,돈암1동주민센터부근,37.6035174,127.0263659,성북구,
2017,9,13,수요일,2,경상사고,0,0,2,0,58,남,15년이상,,승용,사업용,승용,진입회전사고,맑음,심야,차대차,측면직각충돌,신호위반,특별광역시도,돈암1동주민센터부근,37.6035174,127.0263659,성북구,
2017,9,14,목요일,9,경상사고,0,0,1,0,60,남,15년이상,,건설기계,사업용,건설기계,일직선사고,맑음,주간,차대차,추돌(진행중),안전운전불이행,특별광역시도,돈암1동주민센터부근,37.6035174,127.0263659,성북구,
2017,9,4,월요일,9,경상사고,0,0,1,0,52,남,15년이상,,승합,사업용,보행자,기타사고,맑음,주간,차대사람,차대사람-기타,안전운전불이행,특별광역시도,돈암1동주민센터부근,37.6035174,127.0263659,성북구,
2017,10,6,금요일,7,경상사고,0,0,3,0,73,남,15년이상,,승용,사업용,승합,기타사고,맑음,출퇴근,차대차,차대차-기타,안전운전불이행,특별광역시도,돈암1동주민센터부근,37.6035174,127.0263659,성북구,
2017,10,10,화요일,7,경상사고,0,0,1,0,50,여,15년이상,,승용,비사업용,자전거,진입회전사고,맑음,출퇴근,차대차,측면직각충돌,신호위반,특별광역시도,돈암1동주민센터부근,37.6035174,127.0263659,성북구,
2017,10,30,월요일,14,중상사고,0,1,0,0,39,여,15년이상,,승용,비사업용,이륜,진입회전사고,맑음,주간,차대차,측면직각충돌,교차로운행방법위반,특별광역시도,돈암1동주민센터부근,37.6035174,127.0263659,성북구,