년도,월,일,요일,시각,사고등급,사망자수,중상자수,경상자수,부상자수,연령,성별,경력,음주,종별,용도,관련자2,사고형태,기상상태,일광상태,사고유형1,사고유형2,법규위반,도로종류,지점명,위도,경도,자치구,
2017,11,10,금요일,1,경상사고,0,0,2,0,68,남,15년이상,,승용,사업용,승용,일직선사고,맑음,심야,차대차,추돌(진행중),안전운전불이행,특별광역시도,돈암1동주민센터부근,37.6035174,127.0263659,성북구,
2017,12,23,토요일,2,경상사고,0,0,4,0,34,남,15년이상,0,화물,비사업용,화물,기타사고,맑음,심야,차대차,차대차-기타,교차로운행방법위반,특별광역시도,돈암1동주민센터부근,37.6035174,127.0263659,성북구,
2017,12,17,일요일,13,경상사고,0,0,1,0,30,남,10년미만,,승용,비사업용,승용,진입회전사고,맑음,주간,차대차,측면직각충돌,차로위반,특별광역시도,돈암1동주민센터부근,37.6035174,127.0263659,성북구,
2018,1,27,토요일,6,경상사고,0,0,2,0,53,남,15년이상,,화물,사업용,화물,일직선사고,흐림,새벽,차대차,추돌(진행중),안전거리미확보,특별광역시도,돈암1동주민센터부근,37.6035174,127.0263659,성북구,
2018,1,7,일요일,9,중상사고,0,1,0,0,30,여,15년이상,,승용,비사업용,원동기,진입회전사고,맑음,주간,차대차,측면직각충돌,차로위반,특별광역시도,돈암1동주민센터부근,37.6035174,127.0263659,성북구,
2018,2,6,화요일,18,경상사고,0,0,1,0,64,남,15년이상,,승용,사업용,승용,진입회전사고,맑음,출퇴근,차대차,측면직각충돌,안전거리미확보,특별광역시도,돈암1동주민센터부근,37.6035174,127.0263659,성북구,
2018,2,13,화요일,22,경상사고,0,0,2,0,67,여,15년이상,,승용,비사업용,승용,진입회전사고,맑음,심야,차대차,측면직각충돌,안전운전불이행,특별광역시도,돈암1동주민센터부근,37.6035174,127.0263659,성북구,
2018,3,5,월요일,0,중상사고,0,1,0,1,37,남,15년이상,,승용,비사업용,승용,진입회전사고,비,심야,차대차,정면충돌,신호위반,특별광역시도,돈암1동주민센터부근,37.6035174,127.0263659,성북구,
2018,3,14,수요일,6,중상사고,0,1,0,0,66,남,15년이상,,화물,비사업용,보행자,보행횡단사고,맑음,새벽,차대사람,횡단중,안전운전불이행,특별광역시도,돈암1동주민센터부근,37.6035174,127.0263659,성북구,
2018,3,12,월요일,23,경상사고,0,0,1,0,63,남,15년미만,,승용,사업용,승용,진입회전사고,맑음,심야,차대차,측면직각충돌,안전운전불이행,특별광역시도,돈암1동주민센터부근,37.6035174,127.0263659,성북구,
2018,4,7,토요일,20,경상사고,0,0,1,0,61,여,15년이상,,승용,비사업용,보행자,보행횡단사고,맑음,출퇴근,차대사람,횡단중,보행자보호의무위반,특별광역시도,돈암1동주민센터부근,37.6035174,127.0263659,성북구,
2018,5,20,일요일,21,경상사고,0,0,1,0,28,남,10년미만,,승용,비사업용,화물,기타사고,맑음,심야,차대차,차대차-기타,차로위반,특별광역시도,돈암1동주민센터부근,37.6035174,127.0263659,성북구,
2018,5,25,금요일,22,경상사고,0,0,1,0,61,남,15년이상,,승용,사업용,승용,기타사고,맑음,심야,차대차,차대차-기타,교차로운행방법위반,특별광역시도,돈암1동주민센터부근,37.6035174,127.0263659,성북구,
2018,6,23,토요일,13,경상사고,0,0,1,0,66,남,15년이상,,승용,비사업용,승용,진입회전사고,맑음,주간,차대차,측면직각충돌,안전운전불이행,특별광역시도,돈암1동주민센터부근,37.6035174,127.0263659,성북구,
2018,6,13,수요일,15,중상사고,0,1,0,0,44,남,15년미만,,자전거,기타,자전거,기타사고,맑음,주간,차대차,차대차-기타,안전운전불이행,특별광역시도,돈암1동주민센터부근,37.6035174,127.0263659,성북구,
2018,6,12,화요일,23,경상사고,0,0,1,0,45,여,15년이상,,승용,비사업용,이륜,기타사고,맑음,심야,차대차,차대차-기타,안전운전불이행,특별광역시도,돈암1동주민센터부근,37.6035174,127.0263659,성북구,
2018,9,13,목요일,0,경상사고,0,0,1,0,60,남,15년이상,,승용,사업용,화물,진입회전사고,맑음,심야,차대차,측면직각충돌,안전거리미확보,특별광역시도,돈암1동주민센터부근,37.6035174,127.0263659,성북구,
2018,10,9,화요일,10,경상사고,0,0,2,0,32,남,15년미만,,승용,비사업용,승용,일직선사고,맑음,주간,차대차,추돌(진행중),안전운전불이행,특별광역시도,돈암1동주민센터부근,37.6035174,127.0263659,성북구,
2018,12,13,목요일,13,사망사고,1,1,0,0,67,남,15년이상,0,승용,비사업용,기타,단독사고,맑음,주간,차량단독,공작물추돌,안전운전불이행,특별광역시도,돈암1동주민센터부근,37.6035174,127.0263659,성북구,
2019,2,20,수요일,7,경상사고,0,0,1,0,47,남,15년이상,,승용,비사업용,승용,진입회전사고,맑음,출퇴근,차대차,측면직각충돌,신호위반,특별광역시도,돈암1동주민센터부근,37.6035174,127.0263659,성북구,
2019,3,27,수요일,1,부상사고,0,0,0,1,61,남,15년이상,,승용,사업용,승합,진입회전사고,맑음,심야,차대차,측면직각충돌,직진우회전진행방해,특별광역시도,돈암1동주민센터부근,37.6035174,127.0263659,성북구,
2019,3,18,월요일,5,경상사고,0,0,2,0,65,남,15년이상,,승용,사업용,승용,진입회전사고,맑음,새벽,차대차,측면직각충돌,안전운전불이행,특별광역시도,돈암1동주민센터부근,37.6035174,127.0263659,성북구,
2019,3,10,일요일,18,경상사고,0,0,2,0,47,남,15년이상,,승용,비사업용,승용,진입회전사고,맑음,출퇴근,차대차,측면직각충돌,안전운전불이행,특별광역시도,돈암1동주민센터부근,37.6035174,127.0263659,성북구,
2019,4,10,수요일,11,경상사고,0,0,1,0,42,남,15년이상,,승용,사업용,승용,일직선사고,비,주간,차대차,추돌(진행중),안전거리미확보,특별광역시도,돈암1동주민센터부근,37.6035174,127.0263659,성북구,
2019,4,21,일요일,12,경상사고,0,0,2,0,22,남,5년미만,,승용,사업용,승용,진입회전사고,맑음,주간,차대차,측면직각충돌,안전운전불이행,특별광역시도,돈암1동주민센터부근,37.6035174,127.0263659,성북구,
2019,4,3,수요일,17,경상사고,0,0,1,0,61,남,15년이상,,승용,사업용,승용,진입회전사고,맑음,주간,차대차,측면직각충돌,중앙선침범,특별광역시도,돈암1동주민센터부근,37.6035174,127.0263659,성북구,
2019,4,18,목요일,19,경상사고,0,0,1,0,65,남,15년이상,,승합,비사업용,승합,기타사고,맑음,출퇴근,차대차,차대차-기타,교차로운행방법위반,특별광역시도,돈암1동주민센터부근,37.6035174,127.0263659,성북구,
2019,6,12,수요일,4,경상사고,0,0,1,0,67,남,15년이상,,승용,사업용,승용,진입회전사고,맑음,심야,차대차,측면직각충돌,신호위반,특별광역시도,돈암1동주민센터부근,37.6035174,127.0263659,성북구,
2019,6,29,토요일,16,경상사고,0,0,1,0,51,여,15년미만,,승용,사업용,이륜,진입회전사고,맑음,주간,차대차,측면직각충돌,안전운전불이행,특별광역시도,돈암1동주민센터부근,37.6035174,127.0263659,성북구,
2019,6,21,금요일,17,경상사고,0,0,1,0,57,여,15년이상,,승합,비사업용,승합,기타사고,맑음,주간,차대차,차대차-기타,안전운전불이행,특별광역시도,돈암1동주민센터부근,37.6035174,127.0263659,성북구,
2019,9,12,목요일,19,경상사고,0,0,1,0,51,남,15년이상,,승용,비사업용,승용,진입회전사고,흐림,출퇴근,차대차,측면직각충돌,신호위반,특별광역시도,돈암1동주민센터부근,37.6035174,127.0263659,성북구,
2019,10,23,수요일,23,경상사고,0,0,1,1,27,남,15년이상,,승용,비사업용,이륜,일직선사고,맑음,심야,차대차,추돌(진행중),안전운전불이행,특별광역시도,돈암1동주민센터부근,37.6035174,127.0263659,성북구,
2019,11,28,목요일,0,경상사고,0,0,1,0,41,남,15년미만,,승용,비사업용,승용,일직선사고,맑음,심야,차대차,추돌(진행중),안전운전불이행,특별광역시도,돈암1동주민센터부근,37.6035174,127.0263659,성북구,
2019,11,2,토요일,14,경상사고,0,0,1,0,55,여,1년미만,,승용,비사업용,승용,진입회전사고,맑음,주간,차대차,측면직각충돌,안전운전불이행,특별광역시도,돈암1동주민센터부근,37.6035174,127.0263659,성북구,
2019,11,5,화요일,22,중상사고,0,1,0,0,37,남,15년이상,,승용,비사업용,승용,진입회전사고,맑음,심야,차대차,측면직각충돌,교차로운행방법위반,특별광역시도,돈암1동주민센터부근,37.6035174,127.0263659,성북구,
2019,12,7,토요일,7,경상사고,0,0,1,0,51,남,15년이상,,건설기계,사업용,건설기계,진입회전사고,맑음,출퇴근,차대차,측면직각충돌,안전거리미확보,특별광역시도,돈암1동주민센터부근,37.6035174,127.0263659,성북구,
2019,12,15,일요일,15,경상사고,0,0,1,0,58,남,15년이상,,승용,비사업용,이륜,진입회전사고,맑음,주간,차대차,차대차-기타,신호위반,특별광역시도,돈암1동주민센터부근,37.6035174,127.0263659,성북구,
2019,12,11,수요일,19,경상사고,0,0,1,0,62,여,15년이상,,승용,비사업용,승용,진입회전사고,흐림,출퇴근,차대차,측면직각충돌,교차로운행방법위반,특별광역시도,돈암1동주민센터부근,37.6035174,127.0263659,성북구,
2017,3,9,목요일,21,부상사고,0,0,0,1,66,남,15년이상,,승용,비사업용,이륜,일직선사고,맑음,심야,차대차,추돌(진행중),안전운전불이행,특별광역시도,돈암1동주민센터앞,37.6035174,127.0263659,성북구,
2017,3,22,수요일,23,경상사고,0,0,2,0,28,남,4년미만,,승용,사업용,승합,기타사고,맑음,심야,차대차,차대차-기타,안전운전불이행,특별광역시도,돈암1동주민센터앞,37.6035174,127.0263659,성북구,
2017,4,15,토요일,11,중상사고,0,1,0,0,51,남,15년이상,,승용,비사업용,보행자,보행횡단사고,맑음,주간,차대사람,횡단중,보행자보호의무위반,특별광역시도,돈암1동주민센터앞,37.6035174,127.0263659,성북구,
2017,6,12,월요일,8,중상사고,0,1,0,0,66,남,15년이상,,승용,사업용,자전거,진입회전사고,맑음,출퇴근,차대차,측면직각충돌,데이터없음,특별광역시도,돈암1동주민센터앞,37.6035174,127.0263659,성북구,
2017,6,10,토요일,19,중상사고,0,1,0,0,58,남,15년이상,,승용,비사업용,이륜,기타사고,맑음,출퇴근,차대차,차대차-기타,데이터없음,특별광역시도,돈암1동주민센터앞,37.6035174,127.0263659,성북구,
2017,7,22,토요일,6,경상사고,0,0,1,0,59,남,15년이상,,승합,사업용,이륜,진입회전사고,비,새벽,차대차,측면직각충돌,신호위반,특별광역시도,돈암1동주민센터앞,37.6035174,127.0263659,성북구,
2017,7,31,월요일,8,경상사고,0,0,1,0,36,남,15년미만,,승용,비사업용,이륜,진입회전사고,비,출퇴근,차대차,측면직각충돌,신호위반,특별광역시도,돈암1동주민센터앞,37.6035174,127.0263659,성북구,
2017,9,23,토요일,0,경상사고,0,0,1,0,57,남,15년이상,,승용,사업용,승용,일직선사고,맑음,심야,차대차,추돌(진행중),안전운전불이행,특별광역시도,돈암1동주민센터앞,37.6035174,127.0263659,성북구,
2017,9,20,수요일,21,경상사고,0,0,1,0,50,여,15년이상,,승용,비사업용,화물,진입회전사고,맑음,심야,차대차,측면직각충돌,교차로운행방법위반,특별광역시도,돈암1동주민센터앞,37.6035174,127.0263659,성북구,
2017,10,18,수요일,10,경상사고,0,0,1,0,불명,불명,데이터오류,,기타,데이터오류,기타,기타사고,맑음,주간,차대차,차대차-기타,안전운전불이행,특별광역시도,돈암1동주민센터앞,37.6035174,127.0263659,성북구,
2017,10,16,월요일,14,경상사고,0,0,1,0,29,남,15년이상,,이륜,기타,이륜,진입회전사고,맑음,주간,차대차,측면직각충돌,안전운전불이행,특별광역시도,돈암1동주민센터앞,37.6035174,127.0263659,성북구,
2017,10,11,수요일,18,경상사고,0,0,1,0,38,남,15년이상,,승용,비사업용,이륜,진입회전사고,맑음,출퇴근,차대차,측면직각충돌,신호위반,특별광역시도,돈암1동주민센터앞,37.6035174,127.0263659,성북구,
2017,10,9,월요일,21,중상사고,0,1,0,0,28,남,15년이상,,승용,비사업용,이륜,진입회전사고,맑음,심야,차대차,측면직각충돌,차로위반,특별광역시도,돈암1동주민센터앞,37.6035174,127.0263659,성북구,
2017,11,5,일요일,8,경상사고,0,0,1,0,44,여,15년이상,,승용,비사업용,보행자,보행횡단사고,맑음,출퇴근,차대사람,횡단중,안전운전불이행,특별광역시도,돈암1동주민센터앞,37.6035174,127.0263659,성북구,
2017,11,21,화요일,12,경상사고,0,0,3,0,56,남,15년이상,,승합,사업용,승합,일직선사고,맑음,주간,차대차,추돌(진행중),안전거리미확보,특별광역시도,돈암1동주민센터앞,37.6035174,127.0263659,성북구,
2017,11,15,수요일,16,경상사고,0,0,1,0,43,남,15년이상,0,승용,비사업용,승용,진입회전사고,맑음,주간,차대차,측면직각충돌,교차로운행방법위반,특별광역시도,돈암1동주민센터앞,37.6035174,127.0263659,성북구,
2017,12,6,수요일,15,경상사고,0,0,1,0,불명,불명,데이터오류,,기타,데이터오류,기타,기타사고,맑음,주간,차대차,차대차-기타,데이터없음,특별광역시도,돈암1동주민센터앞,37.6035174,127.0263659,성북구,
2018,1,6,토요일,1,경상사고,0,0,1,0,56,남,15년이상,,승용,사업용,보행자,보행횡단사고,맑음,심야,차대사람,횡단중,안전운전불이행,특별광역시도,돈암1동주민센터앞,37.6035174,127.0263659,성북구,
2018,1,13,토요일,3,중상사고,0,1,2,0,22,여,15년이상,,승용,사업용,승용,진입회전사고,흐림,심야,차대차,측면직각충돌,안전운전불이행,특별광역시도,돈암1동주민센터앞,37.6035174,127.0263659,성북구,
2018,1,3,수요일,13,중상사고,0,1,0,0,60,남,15년이상,,승용,사업용,이륜,진입회전사고,맑음,주간,차대차,측면직각충돌,신호위반,특별광역시도,돈암1동주민센터앞,37.6035174,127.0263659,성북구,
2018,1,13,토요일,16,중상사고,0,1,0,0,67,남,15년이상,,승용,사업용,원동기,기타사고,맑음,주간,차대차,차대차-기타,안전운전불이행,특별광역시도,돈암1동주민센터앞,37.6035174,127.0263659,성북구,
2018,2,19,월요일,15,중상사고,0,1,1,0,60,남,15년이상,,원동기,기타,원동기,진입회전사고,맑음,주간,차대차,측면직각충돌,신호위반,특별광역시도,돈암1동주민센터앞,37.6035174,127.0263659,성북구,
2018,2,4,일요일,20,중상사고,0,1,0,0,64,남,15년이상,,승용,사업용,이륜,진입회전사고,맑음,출퇴근,차대차,측면직각충돌,신호위반,특별광역시도,돈암1동주민센터앞,37.6035174,127.0263659,성북구,
2018,3,30,금요일,7,경상사고,0,0,1,0,63,남,15년이상,,승용,사업용,승용,진입회전사고,맑음,출퇴근,차대차,측면직각충돌,신호위반,특별광역시도,돈암1동주민센터앞,37.6035174,127.0263659,성북구,
2018,3,2,금요일,13,경상사고,0,0,1,0,61,남,15년미만,,승용,사업용,승용,진입회전사고,맑음,주간,차대차,측면직각충돌,안전운전불이행,특별광역시도,돈암1동주민센터앞,37.6035174,127.0263659,성북구,
2018,3,8,목요일,17,경상사고,0,0,1,0,38,남,15년이상,,이륜,기타,이륜,진입회전사고,맑음,주간,차대차,측면직각충돌,교차로운행방법위반,특별광역시도,돈암1동주민센터앞,37.6035174,127.0263659,성북구,
2018,4,16,월요일,8,경상사고,0,0,1,0,61,남,15년이상,,승용,사업용,이륜,진입회전사고,맑음,출퇴근,차대차,측면직각충돌,안전운전불이행,특별광역시도,돈암1동주민센터앞,37.6035174,127.0263659,성북구,
2018,4,22,일요일,20,경상사고,0,0,2,0,39,남,15년이상,,승용,비사업용,승용,진입회전사고,비,출퇴근,차대차,측면직각충돌,교차로운행방법위반,특별광역시도,돈암1동주민센터앞,37.6035174,127.0263659,성북구,
2018,5,8,화요일,5,경상사고,0,0,2,0,69,남,15년이상,,승용,사업용,승용,진입회전사고,맑음,새벽,차대차,측면직각충돌,안전운전불이행,특별광역시도,돈암1동주민센터앞,37.6035174,127.0263659,성북구,
2018,5,28,월요일,19,중상사고,0,1,0,0,63,남,15년이상,,승용,사업용,원동기,진입회전사고,맑음,출퇴근,차대차,측면직각충돌,안전운전불이행,특별광역시도,돈암1동주민센터앞,37.6035174,127.0263659,성북구,
2018,5,22,화요일,22,경상사고,0,0,1,0,39,남,15년이상,,승용,비사업용,승용,일직선사고,비,심야,차대차,추돌(진행중),안전운전불이행,특별광역시도,돈암1동주민센터앞,37.6035174,127.0263659,성북구,
2018,6,30,토요일,8,경상사고,0,0,1,0,39,여,15년이상,,승용,비사업용,보행자,보행횡단사고,맑음,출퇴근,차대사람,횡단중,보행자보호의무위반,특별광역시도,돈암1동주민센터앞,37.6035174,127.0263659,성북구,
2018,6,14,목요일,16,경상사고,0,0,1,0,70,남,15년이상,,승용,사업용,승용,일직선사고,맑음,주간,차대차,추돌(진행중),안전운전불이행,특별광역시도,돈암1동주민센터앞,37.6035174,127.0263659,성북구,
2018,7,30,월요일,10,경상사고,0,0,1,0,61,남,15년이상,,승용,사업용,승용,기타사고,맑음,주간,차대차,차대차-기타,안전운전불이행,특별광역시도,돈암1동주민센터앞,37.6035174,127.0263659,성북구,
2018,8,7,화요일,9,경상사고,0,0,1,0,23,남,15년이상,,이륜,기타,이륜,진입회전사고,맑음,주간,차대차,측면직각충돌,신호위반,특별광역시도,돈암1동주민센터앞,37.6035174,127.0263659,성북구,
2018,8,19,일요일,19,경상사고,0,0,1,0,51,남,15년이상,,승합,사업용,이륜,진입회전사고,맑음,출퇴근,차대차,측면직각충돌,안전운전불이행,특별광역시도,돈암1동주민센터앞,37.6035174,127.0263659,성북구,
2018,8,19,일요일,20,부상사고,0,0,0,1,51,남,15년이상,,승합,사업용,이륜,진입회전사고,맑음,출퇴근,차대차,측면직각충돌,안전운전불이행,특별광역시도,돈암1동주민센터앞,37.6035174,127.0263659,성북구,
2018,9,28,금요일,18,경상사고,0,0,1,0,42,여,15년이상,,승용,사업용,이륜,진입회전사고,맑음,출퇴근,차대차,측면직각충돌,신호위반,특별광역시도,돈암1동주민센터앞,37.6035174,127.0263659,성북구,
2018,10,24,수요일,6,중상사고,0,1,1,0,75,남,15년이상,,승용,사업용,승용,진입회전사고,맑음,새벽,차대차,측면직각충돌,신호위반,특별광역시도,돈암1동주민센터앞,37.6035174,127.0263659,성북구,
2018,10,27,토요일,16,경상사고,0,0,1,0,30,남,15년이상,,승용,비사업용,이륜,진입회전사고,맑음,주간,차대차,측면직각충돌,신호위반,특별광역시도,돈암1동주민센터앞,37.6035174,127.0263659,성북구,
2018,10,11,목요일,20,경상사고,0,0,3,0,65,남,15년이상,,승용,사업용,승용,진입회전사고,맑음,출퇴근,차대차,측면직각충돌,안전운전불이행,특별광역시도,돈암1동주민센터앞,37.6035174,127.0263659,성북구,
2018,12,3,월요일,20,중상사고,0,1,1,0,49,남,15년이상,,승용,사업용,승용,진입회전사고,비,출퇴근,차대차,측면직각충돌,안전운전불이행,특별광역시도,돈암1동주민센터앞,37.6035174,127.0263659,성북구,
2019,1,14,월요일,1,중상사고,0,1,0,0,35,여,15년이상,,승용,비사업용,원동기,진입회전사고,맑음,심야,차대차,측면직각충돌,신호위반,특별광역시도,돈암1동주민센터앞,37.6035174,127.0263659,성북구,
2019,1,25,금요일,12,경상사고,0,0,1,0,55,남,15년이상,,승용,비사업용,승용,진입회전사고,맑음,주간,차대차,측면직각충돌,안전거리미확보,특별광역시도,돈암1동주민센터앞,37.6035174,127.0263659,성북구,
2019,1,24,목요일,14,부상사고,0,0,0,1,63,남,15년이상,,승용,비사업용,원동기,진입회전사고,맑음,주간,차대차,측면직각충돌,안전거리미확보,특별광역시도,돈암1동주민센터앞,37.6035174,127.0263659,성북구,
2019,2,10,일요일,8,경상사고,0,0,1,0,33,남,15년이상,,승용,비사업용,보행자,기타사고,맑음,출퇴근,차대사람,차대사람-기타,안전운전불이행,특별광역시도,돈암1동주민센터앞,37.6035174,127.0263659,성북구,
2019,2,7,목요일,18,경상사고,0,0,1,0,50,남,15년이상,,승용,비사업용,승용,진입회전사고,맑음,출퇴근,차대차,측면직각충돌,안전운전불이행,특별광역시도,돈암1동주민센터앞,37.6035174,127.0263659,성북구,
2019,3,6,수요일,0,경상사고,0,0,3,0,65,남,15년이상,,승용,비사업용,승용,진입회전사고,맑음,심야,차대차,측면직각충돌,신호위반,특별광역시도,돈암1동주민센터앞,37.6035174,127.0263659,성북구,
2019,3,26,화요일,15,경상사고,0,0,1,0,24,남,15년이상,,승합,비사업용,승합,진입회전사고,맑음,주간,차대차,측면직각충돌,차로위반,특별광역시도,돈암1동주민센터앞,37.6035174,127.0263659,성북구,
2019,5,16,목요일,9,경상사고,0,0,1,0,65,남,15년이상,,승용,사업용,이륜,진입회전사고,맑음,주간,차대차,측면직각충돌,기타,특별광역시도,돈암1동주민센터앞,37.6035174,127.0263659,성북구,
2019,6,23,일요일,1,경상사고,0,0,1,0,37,남,15년이상,0,승용,비사업용,자전거,진입회전사고,맑음,심야,차대차,측면직각충돌,안전운전불이행,특별광역시도,돈암1동주민센터앞,37.6035174,127.0263659,성북구,
2019,6,29,토요일,3,경상사고,0,0,2,0,59,남,15년이상,,승용,사업용,승용,일직선사고,기타,심야,차대차,추돌(진행중),안전거리미확보,특별광역시도,돈암1동주민센터앞,37.6035174,127.0263659,성북구,
2019,6,10,월요일,5,부상사고,0,0,0,1,29,남,15년이상,,승용,비사업용,이륜,진입회전사고,비,새벽,차대차,측면직각충돌,신호위반,특별광역시도,돈암1동주민센터앞,37.6035174,127.0263659,성북구,
2019,6,25,화요일,17,경상사고,0,0,1,0,45,남,15년이상,,승용,비사업용,승용,진입회전사고,맑음,주간,차대차,측면직각충돌,신호위반,특별광역시도,돈암1동주민센터앞,37.6035174,127.0263659,성북구,
2019,7,23,화요일,11,경상사고,0,0,2,0,59,남,15년이상,,건설기계,사업용,건설기계,기타사고,맑음,주간,차대차,차대차-기타,교차로운행방법위반,특별광역시도,돈암1동주민센터앞,37.6035174,127.0263659,성북구,
2019,7,29,월요일,17,경상사고,0,0,1,0,54,남,15년미만,,특수,사업용,특수,일직선사고,맑음,주간,차대차,추돌(진행중),안전운전불이행,특별광역시도,돈암1동주민센터앞,37.6035174,127.0263659,성북구,
2019,8,6,화요일,9,경상사고,0,0,4,0,28,여,10년미만,,승용,비사업용,승용,일직선사고,맑음,주간,차대차,추돌(진행중),안전거리미확보,특별광역시도,돈암1동주민센터앞,37.6035174,127.0263659,성북구,
2019,8,24,토요일,9,중상사고,0,1,0,0,46,남,15년이상,,승합,비사업용,승합,진입회전사고,맑음,주간,차대차,측면직각충돌,안전운전불이행,특별광역시도,돈암1동주민센터앞,37.6035174,127.0263659,성북구,
2019,8,10,토요일,10,경상사고,0,0,1,0,75,남,15년이상,,승용,비사업용,승용,진입회전사고,맑음,주간,차대차,측면직각충돌,안전운전불이행,특별광역시도,돈암1동주민센터앞,37.6035174,127.0263659,성북구,
2019,8,16,금요일,21,중상사고,0,1,0,0,43,남,4년미만,,이륜,데이터오류,기타,기타사고,맑음,심야,차량단독,차량단독-기타,안전운전불이행,특별광역시도,돈암1동주민센터앞,37.6035174,127.0263659,성북구,
2019,8,1,목요일,23,부상사고,0,0,0,1,32,여,15년이상,,승용,비사업용,이륜,진입회전사고,비,심야,차대차,측면직각충돌,안전운전불이행,특별광역시도,돈암1동주민센터앞,37.6035174,127.0263659,성북구,
2019,10,14,월요일,11,경상사고,0,0,1,0,44,남,15년이상,,승용,사업용,이륜,진입회전사고,맑음,주간,차대차,차대차-기타,신호위반,특별광역시도,돈암1동주민센터앞,37.6035174,127.0263659,성북구,
2019,10,9,수요일,14,경상사고,0,0,1,0,26,남,10년미만,,승용,비사업용,이륜,일직선사고,맑음,주간,차대차,추돌(진행중),안전거리미확보,특별광역시도,돈암1동주민센터앞,37.6035174,127.0263659,성북구,
2019,10,10,목요일,14,경상사고,0,0,1,0,62,여,15년이상,,승용,비사업용,승용,진입회전사고,맑음,주간,차대차,측면직각충돌,교차로운행방법위반,특별광역시도,돈암1동주민센터앞,37.6035174,127.0263659,성북구,
2019,10,8,화요일,20,경상사고,0,0,1,0,32,남,15년미만,,화물,비사업용,화물,진입회전사고,맑음,출퇴근,차대차,측면직각충돌,안전운전불이행,특별광역시도,돈암1동주민센터앞,37.6035174,127.0263659,성북구,
2019,11,8,금요일,8,중상사고,0,1,0,0,34,남,15년이상,,화물,사업용,이륜,진입회전사고,맑음,출퇴근,차대차,측면직각충돌,신호위반,특별광역시도,돈암1동주민센터앞,37.6035174,127.0263659,성북구,
2019,11,30,토요일,19,경상사고,0,0,1,0,43,남,15년이상,,승용,비사업용,이륜,진입회전사고,맑음,출퇴근,차대차,측면직각충돌,안전운전불이행,특별광역시도,돈암1동주민센터앞,37.6035174,127.0263659,성북구,
2019,11,1,금요일,20,경상사고,0,0,1,0,43,남,15년이상,,승용,비사업용,승용,진입회전사고,맑음,출퇴근,차대차,측면직각충돌,교차로운행방법위반,특별광역시도,돈암1동주민센터앞,37.6035174,127.0263659,성북구,
2019,12,1,일요일,4,경상사고,0,0,2,1,57,남,15년이상,,승용,사업용,이륜,진입회전사고,맑음,심야,차대차,측면직각충돌,신호위반,특별광역시도,돈암1동주민센터앞,37.6035174,127.0263659,성북구,
2019,12,15,일요일,9,경상사고,0,0,2,0,61,남,15년이상,,승용,비사업용,승용,일직선사고,맑음,주간,차대차,추돌(진행중),안전운전불이행,특별광역시도,돈암1동주민센터앞,37.6035174,127.0263659,성북구,
2017,2,26,일요일,8,경상사고,0,0,1,0,41,남,10년미만,,건설기계,사업용,건설기계,진입회전사고,맑음,출퇴근,차대차,정면충돌,신호위반,특별광역시도,보문역사거리,37.585331,127.019391,성북구,
2017,4,22,토요일,2,경상사고,0,0,1,0,51,남,15년이상,,승용,사업용,이륜,진입회전사고,맑음,심야,차대차,측면직각충돌,안전운전불이행,특별광역시도,보문역사거리,37.585331,127.019391,성북구,
2017,4,8,토요일,10,경상사고,0,0,1,0,46,남,15년이상,,승용,비사업용,원동기,일직선사고,맑음,주간,차대차,추돌(진행중),안전운전불이행,특별광역시도,보문역사거리,37.585331,127.019391,성북구,
2017,5,9,화요일,9,경상사고,0,0,1,0,64,남,15년이상,,승용,사업용,원동기,진입회전사고,맑음,주간,차대차,측면직각충돌,안전거리미확보,특별광역시도,보문역사거리,37.585331,127.019391,성북구,
2017,5,26,금요일,18,경상사고,0,0,1,0,29,남,데이터오류,,자전거,기타,보행자,보행횡단사고,맑음,출퇴근,차대사람,보도통행중,데이터없음,특별광역시도,보문역사거리,37.585331,127.019391,성북구,
2017,5,12,금요일,23,경상사고,0,0,3,0,63,남,15년이상,,승용,사업용,승용,일직선사고,맑음,심야,차대차,정면충돌,안전운전불이행,특별광역시도,보문역사거리,37.585331,127.019391,성북구,
2017,6,13,화요일,3,경상사고,0,0,1,0,56,남,15년미만,0,이륜,기타,기타,단독사고,맑음,심야,차량단독,공작물추돌,안전운전불이행,특별광역시도,보문역사거리,37.585331,127.019391,성북구,
2017,9,27,수요일,21,부상사고,0,0,0,1,40,남,15년이상,,승용,비사업용,원동기,진입회전사고,맑음,심야,차대차,측면직각충돌,신호위반,특별광역시도,보문역사거리,37.585331,127.019391,성북구,
2018,1,25,목요일,16,중상사고,0,1,1,0,69,남,15년이상,,승용,비사업용,승용,진입회전사고,맑음,주간,차대차,정면충돌,신호위반,특별광역시도,보문역사거리,37.585331,127.019391,성북구,
2018,2,28,수요일,21,중상사고,0,1,0,0,34,남,15년이상,,승용,비사업용,보행자,보행횡단사고,비,심야,차대사람,횡단중,안전운전불이행,특별광역시도,보문역사거리,37.585331,127.019391,성북구,
2018,3,17,토요일,3,경상사고,0,0,2,0,62,남,1년미만,0,승용,비사업용,승용,진입회전사고,맑음,심야,차대차,측면직각충돌,안전운전불이행,특별광역시도,보문역사거리,37.585331,127.019391,성북구,
2018,3,4,일요일,22,경상사고,0,0,3,0,72,남,15년이상,,승용,사업용,승용,진입회전사고,비,심야,차대차,측면직각충돌,신호위반,특별광역시도,보문역사거리,37.585331,127.019391,성북구,
2018,4,16,월요일,2,경상사고,0,0,2,0,57,남,15년이상,,승용,사업용,승용,일직선사고,맑음,심야,차대차,추돌(진행중),안전거리미확보,특별광역시도,보문역사거리,37.585331,127.019391,성북구,