년도,월,일,요일,시각,사고등급,사망자수,중상자수,경상자수,부상자수,연령,성별,경력,음주,종별,용도,관련자2,사고형태,기상상태,일광상태,사고유형1,사고유형2,법규위반,도로종류,지점명,위도,경도,자치구,
2017,9,12,화요일,16,경상사고,0,0,1,0,41,남,15년이상,,승용,비사업용,승용,진입회전사고,맑음,주간,차대차,측면직각충돌,차로위반,특별광역시도,성북구청입구,37.5917546,127.0132154,성북구,
2017,9,4,월요일,19,경상사고,0,0,1,0,50,여,15년이상,,승용,비사업용,원동기,진입회전사고,맑음,출퇴근,차대차,측면직각충돌,안전운전불이행,특별광역시도,성북구청입구,37.5917546,127.0132154,성북구,
2017,9,25,월요일,20,중상사고,0,1,0,0,53,남,15년이상,,승용,비사업용,원동기,일직선사고,맑음,출퇴근,차대차,추돌(진행중),안전거리미확보,특별광역시도,성북구청입구,37.5917546,127.0132154,성북구,
2017,11,5,일요일,19,중상사고,0,3,3,0,24,남,15년이상,,승용,비사업용,승합,진입회전사고,맑음,출퇴근,차대차,측면직각충돌,차로위반,특별광역시도,성북구청입구,37.5917546,127.0132154,성북구,
2018,1,23,화요일,9,경상사고,0,0,1,0,54,남,15년이상,,승합,사업용,이륜,진입회전사고,맑음,주간,차대차,차대차-기타,신호위반,특별광역시도,성북구청입구,37.5917546,127.0132154,성북구,
2018,3,23,금요일,13,중상사고,0,1,0,0,26,남,15년이상,,승용,비사업용,승용,일직선사고,맑음,주간,차대차,추돌(진행중),안전거리미확보,특별광역시도,성북구청입구,37.5917546,127.0132154,성북구,
2018,4,19,목요일,8,경상사고,0,0,1,0,38,남,15년이상,,승용,비사업용,보행자,진입회전사고,맑음,출퇴근,차대사람,횡단중,신호위반,특별광역시도,성북구청입구,37.5917546,127.0132154,성북구,
2018,6,7,목요일,7,경상사고,0,0,1,0,30,남,10년미만,,이륜,기타,보행자,기타사고,맑음,출퇴근,차대사람,차대사람-기타,안전운전불이행,특별광역시도,성북구청입구,37.5917546,127.0132154,성북구,
2018,8,19,일요일,13,경상사고,0,0,1,0,73,남,15년이상,,승용,사업용,승용,기타사고,맑음,주간,차대차,차대차-기타,안전거리미확보,특별광역시도,성북구청입구,37.5917546,127.0132154,성북구,
2018,9,13,목요일,11,경상사고,0,0,1,0,50,남,15년이상,,승용,비사업용,이륜,진입회전사고,맑음,주간,차대차,측면직각충돌,신호위반,특별광역시도,성북구청입구,37.5917546,127.0132154,성북구,
2018,9,6,목요일,22,중상사고,0,2,2,0,71,남,15년이상,,승용,사업용,승용,진입회전사고,흐림,심야,차대차,측면직각충돌,안전거리미확보,특별광역시도,성북구청입구,37.5917546,127.0132154,성북구,
2018,9,10,월요일,23,중상사고,0,1,2,1,58,남,15년이상,,승합,사업용,이륜,진입회전사고,맑음,심야,차대차,측면직각충돌,신호위반,특별광역시도,성북구청입구,37.5917546,127.0132154,성북구,
2018,10,3,수요일,15,경상사고,0,0,1,0,82,남,15년이상,,승용,비사업용,보행자,기타사고,맑음,주간,차대사람,길가장자리구역통행중,안전운전불이행,특별광역시도,성북구청입구,37.5917546,127.0132154,성북구,
2018,11,8,목요일,14,경상사고,0,0,2,0,52,여,10년미만,,승용,비사업용,승합,진입회전사고,맑음,주간,차대차,측면직각충돌,신호위반,특별광역시도,성북구청입구,37.5917546,127.0132154,성북구,
2019,2,28,목요일,16,경상사고,0,0,1,0,47,남,15년이상,,승용,비사업용,승합,진입회전사고,맑음,주간,차대차,측면직각충돌,안전운전불이행,특별광역시도,성북구청입구,37.5917546,127.0132154,성북구,
2019,4,20,토요일,3,경상사고,0,0,1,0,64,남,15년이상,,승용,사업용,승용,일직선사고,맑음,심야,차대차,추돌(진행중),안전운전불이행,특별광역시도,성북구청입구,37.5917546,127.0132154,성북구,
2019,4,5,금요일,11,경상사고,0,0,1,0,51,남,15년이상,,승합,사업용,기타,기타사고,맑음,주간,차량단독,차량단독-기타,안전운전불이행,특별광역시도,성북구청입구,37.5917546,127.0132154,성북구,
2019,5,18,토요일,14,중상사고,0,1,1,0,23,남,5년미만,,화물,비사업용,화물,일직선사고,맑음,주간,차대차,추돌(진행중),안전거리미확보,특별광역시도,성북구청입구,37.5917546,127.0132154,성북구,
2019,5,25,토요일,14,경상사고,0,0,3,0,46,남,15년이상,,승용,사업용,승합,진입회전사고,맑음,주간,차대차,측면직각충돌,신호위반,특별광역시도,성북구청입구,37.5917546,127.0132154,성북구,
2019,6,28,금요일,18,경상사고,0,0,1,0,78,남,15년이상,,승용,사업용,이륜,진입회전사고,흐림,출퇴근,차대차,측면직각충돌,교차로운행방법위반,특별광역시도,성북구청입구,37.5917546,127.0132154,성북구,
2019,8,28,수요일,0,경상사고,0,0,2,1,55,남,15년이상,,화물,비사업용,화물,진입회전사고,맑음,심야,차대차,측면직각충돌,신호위반,특별광역시도,성북구청입구,37.5917546,127.0132154,성북구,
2019,8,31,토요일,11,경상사고,0,0,1,0,31,남,10년미만,,승용,비사업용,승용,진입회전사고,맑음,주간,차대차,측면직각충돌,직진우회전진행방해,특별광역시도,성북구청입구,37.5917546,127.0132154,성북구,
2019,9,17,화요일,16,중상사고,0,1,0,0,25,여,15년이상,,승용,비사업용,자전거,진입회전사고,맑음,주간,차대차,측면직각충돌,안전운전불이행,특별광역시도,성북구청입구,37.5917546,127.0132154,성북구,
2019,9,26,목요일,18,경상사고,0,0,1,0,69,남,15년이상,,승용,사업용,이륜,진입회전사고,맑음,출퇴근,차대차,측면직각충돌,신호위반,특별광역시도,성북구청입구,37.5917546,127.0132154,성북구,
2019,9,30,월요일,18,경상사고,0,0,1,0,50,남,15년이상,,승용,사업용,승용,진입회전사고,맑음,출퇴근,차대차,측면직각충돌,안전거리미확보,특별광역시도,성북구청입구,37.5917546,127.0132154,성북구,
2019,10,4,금요일,22,중상사고,0,1,0,0,35,남,15년이상,,승합,사업용,이륜,진입회전사고,맑음,심야,차대차,측면직각충돌,신호위반,특별광역시도,성북구청입구,37.5917546,127.0132154,성북구,
2019,11,17,일요일,23,경상사고,0,0,1,0,39,남,15년이상,,승합,사업용,이륜,진입회전사고,비,심야,차대차,측면직각충돌,신호위반,특별광역시도,성북구청입구,37.5917546,127.0132154,성북구,
2019,12,23,월요일,0,경상사고,0,0,1,0,29,남,15년이상,,승합,사업용,이륜,일직선사고,비,심야,차대차,추돌(진행중),안전운전불이행,특별광역시도,성북구청입구,37.5917546,127.0132154,성북구,
2019,12,27,금요일,8,경상사고,0,0,1,0,71,남,15년이상,,승용,비사업용,보행자,보행횡단사고,맑음,출퇴근,차대사람,횡단중,중앙선침범,특별광역시도,성북구청입구,37.5917546,127.0132154,성북구,
2017,2,26,일요일,17,경상사고,0,0,1,0,49,남,15년이상,,승용,비사업용,보행자,보행횡단사고,맑음,주간,차대사람,횡단중,안전운전불이행,특별광역시도,성북우체국부근,37.607281,127.029324,성북구,
2017,3,19,일요일,17,중상사고,0,1,0,0,45,남,15년이상,,승용,비사업용,보행자,보행횡단사고,맑음,주간,차대사람,횡단중,안전운전불이행,특별광역시도,성북우체국부근,37.607281,127.029324,성북구,
2017,5,28,일요일,8,경상사고,0,0,1,0,31,남,15년이상,0,승용,비사업용,승용,일직선사고,맑음,출퇴근,차대차,추돌(진행중),안전운전불이행,특별광역시도,성북우체국부근,37.607281,127.029324,성북구,
2017,5,27,토요일,19,경상사고,0,0,1,0,15,남,15년이상,,자전거,기타,보행자,진입회전사고,맑음,출퇴근,차대사람,횡단중,신호위반,특별광역시도,성북우체국부근,37.607281,127.029324,성북구,
2017,6,14,수요일,17,부상사고,0,0,0,1,47,여,15년이상,,승용,비사업용,자전거,진입회전사고,맑음,주간,차대차,측면직각충돌,안전운전불이행,특별광역시도,성북우체국부근,37.607281,127.029324,성북구,
2017,7,1,토요일,0,중상사고,0,1,0,0,47,남,15년이상,,승합,사업용,보행자,보행횡단사고,맑음,심야,차대사람,횡단중,안전운전불이행,특별광역시도,성북우체국부근,37.607281,127.029324,성북구,
2017,10,16,월요일,0,중상사고,0,1,1,0,33,남,15년이상,,승용,비사업용,이륜,기타사고,맑음,심야,차대차,차대차-기타,안전거리미확보,특별광역시도,성북우체국부근,37.607281,127.029324,성북구,
2017,10,7,토요일,2,중상사고,0,1,0,0,63,남,15년이상,,승용,사업용,보행자,보행횡단사고,흐림,심야,차대사람,횡단중,안전운전불이행,특별광역시도,성북우체국부근,37.607281,127.029324,성북구,
2017,10,21,토요일,14,중상사고,0,1,0,0,불명,불명,데이터오류,,기타,데이터오류,기타,기타사고,맑음,주간,차대사람,차대사람-기타,안전운전불이행,특별광역시도,성북우체국부근,37.607281,127.029324,성북구,
2017,11,6,월요일,9,경상사고,0,0,1,0,52,남,15년이상,,화물,사업용,보행자,보행횡단사고,맑음,주간,차대사람,보도통행중,데이터없음,특별광역시도,성북우체국부근,37.607281,127.029324,성북구,
2017,12,23,토요일,1,중상사고,0,1,1,0,62,남,15년이상,,승용,사업용,보행자,보행횡단사고,맑음,심야,차대사람,보도통행중,차로위반,특별광역시도,성북우체국부근,37.607281,127.029324,성북구,
2017,12,4,월요일,14,경상사고,0,0,1,0,65,남,15년이상,,승용,사업용,이륜,일직선사고,맑음,주간,차대차,추돌(진행중),안전거리미확보,특별광역시도,성북우체국부근,37.607281,127.029324,성북구,
2017,12,19,화요일,15,경상사고,0,0,1,0,48,남,15년이상,,승용,사업용,승용,일직선사고,맑음,주간,차대차,추돌(진행중),안전운전불이행,특별광역시도,성북우체국부근,37.607281,127.029324,성북구,
2018,1,21,일요일,19,중상사고,0,1,0,0,63,남,15년이상,,승합,사업용,보행자,기타사고,맑음,출퇴근,차대사람,차대사람-기타,기타,특별광역시도,성북우체국부근,37.607281,127.029324,성북구,
2018,2,12,월요일,21,중상사고,0,1,0,0,74,남,15년이상,,자전거,기타,보행자,보행횡단사고,흐림,심야,차대사람,보도통행중,기타,특별광역시도,성북우체국부근,37.607281,127.029324,성북구,
2018,4,6,금요일,0,중상사고,0,1,0,0,71,남,15년이상,,승용,사업용,보행자,보행횡단사고,비,심야,차대사람,횡단중,안전운전불이행,특별광역시도,성북우체국부근,37.607281,127.029324,성북구,
2018,6,1,금요일,13,경상사고,0,0,1,0,26,남,10년미만,,승용,비사업용,보행자,보행횡단사고,맑음,주간,차대사람,횡단중,보행자보호의무위반,특별광역시도,성북우체국부근,37.607281,127.029324,성북구,
2018,9,15,토요일,14,경상사고,0,0,1,0,52,남,15년이상,,승합,사업용,승합,진입회전사고,맑음,주간,차대차,측면직각충돌,안전운전불이행,특별광역시도,성북우체국부근,37.607281,127.029324,성북구,
2018,12,14,금요일,10,경상사고,0,0,1,0,40,여,15년이상,,승용,사업용,보행자,기타사고,맑음,주간,차대사람,길가장자리구역통행중,안전운전불이행,특별광역시도,성북우체국부근,37.607281,127.029324,성북구,
2019,1,14,월요일,1,중상사고,0,1,4,0,59,남,15년이상,,승용,사업용,승용,일직선사고,맑음,심야,차대차,추돌(진행중),안전거리미확보,특별광역시도,성북우체국부근,37.607281,127.029324,성북구,
2019,1,29,화요일,3,중상사고,0,1,0,0,24,남,15년이상,0,이륜,데이터오류,보행자,보행횡단사고,맑음,심야,차대사람,횡단중,안전운전불이행,특별광역시도,성북우체국부근,37.607281,127.029324,성북구,
2019,4,30,화요일,19,경상사고,0,0,2,0,36,남,15년미만,,승용,비사업용,승용,진입회전사고,맑음,출퇴근,차대차,측면직각충돌,안전운전불이행,특별광역시도,성북우체국부근,37.607281,127.029324,성북구,
2019,6,11,화요일,23,경상사고,0,0,1,0,25,남,10년미만,0,승용,비사업용,이륜,진입회전사고,맑음,심야,차대차,측면직각충돌,안전거리미확보,특별광역시도,성북우체국부근,37.607281,127.029324,성북구,
2019,7,19,금요일,16,경상사고,0,0,1,0,34,남,15년이상,,승용,비사업용,보행자,진입회전사고,맑음,주간,차대사람,횡단중,신호위반,특별광역시도,성북우체국부근,37.607281,127.029324,성북구,
2019,11,2,토요일,18,중상사고,0,1,0,1,34,남,10년미만,,이륜,데이터오류,이륜,일직선사고,맑음,출퇴근,차대차,차대차-기타,중앙선침범,특별광역시도,성북우체국부근,37.607281,127.029324,성북구,
2019,12,22,일요일,7,중상사고,0,1,0,0,43,남,15년이상,,승용,비사업용,보행자,기타사고,맑음,출퇴근,차대사람,차대사람-기타,안전운전불이행,기타,성북우체국부근,37.607281,127.029324,성북구,
2017,1,12,목요일,0,중상사고,0,1,0,0,41,남,15년이상,,승용,비사업용,보행자,보행횡단사고,맑음,심야,차대사람,횡단중,안전운전불이행,특별광역시도,성신여대입구역부근,37.59272,127.016544,성북구,
2017,1,12,목요일,4,경상사고,0,0,1,0,22,남,5년미만,,승용,비사업용,승용,진입회전사고,맑음,심야,차대차,측면직각충돌,안전운전불이행,특별광역시도,성신여대입구역부근,37.59272,127.016544,성북구,
2017,1,31,화요일,8,경상사고,0,0,2,0,39,남,15년이상,,승용,비사업용,승합,기타사고,맑음,출퇴근,차대차,차대차-기타,안전거리미확보,특별광역시도,성신여대입구역부근,37.59272,127.016544,성북구,
2017,1,26,목요일,18,중상사고,0,1,0,0,26,남,10년미만,,승용,비사업용,보행자,기타사고,맑음,출퇴근,차대사람,차도통행중,안전운전불이행,특별광역시도,성신여대입구역부근,37.59272,127.016544,성북구,
2017,5,11,목요일,4,중상사고,0,1,0,0,56,남,15년이상,,화물,비사업용,보행자,진입회전사고,맑음,심야,차대사람,횡단중,신호위반,특별광역시도,성신여대입구역부근,37.59272,127.016544,성북구,
2017,5,10,수요일,18,중상사고,0,1,0,0,57,남,15년이상,,승합,사업용,기타,기타사고,맑음,출퇴근,차량단독,차량단독-기타,안전운전불이행,특별광역시도,성신여대입구역부근,37.59272,127.016544,성북구,
2017,6,5,월요일,23,경상사고,0,0,1,0,56,남,15년이상,,승합,사업용,기타,진입회전사고,맑음,심야,차대차,측면직각충돌,안전운전불이행,특별광역시도,성신여대입구역부근,37.59272,127.016544,성북구,
2017,9,28,목요일,14,경상사고,0,0,1,0,37,남,5년미만,,승용,비사업용,승용,일직선사고,맑음,주간,차대차,추돌(진행중),안전운전불이행,특별광역시도,성신여대입구역부근,37.59272,127.016544,성북구,
2017,9,9,토요일,20,경상사고,0,0,1,0,44,남,15년이상,,승합,사업용,보행자,보행횡단사고,맑음,출퇴근,차대사람,횡단중,안전운전불이행,특별광역시도,성신여대입구역부근,37.59272,127.016544,성북구,
2017,10,14,토요일,5,중상사고,0,1,0,0,61,남,3년미만,,승용,비사업용,보행자,보행횡단사고,맑음,새벽,차대사람,횡단중,안전운전불이행,특별광역시도,성신여대입구역부근,37.59272,127.016544,성북구,
2017,11,13,월요일,10,중상사고,0,1,0,0,54,남,10년미만,,승용,사업용,보행자,보행횡단사고,흐림,주간,차대사람,횡단중,안전운전불이행,특별광역시도,성신여대입구역부근,37.59272,127.016544,성북구,
2017,12,17,일요일,1,경상사고,0,0,1,0,44,남,15년이상,0,화물,비사업용,화물,진입회전사고,맑음,심야,차대차,측면직각충돌,중앙선침범,특별광역시도,성신여대입구역부근,37.59272,127.016544,성북구,
2017,12,10,일요일,3,중상사고,0,2,0,0,51,남,15년이상,,승용,사업용,이륜,기타사고,맑음,심야,차대차,차대차-기타,안전거리미확보,특별광역시도,성신여대입구역부근,37.59272,127.016544,성북구,
2018,6,13,수요일,3,부상사고,0,0,0,1,67,남,15년이상,,승용,사업용,보행자,보행횡단사고,맑음,심야,차대사람,횡단중,안전운전불이행,특별광역시도,성신여대입구역부근,37.59272,127.016544,성북구,
2018,7,18,수요일,0,경상사고,0,0,1,0,62,남,15년이상,,승용,사업용,이륜,기타사고,맑음,심야,차대차,차대차-기타,기타,특별광역시도,성신여대입구역부근,37.59272,127.016544,성북구,
2018,7,17,화요일,11,경상사고,0,0,1,0,25,남,1년미만,,이륜,기타,보행자,진입회전사고,맑음,주간,차대사람,횡단중,신호위반,특별광역시도,성신여대입구역부근,37.59272,127.016544,성북구,
2018,7,26,목요일,12,중상사고,0,1,0,0,63,남,15년이상,,승용,사업용,이륜,진입회전사고,맑음,주간,차대차,측면직각충돌,기타,특별광역시도,성신여대입구역부근,37.59272,127.016544,성북구,
2018,7,25,수요일,15,중상사고,0,1,1,0,64,남,15년이상,,이륜,기타,보행자,보행횡단사고,맑음,주간,차대사람,횡단중,안전운전불이행,특별광역시도,성신여대입구역부근,37.59272,127.016544,성북구,
2018,9,22,토요일,5,중상사고,0,1,0,0,75,남,15년이상,,승용,사업용,보행자,보행횡단사고,비,새벽,차대사람,횡단중,안전운전불이행,특별광역시도,성신여대입구역부근,37.59272,127.016544,성북구,
2018,10,8,월요일,10,경상사고,0,0,1,0,44,남,15년이상,,승용,비사업용,보행자,보행횡단사고,맑음,주간,차대사람,횡단중,안전운전불이행,특별광역시도,성신여대입구역부근,37.59272,127.016544,성북구,
2018,10,13,토요일,15,경상사고,0,0,1,0,74,남,15년이상,,화물,비사업용,보행자,보행횡단사고,맑음,주간,차대사람,횡단중,안전운전불이행,특별광역시도,성신여대입구역부근,37.59272,127.016544,성북구,
2018,10,8,월요일,22,경상사고,0,0,1,0,50,여,15년이상,,승용,비사업용,이륜,진입회전사고,맑음,심야,차대차,측면직각충돌,기타,특별광역시도,성신여대입구역부근,37.59272,127.016544,성북구,
2018,11,8,목요일,8,경상사고,0,0,1,0,49,남,15년이상,,승합,사업용,기타,기타사고,비,출퇴근,차량단독,차량단독-기타,기타,특별광역시도,성신여대입구역부근,37.59272,127.016544,성북구,
2019,1,2,수요일,9,경상사고,0,0,1,0,80,남,15년이상,,승용,사업용,화물,진입회전사고,맑음,주간,차대차,측면직각충돌,안전운전불이행,특별광역시도,성신여대입구역부근,37.59272,127.016544,성북구,
2019,2,22,금요일,4,경상사고,0,0,1,0,46,남,15년이상,,승용,사업용,승용,일직선사고,맑음,심야,차대차,추돌(진행중),안전운전불이행,특별광역시도,성신여대입구역부근,37.59272,127.016544,성북구,
2019,2,13,수요일,14,경상사고,0,0,2,0,76,남,15년이상,,승용,비사업용,승용,진입회전사고,맑음,주간,차대차,측면직각충돌,안전거리미확보,특별광역시도,성신여대입구역부근,37.59272,127.016544,성북구,
2019,3,29,금요일,1,경상사고,0,0,1,0,62,남,15년이상,,승용,사업용,기타,기타사고,맑음,심야,차량단독,차량단독-기타,안전운전불이행,특별광역시도,성신여대입구역부근,37.59272,127.016544,성북구,
2019,3,5,화요일,8,경상사고,0,0,1,0,불명,불명,데이터오류,,기타,데이터오류,기타,보행횡단사고,맑음,출퇴근,차대사람,보도통행중,안전운전불이행,특별광역시도,성신여대입구역부근,37.59272,127.016544,성북구,
2019,3,10,일요일,21,경상사고,0,0,1,0,39,남,15년이상,,화물,사업용,보행자,기타사고,맑음,심야,차대사람,차도통행중,안전운전불이행,특별광역시도,성신여대입구역부근,37.59272,127.016544,성북구,
2019,4,2,화요일,0,경상사고,0,0,1,0,25,남,10년미만,,승용,사업용,승용,진입회전사고,맑음,심야,차대차,측면직각충돌,안전거리미확보,특별광역시도,성신여대입구역부근,37.59272,127.016544,성북구,
2019,6,26,수요일,23,중상사고,0,1,0,0,46,남,15년이상,,화물,사업용,보행자,기타사고,맑음,심야,차대사람,차대사람-기타,안전운전불이행,기타,성신여대입구역부근,37.59272,127.016544,성북구,
2019,8,18,일요일,11,경상사고,0,0,1,0,43,남,15년이상,,승합,사업용,보행자,보행횡단사고,맑음,주간,차대사람,횡단중,안전운전불이행,특별광역시도,성신여대입구역부근,37.59272,127.016544,성북구,
2019,11,29,금요일,20,경상사고,0,0,1,0,45,남,15년이상,,자전거,데이터오류,보행자,진입회전사고,맑음,출퇴근,차대사람,횡단중,신호위반,특별광역시도,성신여대입구역부근,37.59272,127.016544,성북구,
2017,2,16,목요일,10,중상사고,0,1,0,0,47,남,15년이상,,승합,사업용,보행자,진입회전사고,맑음,주간,차대사람,횡단중,신호위반,특별광역시도,성신여대입구역사거리,37.5936255,127.018069,성북구,
2017,3,28,화요일,14,중상사고,0,1,0,0,36,남,15년미만,,화물,비사업용,보행자,진입회전사고,맑음,주간,차대사람,횡단중,신호위반,특별광역시도,성신여대입구역사거리,37.5936255,127.018069,성북구,
2017,4,15,토요일,3,경상사고,0,0,2,0,46,남,15년이상,0,화물,비사업용,화물,진입회전사고,맑음,심야,차대차,측면직각충돌,신호위반,특별광역시도,성신여대입구역사거리,37.5936255,127.018069,성북구,
2017,4,4,화요일,16,경상사고,0,0,2,0,73,남,15년이상,,승용,사업용,승용,일직선사고,맑음,주간,차대차,추돌(진행중),안전거리미확보,특별광역시도,성신여대입구역사거리,37.5936255,127.018069,성북구,
2017,4,20,목요일,17,부상사고,0,0,0,1,14,남,15년이상,,자전거,기타,자전거,진입회전사고,맑음,주간,차대차,측면직각충돌,안전운전불이행,특별광역시도,성신여대입구역사거리,37.5936255,127.018069,성북구,
2017,5,11,목요일,5,중상사고,0,1,0,0,60,남,15년미만,,승용,사업용,보행자,보행횡단사고,맑음,새벽,차대사람,횡단중,안전운전불이행,특별광역시도,성신여대입구역사거리,37.5936255,127.018069,성북구,
2017,6,22,목요일,22,경상사고,0,0,2,0,34,남,10년미만,,승용,비사업용,승용,일직선사고,맑음,심야,차대차,추돌(진행중),안전거리미확보,특별광역시도,성신여대입구역사거리,37.5936255,127.018069,성북구,
2017,7,18,화요일,17,경상사고,0,0,1,0,26,남,4년미만,,승용,비사업용,이륜,기타사고,맑음,주간,차대차,차대차-기타,데이터없음,특별광역시도,성신여대입구역사거리,37.5936255,127.018069,성북구,
2017,7,26,수요일,22,경상사고,0,0,1,0,47,남,15년이상,0,승용,비사업용,보행자,기타사고,맑음,심야,차대사람,차대사람-기타,안전운전불이행,특별광역시도,성신여대입구역사거리,37.5936255,127.018069,성북구,
2017,7,4,화요일,23,경상사고,0,0,1,0,34,남,15년미만,,승용,비사업용,보행자,보행횡단사고,맑음,심야,차대사람,횡단중,안전운전불이행,특별광역시도,성신여대입구역사거리,37.5936255,127.018069,성북구,
2017,9,24,일요일,10,경상사고,0,0,1,0,47,남,15년이상,,승용,비사업용,원동기,일직선사고,맑음,주간,차대차,정면충돌,중앙선침범,특별광역시도,성신여대입구역사거리,37.5936255,127.018069,성북구,
2017,10,24,화요일,3,경상사고,0,0,1,0,77,남,15년이상,,승용,사업용,보행자,보행횡단사고,맑음,심야,차대사람,횡단중,보행자보호의무위반,특별광역시도,성신여대입구역사거리,37.5936255,127.018069,성북구,
2017,10,20,금요일,11,경상사고,0,0,1,0,50,남,15년이상,,승합,비사업용,승합,진입회전사고,맑음,주간,차대차,측면직각충돌,안전운전불이행,특별광역시도,성신여대입구역사거리,37.5936255,127.018069,성북구,
2017,10,31,화요일,22,경상사고,0,0,1,0,63,남,15년이상,,승용,사업용,보행자,기타사고,맑음,심야,차대사람,차대사람-기타,안전운전불이행,특별광역시도,성신여대입구역사거리,37.5936255,127.018069,성북구,
2017,11,11,토요일,8,경상사고,0,0,1,0,44,남,15년이상,,승용,사업용,이륜,진입회전사고,맑음,출퇴근,차대차,측면직각충돌,데이터없음,특별광역시도,성신여대입구역사거리,37.5936255,127.018069,성북구,
2017,11,12,일요일,20,경상사고,0,0,2,0,32,남,15년이상,,승용,비사업용,기타,기타사고,맑음,출퇴근,차대차,차대차-기타,안전운전불이행,특별광역시도,성신여대입구역사거리,37.5936255,127.018069,성북구,
2017,12,4,월요일,15,중상사고,0,1,0,0,61,남,15년이상,,화물,비사업용,원동기,기타사고,맑음,주간,차대차,차대차-기타,데이터없음,특별광역시도,성신여대입구역사거리,37.5936255,127.018069,성북구,
2017,12,26,화요일,22,경상사고,0,0,1,0,16,남,15년이상,,이륜,기타,보행자,보행횡단사고,맑음,심야,차대사람,횡단중,안전운전불이행,특별광역시도,성신여대입구역사거리,37.5936255,127.018069,성북구,
2018,1,14,일요일,12,중상사고,0,1,1,0,71,남,15년이상,,승합,사업용,원동기,기타사고,맑음,주간,차대차,차대차-기타,교차로운행방법위반,특별광역시도,성신여대입구역사거리,37.5936255,127.018069,성북구,
2018,1,23,화요일,20,경상사고,0,0,2,0,33,남,15년미만,,이륜,기타,보행자,보행횡단사고,맑음,출퇴근,차대사람,횡단중,안전운전불이행,특별광역시도,성신여대입구역사거리,37.5936255,127.018069,성북구,
2018,3,15,목요일,14,중상사고,0,1,0,0,61,남,15년이상,,승합,사업용,화물,기타사고,흐림,주간,차대차,차대차-기타,안전거리미확보,특별광역시도,성신여대입구역사거리,37.5936255,127.018069,성북구,
2018,4,4,수요일,6,경상사고,0,0,1,0,73,남,15년이상,,승합,비사업용,보행자,보행횡단사고,비,새벽,차대사람,횡단중,안전운전불이행,특별광역시도,성신여대입구역사거리,37.5936255,127.018069,성북구,
2018,5,4,금요일,3,경상사고,0,0,1,0,61,남,15년이상,,승용,사업용,승용,일직선사고,맑음,심야,차대차,추돌(진행중),안전운전불이행,특별광역시도,성신여대입구역사거리,37.5936255,127.018069,성북구,
2018,5,15,화요일,14,경상사고,0,0,1,0,69,남,15년이상,,승용,비사업용,이륜,진입회전사고,맑음,주간,차대차,측면직각충돌,안전운전불이행,특별광역시도,성신여대입구역사거리,37.5936255,127.018069,성북구,
2018,5,11,금요일,20,중상사고,0,1,5,0,58,남,15년이상,,승용,비사업용,승합,진입회전사고,맑음,출퇴근,차대차,차대차-기타,신호위반,특별광역시도,성신여대입구역사거리,37.5936255,127.018069,성북구,
2018,7,27,금요일,10,경상사고,0,0,1,0,29,남,10년미만,,승용,사업용,보행자,보행횡단사고,맑음,주간,차대사람,횡단중,안전운전불이행,특별광역시도,성신여대입구역사거리,37.5936255,127.018069,성북구,
2018,8,31,금요일,16,경상사고,0,0,2,0,25,남,10년미만,,화물,비사업용,화물,진입회전사고,맑음,주간,차대차,측면직각충돌,안전운전불이행,특별광역시도,성신여대입구역사거리,37.5936255,127.018069,성북구,
2018,8,31,금요일,18,경상사고,0,0,1,0,44,여,15년이상,,승용,비사업용,승합,기타사고,맑음,출퇴근,차대차,차대차-기타,차로위반,특별광역시도,성신여대입구역사거리,37.5936255,127.018069,성북구,
2018,9,6,목요일,17,경상사고,0,0,2,0,28,남,10년미만,0,승용,비사업용,이륜,일직선사고,맑음,주간,차대차,추돌(진행중),안전운전불이행,특별광역시도,성신여대입구역사거리,37.5936255,127.018069,성북구,
2018,9,1,토요일,17,중상사고,0,1,1,0,38,여,15년이상,0,승용,비사업용,승용,일직선사고,맑음,주간,차대차,추돌(진행중),안전거리미확보,특별광역시도,성신여대입구역사거리,37.5936255,127.018069,성북구,
2018,10,7,일요일,12,경상사고,0,0,1,0,58,남,15년이상,,승용,사업용,이륜,진입회전사고,맑음,주간,차대차,추돌(진행중),신호위반,특별광역시도,성신여대입구역사거리,37.5936255,127.018069,성북구,
2019,1,30,수요일,0,중상사고,0,1,0,0,61,남,15년이상,,승용,사업용,보행자,보행횡단사고,맑음,심야,차대사람,횡단중,안전운전불이행,특별광역시도,성신여대입구역사거리,37.5936255,127.018069,성북구,
2019,3,16,토요일,15,경상사고,0,0,3,0,76,남,15년이상,,승용,사업용,승용,일직선사고,맑음,주간,차대차,추돌(진행중),안전운전불이행,특별광역시도,성신여대입구역사거리,37.5936255,127.018069,성북구,
2019,4,13,토요일,2,중상사고,0,1,0,0,73,남,15년이상,,승용,사업용,이륜,진입회전사고,맑음,심야,차대차,측면직각충돌,신호위반,특별광역시도,성신여대입구역사거리,37.5936255,127.018069,성북구,
2019,5,13,월요일,20,경상사고,0,0,1,0,42,남,15년이상,,승합,사업용,원동기,진입회전사고,맑음,출퇴근,차대차,측면직각충돌,신호위반,특별광역시도,성신여대입구역사거리,37.5936255,127.018069,성북구,