년도,월,일,요일,시각,사고등급,사망자수,중상자수,경상자수,부상자수,연령,성별,경력,음주,종별,용도,관련자2,사고형태,기상상태,일광상태,사고유형1,사고유형2,법규위반,도로종류,지점명,위도,경도,자치구,
2019,9,20,금요일,11,경상사고,0,0,1,0,54,남,15년이상,,승합,사업용,기타,기타사고,맑음,주간,차량단독,차량단독-기타,안전운전불이행,특별광역시도,종암사거리,37.6032257,127.0322132,성북구,
2019,9,3,화요일,14,경상사고,0,0,1,0,63,남,15년이상,,승용,사업용,승용,일직선사고,맑음,주간,차대차,추돌(진행중),안전운전불이행,특별광역시도,종암사거리,37.6032257,127.0322132,성북구,
2019,10,28,월요일,6,경상사고,0,0,1,0,64,남,15년이상,,승용,비사업용,이륜,진입회전사고,흐림,새벽,차대차,측면직각충돌,교차로운행방법위반,특별광역시도,종암사거리,37.6032257,127.0322132,성북구,
2019,11,21,목요일,1,경상사고,0,0,1,0,42,남,3년미만,,승용,비사업용,승용,진입회전사고,맑음,심야,차대차,측면직각충돌,안전운전불이행,특별광역시도,종암사거리,37.6032257,127.0322132,성북구,
2019,12,1,일요일,15,경상사고,0,0,1,0,49,여,15년이상,,승용,비사업용,승용,진입회전사고,비,주간,차대차,측면직각충돌,안전운전불이행,특별광역시도,종암사거리,37.6032257,127.0322132,성북구,
2019,12,9,월요일,16,경상사고,0,0,2,0,67,남,15년이상,,승용,사업용,승용,일직선사고,맑음,주간,차대차,추돌(진행중),안전거리미확보,특별광역시도,종암사거리,37.6032257,127.0322132,성북구,
2018,4,8,일요일,6,경상사고,0,0,2,0,60,남,15년이상,0,승용,비사업용,특수,진입회전사고,맑음,새벽,차대차,측면직각충돌,안전운전불이행,특별광역시도,종암사거리,37.6032257,127.0322132,성북구,
2018,4,30,월요일,8,중상사고,0,2,3,0,54,남,15년이상,,승용,사업용,승용,진입회전사고,맑음,출퇴근,차대차,측면직각충돌,안전운전불이행,특별광역시도,종암사거리,37.6032257,127.0322132,성북구,
2018,4,26,목요일,19,경상사고,0,0,2,0,54,남,15년이상,,승용,비사업용,승용,진입회전사고,맑음,출퇴근,차대차,측면직각충돌,안전거리미확보,특별광역시도,종암사거리,37.6032257,127.0322132,성북구,
2018,6,18,월요일,23,중상사고,0,1,1,0,26,남,15년이상,,승용,비사업용,승용,진입회전사고,맑음,심야,차대차,측면직각충돌,교차로운행방법위반,특별광역시도,종암사거리,37.6032257,127.0322132,성북구,
2018,11,5,월요일,17,경상사고,0,0,2,0,29,남,10년미만,,승용,비사업용,기타,진입회전사고,맑음,주간,차대차,측면직각충돌,안전운전불이행,특별광역시도,종암사거리,37.6032257,127.0322132,성북구,
2019,6,20,목요일,5,경상사고,0,0,1,0,66,남,10년미만,,승용,비사업용,승용,진입회전사고,맑음,새벽,차대차,측면직각충돌,안전거리미확보,특별광역시도,종암사거리,37.6032257,127.0322132,성북구,
2019,12,12,목요일,7,경상사고,0,0,1,0,32,남,15년미만,,승용,비사업용,승용,일직선사고,맑음,출퇴근,차대차,추돌(진행중),안전운전불이행,특별광역시도,종암사거리,37.6032257,127.0322132,성북구,
2017,1,30,월요일,12,경상사고,0,0,9,0,47,여,15년이상,,승용,비사업용,승용,일직선사고,맑음,주간,차대차,정면충돌,안전운전불이행,특별광역시도,종암사거리,37.6032257,127.0322132,성북구,
2017,4,21,금요일,21,경상사고,0,0,1,0,60,남,15년이상,,승용,사업용,이륜,일직선사고,맑음,심야,차대차,정면충돌,중앙선침범,특별광역시도,종암사거리,37.6032257,127.0322132,성북구,
2017,5,20,토요일,15,경상사고,0,0,1,0,51,남,15년이상,,원동기,기타,자전거,진입회전사고,맑음,주간,차대차,측면직각충돌,안전운전불이행,특별광역시도,종암사거리,37.6032257,127.0322132,성북구,
2017,6,12,월요일,16,경상사고,0,0,1,0,34,남,15년이상,,승용,비사업용,승합,진입회전사고,맑음,주간,차대차,측면직각충돌,안전거리미확보,특별광역시도,종암사거리,37.6032257,127.0322132,성북구,
2017,12,4,월요일,11,경상사고,0,0,2,0,56,남,15년이상,,화물,비사업용,이륜,진입회전사고,맑음,주간,차대차,측면직각충돌,안전거리미확보,특별광역시도,종암사거리,37.6032257,127.0322132,성북구,
2018,11,18,일요일,11,경상사고,0,0,1,0,48,남,15년이상,,승용,비사업용,보행자,기타사고,맑음,주간,차대사람,차대사람-기타,안전운전불이행,특별광역시도,종암사거리,37.6032257,127.0322132,성북구,
2019,3,14,목요일,8,경상사고,0,0,2,0,60,여,15년이상,,승용,비사업용,승용,일직선사고,맑음,출퇴근,차대차,추돌(진행중),안전운전불이행,특별광역시도,종암사거리,37.6032257,127.0322132,성북구,
2019,8,20,화요일,16,경상사고,0,0,1,0,41,남,15년미만,,화물,비사업용,화물,일직선사고,맑음,주간,차대차,추돌(진행중),안전운전불이행,특별광역시도,종암사거리,37.6032257,127.0322132,성북구,
2017,1,26,목요일,9,경상사고,0,0,1,0,32,남,15년미만,,승용,사업용,원동기,기타사고,흐림,주간,차대차,차대차-기타,안전운전불이행,특별광역시도,한성대입구역사거리,37.588374,127.005907,성북구,
2017,3,21,화요일,13,경상사고,0,0,1,0,35,남,3년미만,,승용,사업용,승용,진입회전사고,맑음,주간,차대차,측면직각충돌,안전운전불이행,특별광역시도,한성대입구역사거리,37.588374,127.005907,성북구,
2017,5,19,금요일,1,경상사고,0,0,2,0,39,남,15년이상,,승합,비사업용,승합,진입회전사고,맑음,심야,차대차,측면직각충돌,신호위반,특별광역시도,한성대입구역사거리,37.588374,127.005907,성북구,
2017,6,3,토요일,2,경상사고,0,0,1,0,60,여,15년이상,,승용,사업용,이륜,진입회전사고,맑음,심야,차대차,측면직각충돌,신호위반,특별광역시도,한성대입구역사거리,37.588374,127.005907,성북구,
2017,8,31,목요일,3,부상사고,0,0,0,1,46,남,15년이상,,승용,사업용,기타,기타사고,맑음,심야,차량단독,차량단독-기타,안전운전불이행,특별광역시도,한성대입구역사거리,37.588374,127.005907,성북구,
2017,10,25,수요일,19,중상사고,0,1,0,0,58,여,15년이상,,승용,비사업용,이륜,기타사고,맑음,출퇴근,차대차,차대차-기타,안전운전불이행,특별광역시도,한성대입구역사거리,37.588374,127.005907,성북구,
2017,11,28,화요일,18,경상사고,0,0,1,0,50,남,15년미만,,승합,사업용,기타,기타사고,맑음,출퇴근,차대차,차대차-기타,안전운전불이행,특별광역시도,한성대입구역사거리,37.588374,127.005907,성북구,
2018,4,10,화요일,9,경상사고,0,0,1,0,63,남,15년이상,,승용,사업용,원동기,진입회전사고,맑음,주간,차대차,측면직각충돌,교차로운행방법위반,특별광역시도,한성대입구역사거리,37.588374,127.005907,성북구,
2018,5,30,수요일,1,경상사고,0,0,1,0,41,남,15년이상,,이륜,기타,자전거,진입회전사고,흐림,심야,차대차,측면직각충돌,중앙선침범,특별광역시도,한성대입구역사거리,37.588374,127.005907,성북구,
2018,5,6,일요일,18,중상사고,0,3,3,2,77,남,15년이상,,승용,비사업용,승합,진입회전사고,맑음,출퇴근,차대차,측면직각충돌,안전운전불이행,특별광역시도,한성대입구역사거리,37.588374,127.005907,성북구,
2018,5,8,화요일,18,경상사고,0,0,1,0,60,남,15년이상,,승합,비사업용,승합,기타사고,맑음,출퇴근,차대차,차대차-기타,교차로운행방법위반,특별광역시도,한성대입구역사거리,37.588374,127.005907,성북구,
2018,6,2,토요일,0,경상사고,0,0,4,0,57,남,15년이상,,승용,사업용,승용,진입회전사고,맑음,심야,차대차,측면직각충돌,차로위반,특별광역시도,한성대입구역사거리,37.588374,127.005907,성북구,
2018,8,31,금요일,19,경상사고,0,0,1,0,53,남,15년이상,,승용,사업용,원동기,진입회전사고,맑음,출퇴근,차대차,측면직각충돌,안전운전불이행,특별광역시도,한성대입구역사거리,37.588374,127.005907,성북구,
2018,8,24,금요일,22,경상사고,0,0,1,0,43,남,2년미만,,승용,비사업용,승용,진입회전사고,맑음,심야,차대차,측면직각충돌,안전운전불이행,특별광역시도,한성대입구역사거리,37.588374,127.005907,성북구,
2018,10,2,화요일,11,부상사고,0,0,0,1,68,남,15년이상,,승용,사업용,이륜,기타사고,맑음,주간,차대차,차대차-기타,안전거리미확보,특별광역시도,한성대입구역사거리,37.588374,127.005907,성북구,
2018,11,6,화요일,14,부상사고,0,0,0,1,49,여,15년미만,,승용,비사업용,이륜,진입회전사고,맑음,주간,차대차,측면직각충돌,교차로운행방법위반,특별광역시도,한성대입구역사거리,37.588374,127.005907,성북구,
2018,12,18,화요일,9,경상사고,0,0,2,0,60,남,15년이상,,승용,사업용,승용,진입회전사고,맑음,주간,차대차,측면직각충돌,안전운전불이행,특별광역시도,한성대입구역사거리,37.588374,127.005907,성북구,
2019,1,25,금요일,16,경상사고,0,0,1,0,52,남,15년이상,,화물,비사업용,화물,일직선사고,맑음,주간,차대차,추돌(진행중),안전운전불이행,특별광역시도,한성대입구역사거리,37.588374,127.005907,성북구,
2019,3,29,금요일,3,경상사고,0,0,1,1,44,남,1년미만,,이륜,데이터오류,이륜,진입회전사고,맑음,심야,차대차,측면직각충돌,안전운전불이행,특별광역시도,한성대입구역사거리,37.588374,127.005907,성북구,
2019,3,13,수요일,22,중상사고,0,1,0,0,28,남,데이터오류,,승용,비사업용,승합,진입회전사고,맑음,심야,차대차,측면직각충돌,신호위반,특별광역시도,한성대입구역사거리,37.588374,127.005907,성북구,
2019,4,17,수요일,15,경상사고,0,0,1,0,37,여,15년이상,,승용,비사업용,승용,진입회전사고,맑음,주간,차대차,측면직각충돌,신호위반,특별광역시도,한성대입구역사거리,37.588374,127.005907,성북구,
2019,5,3,금요일,18,경상사고,0,0,1,0,40,남,15년이상,,승용,비사업용,자전거,진입회전사고,맑음,출퇴근,차대차,측면직각충돌,신호위반,특별광역시도,한성대입구역사거리,37.588374,127.005907,성북구,
2019,6,29,토요일,1,경상사고,0,0,2,0,64,남,15년이상,,승용,사업용,승합,진입회전사고,맑음,심야,차대차,차대차-기타,신호위반,특별광역시도,한성대입구역사거리,37.588374,127.005907,성북구,
2019,6,28,금요일,20,경상사고,0,0,1,0,59,여,15년이상,,승용,비사업용,승용,진입회전사고,흐림,출퇴근,차대차,측면직각충돌,안전운전불이행,특별광역시도,한성대입구역사거리,37.588374,127.005907,성북구,
2019,7,19,금요일,8,중상사고,0,1,10,0,64,남,15년이상,,승합,사업용,기타,기타사고,맑음,출퇴근,차량단독,차량단독-기타,안전운전불이행,특별광역시도,한성대입구역사거리,37.588374,127.005907,성북구,
2019,8,19,월요일,11,경상사고,0,0,1,0,29,남,15년미만,,승용,비사업용,이륜,일직선사고,맑음,주간,차대차,추돌(진행중),차로위반,특별광역시도,한성대입구역사거리,37.588374,127.005907,성북구,
2019,8,30,금요일,13,경상사고,0,0,1,0,55,여,15년이상,,승용,비사업용,이륜,일직선사고,맑음,주간,차대차,추돌(진행중),안전운전불이행,특별광역시도,한성대입구역사거리,37.588374,127.005907,성북구,
2019,8,24,토요일,17,중상사고,0,1,2,0,33,남,10년미만,,승용,비사업용,승용,진입회전사고,맑음,주간,차대차,측면직각충돌,안전운전불이행,특별광역시도,한성대입구역사거리,37.588374,127.005907,성북구,
2019,9,20,금요일,16,경상사고,0,0,2,0,64,남,15년이상,,승합,사업용,승합,진입회전사고,맑음,주간,차대차,측면직각충돌,신호위반,특별광역시도,한성대입구역사거리,37.588374,127.005907,성북구,
2019,11,1,금요일,8,부상사고,0,0,0,1,59,남,15년이상,,승용,사업용,이륜,진입회전사고,맑음,출퇴근,차대차,측면직각충돌,안전운전불이행,특별광역시도,한성대입구역사거리,37.588374,127.005907,성북구,
2017,1,23,월요일,9,중상사고,0,1,0,0,54,남,15년이상,,승용,사업용,자전거,진입회전사고,맑음,주간,차대차,측면직각충돌,신호위반,특별광역시도,KB국민은행삼전남지점,37.5039611,127.0882939,송파구,
2017,1,9,월요일,16,중상사고,0,1,0,0,74,남,15년이상,,승용,사업용,자전거,진입회전사고,맑음,주간,차대차,측면직각충돌,신호위반,특별광역시도,KB국민은행삼전남지점,37.5039611,127.0882939,송파구,
2017,1,15,일요일,20,경상사고,0,0,1,0,44,남,15년미만,,승용,비사업용,기타,일직선사고,맑음,출퇴근,차대차,추돌(진행중),안전운전불이행,특별광역시도,KB국민은행삼전남지점,37.5039611,127.0882939,송파구,
2017,3,18,토요일,14,부상사고,0,0,0,1,60,남,15년이상,,승용,사업용,자전거,진입회전사고,맑음,주간,차대차,측면직각충돌,안전운전불이행,특별광역시도,KB국민은행삼전남지점,37.5039611,127.0882939,송파구,
2017,4,14,금요일,0,경상사고,0,0,1,0,42,남,5년미만,0,승용,비사업용,승용,일직선사고,맑음,심야,차대차,추돌(진행중),안전운전불이행,특별광역시도,KB국민은행삼전남지점,37.5039611,127.0882939,송파구,
2017,4,14,금요일,0,경상사고,0,0,2,0,26,여,4년미만,0,승용,비사업용,승용,기타사고,비,심야,차대차,차대차-기타,안전운전불이행,특별광역시도,KB국민은행삼전남지점,37.5039611,127.0882939,송파구,
2017,4,17,월요일,13,부상사고,0,0,0,1,45,남,10년미만,,승용,사업용,승용,일직선사고,비,주간,차대차,추돌(진행중),안전운전불이행,특별광역시도,KB국민은행삼전남지점,37.5039611,127.0882939,송파구,
2017,6,4,일요일,4,경상사고,0,0,3,0,55,남,15년이상,,승용,사업용,승용,일직선사고,맑음,심야,차대차,정면충돌,중앙선침범,특별광역시도,KB국민은행삼전남지점,37.5039611,127.0882939,송파구,
2017,6,29,목요일,14,경상사고,0,0,1,0,67,여,15년이상,,승합,사업용,승합,일직선사고,맑음,주간,차대차,추돌(진행중),안전운전불이행,특별광역시도,KB국민은행삼전남지점,37.5039611,127.0882939,송파구,
2017,6,17,토요일,21,중상사고,0,1,0,1,58,여,15년이상,,승용,비사업용,기타,진입회전사고,맑음,심야,차대차,차대차-기타,신호위반,특별광역시도,KB국민은행삼전남지점,37.5039611,127.0882939,송파구,
2017,9,16,토요일,5,중상사고,0,1,0,0,23,남,5년미만,,승용,비사업용,승용,일직선사고,맑음,새벽,차대차,추돌(진행중),안전운전불이행,특별광역시도,KB국민은행삼전남지점,37.5039611,127.0882939,송파구,
2017,11,11,토요일,16,중상사고,0,1,0,0,50,남,15년이상,,승합,사업용,승합,진입회전사고,맑음,주간,차대차,측면직각충돌,안전운전불이행,특별광역시도,KB국민은행삼전남지점,37.5039611,127.0882939,송파구,
2017,11,7,화요일,22,중상사고,0,1,0,0,70,남,15년이상,,승용,사업용,승용,일직선사고,흐림,심야,차대차,추돌(진행중),안전운전불이행,특별광역시도,KB국민은행삼전남지점,37.5039611,127.0882939,송파구,
2018,1,12,금요일,8,경상사고,0,0,1,0,53,여,15년이상,,승용,비사업용,승용,진입회전사고,맑음,출퇴근,차대차,측면직각충돌,교차로운행방법위반,특별광역시도,KB국민은행삼전남지점,37.5039611,127.0882939,송파구,
2018,1,29,월요일,9,경상사고,0,0,1,0,56,여,15년이상,,승용,비사업용,화물,진입회전사고,맑음,주간,차대차,측면직각충돌,안전거리미확보,특별광역시도,KB국민은행삼전남지점,37.5039611,127.0882939,송파구,
2018,1,15,월요일,11,경상사고,0,0,1,0,65,남,15년이상,,승용,사업용,승용,진입회전사고,맑음,주간,차대차,추돌(진행중),신호위반,특별광역시도,KB국민은행삼전남지점,37.5039611,127.0882939,송파구,
2018,2,17,토요일,23,경상사고,0,0,1,0,38,남,5년미만,0,승용,비사업용,승용,진입회전사고,맑음,심야,차대차,차대차-기타,신호위반,특별광역시도,KB국민은행삼전남지점,37.5039611,127.0882939,송파구,
2018,4,14,토요일,8,경상사고,0,0,1,0,54,남,2년미만,,승용,비사업용,승용,일직선사고,맑음,출퇴근,차대차,추돌(진행중),안전운전불이행,특별광역시도,KB국민은행삼전남지점,37.5039611,127.0882939,송파구,
2018,4,28,토요일,10,중상사고,0,1,0,0,57,여,15년이상,,승용,비사업용,기타,진입회전사고,맑음,주간,차대차,측면직각충돌,차로위반,특별광역시도,KB국민은행삼전남지점,37.5039611,127.0882939,송파구,
2018,4,29,일요일,13,경상사고,0,0,1,0,32,남,15년미만,,승용,비사업용,자전거,진입회전사고,맑음,주간,차대차,정면충돌,신호위반,특별광역시도,KB국민은행삼전남지점,37.5039611,127.0882939,송파구,
2018,5,7,월요일,10,중상사고,0,1,0,0,59,여,15년이상,,승용,비사업용,이륜,일직선사고,맑음,주간,차대차,정면충돌,교차로운행방법위반,특별광역시도,KB국민은행삼전남지점,37.5039611,127.0882939,송파구,
2018,5,23,수요일,12,부상사고,0,0,0,2,54,여,10년미만,,승용,비사업용,승용,진입회전사고,맑음,주간,차대차,측면직각충돌,차로위반,특별광역시도,KB국민은행삼전남지점,37.5039611,127.0882939,송파구,
2018,5,31,목요일,19,중상사고,0,1,0,0,62,남,15년이상,,승용,사업용,승용,일직선사고,맑음,출퇴근,차대차,추돌(진행중),안전거리미확보,특별광역시도,KB국민은행삼전남지점,37.5039611,127.0882939,송파구,
2018,6,29,금요일,19,경상사고,0,0,1,0,33,여,10년미만,,승용,비사업용,승용,진입회전사고,기타,출퇴근,차대차,측면직각충돌,안전거리미확보,특별광역시도,KB국민은행삼전남지점,37.5039611,127.0882939,송파구,
2018,6,3,일요일,21,경상사고,0,0,1,0,37,남,10년미만,,승용,비사업용,이륜,진입회전사고,흐림,심야,차대차,측면직각충돌,신호위반,기타,KB국민은행삼전남지점,37.5039611,127.0882939,송파구,
2018,7,29,일요일,9,경상사고,0,0,1,0,51,남,15년이상,,승용,비사업용,승용,진입회전사고,맑음,주간,차대차,측면직각충돌,안전거리미확보,특별광역시도,KB국민은행삼전남지점,37.5039611,127.0882939,송파구,
2018,7,26,목요일,13,경상사고,0,0,1,0,44,여,15년이상,,승용,비사업용,화물,일직선사고,맑음,주간,차대차,추돌(진행중),안전운전불이행,특별광역시도,KB국민은행삼전남지점,37.5039611,127.0882939,송파구,
2018,7,9,월요일,21,중상사고,0,1,0,0,59,남,15년이상,,승용,사업용,보행자,진입회전사고,비,심야,차대사람,횡단중,신호위반,특별광역시도,KB국민은행삼전남지점,37.5039611,127.0882939,송파구,
2018,9,19,수요일,13,경상사고,0,0,1,0,63,남,10년미만,,화물,사업용,화물,진입회전사고,맑음,주간,차대차,측면직각충돌,안전운전불이행,특별광역시도,KB국민은행삼전남지점,37.5039611,127.0882939,송파구,
2018,11,12,월요일,18,경상사고,0,0,1,0,49,남,15년이상,,승용,사업용,승용,진입회전사고,맑음,출퇴근,차대차,측면직각충돌,차로위반,특별광역시도,KB국민은행삼전남지점,37.5039611,127.0882939,송파구,
2018,11,17,토요일,20,경상사고,0,0,1,0,58,남,15년이상,,승용,비사업용,승용,진입회전사고,맑음,출퇴근,차대차,측면직각충돌,안전거리미확보,특별광역시도,KB국민은행삼전남지점,37.5039611,127.0882939,송파구,
2018,12,31,월요일,5,중상사고,0,1,0,0,77,남,15년이상,,승용,사업용,자전거,기타사고,맑음,새벽,차대차,차대차-기타,안전운전불이행,특별광역시도,KB국민은행삼전남지점,37.5039611,127.0882939,송파구,
2019,1,19,토요일,7,중상사고,0,1,3,0,46,여,15년이상,0,승용,비사업용,화물,일직선사고,맑음,출퇴근,차대차,추돌(진행중),안전운전불이행,특별광역시도,KB국민은행삼전남지점,37.5039611,127.0882939,송파구,
2019,1,16,수요일,18,경상사고,0,0,2,0,37,남,15년이상,,화물,비사업용,화물,진입회전사고,맑음,출퇴근,차대차,측면직각충돌,안전거리미확보,특별광역시도,KB국민은행삼전남지점,37.5039611,127.0882939,송파구,
2019,1,3,목요일,21,부상사고,0,0,0,1,20,남,1년미만,,승용,사업용,승용,기타사고,맑음,심야,차대차,차대차-기타,안전거리미확보,특별광역시도,KB국민은행삼전남지점,37.5039611,127.0882939,송파구,
2019,2,14,목요일,8,경상사고,0,0,2,0,54,남,15년이상,,승용,비사업용,승용,진입회전사고,맑음,출퇴근,차대차,측면직각충돌,안전운전불이행,특별광역시도,KB국민은행삼전남지점,37.5039611,127.0882939,송파구,
2019,3,19,화요일,2,중상사고,0,1,2,1,42,남,15년미만,,승용,비사업용,승용,진입회전사고,맑음,심야,차대차,측면직각충돌,안전운전불이행,특별광역시도,KB국민은행삼전남지점,37.5039611,127.0882939,송파구,
2019,5,5,일요일,0,중상사고,0,2,0,0,24,남,4년미만,,원동기,데이터오류,원동기,진입회전사고,맑음,심야,차대차,측면직각충돌,신호위반,특별광역시도,KB국민은행삼전남지점,37.5039611,127.0882939,송파구,
2019,5,5,일요일,15,경상사고,0,0,3,0,35,남,15년이상,,승용,비사업용,승용,일직선사고,맑음,주간,차대차,추돌(진행중),교차로운행방법위반,특별광역시도,KB국민은행삼전남지점,37.5039611,127.0882939,송파구,
2019,5,23,목요일,17,중상사고,0,1,0,1,25,남,4년미만,,승용,비사업용,화물,일직선사고,맑음,주간,차대차,추돌(진행중),안전거리미확보,특별광역시도,KB국민은행삼전남지점,37.5039611,127.0882939,송파구,
2019,5,7,화요일,18,중상사고,0,1,0,0,58,여,15년이상,,승용,비사업용,기타,진입회전사고,맑음,출퇴근,차대차,차대차-기타,신호위반,특별광역시도,KB국민은행삼전남지점,37.5039611,127.0882939,송파구,
2019,6,29,토요일,17,부상사고,0,0,0,1,31,남,10년미만,,승용,비사업용,승용,일직선사고,맑음,주간,차대차,추돌(진행중),안전운전불이행,특별광역시도,KB국민은행삼전남지점,37.5039611,127.0882939,송파구,
2019,6,5,수요일,20,중상사고,0,1,0,0,19,남,1년미만,,승용,사업용,승용,진입회전사고,맑음,출퇴근,차대차,측면직각충돌,안전거리미확보,특별광역시도,KB국민은행삼전남지점,37.5039611,127.0882939,송파구,
2019,9,21,토요일,15,경상사고,0,0,1,0,67,남,15년이상,,승용,사업용,승용,진입회전사고,맑음,주간,차대차,측면직각충돌,차로위반,특별광역시도,KB국민은행삼전남지점,37.5039611,127.0882939,송파구,
2019,9,29,일요일,22,중상사고,0,1,0,0,22,남,1년미만,,승용,비사업용,이륜,진입회전사고,맑음,심야,차대차,측면직각충돌,안전운전불이행,특별광역시도,KB국민은행삼전남지점,37.5039611,127.0882939,송파구,
2019,10,19,토요일,10,중상사고,0,1,0,0,29,남,15년미만,,승용,비사업용,자전거,진입회전사고,맑음,주간,차대차,측면직각충돌,안전운전불이행,특별광역시도,KB국민은행삼전남지점,37.5039611,127.0882939,송파구,
2019,10,31,목요일,17,경상사고,0,0,1,0,57,남,15년이상,,승용,사업용,자전거,진입회전사고,맑음,주간,차대차,측면직각충돌,안전운전불이행,특별광역시도,KB국민은행삼전남지점,37.5039611,127.0882939,송파구,
2019,11,14,목요일,14,중상사고,0,1,0,0,59,남,15년이상,,승용,사업용,이륜,진입회전사고,맑음,주간,차대차,측면직각충돌,신호위반,특별광역시도,KB국민은행삼전남지점,37.5039611,127.0882939,송파구,
2019,12,14,토요일,11,부상사고,0,0,0,1,72,여,15년이상,,승용,비사업용,화물,진입회전사고,맑음,주간,차대차,측면직각충돌,신호위반,특별광역시도,KB국민은행삼전남지점,37.5039611,127.0882939,송파구,
2019,12,7,토요일,16,중상사고,0,1,0,0,49,남,15년이상,,이륜,데이터오류,이륜,기타사고,맑음,주간,차대차,차대차-기타,안전운전불이행,특별광역시도,KB국민은행삼전남지점,37.5039611,127.0882939,송파구,
2019,12,22,일요일,20,경상사고,0,0,3,0,58,남,15년이상,,승용,비사업용,승용,일직선사고,맑음,출퇴근,차대차,추돌(진행중),안전거리미확보,특별광역시도,KB국민은행삼전남지점,37.5039611,127.0882939,송파구,
2017,1,13,금요일,9,부상사고,0,0,0,2,51,여,15년이상,,승용,비사업용,승용,진입회전사고,맑음,주간,차대차,정면충돌,신호위반,특별광역시도,가락119안전센터앞사거리,37.493435,127.1107642,송파구,
2017,2,8,수요일,19,경상사고,0,0,1,0,61,남,15년미만,,승용,비사업용,승용,진입회전사고,맑음,출퇴근,차대차,측면직각충돌,교차로운행방법위반,특별광역시도,가락119안전센터앞사거리,37.493435,127.1107642,송파구,
2017,10,10,화요일,7,경상사고,0,0,1,0,57,남,15년이상,,승용,비사업용,승용,일직선사고,맑음,출퇴근,차대차,추돌(진행중),안전거리미확보,특별광역시도,가락119안전센터앞사거리,37.493435,127.1107642,송파구,
2018,4,8,일요일,20,경상사고,0,0,1,0,60,남,15년이상,,원동기,기타,자전거,진입회전사고,비,출퇴근,차대차,측면직각충돌,안전운전불이행,특별광역시도,가락119안전센터앞사거리,37.493435,127.1107642,송파구,
2018,7,28,토요일,1,경상사고,0,0,2,0,27,남,3년미만,,승용,사업용,승용,일직선사고,맑음,심야,차대차,추돌(진행중),안전운전불이행,특별광역시도,가락119안전센터앞사거리,37.493435,127.1107642,송파구,
2018,10,3,수요일,21,부상사고,0,0,0,1,43,남,15년이상,,승합,사업용,자전거,진입회전사고,맑음,심야,차대차,측면직각충돌,신호위반,특별광역시도,가락119안전센터앞사거리,37.493435,127.1107642,송파구,
2019,3,11,월요일,17,경상사고,0,0,2,0,54,여,15년이상,,자전거,데이터오류,기타,기타사고,맑음,주간,차대차,차대차-기타,안전운전불이행,특별광역시도,가락119안전센터앞사거리,37.493435,127.1107642,송파구,
2019,10,16,수요일,21,경상사고,0,0,1,0,67,여,15년이상,,승용,비사업용,승용,일직선사고,맑음,심야,차대차,추돌(진행중),안전운전불이행,특별광역시도,가락119안전센터앞사거리,37.493435,127.1107642,송파구,
2017,1,7,토요일,20,경상사고,0,0,1,0,32,남,15년이상,,원동기,기타,보행자,진입회전사고,맑음,출퇴근,차대사람,횡단중,신호위반,특별광역시도,가락119안전센터앞사거리,37.493435,127.1107642,송파구,
2017,4,3,월요일,3,중상사고,0,1,0,0,53,남,15년이상,,승용,사업용,자전거,일직선사고,맑음,심야,차대차,정면충돌,안전운전불이행,특별광역시도,가락119안전센터앞사거리,37.493435,127.1107642,송파구,
2017,4,19,수요일,11,경상사고,0,0,1,0,46,남,15년이상,,승용,비사업용,승용,진입회전사고,맑음,주간,차대차,측면직각충돌,교차로운행방법위반,특별광역시도,가락119안전센터앞사거리,37.493435,127.1107642,송파구,
2017,4,18,화요일,22,경상사고,0,0,3,0,46,남,15년이상,0,승용,비사업용,승용,일직선사고,맑음,심야,차대차,정면충돌,안전거리미확보,특별광역시도,가락119안전센터앞사거리,37.493435,127.1107642,송파구,
2017,5,26,금요일,1,중상사고,0,1,0,0,53,남,10년미만,,화물,비사업용,화물,진입회전사고,맑음,심야,차대차,측면직각충돌,신호위반,특별광역시도,가락119안전센터앞사거리,37.493435,127.1107642,송파구,
2017,5,30,화요일,17,중상사고,0,1,2,0,50,남,15년이상,,승용,비사업용,원동기,진입회전사고,맑음,주간,차대차,측면직각충돌,신호위반,특별광역시도,가락119안전센터앞사거리,37.493435,127.1107642,송파구,
2017,5,4,목요일,21,경상사고,0,0,1,0,54,남,15년이상,,화물,비사업용,화물,일직선사고,맑음,심야,차대차,추돌(진행중),안전운전불이행,특별광역시도,가락119안전센터앞사거리,37.493435,127.1107642,송파구,
2017,5,29,월요일,22,중상사고,0,1,0,0,50,남,15년이상,,승용,사업용,보행자,보행횡단사고,맑음,심야,차대사람,횡단중,보행자보호의무위반,특별광역시도,가락119안전센터앞사거리,37.493435,127.1107642,송파구,
2017,9,2,토요일,1,경상사고,0,0,4,0,52,남,15년이상,,승용,사업용,승용,일직선사고,맑음,심야,차대차,정면충돌,교차로운행방법위반,특별광역시도,가락119안전센터앞사거리,37.493435,127.1107642,송파구,
2017,11,6,월요일,22,경상사고,0,0,1,0,65,남,15년이상,,승용,비사업용,승용,일직선사고,맑음,심야,차대차,추돌(진행중),안전거리미확보,특별광역시도,가락119안전센터앞사거리,37.493435,127.1107642,송파구,