년도,월,일,요일,시각,사고등급,사망자수,중상자수,경상자수,부상자수,연령,성별,경력,음주,종별,용도,관련자2,사고형태,기상상태,일광상태,사고유형1,사고유형2,법규위반,도로종류,지점명,위도,경도,자치구,
2018,1,11,목요일,2,경상사고,0,0,2,0,56,남,15년이상,,화물,비사업용,화물,진입회전사고,흐림,심야,차대차,측면직각충돌,신호위반,특별광역시도,가락119안전센터앞사거리,37.493435,127.1107642,송파구,
2018,2,5,월요일,14,중상사고,0,1,0,0,57,남,15년이상,,화물,사업용,화물,진입회전사고,맑음,주간,차대차,측면직각충돌,안전운전불이행,특별광역시도,가락119안전센터앞사거리,37.493435,127.1107642,송파구,
2018,2,9,금요일,22,경상사고,0,0,1,1,48,남,15년이상,,승용,비사업용,승합,진입회전사고,맑음,심야,차대차,측면직각충돌,신호위반,특별광역시도,가락119안전센터앞사거리,37.493435,127.1107642,송파구,
2018,5,1,화요일,17,중상사고,0,1,2,0,55,여,15년이상,,승용,비사업용,승용,진입회전사고,맑음,주간,차대차,측면직각충돌,신호위반,특별광역시도,가락119안전센터앞사거리,37.493435,127.1107642,송파구,
2018,5,8,화요일,20,경상사고,0,0,1,0,38,남,15년이상,0,승용,비사업용,기타,진입회전사고,맑음,출퇴근,차대차,측면직각충돌,안전운전불이행,특별광역시도,가락119안전센터앞사거리,37.493435,127.1107642,송파구,
2018,5,8,화요일,20,부상사고,0,0,0,1,48,남,15년이상,,승용,사업용,기타,기타사고,맑음,출퇴근,차대차,차대차-기타,안전운전불이행,특별광역시도,가락119안전센터앞사거리,37.493435,127.1107642,송파구,
2018,10,6,토요일,1,중상사고,0,1,1,0,68,남,15년이상,,승용,사업용,화물,진입회전사고,비,심야,차대차,측면직각충돌,신호위반,특별광역시도,가락119안전센터앞사거리,37.493435,127.1107642,송파구,
2018,10,7,일요일,11,경상사고,0,0,1,0,56,남,15년이상,,승합,사업용,승합,진입회전사고,맑음,주간,차대차,측면직각충돌,안전거리미확보,특별광역시도,가락119안전센터앞사거리,37.493435,127.1107642,송파구,
2018,11,15,목요일,2,중상사고,0,1,3,0,28,남,10년미만,,승용,비사업용,승용,일직선사고,맑음,심야,차대차,추돌(진행중),안전운전불이행,특별광역시도,가락119안전센터앞사거리,37.493435,127.1107642,송파구,
2018,11,13,화요일,16,경상사고,0,0,2,0,27,여,데이터오류,,승용,비사업용,승용,일직선사고,맑음,주간,차대차,추돌(진행중),안전운전불이행,특별광역시도,가락119안전센터앞사거리,37.493435,127.1107642,송파구,
2018,12,21,금요일,3,경상사고,0,0,1,0,71,남,15년이상,,승용,사업용,자전거,기타사고,맑음,심야,차대차,차대차-기타,안전운전불이행,특별광역시도,가락119안전센터앞사거리,37.493435,127.1107642,송파구,
2018,12,22,토요일,6,중상사고,0,1,1,0,34,남,15년이상,0,승용,비사업용,승용,일직선사고,맑음,새벽,차대차,정면충돌,교차로운행방법위반,특별광역시도,가락119안전센터앞사거리,37.493435,127.1107642,송파구,
2019,2,24,일요일,14,부상사고,0,0,0,1,19,남,15년이상,,화물,비사업용,기타,일직선사고,맑음,주간,차대차,추돌(진행중),안전거리미확보,특별광역시도,가락119안전센터앞사거리,37.493435,127.1107642,송파구,
2019,2,26,화요일,23,경상사고,0,0,2,0,50,남,15년이상,,승용,비사업용,승용,일직선사고,맑음,심야,차대차,추돌(진행중),안전운전불이행,특별광역시도,가락119안전센터앞사거리,37.493435,127.1107642,송파구,
2019,3,3,일요일,15,부상사고,0,0,0,1,33,남,15년이상,,승용,비사업용,이륜,기타사고,맑음,주간,차대차,차대차-기타,안전운전불이행,특별광역시도,가락119안전센터앞사거리,37.493435,127.1107642,송파구,
2019,3,16,토요일,18,중상사고,0,1,0,0,60,여,15년이상,,승용,비사업용,승용,진입회전사고,맑음,출퇴근,차대차,측면직각충돌,안전운전불이행,특별광역시도,가락119안전센터앞사거리,37.493435,127.1107642,송파구,
2019,4,28,일요일,19,중상사고,0,1,0,1,49,남,15년이상,,승용,비사업용,이륜,진입회전사고,맑음,출퇴근,차대차,측면직각충돌,교차로운행방법위반,특별광역시도,가락119안전센터앞사거리,37.493435,127.1107642,송파구,
2019,5,13,월요일,2,경상사고,0,0,1,0,27,남,15년이상,0,승용,사업용,화물,진입회전사고,맑음,심야,차대차,측면직각충돌,신호위반,특별광역시도,가락119안전센터앞사거리,37.493435,127.1107642,송파구,
2019,5,16,목요일,13,경상사고,0,0,1,0,60,여,15년이상,,승용,비사업용,기타,일직선사고,맑음,주간,차대차,추돌(진행중),안전운전불이행,특별광역시도,가락119안전센터앞사거리,37.493435,127.1107642,송파구,
2019,6,24,월요일,15,경상사고,0,0,1,0,75,남,15년이상,,승용,사업용,자전거,기타사고,맑음,주간,차대차,차대차-기타,안전운전불이행,특별광역시도,가락119안전센터앞사거리,37.493435,127.1107642,송파구,
2019,6,15,토요일,17,경상사고,0,0,1,0,56,남,데이터오류,0,화물,비사업용,화물,일직선사고,맑음,주간,차대차,추돌(진행중),안전운전불이행,특별광역시도,가락119안전센터앞사거리,37.493435,127.1107642,송파구,
2019,7,4,목요일,13,경상사고,0,0,2,0,58,남,15년미만,,승용,사업용,화물,진입회전사고,맑음,주간,차대차,측면직각충돌,안전운전불이행,특별광역시도,가락119안전센터앞사거리,37.493435,127.1107642,송파구,
2019,8,31,토요일,3,중상사고,0,1,0,0,63,여,15년이상,,승용,사업용,기타,기타사고,맑음,심야,차량단독,차량단독-기타,안전운전불이행,특별광역시도,가락119안전센터앞사거리,37.493435,127.1107642,송파구,
2019,9,7,토요일,12,경상사고,0,0,1,0,67,남,15년이상,,승용,비사업용,승용,일직선사고,비,주간,차대차,추돌(진행중),안전거리미확보,특별광역시도,가락119안전센터앞사거리,37.493435,127.1107642,송파구,
2019,10,2,수요일,23,경상사고,0,0,1,0,77,남,15년이상,,승용,사업용,승용,진입회전사고,비,심야,차대차,차대차-기타,신호위반,특별광역시도,가락119안전센터앞사거리,37.493435,127.1107642,송파구,
2019,11,19,화요일,7,경상사고,0,0,2,0,63,남,데이터오류,,화물,비사업용,화물,일직선사고,맑음,출퇴근,차대차,추돌(진행중),안전운전불이행,특별광역시도,가락119안전센터앞사거리,37.493435,127.1107642,송파구,
2017,1,24,화요일,0,중상사고,0,1,0,0,45,남,15년이상,,화물,비사업용,원동기,일직선사고,흐림,심야,차대차,정면충돌,중앙선침범,특별광역시도,가락시장앞사거리,37.4933411,127.1097998,송파구,
2017,5,25,목요일,23,중상사고,0,1,0,0,48,남,15년이상,,화물,사업용,보행자,보행횡단사고,맑음,심야,차대사람,횡단중,안전운전불이행,특별광역시도,가락시장앞사거리,37.4933411,127.1097998,송파구,
2017,6,24,토요일,21,중상사고,0,1,2,0,69,남,15년이상,,승용,사업용,승용,일직선사고,비,심야,차대차,정면충돌,안전운전불이행,특별광역시도,가락시장앞사거리,37.4933411,127.1097998,송파구,
2017,7,10,월요일,22,부상사고,0,0,0,1,59,남,15년이상,,승용,사업용,원동기,진입회전사고,비,심야,차대차,정면충돌,신호위반,특별광역시도,가락시장앞사거리,37.4933411,127.1097998,송파구,
2017,9,13,수요일,8,중상사고,0,1,0,0,41,남,15년이상,,승합,사업용,자전거,진입회전사고,맑음,출퇴근,차대차,측면직각충돌,안전운전불이행,특별광역시도,가락시장앞사거리,37.4933411,127.1097998,송파구,
2017,9,23,토요일,23,경상사고,0,0,3,0,57,남,15년이상,,승용,사업용,승용,주정차사고,맑음,심야,차대차,추돌(주정차중),안전운전불이행,특별광역시도,가락시장앞사거리,37.4933411,127.1097998,송파구,
2017,10,12,목요일,5,중상사고,0,1,0,0,53,남,15년이상,,승용,사업용,기타,기타사고,맑음,새벽,차량단독,차량단독-기타,데이터없음,특별광역시도,가락시장앞사거리,37.4933411,127.1097998,송파구,
2018,1,7,일요일,19,부상사고,0,0,0,1,59,남,데이터오류,,자전거,기타,기타,단독사고,맑음,출퇴근,차량단독,공작물추돌,안전운전불이행,특별광역시도,가락시장앞사거리,37.4933411,127.1097998,송파구,
2018,1,20,토요일,20,부상사고,0,0,0,1,58,남,15년이상,,승용,사업용,원동기,진입회전사고,흐림,출퇴근,차대차,측면직각충돌,안전운전불이행,기타,가락시장앞사거리,37.4933411,127.1097998,송파구,
2018,5,17,목요일,21,경상사고,0,0,1,0,52,남,15년이상,,화물,사업용,화물,기타사고,비,심야,차대차,차대차-기타,안전운전불이행,특별광역시도,가락시장앞사거리,37.4933411,127.1097998,송파구,
2018,7,5,목요일,22,경상사고,0,0,2,0,55,남,15년이상,0,승용,비사업용,승용,일직선사고,흐림,심야,차대차,추돌(진행중),안전운전불이행,특별광역시도,가락시장앞사거리,37.4933411,127.1097998,송파구,
2018,8,28,화요일,8,경상사고,0,0,1,0,68,남,15년이상,,화물,비사업용,화물,진입회전사고,맑음,출퇴근,차대차,측면직각충돌,안전거리미확보,특별광역시도,가락시장앞사거리,37.4933411,127.1097998,송파구,
2018,10,20,토요일,19,경상사고,0,0,1,0,59,남,10년미만,,승용,사업용,승용,일직선사고,맑음,출퇴근,차대차,추돌(진행중),안전운전불이행,특별광역시도,가락시장앞사거리,37.4933411,127.1097998,송파구,
2018,12,13,목요일,4,경상사고,0,0,3,0,49,남,15년이상,,승용,사업용,기타,단독사고,맑음,심야,차량단독,공작물추돌,안전운전불이행,특별광역시도,가락시장앞사거리,37.4933411,127.1097998,송파구,
2018,12,25,화요일,12,경상사고,0,0,3,0,34,남,2년미만,,승용,비사업용,승용,일직선사고,맑음,주간,차대차,추돌(진행중),안전운전불이행,특별광역시도,가락시장앞사거리,37.4933411,127.1097998,송파구,
2019,1,30,수요일,12,경상사고,0,0,3,0,81,남,15년이상,,승용,비사업용,승용,기타사고,맑음,주간,차대차,차대차-기타,안전운전불이행,특별광역시도,가락시장앞사거리,37.4933411,127.1097998,송파구,
2019,2,14,목요일,14,경상사고,0,0,1,1,58,남,15년이상,,승용,비사업용,승용,진입회전사고,맑음,주간,차대차,측면직각충돌,안전운전불이행,특별광역시도,가락시장앞사거리,37.4933411,127.1097998,송파구,
2019,2,26,화요일,21,경상사고,0,0,1,0,53,남,3년미만,,화물,사업용,화물,진입회전사고,맑음,심야,차대차,측면직각충돌,안전거리미확보,특별광역시도,가락시장앞사거리,37.4933411,127.1097998,송파구,
2019,5,23,목요일,20,경상사고,0,0,1,0,63,남,15년이상,,승용,사업용,원동기,진입회전사고,맑음,출퇴근,차대차,측면직각충돌,기타,특별광역시도,가락시장앞사거리,37.4933411,127.1097998,송파구,
2017,1,25,수요일,1,중상사고,0,1,0,0,57,남,15년이상,,승합,사업용,이륜,진입회전사고,맑음,심야,차대차,측면직각충돌,신호위반,특별광역시도,가락시장앞사거리,37.4933411,127.1097998,송파구,
2017,3,18,토요일,12,중상사고,0,1,0,0,83,남,15년이상,,승용,비사업용,승용,기타사고,맑음,주간,차대차,차대차-기타,안전운전불이행,특별광역시도,가락시장앞사거리,37.4933411,127.1097998,송파구,
2017,3,21,화요일,15,중상사고,0,1,0,0,50,여,15년이상,,승용,비사업용,승용,진입회전사고,맑음,주간,차대차,측면직각충돌,안전거리미확보,특별광역시도,가락시장앞사거리,37.4933411,127.1097998,송파구,
2017,6,3,토요일,0,중상사고,0,1,0,0,62,남,15년이상,,승용,사업용,보행자,보행횡단사고,맑음,심야,차대사람,횡단중,보행자보호의무위반,특별광역시도,가락시장앞사거리,37.4933411,127.1097998,송파구,
2017,7,28,금요일,1,중상사고,0,1,0,0,69,남,15년이상,,승용,사업용,보행자,보행횡단사고,비,심야,차대사람,횡단중,보행자보호의무위반,특별광역시도,가락시장앞사거리,37.4933411,127.1097998,송파구,
2017,7,17,월요일,5,경상사고,0,0,1,0,45,남,15년이상,,화물,비사업용,자전거,기타사고,흐림,새벽,차대차,차대차-기타,안전운전불이행,특별광역시도,가락시장앞사거리,37.4933411,127.1097998,송파구,
2017,7,27,목요일,13,경상사고,0,0,1,0,41,남,15년이상,0,승용,비사업용,승용,일직선사고,맑음,주간,차대차,정면충돌,안전운전불이행,특별광역시도,가락시장앞사거리,37.4933411,127.1097998,송파구,
2017,7,13,목요일,20,중상사고,0,2,0,0,47,남,15년이상,,승합,비사업용,이륜,진입회전사고,맑음,출퇴근,차대차,정면충돌,신호위반,특별광역시도,가락시장앞사거리,37.4933411,127.1097998,송파구,
2017,8,5,토요일,9,경상사고,0,0,1,0,42,남,15년이상,,승합,사업용,자전거,기타사고,맑음,주간,차대차,차대차-기타,안전운전불이행,특별광역시도,가락시장앞사거리,37.4933411,127.1097998,송파구,
2017,8,17,목요일,11,경상사고,0,0,1,0,67,남,15년이상,,화물,비사업용,화물,기타사고,맑음,주간,차대차,차대차-기타,안전운전불이행,특별광역시도,가락시장앞사거리,37.4933411,127.1097998,송파구,
2017,10,30,월요일,15,경상사고,0,0,1,0,74,여,15년이상,,승용,비사업용,승용,진입회전사고,맑음,주간,차대차,측면직각충돌,안전거리미확보,특별광역시도,가락시장앞사거리,37.4933411,127.1097998,송파구,
2017,10,3,화요일,19,경상사고,0,0,2,0,43,남,3년미만,,승용,비사업용,원동기,진입회전사고,맑음,출퇴근,차대차,정면충돌,신호위반,특별광역시도,가락시장앞사거리,37.4933411,127.1097998,송파구,
2017,11,20,월요일,21,경상사고,0,0,1,0,53,남,15년이상,,승용,사업용,보행자,보행횡단사고,맑음,심야,차대사람,횡단중,안전운전불이행,특별광역시도,가락시장앞사거리,37.4933411,127.1097998,송파구,
2017,12,11,월요일,9,중상사고,0,1,1,0,33,남,15년미만,,승용,사업용,보행자,보행횡단사고,맑음,주간,차대사람,횡단중,보행자보호의무위반,특별광역시도,가락시장앞사거리,37.4933411,127.1097998,송파구,
2017,12,19,화요일,15,경상사고,0,0,1,0,43,여,15년이상,,승용,비사업용,승용,진입회전사고,맑음,주간,차대차,측면직각충돌,교차로운행방법위반,특별광역시도,가락시장앞사거리,37.4933411,127.1097998,송파구,
2017,12,28,목요일,17,경상사고,0,0,1,0,67,남,15년이상,,승용,비사업용,이륜,진입회전사고,맑음,주간,차대차,측면직각충돌,신호위반,특별광역시도,가락시장앞사거리,37.4933411,127.1097998,송파구,
2017,12,26,화요일,18,경상사고,0,0,1,0,28,남,10년미만,,화물,사업용,화물,진입회전사고,맑음,출퇴근,차대차,측면직각충돌,안전거리미확보,특별광역시도,가락시장앞사거리,37.4933411,127.1097998,송파구,
2018,4,19,목요일,0,중상사고,0,1,0,0,40,남,15년미만,,화물,비사업용,보행자,기타사고,흐림,심야,차대사람,차대사람-기타,안전운전불이행,특별광역시도,가락시장앞사거리,37.4933411,127.1097998,송파구,
2018,4,24,화요일,9,경상사고,0,0,2,0,49,여,15년이상,,승합,사업용,기타,기타사고,맑음,주간,차량단독,차량단독-기타,기타,특별광역시도,가락시장앞사거리,37.4933411,127.1097998,송파구,
2018,4,12,목요일,11,경상사고,0,0,1,0,39,여,15년이상,0,승용,비사업용,화물,일직선사고,맑음,주간,차대차,추돌(진행중),안전운전불이행,특별광역시도,가락시장앞사거리,37.4933411,127.1097998,송파구,
2018,5,21,월요일,6,경상사고,0,0,1,0,64,남,15년이상,,승용,사업용,원동기,일직선사고,맑음,새벽,차대차,추돌(진행중),안전운전불이행,특별광역시도,가락시장앞사거리,37.4933411,127.1097998,송파구,
2018,5,22,화요일,19,중상사고,0,1,0,0,64,남,15년이상,,승용,사업용,자전거,진입회전사고,비,출퇴근,차대차,측면직각충돌,안전운전불이행,특별광역시도,가락시장앞사거리,37.4933411,127.1097998,송파구,
2018,7,29,일요일,8,경상사고,0,0,1,0,57,남,15년이상,,승용,비사업용,원동기,진입회전사고,맑음,출퇴근,차대차,측면직각충돌,안전운전불이행,특별광역시도,가락시장앞사거리,37.4933411,127.1097998,송파구,
2018,7,22,일요일,13,경상사고,0,0,1,0,53,남,15년이상,,승합,사업용,이륜,진입회전사고,맑음,주간,차대차,측면직각충돌,신호위반,특별광역시도,가락시장앞사거리,37.4933411,127.1097998,송파구,
2018,8,8,수요일,1,경상사고,0,0,1,0,58,남,15년이상,,승용,사업용,승용,진입회전사고,맑음,심야,차대차,정면충돌,신호위반,특별광역시도,가락시장앞사거리,37.4933411,127.1097998,송파구,
2018,10,22,월요일,19,경상사고,0,0,1,0,68,남,15년이상,,승용,비사업용,승용,진입회전사고,맑음,출퇴근,차대차,측면직각충돌,안전운전불이행,특별광역시도,가락시장앞사거리,37.4933411,127.1097998,송파구,
2018,10,17,수요일,20,경상사고,0,0,1,0,61,남,10년미만,,승용,사업용,승용,진입회전사고,맑음,출퇴근,차대차,측면직각충돌,교차로운행방법위반,특별광역시도,가락시장앞사거리,37.4933411,127.1097998,송파구,
2018,11,6,화요일,19,경상사고,0,0,1,0,42,남,15년이상,,승용,비사업용,원동기,일직선사고,맑음,출퇴근,차대차,추돌(진행중),안전거리미확보,특별광역시도,가락시장앞사거리,37.4933411,127.1097998,송파구,
2018,12,24,월요일,5,중상사고,0,2,0,0,59,남,15년이상,,승용,비사업용,승용,진입회전사고,맑음,새벽,차대차,측면직각충돌,신호위반,특별광역시도,가락시장앞사거리,37.4933411,127.1097998,송파구,
2019,1,28,월요일,22,경상사고,0,0,1,0,23,남,데이터오류,0,승용,사업용,승용,일직선사고,맑음,심야,차대차,추돌(진행중),안전운전불이행,특별광역시도,가락시장앞사거리,37.4933411,127.1097998,송파구,
2019,2,15,금요일,0,중상사고,0,1,0,0,64,남,15년이상,,승용,사업용,원동기,진입회전사고,맑음,심야,차대차,차대차-기타,신호위반,특별광역시도,가락시장앞사거리,37.4933411,127.1097998,송파구,
2019,2,28,목요일,23,경상사고,0,0,1,0,36,남,15년이상,,승용,비사업용,화물,진입회전사고,맑음,심야,차대차,측면직각충돌,안전운전불이행,특별광역시도,가락시장앞사거리,37.4933411,127.1097998,송파구,
2019,3,31,일요일,8,경상사고,0,0,1,0,45,남,15년이상,,승용,비사업용,자전거,진입회전사고,맑음,출퇴근,차대차,측면직각충돌,안전운전불이행,특별광역시도,가락시장앞사거리,37.4933411,127.1097998,송파구,
2019,3,13,수요일,14,중상사고,0,1,0,0,65,남,15년이상,,승용,사업용,이륜,진입회전사고,맑음,주간,차대차,정면충돌,신호위반,특별광역시도,가락시장앞사거리,37.4933411,127.1097998,송파구,
2019,3,13,수요일,15,경상사고,0,0,1,0,56,남,15년이상,,승합,사업용,승합,진입회전사고,맑음,주간,차대차,측면직각충돌,교차로운행방법위반,특별광역시도,가락시장앞사거리,37.4933411,127.1097998,송파구,
2019,3,9,토요일,19,경상사고,0,0,3,0,61,남,15년이상,,승용,사업용,승용,일직선사고,맑음,출퇴근,차대차,추돌(진행중),안전거리미확보,특별광역시도,가락시장앞사거리,37.4933411,127.1097998,송파구,
2019,4,14,일요일,7,중상사고,0,1,0,0,27,남,10년미만,,승용,비사업용,승용,진입회전사고,맑음,출퇴근,차대차,측면직각충돌,교차로운행방법위반,특별광역시도,가락시장앞사거리,37.4933411,127.1097998,송파구,
2019,4,22,월요일,18,중상사고,0,1,1,0,45,남,15년이상,,승용,비사업용,승용,진입회전사고,맑음,출퇴근,차대차,정면충돌,신호위반,특별광역시도,가락시장앞사거리,37.4933411,127.1097998,송파구,
2019,6,18,화요일,10,중상사고,0,1,0,0,55,남,15년이상,,승합,사업용,보행자,기타사고,맑음,주간,차대사람,차도통행중,안전운전불이행,특별광역시도,가락시장앞사거리,37.4933411,127.1097998,송파구,
2019,6,17,월요일,22,중상사고,0,1,0,0,38,남,15년이상,,승용,사업용,이륜,진입회전사고,맑음,심야,차대차,측면직각충돌,신호위반,특별광역시도,가락시장앞사거리,37.4933411,127.1097998,송파구,
2019,8,8,목요일,7,중상사고,0,1,0,0,75,남,15년이상,,승용,사업용,자전거,진입회전사고,맑음,출퇴근,차대차,측면직각충돌,안전운전불이행,특별광역시도,가락시장앞사거리,37.4933411,127.1097998,송파구,
2019,10,15,화요일,12,경상사고,0,0,1,0,32,남,1년미만,,승용,비사업용,이륜,진입회전사고,맑음,주간,차대차,측면직각충돌,안전운전불이행,특별광역시도,가락시장앞사거리,37.4933411,127.1097998,송파구,
2019,10,14,월요일,19,중상사고,0,1,0,0,67,남,15년이상,,승용,사업용,원동기,진입회전사고,맑음,출퇴근,차대차,측면직각충돌,안전운전불이행,특별광역시도,가락시장앞사거리,37.4933411,127.1097998,송파구,
2019,11,23,토요일,15,경상사고,0,0,2,0,66,여,15년이상,,승용,비사업용,승용,일직선사고,맑음,주간,차대차,추돌(진행중),안전거리미확보,특별광역시도,가락시장앞사거리,37.4933411,127.1097998,송파구,
2019,11,25,월요일,18,경상사고,0,0,1,0,31,남,5년미만,,승용,사업용,이륜,진입회전사고,맑음,출퇴근,차대차,차대차-기타,신호위반,특별광역시도,가락시장앞사거리,37.4933411,127.1097998,송파구,
2019,12,14,토요일,3,중상사고,0,1,0,0,60,남,15년이상,,화물,비사업용,보행자,보행횡단사고,맑음,심야,차대사람,횡단중,안전운전불이행,특별광역시도,가락시장앞사거리,37.4933411,127.1097998,송파구,
2019,12,29,일요일,20,중상사고,0,1,0,0,55,남,15년이상,,승용,비사업용,이륜,진입회전사고,맑음,출퇴근,차대차,측면직각충돌,신호위반,특별광역시도,가락시장앞사거리,37.4933411,127.1097998,송파구,
2017,1,1,일요일,2,경상사고,0,0,1,0,48,남,15년이상,0,승용,사업용,승용,일직선사고,맑음,심야,차대차,정면충돌,안전운전불이행,특별광역시도,광평교동단사거리,37.199327,127.0970177,송파구,
2017,2,17,금요일,10,경상사고,0,0,2,0,38,여,15년미만,,승용,비사업용,승용,일직선사고,맑음,주간,차대차,추돌(진행중),안전거리미확보,특별광역시도,광평교동단사거리,37.199327,127.0970177,송파구,
2017,3,22,수요일,20,부상사고,0,0,0,1,38,남,10년미만,,승용,비사업용,이륜,진입회전사고,흐림,출퇴근,차대차,측면직각충돌,신호위반,특별광역시도,광평교동단사거리,37.199327,127.0970177,송파구,
2017,4,8,토요일,1,경상사고,0,0,3,0,74,남,15년이상,,승용,사업용,승용,진입회전사고,맑음,심야,차대차,측면직각충돌,교차로운행방법위반,특별광역시도,광평교동단사거리,37.199327,127.0970177,송파구,
2017,4,4,화요일,6,경상사고,0,0,1,0,42,남,15년이상,,승용,비사업용,화물,기타사고,맑음,새벽,차대차,차대차-기타,안전운전불이행,특별광역시도,광평교동단사거리,37.199327,127.0970177,송파구,
2017,4,6,목요일,7,중상사고,0,1,0,0,61,남,10년미만,,승용,사업용,승용,진입회전사고,맑음,출퇴근,차대차,측면직각충돌,신호위반,특별광역시도,광평교동단사거리,37.199327,127.0970177,송파구,
2017,5,2,화요일,9,중상사고,0,1,0,0,60,남,15년이상,,화물,사업용,화물,진입회전사고,맑음,주간,차대차,측면직각충돌,안전거리미확보,특별광역시도,광평교동단사거리,37.199327,127.0970177,송파구,
2017,5,23,화요일,10,경상사고,0,0,1,0,48,남,15년이상,,화물,비사업용,화물,기타사고,맑음,주간,차대차,차대차-기타,안전운전불이행,특별광역시도,광평교동단사거리,37.199327,127.0970177,송파구,
2017,6,28,수요일,1,부상사고,0,0,0,1,53,남,15년이상,,승용,사업용,원동기,진입회전사고,맑음,심야,차대차,측면직각충돌,안전운전불이행,특별광역시도,광평교동단사거리,37.199327,127.0970177,송파구,
2017,6,16,금요일,9,중상사고,0,1,1,0,33,남,5년미만,,승합,비사업용,승합,진입회전사고,맑음,주간,차대차,측면직각충돌,신호위반,특별광역시도,광평교동단사거리,37.199327,127.0970177,송파구,
2017,7,3,월요일,13,경상사고,0,0,2,0,24,남,2년미만,,승용,비사업용,승용,일직선사고,맑음,주간,차대차,추돌(진행중),안전운전불이행,특별광역시도,광평교동단사거리,37.199327,127.0970177,송파구,
2017,9,10,일요일,7,중상사고,0,1,0,0,34,남,10년미만,0,승용,비사업용,승용,진입회전사고,맑음,출퇴근,차대차,정면충돌,신호위반,특별광역시도,광평교동단사거리,37.199327,127.0970177,송파구,
2017,10,28,토요일,0,경상사고,0,0,1,1,30,남,10년미만,0,승용,비사업용,승용,진입회전사고,맑음,심야,차대차,정면충돌,신호위반,특별광역시도,광평교동단사거리,37.199327,127.0970177,송파구,
2017,10,16,월요일,6,중상사고,0,1,0,0,27,남,10년미만,,승용,사업용,승용,기타사고,맑음,새벽,차대차,차대차-기타,안전운전불이행,특별광역시도,광평교동단사거리,37.199327,127.0970177,송파구,
2017,10,27,금요일,14,경상사고,0,0,1,0,62,남,15년이상,,승용,사업용,승용,진입회전사고,맑음,주간,차대차,정면충돌,신호위반,특별광역시도,광평교동단사거리,37.199327,127.0970177,송파구,
2017,12,1,금요일,16,중상사고,0,1,0,0,61,남,15년이상,,승용,사업용,이륜,기타사고,맑음,주간,차대차,차대차-기타,교차로운행방법위반,특별광역시도,광평교동단사거리,37.199327,127.0970177,송파구,
2018,1,28,일요일,6,중상사고,0,1,0,0,70,남,15년이상,,승용,사업용,자전거,진입회전사고,맑음,새벽,차대차,측면직각충돌,안전운전불이행,특별광역시도,광평교동단사거리,37.199327,127.0970177,송파구,
2018,1,24,수요일,19,경상사고,0,0,1,0,35,남,15년미만,0,승용,비사업용,이륜,일직선사고,맑음,출퇴근,차대차,추돌(진행중),안전운전불이행,특별광역시도,광평교동단사거리,37.199327,127.0970177,송파구,
2018,4,2,월요일,0,경상사고,0,0,2,0,57,남,15년이상,,승용,사업용,승용,진입회전사고,맑음,심야,차대차,정면충돌,신호위반,특별광역시도,광평교동단사거리,37.199327,127.0970177,송파구,
2018,4,6,금요일,4,경상사고,0,0,1,0,24,남,10년미만,,승용,비사업용,승용,진입회전사고,맑음,심야,차대차,측면직각충돌,신호위반,특별광역시도,광평교동단사거리,37.199327,127.0970177,송파구,
2018,4,4,수요일,14,부상사고,0,0,0,1,65,남,15년이상,,승용,비사업용,이륜,일직선사고,맑음,주간,차대차,추돌(진행중),안전운전불이행,특별광역시도,광평교동단사거리,37.199327,127.0970177,송파구,
2018,5,25,금요일,17,경상사고,0,0,1,0,48,남,15년이상,,자전거,기타,자전거,일직선사고,맑음,주간,차대차,추돌(진행중),안전운전불이행,기타,광평교동단사거리,37.199327,127.0970177,송파구,
2018,6,3,일요일,7,경상사고,0,0,1,0,55,남,15년이상,,승용,비사업용,승용,진입회전사고,맑음,출퇴근,차대차,측면직각충돌,신호위반,특별광역시도,광평교동단사거리,37.199327,127.0970177,송파구,
2018,7,4,수요일,9,경상사고,0,0,1,0,31,여,10년미만,,승용,비사업용,승용,기타사고,맑음,주간,차대차,차대차-기타,안전운전불이행,특별광역시도,광평교동단사거리,37.199327,127.0970177,송파구,
2018,7,19,목요일,9,중상사고,0,1,0,0,69,남,15년이상,,화물,사업용,화물,일직선사고,맑음,주간,차대차,추돌(진행중),안전운전불이행,특별광역시도,광평교동단사거리,37.199327,127.0970177,송파구,
2018,9,12,수요일,12,부상사고,0,0,0,1,32,남,15년미만,,승용,사업용,이륜,일직선사고,맑음,주간,차대차,추돌(진행중),안전거리미확보,특별광역시도,광평교동단사거리,37.199327,127.0970177,송파구,
2018,10,29,월요일,13,중상사고,0,1,0,0,49,여,1년미만,,승용,비사업용,화물,기타사고,맑음,주간,차대차,차대차-기타,안전운전불이행,특별광역시도,광평교동단사거리,37.199327,127.0970177,송파구,
2018,10,24,수요일,17,경상사고,0,0,2,0,34,여,15년이상,,승용,비사업용,승용,진입회전사고,맑음,주간,차대차,정면충돌,신호위반,특별광역시도,광평교동단사거리,37.199327,127.0970177,송파구,
2018,11,20,화요일,4,경상사고,0,0,1,0,54,남,15년이상,,화물,비사업용,화물,진입회전사고,맑음,심야,차대차,측면직각충돌,신호위반,특별광역시도,광평교동단사거리,37.199327,127.0970177,송파구,