년도,월,일,요일,시각,사고등급,사망자수,중상자수,경상자수,부상자수,연령,성별,경력,음주,종별,용도,관련자2,사고형태,기상상태,일광상태,사고유형1,사고유형2,법규위반,도로종류,지점명,위도,경도,자치구,
2019,4,24,수요일,12,중상사고,0,1,0,0,48,남,15년이상,,승합,사업용,이륜,진입회전사고,맑음,주간,차대차,측면직각충돌,신호위반,특별광역시도,광평교동단사거리,37.199327,127.0970177,송파구,
2019,5,21,화요일,0,중상사고,0,1,0,0,27,남,15년이상,,승용,비사업용,보행자,보행횡단사고,맑음,심야,차대사람,횡단중,과속,특별광역시도,광평교동단사거리,37.199327,127.0970177,송파구,
2019,5,19,일요일,0,경상사고,0,0,2,0,59,남,15년미만,,승용,비사업용,승용,진입회전사고,맑음,심야,차대차,측면직각충돌,신호위반,특별광역시도,광평교동단사거리,37.199327,127.0970177,송파구,
2019,5,8,수요일,0,경상사고,0,0,3,0,49,남,15년미만,0,승용,비사업용,승용,일직선사고,맑음,심야,차대차,추돌(진행중),안전운전불이행,특별광역시도,광평교동단사거리,37.199327,127.0970177,송파구,
2019,5,28,화요일,11,경상사고,0,0,1,0,54,남,15년이상,,승용,비사업용,이륜,일직선사고,맑음,주간,차대차,추돌(진행중),안전운전불이행,특별광역시도,광평교동단사거리,37.199327,127.0970177,송파구,
2019,5,5,일요일,13,경상사고,0,0,1,0,54,남,15년이상,,화물,비사업용,화물,진입회전사고,맑음,주간,차대차,측면직각충돌,신호위반,특별광역시도,광평교동단사거리,37.199327,127.0970177,송파구,
2019,6,12,수요일,19,경상사고,0,0,1,0,44,남,10년미만,,자전거,데이터오류,자전거,진입회전사고,맑음,출퇴근,차대차,측면직각충돌,안전운전불이행,기타,광평교동단사거리,37.199327,127.0970177,송파구,
2019,8,18,일요일,15,경상사고,0,0,3,0,44,남,15년이상,,승용,비사업용,승용,진입회전사고,맑음,주간,차대차,측면직각충돌,교차로운행방법위반,특별광역시도,광평교동단사거리,37.199327,127.0970177,송파구,
2019,8,11,일요일,21,경상사고,0,0,2,1,33,남,2년미만,,승용,사업용,승용,진입회전사고,맑음,심야,차대차,측면직각충돌,신호위반,특별광역시도,광평교동단사거리,37.199327,127.0970177,송파구,
2019,8,29,목요일,21,경상사고,0,0,3,0,47,남,15년이상,0,승용,비사업용,승용,일직선사고,맑음,심야,차대차,추돌(진행중),안전운전불이행,특별광역시도,광평교동단사거리,37.199327,127.0970177,송파구,
2019,9,22,일요일,0,경상사고,0,0,1,2,27,여,15년이상,,승용,비사업용,승용,진입회전사고,맑음,심야,차대차,측면직각충돌,신호위반,특별광역시도,광평교동단사거리,37.199327,127.0970177,송파구,
2019,9,9,월요일,6,경상사고,0,0,1,0,61,여,15년이상,,승합,비사업용,이륜,진입회전사고,맑음,새벽,차대차,측면직각충돌,중앙선침범,특별광역시도,광평교동단사거리,37.199327,127.0970177,송파구,
2019,9,28,토요일,12,경상사고,0,0,1,0,40,여,15년이상,,승용,비사업용,원동기,일직선사고,맑음,주간,차대차,추돌(진행중),안전운전불이행,특별광역시도,광평교동단사거리,37.199327,127.0970177,송파구,
2019,10,20,일요일,17,경상사고,0,0,2,0,59,남,15년이상,0,승용,비사업용,승용,진입회전사고,맑음,주간,차대차,정면충돌,신호위반,기타,광평교동단사거리,37.199327,127.0970177,송파구,
2019,12,7,토요일,7,경상사고,0,0,1,0,43,남,15년이상,0,승용,비사업용,승용,진입회전사고,맑음,출퇴근,차대차,측면직각충돌,교차로운행방법위반,특별광역시도,광평교동단사거리,37.199327,127.0970177,송파구,
2019,12,25,수요일,22,중상사고,0,1,3,1,64,남,15년이상,,승용,사업용,승용,일직선사고,맑음,심야,차대차,추돌(진행중),안전운전불이행,특별광역시도,광평교동단사거리,37.199327,127.0970177,송파구,
2017,1,28,토요일,9,중상사고,0,1,2,0,53,남,15년이상,,승합,사업용,승합,진입회전사고,맑음,주간,차대차,측면직각충돌,안전거리미확보,특별광역시도,롯데월드사거리,37.5131273,127.1019609,송파구,
2017,1,13,금요일,19,경상사고,0,0,2,0,77,남,15년이상,,승용,사업용,승용,진입회전사고,맑음,출퇴근,차대차,측면직각충돌,신호위반,특별광역시도,롯데월드사거리,37.5131273,127.1019609,송파구,
2017,1,14,토요일,22,중상사고,0,1,0,0,59,남,2년미만,,승용,사업용,보행자,보행횡단사고,맑음,심야,차대사람,횡단중,안전운전불이행,특별광역시도,롯데월드사거리,37.5131273,127.1019609,송파구,
2017,4,22,토요일,13,중상사고,0,1,0,0,47,남,15년이상,,화물,비사업용,화물,진입회전사고,맑음,주간,차대차,측면직각충돌,안전운전불이행,특별광역시도,롯데월드사거리,37.5131273,127.1019609,송파구,
2017,4,1,토요일,15,중상사고,0,1,0,0,45,남,15년이상,,승용,비사업용,이륜,진입회전사고,맑음,주간,차대차,측면직각충돌,안전거리미확보,특별광역시도,롯데월드사거리,37.5131273,127.1019609,송파구,
2017,4,16,일요일,18,경상사고,0,0,1,0,55,남,15년이상,,화물,비사업용,자전거,기타사고,맑음,출퇴근,차대차,차대차-기타,안전운전불이행,특별광역시도,롯데월드사거리,37.5131273,127.1019609,송파구,
2017,6,10,토요일,11,경상사고,0,0,1,0,31,남,15년이상,,승용,사업용,이륜,진입회전사고,맑음,주간,차대차,정면충돌,신호위반,특별광역시도,롯데월드사거리,37.5131273,127.1019609,송파구,
2017,7,26,수요일,1,경상사고,0,0,1,0,51,남,15년이상,,승용,비사업용,승용,진입회전사고,맑음,심야,차대차,정면충돌,신호위반,특별광역시도,롯데월드사거리,37.5131273,127.1019609,송파구,
2017,7,24,월요일,13,경상사고,0,0,1,0,58,남,15년이상,,승용,사업용,원동기,진입회전사고,맑음,주간,차대차,측면직각충돌,안전거리미확보,특별광역시도,롯데월드사거리,37.5131273,127.1019609,송파구,
2017,7,20,목요일,22,부상사고,0,0,0,2,25,남,1년미만,,승용,비사업용,승용,진입회전사고,맑음,심야,차대차,측면직각충돌,안전거리미확보,특별광역시도,롯데월드사거리,37.5131273,127.1019609,송파구,
2017,7,15,토요일,23,중상사고,0,1,2,0,53,남,15년이상,,승용,비사업용,승용,주정차사고,비,심야,차대차,추돌(주정차중),안전운전불이행,특별광역시도,롯데월드사거리,37.5131273,127.1019609,송파구,
2017,9,18,월요일,21,경상사고,0,0,1,0,44,남,15년이상,,승용,사업용,승용,일직선사고,맑음,심야,차대차,정면충돌,안전운전불이행,특별광역시도,롯데월드사거리,37.5131273,127.1019609,송파구,
2017,10,31,화요일,19,경상사고,0,0,1,0,62,남,15년이상,,승용,사업용,승용,일직선사고,맑음,출퇴근,차대차,추돌(진행중),안전운전불이행,특별광역시도,롯데월드사거리,37.5131273,127.1019609,송파구,
2017,11,10,금요일,11,경상사고,0,0,1,0,62,남,15년이상,,승용,사업용,승용,진입회전사고,맑음,주간,차대차,측면직각충돌,안전운전불이행,특별광역시도,롯데월드사거리,37.5131273,127.1019609,송파구,
2018,1,31,수요일,23,경상사고,0,0,4,0,60,남,15년이상,,승용,사업용,승용,일직선사고,맑음,심야,차대차,추돌(진행중),안전거리미확보,특별광역시도,롯데월드사거리,37.5131273,127.1019609,송파구,
2018,3,13,화요일,20,경상사고,0,0,2,0,59,남,15년이상,,승용,사업용,기타,기타사고,맑음,출퇴근,차대차,차대차-기타,안전거리미확보,특별광역시도,롯데월드사거리,37.5131273,127.1019609,송파구,
2018,4,30,월요일,2,부상사고,0,0,0,1,29,남,15년미만,0,승용,비사업용,승용,일직선사고,맑음,심야,차대차,추돌(진행중),안전운전불이행,특별광역시도,롯데월드사거리,37.5131273,127.1019609,송파구,
2018,5,9,수요일,7,중상사고,0,1,0,1,67,남,15년이상,,승용,비사업용,승용,진입회전사고,맑음,출퇴근,차대차,측면직각충돌,안전운전불이행,특별광역시도,롯데월드사거리,37.5131273,127.1019609,송파구,
2018,7,7,토요일,0,경상사고,0,0,1,0,28,남,3년미만,,승용,비사업용,승용,진입회전사고,맑음,심야,차대차,측면직각충돌,차로위반,특별광역시도,롯데월드사거리,37.5131273,127.1019609,송파구,
2018,7,24,화요일,5,부상사고,0,0,0,1,79,남,15년이상,,승용,사업용,보행자,기타사고,맑음,새벽,차대사람,차대사람-기타,안전운전불이행,특별광역시도,롯데월드사거리,37.5131273,127.1019609,송파구,
2018,9,10,월요일,8,경상사고,0,0,1,0,73,남,15년이상,,승용,사업용,승용,일직선사고,맑음,출퇴근,차대차,추돌(진행중),안전운전불이행,특별광역시도,롯데월드사거리,37.5131273,127.1019609,송파구,
2018,10,17,수요일,4,중상사고,0,1,0,0,69,남,15년이상,,승용,사업용,보행자,보행횡단사고,맑음,심야,차대사람,횡단중,보행자보호의무위반,특별광역시도,롯데월드사거리,37.5131273,127.1019609,송파구,
2018,10,22,월요일,15,중상사고,0,1,0,0,68,여,2년미만,,승용,비사업용,승용,진입회전사고,맑음,주간,차대차,측면직각충돌,안전운전불이행,특별광역시도,롯데월드사거리,37.5131273,127.1019609,송파구,
2018,11,6,화요일,10,경상사고,0,0,3,0,52,남,15년이상,,화물,비사업용,화물,진입회전사고,맑음,주간,차대차,측면직각충돌,교차로운행방법위반,특별광역시도,롯데월드사거리,37.5131273,127.1019609,송파구,
2018,12,23,일요일,16,경상사고,0,0,5,1,44,여,데이터오류,,승용,비사업용,보행자,일직선사고,맑음,주간,차대차,추돌(진행중),안전거리미확보,특별광역시도,롯데월드사거리,37.5131273,127.1019609,송파구,
2019,1,23,수요일,23,경상사고,0,0,1,0,43,남,4년미만,,승용,비사업용,승용,진입회전사고,맑음,심야,차대차,차대차-기타,신호위반,특별광역시도,롯데월드사거리,37.5131273,127.1019609,송파구,
2019,4,12,금요일,10,경상사고,0,0,1,0,60,남,15년이상,,승용,사업용,승용,진입회전사고,맑음,주간,차대차,측면직각충돌,신호위반,특별광역시도,롯데월드사거리,37.5131273,127.1019609,송파구,
2019,4,12,금요일,16,경상사고,0,0,1,0,26,남,10년미만,,승용,비사업용,승용,일직선사고,맑음,주간,차대차,추돌(진행중),안전거리미확보,특별광역시도,롯데월드사거리,37.5131273,127.1019609,송파구,
2019,4,12,금요일,18,경상사고,0,0,1,0,60,여,10년미만,,승용,비사업용,자전거,기타사고,맑음,출퇴근,차대차,차대차-기타,안전운전불이행,특별광역시도,롯데월드사거리,37.5131273,127.1019609,송파구,
2019,6,26,수요일,18,중상사고,0,1,1,0,43,남,15년이상,,승용,비사업용,승용,진입회전사고,맑음,출퇴근,차대차,정면충돌,신호위반,특별광역시도,롯데월드사거리,37.5131273,127.1019609,송파구,
2019,7,2,화요일,5,중상사고,0,2,2,0,47,남,15년이상,,승용,사업용,승용,진입회전사고,맑음,새벽,차대차,추돌(진행중),신호위반,특별광역시도,롯데월드사거리,37.5131273,127.1019609,송파구,
2019,8,6,화요일,12,경상사고,0,0,1,0,35,여,15년이상,,승용,비사업용,이륜,진입회전사고,맑음,주간,차대차,측면직각충돌,안전운전불이행,특별광역시도,롯데월드사거리,37.5131273,127.1019609,송파구,
2019,8,15,목요일,13,경상사고,0,0,1,0,57,남,15년이상,,화물,비사업용,화물,일직선사고,비,주간,차대차,추돌(진행중),안전거리미확보,특별광역시도,롯데월드사거리,37.5131273,127.1019609,송파구,
2019,9,10,화요일,15,경상사고,0,0,1,0,57,남,15년이상,,승용,비사업용,승용,일직선사고,맑음,주간,차대차,추돌(진행중),안전운전불이행,특별광역시도,롯데월드사거리,37.5131273,127.1019609,송파구,
2019,11,16,토요일,4,사망사고,1,0,0,0,54,남,15년이상,,승용,사업용,이륜,진입회전사고,비,심야,차대차,차대차-기타,신호위반,특별광역시도,롯데월드사거리,37.5131273,127.1019609,송파구,
2019,11,25,월요일,15,경상사고,0,0,1,0,56,남,15년이상,,화물,사업용,화물,진입회전사고,맑음,주간,차대차,측면직각충돌,교차로운행방법위반,특별광역시도,롯데월드사거리,37.5131273,127.1019609,송파구,
2019,11,15,금요일,18,부상사고,0,0,0,1,40,여,15년이상,,승용,비사업용,자전거,진입회전사고,맑음,출퇴근,차대차,측면직각충돌,안전운전불이행,특별광역시도,롯데월드사거리,37.5131273,127.1019609,송파구,
2019,12,27,금요일,11,중상사고,0,1,0,0,41,여,15년이상,,승용,비사업용,자전거,진입회전사고,맑음,주간,차대차,측면직각충돌,신호위반,특별광역시도,롯데월드사거리,37.5131273,127.1019609,송파구,
2017,1,25,수요일,0,경상사고,0,0,1,1,57,여,15년이상,,승용,사업용,승용,기타사고,맑음,심야,차대차,차대차-기타,안전거리미확보,특별광역시도,문정역2번출구삼거리,37.48632,127.12261,송파구,
2017,1,7,토요일,3,중상사고,0,1,0,0,41,남,15년이상,,승합,사업용,원동기,진입회전사고,맑음,심야,차대차,측면직각충돌,신호위반,특별광역시도,문정역2번출구삼거리,37.48632,127.12261,송파구,
2017,1,25,수요일,14,부상사고,0,0,0,1,37,여,15년이상,,승용,비사업용,원동기,진입회전사고,맑음,주간,차대차,측면직각충돌,안전거리미확보,특별광역시도,문정역2번출구삼거리,37.48632,127.12261,송파구,
2017,2,9,목요일,23,경상사고,0,0,1,0,57,남,15년이상,,승용,사업용,이륜,진입회전사고,맑음,심야,차대차,측면직각충돌,안전거리미확보,특별광역시도,문정역2번출구삼거리,37.48632,127.12261,송파구,
2017,5,24,수요일,0,중상사고,0,1,0,0,73,남,15년이상,,승용,사업용,원동기,진입회전사고,맑음,심야,차대차,측면직각충돌,안전거리미확보,특별광역시도,문정역2번출구삼거리,37.48632,127.12261,송파구,
2017,6,18,일요일,1,중상사고,0,1,0,0,49,남,15년이상,,승합,사업용,기타,진입회전사고,맑음,심야,차대차,차대차-기타,신호위반,특별광역시도,문정역2번출구삼거리,37.48632,127.12261,송파구,
2017,6,26,월요일,4,경상사고,0,0,3,0,68,남,15년이상,,승용,사업용,화물,진입회전사고,맑음,심야,차대차,측면직각충돌,신호위반,특별광역시도,문정역2번출구삼거리,37.48632,127.12261,송파구,
2017,6,8,목요일,23,중상사고,0,1,1,0,54,남,15년이상,0,승용,비사업용,승용,일직선사고,맑음,심야,차대차,정면충돌,안전운전불이행,특별광역시도,문정역2번출구삼거리,37.48632,127.12261,송파구,
2017,7,28,금요일,11,경상사고,0,0,1,0,32,남,15년이상,,승용,비사업용,승용,진입회전사고,비,주간,차대차,측면직각충돌,안전거리미확보,특별광역시도,문정역2번출구삼거리,37.48632,127.12261,송파구,
2017,8,3,목요일,5,경상사고,0,0,3,1,59,남,15년이상,,승용,사업용,승합,진입회전사고,맑음,새벽,차대차,측면직각충돌,신호위반,특별광역시도,문정역2번출구삼거리,37.48632,127.12261,송파구,
2017,8,29,화요일,10,경상사고,0,0,1,0,36,남,15년이상,,승용,비사업용,이륜,기타사고,맑음,주간,차대차,차대차-기타,안전운전불이행,특별광역시도,문정역2번출구삼거리,37.48632,127.12261,송파구,
2017,8,26,토요일,15,경상사고,0,0,2,0,30,남,15년이상,,승용,사업용,승용,일직선사고,맑음,주간,차대차,추돌(진행중),안전운전불이행,특별광역시도,문정역2번출구삼거리,37.48632,127.12261,송파구,
2017,9,18,월요일,18,중상사고,0,1,0,0,36,남,15년미만,,승용,비사업용,승합,기타사고,맑음,출퇴근,차대차,차대차-기타,안전거리미확보,특별광역시도,문정역2번출구삼거리,37.48632,127.12261,송파구,
2017,10,24,화요일,23,중상사고,0,1,0,0,34,남,15년이상,0,승용,사업용,승용,일직선사고,흐림,심야,차대차,추돌(진행중),안전운전불이행,특별광역시도,문정역2번출구삼거리,37.48632,127.12261,송파구,
2017,12,5,화요일,10,경상사고,0,0,2,0,44,남,15년이상,0,승용,비사업용,승용,일직선사고,맑음,주간,차대차,추돌(진행중),안전운전불이행,특별광역시도,문정역2번출구삼거리,37.48632,127.12261,송파구,
2017,12,28,목요일,18,경상사고,0,0,1,0,49,여,15년이상,,승용,비사업용,원동기,진입회전사고,맑음,출퇴근,차대차,측면직각충돌,교차로운행방법위반,특별광역시도,문정역2번출구삼거리,37.48632,127.12261,송파구,
2018,3,2,금요일,23,경상사고,0,0,1,0,52,남,15년이상,0,승용,비사업용,승용,일직선사고,맑음,심야,차대차,추돌(진행중),안전운전불이행,특별광역시도,문정역2번출구삼거리,37.48632,127.12261,송파구,
2018,5,4,금요일,0,경상사고,0,0,1,0,51,남,15년이상,,승합,사업용,기타,진입회전사고,맑음,심야,차대차,차대차-기타,신호위반,특별광역시도,문정역2번출구삼거리,37.48632,127.12261,송파구,
2018,8,10,금요일,8,경상사고,0,0,1,0,32,남,10년미만,,승용,비사업용,화물,일직선사고,맑음,출퇴근,차대차,추돌(진행중),안전운전불이행,특별광역시도,문정역2번출구삼거리,37.48632,127.12261,송파구,
2018,8,25,토요일,9,경상사고,0,0,1,0,38,남,15년이상,0,승용,비사업용,승용,일직선사고,맑음,주간,차대차,정면충돌,안전운전불이행,특별광역시도,문정역2번출구삼거리,37.48632,127.12261,송파구,
2018,8,20,월요일,9,부상사고,0,0,0,1,61,남,15년이상,,화물,비사업용,자전거,기타사고,맑음,주간,차대차,차대차-기타,교차로운행방법위반,특별광역시도,문정역2번출구삼거리,37.48632,127.12261,송파구,
2018,8,19,일요일,11,경상사고,0,0,1,0,67,남,15년이상,,승용,사업용,자전거,진입회전사고,맑음,주간,차대차,차대차-기타,신호위반,특별광역시도,문정역2번출구삼거리,37.48632,127.12261,송파구,
2018,10,6,토요일,2,중상사고,0,1,2,0,41,남,15년이상,0,승용,비사업용,승용,일직선사고,맑음,심야,차대차,추돌(진행중),안전운전불이행,특별광역시도,문정역2번출구삼거리,37.48632,127.12261,송파구,
2018,10,9,화요일,12,경상사고,0,0,2,0,26,남,3년미만,,승용,비사업용,승합,진입회전사고,맑음,주간,차대차,측면직각충돌,신호위반,특별광역시도,문정역2번출구삼거리,37.48632,127.12261,송파구,
2018,10,11,목요일,15,경상사고,0,0,1,0,48,남,15년이상,,건설기계,사업용,보행자,보행횡단사고,맑음,주간,차대사람,횡단중,안전운전불이행,특별광역시도,문정역2번출구삼거리,37.48632,127.12261,송파구,
2018,11,22,목요일,10,경상사고,0,0,2,0,42,남,15년이상,,승합,사업용,기타,기타사고,맑음,주간,차량단독,차량단독-기타,기타,특별광역시도,문정역2번출구삼거리,37.48632,127.12261,송파구,
2019,1,25,금요일,20,경상사고,0,0,1,0,60,여,15년이상,,승용,비사업용,화물,일직선사고,맑음,출퇴근,차대차,추돌(진행중),안전운전불이행,특별광역시도,문정역2번출구삼거리,37.48632,127.12261,송파구,
2019,2,17,일요일,1,중상사고,0,1,0,0,40,남,15년이상,0,승용,비사업용,승용,일직선사고,맑음,심야,차대차,추돌(진행중),안전운전불이행,특별광역시도,문정역2번출구삼거리,37.48632,127.12261,송파구,
2019,3,22,금요일,14,경상사고,0,0,3,0,59,여,15년이상,,승용,비사업용,승용,진입회전사고,맑음,주간,차대차,측면직각충돌,신호위반,특별광역시도,문정역2번출구삼거리,37.48632,127.12261,송파구,
2019,3,11,월요일,19,경상사고,0,0,1,0,52,남,15년이상,,화물,사업용,화물,진입회전사고,맑음,출퇴근,차대차,측면직각충돌,안전거리미확보,특별광역시도,문정역2번출구삼거리,37.48632,127.12261,송파구,
2019,5,13,월요일,21,경상사고,0,0,1,0,64,여,15년이상,,승용,비사업용,승용,진입회전사고,맑음,심야,차대차,측면직각충돌,교차로운행방법위반,특별광역시도,문정역2번출구삼거리,37.48632,127.12261,송파구,
2019,5,19,일요일,22,경상사고,0,0,1,0,불명,불명,데이터오류,,기타,데이터오류,기타,기타사고,비,심야,차대차,차대차-기타,안전운전불이행,특별광역시도,문정역2번출구삼거리,37.48632,127.12261,송파구,
2019,5,6,월요일,23,경상사고,0,0,1,0,49,남,4년미만,0,승합,비사업용,승합,일직선사고,맑음,심야,차대차,추돌(진행중),안전운전불이행,특별광역시도,문정역2번출구삼거리,37.48632,127.12261,송파구,
2019,5,30,목요일,23,경상사고,0,0,5,0,68,남,15년이상,,승용,사업용,승용,일직선사고,맑음,심야,차대차,추돌(진행중),안전운전불이행,특별광역시도,문정역2번출구삼거리,37.48632,127.12261,송파구,
2019,6,8,토요일,0,경상사고,0,0,1,0,61,남,15년이상,,승용,사업용,승용,기타사고,맑음,심야,차대차,차대차-기타,안전거리미확보,특별광역시도,문정역2번출구삼거리,37.48632,127.12261,송파구,
2019,7,3,수요일,18,경상사고,0,0,1,0,38,여,15년이상,,승용,비사업용,승용,진입회전사고,맑음,출퇴근,차대차,측면직각충돌,신호위반,특별광역시도,문정역2번출구삼거리,37.48632,127.12261,송파구,
2019,7,4,목요일,22,경상사고,0,0,1,0,60,남,10년미만,,승용,사업용,승용,진입회전사고,맑음,심야,차대차,측면직각충돌,차로위반,특별광역시도,문정역2번출구삼거리,37.48632,127.12261,송파구,
2019,10,5,토요일,0,중상사고,0,1,5,0,47,남,15년이상,0,승용,비사업용,승용,일직선사고,맑음,심야,차대차,추돌(진행중),안전운전불이행,특별광역시도,문정역2번출구삼거리,37.48632,127.12261,송파구,
2019,10,22,화요일,19,중상사고,0,1,1,0,48,남,15년이상,0,화물,비사업용,화물,일직선사고,맑음,출퇴근,차대차,추돌(진행중),안전운전불이행,특별광역시도,문정역2번출구삼거리,37.48632,127.12261,송파구,
2019,11,29,금요일,9,중상사고,0,1,0,0,37,여,15년이상,,승용,비사업용,자전거,진입회전사고,맑음,주간,차대차,측면직각충돌,안전운전불이행,특별광역시도,문정역2번출구삼거리,37.48632,127.12261,송파구,
2019,11,19,화요일,13,경상사고,0,0,1,0,59,남,15년이상,,승용,사업용,승용,진입회전사고,맑음,주간,차대차,측면직각충돌,신호위반,특별광역시도,문정역2번출구삼거리,37.48632,127.12261,송파구,
2019,11,12,화요일,18,경상사고,0,0,3,0,68,남,15년이상,,승용,비사업용,승용,진입회전사고,맑음,출퇴근,차대차,측면직각충돌,신호위반,특별광역시도,문정역2번출구삼거리,37.48632,127.12261,송파구,
2017,5,11,목요일,6,경상사고,0,0,1,0,49,남,15년이상,,승용,비사업용,자전거,진입회전사고,맑음,새벽,차대차,측면직각충돌,안전운전불이행,특별광역시도,복정역사거리,37.469466,127.1240136,송파구,
2017,8,19,토요일,13,경상사고,0,0,1,0,36,남,2년미만,,승용,사업용,승용,기타사고,맑음,주간,차대차,차대차-기타,안전거리미확보,특별광역시도,복정역사거리,37.469466,127.1240136,송파구,
2017,10,13,금요일,9,경상사고,0,0,1,0,24,여,10년미만,,승용,비사업용,승용,일직선사고,맑음,주간,차대차,추돌(진행중),안전운전불이행,특별광역시도,복정역사거리,37.469466,127.1240136,송파구,
2018,3,21,수요일,19,부상사고,0,0,0,1,28,여,10년미만,,승용,비사업용,승합,진입회전사고,맑음,출퇴근,차대차,측면직각충돌,안전운전불이행,특별광역시도,복정역사거리,37.469466,127.1240136,송파구,
2018,9,15,토요일,9,경상사고,0,0,2,0,38,여,15년미만,,승용,비사업용,승용,진입회전사고,맑음,주간,차대차,측면직각충돌,안전운전불이행,특별광역시도,복정역사거리,37.469466,127.1240136,송파구,
2018,9,20,목요일,15,경상사고,0,0,1,0,67,남,15년이상,,승용,비사업용,승용,진입회전사고,맑음,주간,차대차,측면직각충돌,안전운전불이행,특별광역시도,복정역사거리,37.469466,127.1240136,송파구,
2018,9,27,목요일,17,경상사고,0,0,1,0,49,남,15년이상,,승합,사업용,승합,진입회전사고,맑음,주간,차대차,측면직각충돌,안전거리미확보,특별광역시도,복정역사거리,37.469466,127.1240136,송파구,
2018,10,23,화요일,18,경상사고,0,0,2,0,80,남,15년이상,,승용,비사업용,승용,진입회전사고,맑음,출퇴근,차대차,측면직각충돌,안전거리미확보,특별광역시도,복정역사거리,37.469466,127.1240136,송파구,
2018,11,12,월요일,8,경상사고,0,0,1,0,65,여,15년이상,,승용,비사업용,화물,진입회전사고,맑음,출퇴근,차대차,측면직각충돌,안전거리미확보,특별광역시도,복정역사거리,37.469466,127.1240136,송파구,
2018,12,22,토요일,9,경상사고,0,0,1,0,36,남,15년이상,,승용,비사업용,승용,일직선사고,맑음,주간,차대차,추돌(진행중),안전운전불이행,특별광역시도,복정역사거리,37.469466,127.1240136,송파구,
2018,12,19,수요일,11,경상사고,0,0,1,0,59,여,15년이상,,승용,비사업용,승용,일직선사고,맑음,주간,차대차,추돌(진행중),안전운전불이행,특별광역시도,복정역사거리,37.469466,127.1240136,송파구,
2019,1,27,일요일,7,부상사고,0,0,0,1,68,남,15년이상,,승용,사업용,보행자,기타사고,맑음,출퇴근,차대사람,차대사람-기타,보행자보호의무위반,특별광역시도,복정역사거리,37.469466,127.1240136,송파구,
2019,1,29,화요일,7,경상사고,0,0,1,0,불명,불명,데이터오류,,승합,비사업용,승합,진입회전사고,맑음,출퇴근,차대차,측면직각충돌,신호위반,특별광역시도,복정역사거리,37.469466,127.1240136,송파구,
2019,7,8,월요일,0,경상사고,0,0,1,0,49,여,4년미만,,승용,비사업용,승용,일직선사고,맑음,심야,차대차,정면충돌,안전거리미확보,특별광역시도,복정역사거리,37.469466,127.1240136,송파구,
2019,7,12,금요일,8,경상사고,0,0,1,0,51,남,15년이상,,건설기계,사업용,건설기계,진입회전사고,맑음,출퇴근,차대차,측면직각충돌,안전거리미확보,특별광역시도,복정역사거리,37.469466,127.1240136,송파구,
2019,8,9,금요일,7,경상사고,0,0,4,0,61,남,10년미만,0,화물,비사업용,화물,기타사고,맑음,출퇴근,차대차,차대차-기타,안전거리미확보,고속국도,복정역사거리,37.469466,127.1240136,송파구,
2019,8,18,일요일,14,경상사고,0,0,1,0,66,남,15년이상,,승용,사업용,자전거,진입회전사고,맑음,주간,차대차,측면직각충돌,안전운전불이행,특별광역시도,복정역사거리,37.469466,127.1240136,송파구,
2019,9,6,금요일,19,경상사고,0,0,3,0,24,남,1년미만,,승용,비사업용,승용,진입회전사고,비,출퇴근,차대차,측면직각충돌,안전운전불이행,특별광역시도,복정역사거리,37.469466,127.1240136,송파구,
2019,9,25,수요일,21,경상사고,0,0,2,0,52,여,15년이상,0,승용,비사업용,승합,일직선사고,맑음,심야,차대차,추돌(진행중),안전운전불이행,특별광역시도,복정역사거리,37.469466,127.1240136,송파구,
2019,11,15,금요일,8,경상사고,0,0,2,0,59,남,15년이상,,승용,사업용,승합,진입회전사고,맑음,출퇴근,차대차,측면직각충돌,안전운전불이행,특별광역시도,복정역사거리,37.469466,127.1240136,송파구,
2017,1,27,금요일,17,부상사고,0,0,0,1,49,남,15년이상,,승용,비사업용,승용,진입회전사고,맑음,주간,차대차,측면직각충돌,신호위반,특별광역시도,복정역사거리,37.469466,127.1240136,송파구,
2017,2,14,화요일,10,중상사고,0,1,0,0,59,여,15년이상,,승용,비사업용,승용,진입회전사고,맑음,주간,차대차,측면직각충돌,교차로운행방법위반,특별광역시도,복정역사거리,37.469466,127.1240136,송파구,
2017,2,27,월요일,11,중상사고,0,2,0,0,58,여,15년이상,,승용,비사업용,승용,일직선사고,맑음,주간,차대차,추돌(진행중),안전거리미확보,특별광역시도,복정역사거리,37.469466,127.1240136,송파구,
2017,2,20,월요일,21,중상사고,0,1,0,0,35,남,15년이상,,승용,비사업용,보행자,보행횡단사고,맑음,심야,차대사람,횡단중,안전운전불이행,특별광역시도,복정역사거리,37.469466,127.1240136,송파구,
2017,3,20,월요일,7,부상사고,0,0,0,1,34,여,15년미만,,승용,사업용,승용,일직선사고,맑음,출퇴근,차대차,추돌(진행중),안전운전불이행,특별광역시도,복정역사거리,37.469466,127.1240136,송파구,
2017,3,20,월요일,8,중상사고,0,1,0,0,28,남,15년미만,,승용,비사업용,승용,일직선사고,맑음,출퇴근,차대차,추돌(진행중),안전운전불이행,특별광역시도,복정역사거리,37.469466,127.1240136,송파구,
2017,3,16,목요일,10,부상사고,0,0,0,1,42,남,15년이상,,승용,비사업용,이륜,일직선사고,맑음,주간,차대차,정면충돌,안전거리미확보,특별광역시도,복정역사거리,37.469466,127.1240136,송파구,
2017,3,17,금요일,14,경상사고,0,0,1,0,54,남,15년이상,,특수,사업용,특수,진입회전사고,맑음,주간,차대차,측면직각충돌,안전거리미확보,특별광역시도,복정역사거리,37.469466,127.1240136,송파구,