년도,월,일,요일,시각,사고등급,사망자수,중상자수,경상자수,부상자수,연령,성별,경력,음주,종별,용도,관련자2,사고형태,기상상태,일광상태,사고유형1,사고유형2,법규위반,도로종류,지점명,위도,경도,자치구,
2017,3,26,일요일,18,중상사고,0,1,0,0,46,남,15년이상,,승합,사업용,이륜,일직선사고,맑음,출퇴근,차대차,정면충돌,안전운전불이행,특별광역시도,복정역사거리,37.469466,127.1240136,송파구,
2017,4,22,토요일,1,경상사고,0,0,3,1,44,남,15년이상,,승용,비사업용,승용,진입회전사고,맑음,심야,차대차,정면충돌,신호위반,특별광역시도,복정역사거리,37.469466,127.1240136,송파구,
2017,4,7,금요일,8,경상사고,0,0,1,0,45,여,15년미만,,승용,비사업용,승용,진입회전사고,맑음,출퇴근,차대차,측면직각충돌,안전거리미확보,특별광역시도,복정역사거리,37.469466,127.1240136,송파구,
2017,5,22,월요일,11,경상사고,0,0,1,0,46,남,15년이상,,화물,사업용,화물,일직선사고,맑음,주간,차대차,추돌(진행중),안전운전불이행,특별광역시도,복정역사거리,37.469466,127.1240136,송파구,
2017,6,3,토요일,4,경상사고,0,0,1,0,57,남,15년이상,,승용,비사업용,승용,진입회전사고,맑음,심야,차대차,정면충돌,신호위반,특별광역시도,복정역사거리,37.469466,127.1240136,송파구,
2017,6,7,수요일,15,경상사고,0,0,1,0,61,남,15년이상,,화물,사업용,화물,기타사고,맑음,주간,차대차,차대차-기타,안전운전불이행,특별광역시도,복정역사거리,37.469466,127.1240136,송파구,
2017,8,12,토요일,16,경상사고,0,0,1,3,44,남,15년이상,,승용,비사업용,승용,일직선사고,맑음,주간,차대차,정면충돌,안전운전불이행,특별광역시도,복정역사거리,37.469466,127.1240136,송파구,
2017,8,23,수요일,16,중상사고,0,1,0,0,44,남,15년이상,,승용,비사업용,자전거,기타사고,맑음,주간,차대차,차대차-기타,안전운전불이행,특별광역시도,복정역사거리,37.469466,127.1240136,송파구,
2017,9,27,수요일,2,중상사고,0,1,1,0,22,남,15년이상,0,승용,비사업용,승용,일직선사고,맑음,심야,차대차,정면충돌,안전운전불이행,특별광역시도,복정역사거리,37.469466,127.1240136,송파구,
2017,10,5,목요일,14,부상사고,0,0,0,1,불명,불명,데이터오류,,기타,데이터오류,기타,보행횡단사고,맑음,주간,차대사람,횡단중,보행자보호의무위반,특별광역시도,복정역사거리,37.469466,127.1240136,송파구,
2017,10,1,일요일,20,부상사고,0,0,0,4,67,남,15년이상,,특수,사업용,특수,진입회전사고,비,출퇴근,차대차,측면직각충돌,안전운전불이행,특별광역시도,복정역사거리,37.469466,127.1240136,송파구,
2017,12,22,금요일,6,경상사고,0,0,1,0,54,남,15년이상,,승용,사업용,보행자,진입회전사고,흐림,새벽,차대사람,횡단중,신호위반,특별광역시도,복정역사거리,37.469466,127.1240136,송파구,
2017,12,6,수요일,11,경상사고,0,0,2,0,52,여,15년이상,,승용,비사업용,승용,기타사고,맑음,주간,차대차,차대차-기타,차로위반,특별광역시도,복정역사거리,37.469466,127.1240136,송파구,
2017,12,5,화요일,18,경상사고,0,0,1,0,31,여,10년미만,,승용,비사업용,승용,진입회전사고,맑음,출퇴근,차대차,측면직각충돌,안전운전불이행,기타,복정역사거리,37.469466,127.1240136,송파구,
2017,12,30,토요일,22,중상사고,0,1,4,1,56,남,15년이상,0,승용,비사업용,승용,일직선사고,비,심야,차대차,추돌(진행중),안전운전불이행,특별광역시도,복정역사거리,37.469466,127.1240136,송파구,
2017,12,19,화요일,22,경상사고,0,0,2,0,63,남,15년이상,,승용,사업용,승용,진입회전사고,맑음,심야,차대차,측면직각충돌,교차로운행방법위반,특별광역시도,복정역사거리,37.469466,127.1240136,송파구,
2018,1,19,금요일,23,경상사고,0,0,1,0,57,남,15년이상,,승용,비사업용,승용,진입회전사고,맑음,심야,차대차,측면직각충돌,차로위반,특별광역시도,복정역사거리,37.469466,127.1240136,송파구,
2018,2,4,일요일,8,중상사고,0,1,3,0,36,남,15년이상,0,승용,비사업용,화물,일직선사고,맑음,출퇴근,차대차,추돌(진행중),안전운전불이행,특별광역시도,복정역사거리,37.469466,127.1240136,송파구,
2018,3,8,목요일,0,경상사고,0,0,2,0,53,여,15년미만,,승용,비사업용,승용,진입회전사고,비,심야,차대차,측면직각충돌,차로위반,특별광역시도,복정역사거리,37.469466,127.1240136,송파구,
2018,3,24,토요일,15,경상사고,0,0,2,0,41,남,10년미만,,승용,비사업용,승용,일직선사고,맑음,주간,차대차,추돌(진행중),안전운전불이행,특별광역시도,복정역사거리,37.469466,127.1240136,송파구,
2018,3,29,목요일,23,중상사고,0,1,0,1,50,여,15년이상,,승용,비사업용,승용,진입회전사고,맑음,심야,차대차,측면직각충돌,신호위반,특별광역시도,복정역사거리,37.469466,127.1240136,송파구,
2018,4,28,토요일,21,경상사고,0,0,2,0,31,남,15년미만,,승용,비사업용,승용,일직선사고,맑음,심야,차대차,추돌(진행중),안전운전불이행,특별광역시도,복정역사거리,37.469466,127.1240136,송파구,
2018,5,13,일요일,10,경상사고,0,0,2,0,63,여,15년이상,,승용,사업용,승용,진입회전사고,맑음,주간,차대차,측면직각충돌,안전운전불이행,기타,복정역사거리,37.469466,127.1240136,송파구,
2018,5,7,월요일,18,경상사고,0,0,1,0,37,남,15년이상,,승용,비사업용,승용,진입회전사고,맑음,출퇴근,차대차,측면직각충돌,신호위반,특별광역시도,복정역사거리,37.469466,127.1240136,송파구,
2018,7,5,목요일,9,경상사고,0,0,1,1,58,남,15년이상,,특수,사업용,특수,진입회전사고,맑음,주간,차대차,측면직각충돌,안전거리미확보,특별광역시도,복정역사거리,37.469466,127.1240136,송파구,
2018,7,15,일요일,18,경상사고,0,0,2,0,50,여,15년이상,,승용,비사업용,승용,일직선사고,맑음,출퇴근,차대차,추돌(진행중),안전운전불이행,특별광역시도,복정역사거리,37.469466,127.1240136,송파구,
2018,9,15,토요일,0,중상사고,0,1,0,0,36,남,2년미만,,기타,기타,기타,기타사고,맑음,심야,차대사람,차대사람-기타,안전운전불이행,기타,복정역사거리,37.469466,127.1240136,송파구,
2018,12,12,수요일,1,경상사고,0,0,1,0,45,여,15년미만,,승용,비사업용,원동기,진입회전사고,맑음,심야,차대차,측면직각충돌,안전운전불이행,특별광역시도,복정역사거리,37.469466,127.1240136,송파구,
2019,3,29,금요일,8,경상사고,0,0,1,0,47,남,15년이상,,화물,사업용,화물,진입회전사고,맑음,출퇴근,차대차,측면직각충돌,안전운전불이행,기타,복정역사거리,37.469466,127.1240136,송파구,
2019,3,8,금요일,23,경상사고,0,0,1,0,56,남,15년이상,0,승용,사업용,승용,일직선사고,맑음,심야,차대차,추돌(진행중),안전운전불이행,특별광역시도,복정역사거리,37.469466,127.1240136,송파구,
2019,4,1,월요일,9,경상사고,0,0,1,0,43,남,10년미만,,화물,비사업용,화물,진입회전사고,맑음,주간,차대차,측면직각충돌,신호위반,특별광역시도,복정역사거리,37.469466,127.1240136,송파구,
2019,6,24,월요일,12,경상사고,0,0,1,0,65,남,10년미만,,승용,비사업용,승합,진입회전사고,맑음,주간,차대차,측면직각충돌,안전운전불이행,기타,복정역사거리,37.469466,127.1240136,송파구,
2019,7,12,금요일,10,경상사고,0,0,1,0,31,여,1년미만,,승용,비사업용,승용,진입회전사고,맑음,주간,차대차,측면직각충돌,교차로운행방법위반,특별광역시도,복정역사거리,37.469466,127.1240136,송파구,
2019,7,5,금요일,17,경상사고,0,0,1,0,55,남,15년이상,,화물,사업용,화물,기타사고,맑음,주간,차대차,차대차-기타,안전거리미확보,특별광역시도,복정역사거리,37.469466,127.1240136,송파구,
2019,8,29,목요일,9,경상사고,0,0,2,0,46,남,15년이상,,화물,비사업용,화물,일직선사고,맑음,주간,차대차,추돌(진행중),안전운전불이행,특별광역시도,복정역사거리,37.469466,127.1240136,송파구,
2019,8,6,화요일,23,경상사고,0,0,4,0,51,남,15년이상,0,승용,비사업용,승용,일직선사고,맑음,심야,차대차,추돌(진행중),안전운전불이행,특별광역시도,복정역사거리,37.469466,127.1240136,송파구,
2019,11,22,금요일,19,경상사고,0,0,1,0,49,남,15년이상,,화물,사업용,화물,진입회전사고,맑음,출퇴근,차대차,측면직각충돌,안전운전불이행,특별광역시도,복정역사거리,37.469466,127.1240136,송파구,
2019,12,27,금요일,16,경상사고,0,0,1,0,23,남,10년미만,,승용,사업용,승용,일직선사고,맑음,주간,차대차,추돌(진행중),안전거리미확보,특별광역시도,복정역사거리,37.469466,127.1240136,송파구,
2019,12,23,월요일,18,중상사고,0,1,0,0,43,남,15년이상,,승용,비사업용,기타,일직선사고,맑음,출퇴근,차대차,추돌(진행중),안전거리미확보,기타,복정역사거리,37.469466,127.1240136,송파구,
2017,2,9,목요일,9,경상사고,0,0,1,0,23,남,15년이상,,승용,사업용,승용,진입회전사고,맑음,주간,차대차,측면직각충돌,안전운전불이행,특별광역시도,삼성교사거리,37.510591,127.070821,송파구,
2017,4,13,목요일,17,경상사고,0,0,1,0,26,여,10년미만,,승용,비사업용,승용,일직선사고,맑음,주간,차대차,추돌(진행중),안전운전불이행,특별광역시도,삼성교사거리,37.510591,127.070821,송파구,
2017,5,12,금요일,0,중상사고,0,1,1,0,62,남,15년이상,,승용,사업용,승합,진입회전사고,맑음,심야,차대차,정면충돌,신호위반,특별광역시도,삼성교사거리,37.510591,127.070821,송파구,
2017,6,24,토요일,8,경상사고,0,0,1,0,56,여,15년이상,,승용,비사업용,승용,진입회전사고,맑음,출퇴근,차대차,측면직각충돌,신호위반,특별광역시도,삼성교사거리,37.510591,127.070821,송파구,
2017,7,22,토요일,13,경상사고,0,0,3,0,69,남,15년이상,,승용,사업용,승용,일직선사고,맑음,주간,차대차,추돌(진행중),안전운전불이행,특별광역시도,삼성교사거리,37.510591,127.070821,송파구,
2017,8,18,금요일,8,부상사고,0,0,0,1,48,여,15년이상,,승용,비사업용,승합,기타사고,맑음,출퇴근,차대차,차대차-기타,안전거리미확보,특별광역시도,삼성교사거리,37.510591,127.070821,송파구,
2017,9,1,금요일,1,중상사고,0,1,2,0,50,남,15년이상,,승합,비사업용,승합,진입회전사고,맑음,심야,차대차,정면충돌,신호위반,특별광역시도,삼성교사거리,37.510591,127.070821,송파구,
2017,9,10,일요일,23,중상사고,0,1,1,0,24,남,10년미만,,승용,비사업용,이륜,진입회전사고,비,심야,차대차,측면직각충돌,신호위반,특별광역시도,삼성교사거리,37.510591,127.070821,송파구,
2017,12,28,목요일,1,중상사고,0,1,1,0,62,남,15년이상,,승용,사업용,승용,진입회전사고,맑음,심야,차대차,측면직각충돌,신호위반,특별광역시도,삼성교사거리,37.510591,127.070821,송파구,
2018,4,8,일요일,3,경상사고,0,0,1,0,61,남,15년이상,,승용,사업용,이륜,진입회전사고,기타,심야,차대차,측면직각충돌,안전거리미확보,특별광역시도,삼성교사거리,37.510591,127.070821,송파구,
2018,4,17,화요일,16,경상사고,0,0,3,0,48,여,5년미만,,승용,비사업용,승용,일직선사고,맑음,주간,차대차,추돌(진행중),안전운전불이행,특별광역시도,삼성교사거리,37.510591,127.070821,송파구,
2018,5,15,화요일,9,중상사고,0,1,0,0,33,남,15년미만,,승용,비사업용,이륜,기타사고,맑음,주간,차대차,차대차-기타,안전운전불이행,특별광역시도,삼성교사거리,37.510591,127.070821,송파구,
2018,5,20,일요일,14,경상사고,0,0,2,0,53,남,10년미만,,승용,비사업용,승용,진입회전사고,맑음,주간,차대차,측면직각충돌,안전운전불이행,특별광역시도,삼성교사거리,37.510591,127.070821,송파구,
2018,5,26,토요일,23,경상사고,0,0,2,0,30,남,15년이상,,승용,비사업용,승용,진입회전사고,맑음,심야,차대차,측면직각충돌,신호위반,특별광역시도,삼성교사거리,37.510591,127.070821,송파구,
2018,6,1,금요일,23,경상사고,0,0,2,0,62,남,10년미만,,승용,사업용,승용,진입회전사고,맑음,심야,차대차,측면직각충돌,신호위반,특별광역시도,삼성교사거리,37.510591,127.070821,송파구,
2018,7,11,수요일,14,경상사고,0,0,2,1,58,남,15년미만,,승용,비사업용,승용,진입회전사고,흐림,주간,차대차,측면직각충돌,안전운전불이행,특별광역시도,삼성교사거리,37.510591,127.070821,송파구,
2018,7,13,금요일,19,경상사고,0,0,1,0,61,남,15년이상,,승용,비사업용,보행자,보행횡단사고,맑음,출퇴근,차대사람,횡단중,보행자보호의무위반,특별광역시도,삼성교사거리,37.510591,127.070821,송파구,
2018,7,3,화요일,20,중상사고,0,2,0,0,53,남,15년이상,,승합,사업용,이륜,일직선사고,맑음,출퇴근,차대차,차대차-기타,중앙선침범,특별광역시도,삼성교사거리,37.510591,127.070821,송파구,
2018,8,6,월요일,1,중상사고,0,2,0,0,46,남,15년이상,,승용,비사업용,이륜,진입회전사고,맑음,심야,차대차,측면직각충돌,신호위반,특별광역시도,삼성교사거리,37.510591,127.070821,송파구,
2018,8,2,목요일,3,중상사고,0,2,1,0,63,남,15년이상,,승용,사업용,승용,진입회전사고,맑음,심야,차대차,측면직각충돌,신호위반,특별광역시도,삼성교사거리,37.510591,127.070821,송파구,
2018,8,7,화요일,22,중상사고,0,1,0,0,66,남,15년이상,,승용,사업용,승용,일직선사고,맑음,심야,차대차,추돌(진행중),안전운전불이행,특별광역시도,삼성교사거리,37.510591,127.070821,송파구,
2018,9,19,수요일,22,경상사고,0,0,2,0,66,남,15년이상,,승용,사업용,기타,일직선사고,맑음,심야,차대차,추돌(진행중),안전운전불이행,특별광역시도,삼성교사거리,37.510591,127.070821,송파구,
2018,10,24,수요일,2,경상사고,0,0,1,1,38,남,15년이상,,승용,비사업용,이륜,진입회전사고,맑음,심야,차대차,측면직각충돌,신호위반,특별광역시도,삼성교사거리,37.510591,127.070821,송파구,
2018,10,12,금요일,12,경상사고,0,0,1,0,57,여,15년이상,,승합,사업용,기타,진입회전사고,맑음,주간,차대차,측면직각충돌,안전거리미확보,특별광역시도,삼성교사거리,37.510591,127.070821,송파구,
2018,10,7,일요일,14,부상사고,0,0,0,1,56,여,15년이상,,승용,사업용,원동기,진입회전사고,맑음,주간,차대차,측면직각충돌,안전운전불이행,특별광역시도,삼성교사거리,37.510591,127.070821,송파구,
2018,12,15,토요일,8,경상사고,0,0,2,0,46,남,데이터오류,,승용,사업용,승용,진입회전사고,맑음,출퇴근,차대차,측면직각충돌,신호위반,특별광역시도,삼성교사거리,37.510591,127.070821,송파구,
2018,12,1,토요일,17,경상사고,0,0,2,0,48,남,15년이상,,승용,비사업용,승용,진입회전사고,맑음,주간,차대차,측면직각충돌,신호위반,특별광역시도,삼성교사거리,37.510591,127.070821,송파구,
2019,2,21,목요일,20,경상사고,0,0,2,0,50,남,15년이상,,승용,사업용,승용,진입회전사고,맑음,출퇴근,차대차,측면직각충돌,신호위반,특별광역시도,삼성교사거리,37.510591,127.070821,송파구,
2019,3,23,토요일,22,경상사고,0,0,1,0,61,여,15년이상,,승용,비사업용,승용,진입회전사고,맑음,심야,차대차,측면직각충돌,신호위반,특별광역시도,삼성교사거리,37.510591,127.070821,송파구,
2019,4,25,목요일,0,중상사고,0,1,1,0,38,여,15년이상,0,승용,비사업용,승용,진입회전사고,맑음,심야,차대차,측면직각충돌,안전운전불이행,특별광역시도,삼성교사거리,37.510591,127.070821,송파구,
2019,4,13,토요일,23,중상사고,0,2,2,0,32,남,10년미만,,승용,비사업용,이륜,진입회전사고,기타,심야,차대차,차대차-기타,신호위반,특별광역시도,삼성교사거리,37.510591,127.070821,송파구,
2019,6,6,목요일,1,경상사고,0,0,1,0,48,남,15년이상,,승용,비사업용,승용,진입회전사고,기타,심야,차대차,측면직각충돌,신호위반,특별광역시도,삼성교사거리,37.510591,127.070821,송파구,
2019,7,22,월요일,8,중상사고,0,1,0,0,29,남,4년미만,,화물,사업용,이륜,진입회전사고,맑음,출퇴근,차대차,측면직각충돌,신호위반,특별광역시도,삼성교사거리,37.510591,127.070821,송파구,
2019,8,16,금요일,16,부상사고,0,0,0,1,66,남,15년이상,,승합,사업용,보행자,기타사고,맑음,주간,차대사람,차대사람-기타,안전운전불이행,특별광역시도,삼성교사거리,37.510591,127.070821,송파구,
2019,9,5,목요일,10,부상사고,0,0,0,1,66,남,15년이상,,승용,사업용,승용,진입회전사고,맑음,주간,차대차,측면직각충돌,안전거리미확보,특별광역시도,삼성교사거리,37.510591,127.070821,송파구,
2019,9,26,목요일,10,경상사고,0,0,3,0,33,여,3년미만,,승용,비사업용,승용,진입회전사고,맑음,주간,차대차,측면직각충돌,신호위반,특별광역시도,삼성교사거리,37.510591,127.070821,송파구,
2019,10,12,토요일,19,경상사고,0,0,3,3,42,남,15년이상,,승용,비사업용,승용,진입회전사고,맑음,출퇴근,차대차,측면직각충돌,안전운전불이행,특별광역시도,삼성교사거리,37.510591,127.070821,송파구,
2019,12,26,목요일,13,경상사고,0,0,1,0,69,남,15년이상,,승용,사업용,승용,진입회전사고,맑음,주간,차대차,측면직각충돌,차로위반,특별광역시도,삼성교사거리,37.510591,127.070821,송파구,
2019,12,5,목요일,16,중상사고,0,1,0,0,66,남,15년이상,,승용,사업용,이륜,진입회전사고,맑음,주간,차대차,측면직각충돌,안전운전불이행,특별광역시도,삼성교사거리,37.510591,127.070821,송파구,
2019,12,10,화요일,23,경상사고,0,0,1,0,32,여,15년미만,,승용,비사업용,승용,진입회전사고,맑음,심야,차대차,측면직각충돌,신호위반,특별광역시도,삼성교사거리,37.510591,127.070821,송파구,
2017,3,16,목요일,8,경상사고,0,0,1,0,38,남,15년이상,,승용,비사업용,승용,일직선사고,맑음,출퇴근,차대차,추돌(진행중),안전운전불이행,특별광역시도,삼전사거리,37.5042944,127.0879606,송파구,
2017,12,5,화요일,11,경상사고,0,0,1,0,56,남,15년이상,,승용,비사업용,승용,일직선사고,맑음,주간,차대차,추돌(진행중),안전운전불이행,특별광역시도,삼전사거리,37.5042944,127.0879606,송파구,
2018,3,27,화요일,18,경상사고,0,0,1,0,62,남,15년이상,,승용,비사업용,승용,기타사고,맑음,출퇴근,차대차,차대차-기타,안전운전불이행,특별광역시도,삼전사거리,37.5042944,127.0879606,송파구,
2018,7,21,토요일,10,경상사고,0,0,3,0,36,남,2년미만,,승용,비사업용,승용,진입회전사고,맑음,주간,차대차,측면직각충돌,안전거리미확보,특별광역시도,삼전사거리,37.5042944,127.0879606,송파구,
2018,9,16,일요일,12,경상사고,0,0,2,0,33,남,15년이상,,승용,비사업용,승용,진입회전사고,맑음,주간,차대차,측면직각충돌,안전거리미확보,특별광역시도,삼전사거리,37.5042944,127.0879606,송파구,
2019,6,26,수요일,21,중상사고,0,1,1,0,54,남,10년미만,,승용,비사업용,이륜,진입회전사고,맑음,심야,차대차,차대차-기타,신호위반,특별광역시도,삼전사거리,37.5042944,127.0879606,송파구,
2019,7,9,화요일,13,경상사고,0,0,2,0,60,여,15년이상,,승용,비사업용,승용,일직선사고,맑음,주간,차대차,추돌(진행중),안전운전불이행,특별광역시도,삼전사거리,37.5042944,127.0879606,송파구,
2019,8,24,토요일,20,경상사고,0,0,1,0,60,남,15년이상,,승용,사업용,승용,진입회전사고,맑음,출퇴근,차대차,측면직각충돌,안전운전불이행,특별광역시도,삼전사거리,37.5042944,127.0879606,송파구,
2017,1,1,일요일,2,경상사고,0,0,1,0,21,여,1년미만,0,승용,비사업용,승용,일직선사고,맑음,심야,차대차,정면충돌,안전거리미확보,특별광역시도,서울지방경찰청제3기동단,37.4839085,127.1147919,송파구,
2017,1,11,수요일,7,경상사고,0,0,1,0,58,남,15년이상,,화물,사업용,화물,진입회전사고,맑음,출퇴근,차대차,측면직각충돌,신호위반,특별광역시도,서울지방경찰청제3기동단,37.4839085,127.1147919,송파구,
2017,1,6,금요일,8,중상사고,0,1,1,0,69,남,15년이상,,승용,비사업용,승용,진입회전사고,맑음,출퇴근,차대차,정면충돌,신호위반,특별광역시도,서울지방경찰청제3기동단,37.4839085,127.1147919,송파구,
2017,1,26,목요일,9,중상사고,0,1,0,0,37,남,15년이상,,승용,비사업용,승용,진입회전사고,맑음,주간,차대차,정면충돌,신호위반,특별광역시도,서울지방경찰청제3기동단,37.4839085,127.1147919,송파구,
2017,4,3,월요일,20,경상사고,0,0,2,0,34,남,10년미만,,승용,사업용,승용,진입회전사고,맑음,출퇴근,차대차,정면충돌,신호위반,특별광역시도,서울지방경찰청제3기동단,37.4839085,127.1147919,송파구,
2017,5,13,토요일,14,경상사고,0,0,2,0,61,남,15년이상,,승용,비사업용,기타,진입회전사고,비,주간,차대차,측면직각충돌,신호위반,특별광역시도,서울지방경찰청제3기동단,37.4839085,127.1147919,송파구,
2017,6,17,토요일,10,중상사고,0,1,1,0,55,남,15년이상,,건설기계,사업용,건설기계,진입회전사고,맑음,주간,차대차,측면직각충돌,신호위반,특별광역시도,서울지방경찰청제3기동단,37.4839085,127.1147919,송파구,
2017,7,23,일요일,13,중상사고,0,1,1,0,51,남,15년이상,,승합,비사업용,승합,진입회전사고,비,주간,차대차,측면직각충돌,신호위반,특별광역시도,서울지방경찰청제3기동단,37.4839085,127.1147919,송파구,
2017,7,17,월요일,15,경상사고,0,0,1,0,48,남,15년이상,,승용,비사업용,승용,진입회전사고,흐림,주간,차대차,정면충돌,신호위반,특별광역시도,서울지방경찰청제3기동단,37.4839085,127.1147919,송파구,
2017,7,20,목요일,22,중상사고,0,2,1,0,37,여,15년이상,,승용,비사업용,승용,진입회전사고,맑음,심야,차대차,정면충돌,신호위반,특별광역시도,서울지방경찰청제3기동단,37.4839085,127.1147919,송파구,
2017,8,27,일요일,7,중상사고,0,1,1,0,54,남,15년이상,,승용,비사업용,화물,진입회전사고,맑음,출퇴근,차대차,측면직각충돌,신호위반,특별광역시도,서울지방경찰청제3기동단,37.4839085,127.1147919,송파구,
2017,8,23,수요일,22,경상사고,0,0,1,0,61,남,15년이상,,승용,사업용,승용,진입회전사고,맑음,심야,차대차,정면충돌,신호위반,특별광역시도,서울지방경찰청제3기동단,37.4839085,127.1147919,송파구,
2017,8,23,수요일,23,경상사고,0,0,2,0,64,남,15년이상,,승용,사업용,승용,진입회전사고,비,심야,차대차,정면충돌,신호위반,특별광역시도,서울지방경찰청제3기동단,37.4839085,127.1147919,송파구,
2017,9,5,화요일,9,경상사고,0,0,3,0,39,여,4년미만,,승용,비사업용,화물,진입회전사고,흐림,주간,차대차,정면충돌,신호위반,특별광역시도,서울지방경찰청제3기동단,37.4839085,127.1147919,송파구,
2017,9,19,화요일,9,중상사고,0,1,0,0,38,남,15년이상,,승용,비사업용,승용,진입회전사고,맑음,주간,차대차,차대차-기타,신호위반,특별광역시도,서울지방경찰청제3기동단,37.4839085,127.1147919,송파구,
2017,10,21,토요일,18,경상사고,0,0,1,1,33,남,10년미만,,승용,비사업용,승용,진입회전사고,맑음,출퇴근,차대차,차대차-기타,신호위반,특별광역시도,서울지방경찰청제3기동단,37.4839085,127.1147919,송파구,
2017,11,3,금요일,10,경상사고,0,0,1,0,71,남,15년이상,,승용,사업용,원동기,진입회전사고,맑음,주간,차대차,차대차-기타,신호위반,특별광역시도,서울지방경찰청제3기동단,37.4839085,127.1147919,송파구,
2018,2,1,목요일,8,중상사고,0,1,0,0,69,남,15년이상,,승용,사업용,승용,진입회전사고,맑음,출퇴근,차대차,측면직각충돌,교차로운행방법위반,특별광역시도,서울지방경찰청제3기동단,37.4839085,127.1147919,송파구,
2018,8,20,월요일,7,경상사고,0,0,1,0,67,남,15년이상,,승용,사업용,승용,진입회전사고,맑음,출퇴근,차대차,측면직각충돌,신호위반,특별광역시도,서울지방경찰청제3기동단,37.4839085,127.1147919,송파구,
2018,9,13,목요일,8,경상사고,0,0,1,0,81,남,15년이상,,승합,비사업용,이륜,일직선사고,맑음,출퇴근,차대차,추돌(진행중),안전운전불이행,특별광역시도,서울지방경찰청제3기동단,37.4839085,127.1147919,송파구,
2018,10,4,목요일,1,경상사고,0,0,2,0,52,남,15년이상,,화물,사업용,화물,진입회전사고,맑음,심야,차대차,측면직각충돌,신호위반,특별광역시도,서울지방경찰청제3기동단,37.4839085,127.1147919,송파구,
2018,10,27,토요일,5,경상사고,0,0,1,0,63,남,15년이상,,승용,사업용,승용,일직선사고,맑음,새벽,차대차,추돌(진행중),안전운전불이행,특별광역시도,서울지방경찰청제3기동단,37.4839085,127.1147919,송파구,
2019,2,7,목요일,0,중상사고,0,1,1,0,40,남,15년이상,,승용,사업용,승용,진입회전사고,흐림,심야,차대차,정면충돌,신호위반,특별광역시도,서울지방경찰청제3기동단,37.4839085,127.1147919,송파구,
2019,3,4,월요일,9,경상사고,0,0,3,0,36,남,15년이상,,승용,비사업용,승용,진입회전사고,맑음,주간,차대차,측면직각충돌,신호위반,특별광역시도,서울지방경찰청제3기동단,37.4839085,127.1147919,송파구,
2019,3,8,금요일,10,경상사고,0,0,1,0,45,여,15년이상,,승용,비사업용,승용,기타사고,맑음,주간,차대차,차대차-기타,안전거리미확보,특별광역시도,서울지방경찰청제3기동단,37.4839085,127.1147919,송파구,
2019,3,22,금요일,16,중상사고,0,1,0,1,47,남,15년이상,,승용,사업용,승용,진입회전사고,맑음,주간,차대차,정면충돌,신호위반,특별광역시도,서울지방경찰청제3기동단,37.4839085,127.1147919,송파구,
2019,8,13,화요일,1,경상사고,0,0,2,0,43,남,15년이상,,승용,사업용,승용,진입회전사고,맑음,심야,차대차,측면직각충돌,신호위반,특별광역시도,서울지방경찰청제3기동단,37.4839085,127.1147919,송파구,
2019,8,26,월요일,21,중상사고,0,1,3,0,52,남,15년이상,,화물,비사업용,화물,진입회전사고,맑음,심야,차대차,정면충돌,신호위반,특별광역시도,서울지방경찰청제3기동단,37.4839085,127.1147919,송파구,
2019,9,1,일요일,8,경상사고,0,0,1,0,49,남,15년이상,,승용,비사업용,화물,일직선사고,맑음,출퇴근,차대차,추돌(진행중),안전운전불이행,기타,서울지방경찰청제3기동단,37.4839085,127.1147919,송파구,
2019,9,10,화요일,19,경상사고,0,0,1,0,31,여,15년이상,,승용,비사업용,승용,진입회전사고,맑음,출퇴근,차대차,측면직각충돌,안전거리미확보,특별광역시도,서울지방경찰청제3기동단,37.4839085,127.1147919,송파구,
2019,10,6,일요일,0,경상사고,0,0,2,0,37,남,15년이상,,승용,비사업용,승용,진입회전사고,맑음,심야,차대차,정면충돌,신호위반,특별광역시도,서울지방경찰청제3기동단,37.4839085,127.1147919,송파구,
2019,10,13,일요일,22,부상사고,0,0,0,1,68,여,15년이상,,승용,비사업용,화물,진입회전사고,맑음,심야,차대차,측면직각충돌,교차로운행방법위반,특별광역시도,서울지방경찰청제3기동단,37.4839085,127.1147919,송파구,
2019,11,14,목요일,3,경상사고,0,0,1,0,38,남,10년미만,,화물,사업용,화물,진입회전사고,맑음,심야,차대차,측면직각충돌,신호위반,특별광역시도,서울지방경찰청제3기동단,37.4839085,127.1147919,송파구,
2019,11,5,화요일,13,경상사고,0,0,1,0,54,여,15년이상,,승용,비사업용,자전거,진입회전사고,맑음,주간,차대차,측면직각충돌,신호위반,특별광역시도,서울지방경찰청제3기동단,37.4839085,127.1147919,송파구,
2017,1,8,일요일,1,경상사고,0,0,2,0,30,남,15년이상,,승용,비사업용,화물,일직선사고,맑음,심야,차대차,추돌(진행중),안전운전불이행,특별광역시도,석촌호수사거리,37.506607,127.098973,송파구,
2017,3,17,금요일,14,경상사고,0,0,2,0,44,여,15년이상,,승용,비사업용,승합,진입회전사고,맑음,주간,차대차,측면직각충돌,신호위반,특별광역시도,석촌호수사거리,37.506607,127.098973,송파구,
2017,3,8,수요일,23,경상사고,0,0,1,0,62,남,15년미만,,승용,사업용,승용,기타사고,맑음,심야,차대차,차대차-기타,교차로운행방법위반,특별광역시도,석촌호수사거리,37.506607,127.098973,송파구,