년도,월,일,요일,시각,사고등급,사망자수,중상자수,경상자수,부상자수,연령,성별,경력,음주,종별,용도,관련자2,사고형태,기상상태,일광상태,사고유형1,사고유형2,법규위반,도로종류,지점명,위도,경도,자치구,
2019,12,31,화요일,11,부상사고,0,0,0,1,74,남,15년이상,,승용,비사업용,원동기,진입회전사고,맑음,주간,차대차,측면직각충돌,안전거리미확보,특별광역시도,송파경찰서사거리,37.5016941,127.1272481,송파구,
2017,1,26,목요일,2,중상사고,0,1,1,0,48,여,15년이상,0,승용,비사업용,승용,일직선사고,맑음,심야,차대차,정면충돌,안전거리미확보,특별광역시도,송파구청사거리,37.515473,127.106621,송파구,
2017,1,14,토요일,3,경상사고,0,0,1,0,55,남,15년미만,,승용,비사업용,승용,진입회전사고,맑음,심야,차대차,차대차-기타,신호위반,특별광역시도,송파구청사거리,37.515473,127.106621,송파구,
2017,1,6,금요일,23,경상사고,0,0,1,0,63,남,15년이상,,승용,사업용,보행자,보행횡단사고,맑음,심야,차대사람,횡단중,보행자보호의무위반,특별광역시도,송파구청사거리,37.515473,127.106621,송파구,
2017,2,4,토요일,3,중상사고,0,1,0,0,59,남,15년이상,,승용,사업용,보행자,보행횡단사고,맑음,심야,차대사람,횡단중,보행자보호의무위반,특별광역시도,송파구청사거리,37.515473,127.106621,송파구,
2017,4,15,토요일,12,중상사고,0,1,1,0,49,남,15년이상,,승합,사업용,원동기,기타사고,맑음,주간,차대차,차대차-기타,데이터없음,특별광역시도,송파구청사거리,37.515473,127.106621,송파구,
2017,4,27,목요일,17,경상사고,0,0,2,0,64,남,15년이상,,승용,사업용,보행자,진입회전사고,맑음,주간,차대사람,횡단중,신호위반,특별광역시도,송파구청사거리,37.515473,127.106621,송파구,
2017,7,23,일요일,12,경상사고,0,0,1,0,36,남,15년이상,,승용,비사업용,이륜,일직선사고,비,주간,차대차,정면충돌,안전거리미확보,특별광역시도,송파구청사거리,37.515473,127.106621,송파구,
2017,8,15,화요일,18,경상사고,0,0,2,0,61,남,15년이상,,승합,사업용,승합,일직선사고,비,출퇴근,차대차,추돌(진행중),안전거리미확보,특별광역시도,송파구청사거리,37.515473,127.106621,송파구,
2017,9,9,토요일,13,경상사고,0,0,2,0,53,남,15년이상,,승용,비사업용,승용,진입회전사고,맑음,주간,차대차,측면직각충돌,신호위반,특별광역시도,송파구청사거리,37.515473,127.106621,송파구,
2017,10,12,목요일,18,경상사고,0,0,1,0,76,남,15년이상,,승용,사업용,보행자,보행횡단사고,맑음,출퇴근,차대사람,횡단중,보행자보호의무위반,특별광역시도,송파구청사거리,37.515473,127.106621,송파구,
2018,1,4,목요일,1,경상사고,0,0,1,1,26,남,15년이상,0,승용,비사업용,승용,일직선사고,맑음,심야,차대차,추돌(진행중),안전운전불이행,특별광역시도,송파구청사거리,37.515473,127.106621,송파구,
2018,3,29,목요일,6,경상사고,0,0,2,0,34,여,15년미만,,승용,비사업용,승용,진입회전사고,맑음,새벽,차대차,측면직각충돌,신호위반,특별광역시도,송파구청사거리,37.515473,127.106621,송파구,
2018,3,21,수요일,14,경상사고,0,0,1,0,64,여,15년이상,,승용,비사업용,이륜,진입회전사고,맑음,주간,차대차,측면직각충돌,신호위반,특별광역시도,송파구청사거리,37.515473,127.106621,송파구,
2018,4,13,금요일,23,경상사고,0,0,4,0,30,남,15년미만,,승용,비사업용,승용,진입회전사고,맑음,심야,차대차,측면직각충돌,신호위반,특별광역시도,송파구청사거리,37.515473,127.106621,송파구,
2018,5,24,목요일,4,경상사고,0,0,1,0,63,남,15년이상,,승합,비사업용,승합,진입회전사고,맑음,심야,차대차,정면충돌,신호위반,특별광역시도,송파구청사거리,37.515473,127.106621,송파구,
2018,7,29,일요일,12,중상사고,0,1,2,0,51,여,2년미만,,승용,비사업용,승용,진입회전사고,맑음,주간,차대차,측면직각충돌,신호위반,특별광역시도,송파구청사거리,37.515473,127.106621,송파구,
2018,7,28,토요일,22,경상사고,0,0,1,0,63,남,15년이상,,승용,비사업용,승용,일직선사고,맑음,심야,차대차,추돌(진행중),안전거리미확보,특별광역시도,송파구청사거리,37.515473,127.106621,송파구,
2018,10,16,화요일,11,경상사고,0,0,1,0,67,남,15년이상,,승용,비사업용,원동기,일직선사고,맑음,주간,차대차,추돌(진행중),안전운전불이행,특별광역시도,송파구청사거리,37.515473,127.106621,송파구,
2018,11,20,화요일,22,중상사고,0,1,0,0,47,여,15년미만,,승용,비사업용,이륜,진입회전사고,맑음,심야,차대차,차대차-기타,신호위반,특별광역시도,송파구청사거리,37.515473,127.106621,송파구,
2019,1,18,금요일,23,경상사고,0,0,1,0,35,남,4년미만,0,승용,비사업용,승합,진입회전사고,맑음,심야,차대차,측면직각충돌,신호위반,특별광역시도,송파구청사거리,37.515473,127.106621,송파구,
2019,2,15,금요일,3,경상사고,0,0,1,0,31,남,2년미만,,승용,비사업용,승용,일직선사고,맑음,심야,차대차,추돌(진행중),안전운전불이행,특별광역시도,송파구청사거리,37.515473,127.106621,송파구,
2019,2,25,월요일,13,경상사고,0,0,1,0,55,남,15년이상,,승용,사업용,자전거,진입회전사고,맑음,주간,차대차,측면직각충돌,신호위반,특별광역시도,송파구청사거리,37.515473,127.106621,송파구,
2019,2,27,수요일,18,경상사고,0,0,2,0,46,여,15년이상,,승용,비사업용,승합,진입회전사고,맑음,출퇴근,차대차,측면직각충돌,안전운전불이행,특별광역시도,송파구청사거리,37.515473,127.106621,송파구,
2019,4,27,토요일,9,중상사고,0,1,0,0,34,남,15년이상,,승용,비사업용,이륜,진입회전사고,맑음,주간,차대차,측면직각충돌,신호위반,특별광역시도,송파구청사거리,37.515473,127.106621,송파구,
2019,4,12,금요일,14,경상사고,0,0,1,0,53,남,15년이상,,승용,비사업용,자전거,진입회전사고,맑음,주간,차대차,측면직각충돌,신호위반,특별광역시도,송파구청사거리,37.515473,127.106621,송파구,
2019,4,6,토요일,22,경상사고,0,0,2,0,55,남,15년이상,,승용,비사업용,승용,진입회전사고,맑음,심야,차대차,측면직각충돌,안전운전불이행,특별광역시도,송파구청사거리,37.515473,127.106621,송파구,
2019,5,6,월요일,9,경상사고,0,0,1,0,61,남,15년이상,,승용,비사업용,이륜,진입회전사고,맑음,주간,차대차,측면직각충돌,안전운전불이행,특별광역시도,송파구청사거리,37.515473,127.106621,송파구,
2019,5,14,화요일,13,사망사고,1,0,2,0,71,남,15년이상,,승용,사업용,이륜,진입회전사고,맑음,주간,차대차,정면충돌,신호위반,특별광역시도,송파구청사거리,37.515473,127.106621,송파구,
2019,5,17,금요일,16,중상사고,0,1,0,0,49,남,4년미만,,승용,비사업용,승용,진입회전사고,맑음,주간,차대차,측면직각충돌,안전거리미확보,기타,송파구청사거리,37.515473,127.106621,송파구,
2019,5,29,수요일,21,경상사고,0,0,2,0,18,남,3년미만,,원동기,데이터오류,원동기,진입회전사고,맑음,심야,차대차,측면직각충돌,신호위반,특별광역시도,송파구청사거리,37.515473,127.106621,송파구,
2019,7,29,월요일,12,경상사고,0,0,1,0,22,여,15년이상,,자전거,데이터오류,보행자,보행횡단사고,맑음,주간,차대사람,횡단중,보행자보호의무위반,특별광역시도,송파구청사거리,37.515473,127.106621,송파구,
2019,8,9,금요일,11,경상사고,0,0,1,0,65,남,15년이상,,승용,사업용,원동기,일직선사고,맑음,주간,차대차,추돌(진행중),중앙선침범,특별광역시도,송파구청사거리,37.515473,127.106621,송파구,
2019,8,28,수요일,19,부상사고,0,0,0,1,35,여,10년미만,,승용,비사업용,승합,일직선사고,맑음,출퇴근,차대차,추돌(진행중),교차로운행방법위반,특별광역시도,송파구청사거리,37.515473,127.106621,송파구,
2019,9,1,일요일,8,중상사고,0,1,0,0,65,남,15년이상,,승용,사업용,보행자,일직선사고,맑음,출퇴근,차대사람,차대사람-기타,중앙선침범,특별광역시도,송파구청사거리,37.515473,127.106621,송파구,
2019,9,13,금요일,21,경상사고,0,0,3,0,22,여,4년미만,,승용,비사업용,승용,진입회전사고,맑음,심야,차대차,측면직각충돌,신호위반,특별광역시도,송파구청사거리,37.515473,127.106621,송파구,
2019,10,26,토요일,5,중상사고,0,1,0,0,68,남,15년이상,,승용,사업용,이륜,진입회전사고,맑음,새벽,차대차,측면직각충돌,안전운전불이행,특별광역시도,송파구청사거리,37.515473,127.106621,송파구,
2019,10,1,화요일,8,경상사고,0,0,1,0,48,남,15년이상,,승용,비사업용,자전거,진입회전사고,맑음,출퇴근,차대차,추돌(진행중),신호위반,특별광역시도,송파구청사거리,37.515473,127.106621,송파구,
2019,10,24,목요일,8,경상사고,0,0,1,0,56,남,15년이상,,승용,비사업용,승용,진입회전사고,맑음,출퇴근,차대차,측면직각충돌,안전거리미확보,특별광역시도,송파구청사거리,37.515473,127.106621,송파구,
2019,10,16,수요일,12,경상사고,0,0,1,0,68,남,15년이상,,승합,비사업용,승합,기타사고,맑음,주간,차대차,차대차-기타,교차로운행방법위반,특별광역시도,송파구청사거리,37.515473,127.106621,송파구,
2019,10,6,일요일,15,중상사고,0,1,0,0,40,남,15년이상,,승용,비사업용,이륜,진입회전사고,맑음,주간,차대차,측면직각충돌,차로위반,특별광역시도,송파구청사거리,37.515473,127.106621,송파구,
2019,11,29,금요일,16,중상사고,0,1,0,0,74,남,15년이상,,승용,사업용,이륜,진입회전사고,맑음,주간,차대차,측면직각충돌,안전운전불이행,특별광역시도,송파구청사거리,37.515473,127.106621,송파구,
2019,12,19,목요일,8,경상사고,0,0,1,0,59,남,15년이상,,승용,비사업용,승용,진입회전사고,맑음,출퇴근,차대차,측면직각충돌,안전운전불이행,특별광역시도,송파구청사거리,37.515473,127.106621,송파구,
2019,12,19,목요일,17,경상사고,0,0,1,0,56,여,15년이상,,승용,비사업용,승용,일직선사고,맑음,주간,차대차,정면충돌,안전거리미확보,특별광역시도,송파구청사거리,37.515473,127.106621,송파구,
2017,2,28,화요일,12,경상사고,0,0,1,0,76,남,데이터오류,,자전거,기타,기타,기타사고,맑음,주간,차량단독,전도전복,안전운전불이행,특별광역시도,송파사거리,37.501934,127.1100974,송파구,
2017,3,16,목요일,7,경상사고,0,0,1,0,48,남,15년이상,,화물,비사업용,보행자,보행횡단사고,맑음,출퇴근,차대사람,횡단중,보행자보호의무위반,특별광역시도,송파사거리,37.501934,127.1100974,송파구,
2017,3,5,일요일,12,경상사고,0,0,1,0,48,여,15년이상,,승용,비사업용,승합,기타사고,맑음,주간,차대차,차대차-기타,안전거리미확보,특별광역시도,송파사거리,37.501934,127.1100974,송파구,
2017,3,4,토요일,15,경상사고,0,0,2,0,64,남,15년이상,,승용,사업용,승용,일직선사고,맑음,주간,차대차,추돌(진행중),안전운전불이행,특별광역시도,송파사거리,37.501934,127.1100974,송파구,
2017,4,8,토요일,2,중상사고,0,1,0,0,27,남,15년이상,0,승용,사업용,승용,기타사고,맑음,심야,차대차,차대차-기타,안전운전불이행,특별광역시도,송파사거리,37.501934,127.1100974,송파구,
2017,4,29,토요일,9,경상사고,0,0,2,0,28,남,15년이상,,승용,비사업용,승용,일직선사고,맑음,주간,차대차,정면충돌,안전운전불이행,특별광역시도,송파사거리,37.501934,127.1100974,송파구,
2017,6,20,화요일,9,부상사고,0,0,0,1,불명,불명,데이터오류,,기타,데이터오류,기타,진입회전사고,맑음,주간,차대사람,횡단중,신호위반,특별광역시도,송파사거리,37.501934,127.1100974,송파구,
2017,6,28,수요일,9,부상사고,0,0,0,1,46,여,15년이상,,승용,비사업용,이륜,진입회전사고,맑음,주간,차대차,측면직각충돌,안전운전불이행,특별광역시도,송파사거리,37.501934,127.1100974,송파구,
2017,9,15,금요일,21,경상사고,0,0,1,0,62,남,15년이상,,화물,비사업용,화물,진입회전사고,맑음,심야,차대차,측면직각충돌,신호위반,특별광역시도,송파사거리,37.501934,127.1100974,송파구,
2017,11,28,화요일,7,중상사고,0,1,0,0,불명,불명,데이터오류,,기타,데이터오류,기타,기타사고,맑음,출퇴근,차대차,차대차-기타,안전운전불이행,특별광역시도,송파사거리,37.501934,127.1100974,송파구,
2018,1,16,화요일,19,중상사고,0,1,0,0,30,여,10년미만,,승용,비사업용,승용,일직선사고,맑음,출퇴근,차대차,추돌(진행중),안전운전불이행,특별광역시도,송파사거리,37.501934,127.1100974,송파구,
2018,2,20,화요일,6,부상사고,0,0,0,1,62,남,15년이상,,승용,사업용,원동기,일직선사고,맑음,새벽,차대차,추돌(진행중),안전운전불이행,특별광역시도,송파사거리,37.501934,127.1100974,송파구,
2018,2,12,월요일,22,경상사고,0,0,1,2,45,남,15년이상,0,승용,비사업용,승용,일직선사고,맑음,심야,차대차,추돌(진행중),안전운전불이행,특별광역시도,송파사거리,37.501934,127.1100974,송파구,
2018,4,3,화요일,13,경상사고,0,0,1,0,22,남,15년이상,,원동기,기타,원동기,진입회전사고,흐림,주간,차대차,차대차-기타,신호위반,기타,송파사거리,37.501934,127.1100974,송파구,
2018,4,3,화요일,16,경상사고,0,0,1,0,66,남,15년이상,,승용,사업용,승용,진입회전사고,맑음,주간,차대차,측면직각충돌,직진우회전진행방해,특별광역시도,송파사거리,37.501934,127.1100974,송파구,
2018,5,26,토요일,13,경상사고,0,0,1,0,54,남,15년이상,,건설기계,비사업용,건설기계,진입회전사고,맑음,주간,차대차,측면직각충돌,교차로운행방법위반,특별광역시도,송파사거리,37.501934,127.1100974,송파구,
2018,5,15,화요일,14,경상사고,0,0,1,0,45,남,15년이상,,건설기계,비사업용,보행자,기타사고,맑음,주간,차대사람,차대사람-기타,안전운전불이행,특별광역시도,송파사거리,37.501934,127.1100974,송파구,
2018,6,26,화요일,5,경상사고,0,0,1,0,66,남,15년이상,,승용,비사업용,승용,진입회전사고,비,새벽,차대차,차대차-기타,신호위반,특별광역시도,송파사거리,37.501934,127.1100974,송파구,
2018,7,29,일요일,3,중상사고,0,2,0,0,21,남,15년이상,0,이륜,기타,기타,일직선사고,기타,심야,차대차,추돌(진행중),안전운전불이행,특별광역시도,송파사거리,37.501934,127.1100974,송파구,
2018,7,20,금요일,16,중상사고,0,1,0,0,46,남,15년이상,,승합,사업용,원동기,진입회전사고,맑음,주간,차대차,측면직각충돌,신호위반,기타,송파사거리,37.501934,127.1100974,송파구,
2018,9,26,수요일,19,경상사고,0,0,1,0,45,남,15년이상,,승용,비사업용,원동기,기타사고,맑음,출퇴근,차대차,차대차-기타,기타,특별광역시도,송파사거리,37.501934,127.1100974,송파구,
2018,10,9,화요일,7,경상사고,0,0,1,0,34,남,15년이상,,승용,비사업용,승합,진입회전사고,맑음,출퇴근,차대차,측면직각충돌,신호위반,특별광역시도,송파사거리,37.501934,127.1100974,송파구,
2018,11,5,월요일,4,경상사고,0,0,2,0,28,남,15년이상,,승용,비사업용,승용,진입회전사고,맑음,심야,차대차,정면충돌,신호위반,특별광역시도,송파사거리,37.501934,127.1100974,송파구,
2018,11,14,수요일,22,경상사고,0,0,1,0,47,남,15년이상,,승용,비사업용,승용,진입회전사고,맑음,심야,차대차,측면직각충돌,신호위반,특별광역시도,송파사거리,37.501934,127.1100974,송파구,
2018,12,6,목요일,8,경상사고,0,0,1,0,32,여,15년미만,,승용,비사업용,승용,진입회전사고,맑음,출퇴근,차대차,측면직각충돌,안전운전불이행,특별광역시도,송파사거리,37.501934,127.1100974,송파구,
2019,1,28,월요일,14,경상사고,0,0,2,0,60,남,15년이상,,승용,사업용,승용,진입회전사고,맑음,주간,차대차,측면직각충돌,신호위반,특별광역시도,송파사거리,37.501934,127.1100974,송파구,
2019,2,15,금요일,14,중상사고,0,1,0,0,46,남,15년이상,,이륜,데이터오류,이륜,진입회전사고,맑음,주간,차대차,차대차-기타,신호위반,특별광역시도,송파사거리,37.501934,127.1100974,송파구,
2019,3,14,목요일,8,경상사고,0,0,1,0,59,남,15년이상,,승용,사업용,승용,진입회전사고,맑음,출퇴근,차대차,측면직각충돌,안전운전불이행,특별광역시도,송파사거리,37.501934,127.1100974,송파구,
2019,3,12,화요일,14,경상사고,0,0,1,0,29,남,15년미만,,승용,비사업용,화물,진입회전사고,맑음,주간,차대차,측면직각충돌,신호위반,특별광역시도,송파사거리,37.501934,127.1100974,송파구,
2019,4,3,수요일,17,경상사고,0,0,1,0,59,남,15년이상,,자전거,데이터오류,기타,기타사고,맑음,주간,차량단독,차량단독-기타,안전운전불이행,특별광역시도,송파사거리,37.501934,127.1100974,송파구,
2019,5,9,목요일,0,경상사고,0,0,1,0,66,남,15년이상,,승용,사업용,자전거,진입회전사고,맑음,심야,차대차,측면직각충돌,신호위반,특별광역시도,송파사거리,37.501934,127.1100974,송파구,
2019,6,30,일요일,14,중상사고,0,1,0,0,52,남,15년이상,,승합,사업용,원동기,진입회전사고,맑음,주간,차대차,측면직각충돌,신호위반,특별광역시도,송파사거리,37.501934,127.1100974,송파구,
2019,8,19,월요일,20,중상사고,0,1,0,0,46,여,15년이상,,승용,사업용,승용,진입회전사고,맑음,출퇴근,차대차,측면직각충돌,안전운전불이행,특별광역시도,송파사거리,37.501934,127.1100974,송파구,
2019,8,18,일요일,23,경상사고,0,0,2,0,55,남,15년이상,,승합,사업용,이륜,진입회전사고,맑음,심야,차대차,측면직각충돌,신호위반,특별광역시도,송파사거리,37.501934,127.1100974,송파구,
2019,9,19,목요일,1,중상사고,0,1,0,0,24,남,10년미만,0,이륜,데이터오류,기타,진입회전사고,맑음,심야,차량단독,차량단독-기타,신호위반,특별광역시도,송파사거리,37.501934,127.1100974,송파구,
2019,9,16,월요일,13,경상사고,0,0,1,0,67,남,15년이상,,승용,비사업용,승용,진입회전사고,맑음,주간,차대차,측면직각충돌,안전거리미확보,특별광역시도,송파사거리,37.501934,127.1100974,송파구,
2019,11,19,화요일,13,중상사고,0,1,0,0,65,남,15년이상,,승합,사업용,원동기,진입회전사고,맑음,주간,차대차,측면직각충돌,신호위반,특별광역시도,송파사거리,37.501934,127.1100974,송파구,
2019,12,28,토요일,0,경상사고,0,0,1,0,58,남,15년이상,,승용,사업용,이륜,기타사고,맑음,심야,차대차,차대차-기타,안전운전불이행,특별광역시도,송파사거리,37.501934,127.1100974,송파구,
2019,12,1,일요일,3,중상사고,0,1,0,0,78,남,15년이상,,승용,사업용,보행자,보행횡단사고,맑음,심야,차대사람,횡단중,안전운전불이행,특별광역시도,송파사거리,37.501934,127.1100974,송파구,
2017,2,1,수요일,23,경상사고,0,0,1,0,75,남,15년이상,,승용,사업용,보행자,진입회전사고,맑음,심야,차대사람,횡단중,신호위반,특별광역시도,송파세무서앞오거리,37.5263379,127.1140817,송파구,
2018,3,7,수요일,8,중상사고,0,1,0,0,63,남,15년이상,,승용,비사업용,승용,일직선사고,맑음,출퇴근,차대차,추돌(진행중),안전운전불이행,특별광역시도,송파세무서앞오거리,37.5263379,127.1140817,송파구,
2018,4,25,수요일,4,중상사고,0,2,1,0,22,남,4년미만,0,승용,비사업용,화물,일직선사고,맑음,심야,차대차,정면충돌,안전운전불이행,특별광역시도,송파세무서앞오거리,37.5263379,127.1140817,송파구,
2019,5,19,일요일,13,경상사고,0,0,1,0,55,남,15년이상,,승용,비사업용,승용,일직선사고,맑음,주간,차대차,추돌(진행중),안전운전불이행,특별광역시도,송파세무서앞오거리,37.5263379,127.1140817,송파구,
2019,8,14,수요일,14,중상사고,0,3,1,1,61,남,15년이상,,승용,비사업용,화물,일직선사고,맑음,주간,차대차,추돌(진행중),안전운전불이행,특별광역시도,송파세무서앞오거리,37.5263379,127.1140817,송파구,
2019,9,6,금요일,8,중상사고,0,1,0,0,39,남,15년이상,,화물,비사업용,화물,일직선사고,맑음,출퇴근,차대차,추돌(진행중),안전운전불이행,특별광역시도,송파세무서앞오거리,37.5263379,127.1140817,송파구,
2019,10,31,목요일,14,경상사고,0,0,2,0,62,여,15년이상,,승용,비사업용,이륜,진입회전사고,맑음,주간,차대차,측면직각충돌,신호위반,특별광역시도,송파세무서앞오거리,37.5263379,127.1140817,송파구,
2017,1,15,일요일,6,중상사고,0,1,1,1,29,남,15년미만,0,승용,비사업용,승합,일직선사고,맑음,새벽,차대차,정면충돌,안전운전불이행,특별광역시도,송파세무서앞오거리,37.5263379,127.1140817,송파구,
2017,1,6,금요일,9,경상사고,0,0,1,0,34,여,15년미만,,승용,비사업용,승용,진입회전사고,맑음,주간,차대차,측면직각충돌,안전운전불이행,특별광역시도,송파세무서앞오거리,37.5263379,127.1140817,송파구,
2017,3,18,토요일,10,경상사고,0,0,1,0,55,여,15년이상,,승용,비사업용,승용,진입회전사고,맑음,주간,차대차,측면직각충돌,교차로운행방법위반,특별광역시도,송파세무서앞오거리,37.5263379,127.1140817,송파구,
2017,4,30,일요일,4,중상사고,0,1,0,0,53,남,15년이상,,승용,사업용,승용,진입회전사고,맑음,심야,차대차,측면직각충돌,신호위반,특별광역시도,송파세무서앞오거리,37.5263379,127.1140817,송파구,
2017,4,12,수요일,8,경상사고,0,0,1,0,24,남,데이터오류,,자전거,기타,자전거,진입회전사고,맑음,출퇴근,차대차,측면직각충돌,데이터없음,특별광역시도,송파세무서앞오거리,37.5263379,127.1140817,송파구,
2017,4,16,일요일,10,경상사고,0,0,1,0,62,남,15년이상,,승용,비사업용,승용,진입회전사고,맑음,주간,차대차,정면충돌,신호위반,특별광역시도,송파세무서앞오거리,37.5263379,127.1140817,송파구,
2017,5,31,수요일,1,중상사고,0,1,0,0,49,남,15년이상,,승용,비사업용,이륜,일직선사고,맑음,심야,차대차,정면충돌,교차로운행방법위반,특별광역시도,송파세무서앞오거리,37.5263379,127.1140817,송파구,
2017,5,13,토요일,11,부상사고,0,0,0,1,54,여,15년이상,,승용,비사업용,원동기,진입회전사고,맑음,주간,차대차,측면직각충돌,안전거리미확보,특별광역시도,송파세무서앞오거리,37.5263379,127.1140817,송파구,
2017,5,28,일요일,17,경상사고,0,0,1,2,41,남,15년이상,,승합,비사업용,승합,진입회전사고,맑음,주간,차대차,측면직각충돌,안전운전불이행,특별광역시도,송파세무서앞오거리,37.5263379,127.1140817,송파구,
2017,6,30,금요일,8,경상사고,0,0,1,0,36,남,15년이상,,승용,비사업용,승용,일직선사고,맑음,출퇴근,차대차,추돌(진행중),안전운전불이행,특별광역시도,송파세무서앞오거리,37.5263379,127.1140817,송파구,
2017,8,8,화요일,14,중상사고,0,1,0,0,57,남,15년이상,,승용,사업용,승용,일직선사고,맑음,주간,차대차,추돌(진행중),안전거리미확보,특별광역시도,송파세무서앞오거리,37.5263379,127.1140817,송파구,
2017,8,22,화요일,16,부상사고,0,0,0,1,불명,불명,데이터오류,,기타,데이터오류,기타,기타사고,맑음,주간,차대차,차대차-기타,안전운전불이행,특별광역시도,송파세무서앞오거리,37.5263379,127.1140817,송파구,
2017,8,6,일요일,20,경상사고,0,0,1,0,68,남,15년이상,,승용,사업용,이륜,진입회전사고,맑음,출퇴근,차대차,측면직각충돌,신호위반,특별광역시도,송파세무서앞오거리,37.5263379,127.1140817,송파구,
2017,9,23,토요일,0,경상사고,0,0,1,0,31,남,15년미만,,승용,비사업용,보행자,진입회전사고,맑음,심야,차대사람,차대사람-기타,신호위반,특별광역시도,송파세무서앞오거리,37.5263379,127.1140817,송파구,
2017,10,11,수요일,12,경상사고,0,0,1,0,65,남,15년이상,,승용,사업용,승용,일직선사고,맑음,주간,차대차,추돌(진행중),안전운전불이행,특별광역시도,송파세무서앞오거리,37.5263379,127.1140817,송파구,
2017,11,30,목요일,16,경상사고,0,0,1,0,59,남,15년이상,,승합,사업용,자전거,진입회전사고,맑음,주간,차대차,측면직각충돌,안전운전불이행,특별광역시도,송파세무서앞오거리,37.5263379,127.1140817,송파구,
2017,12,15,금요일,9,중상사고,0,1,4,0,73,남,15년이상,,승용,사업용,승합,기타사고,맑음,주간,차대차,차대차-기타,교차로운행방법위반,특별광역시도,송파세무서앞오거리,37.5263379,127.1140817,송파구,
2018,1,1,월요일,1,중상사고,0,3,2,0,41,남,15년이상,,승합,비사업용,승합,진입회전사고,맑음,심야,차대차,측면직각충돌,신호위반,특별광역시도,송파세무서앞오거리,37.5263379,127.1140817,송파구,
2018,1,19,금요일,6,경상사고,0,0,2,0,61,남,15년이상,,승용,비사업용,화물,진입회전사고,맑음,새벽,차대차,정면충돌,신호위반,특별광역시도,송파세무서앞오거리,37.5263379,127.1140817,송파구,
2018,1,26,금요일,15,경상사고,0,0,2,0,54,남,데이터오류,,승용,비사업용,승용,진입회전사고,맑음,주간,차대차,측면직각충돌,안전거리미확보,특별광역시도,송파세무서앞오거리,37.5263379,127.1140817,송파구,
2018,1,11,목요일,18,경상사고,0,0,1,0,53,남,15년이상,,승용,비사업용,이륜,기타사고,맑음,출퇴근,차대차,차대차-기타,안전거리미확보,특별광역시도,송파세무서앞오거리,37.5263379,127.1140817,송파구,
2018,1,20,토요일,22,경상사고,0,0,1,0,43,남,15년이상,0,승용,비사업용,승용,진입회전사고,맑음,심야,차대차,측면직각충돌,신호위반,특별광역시도,송파세무서앞오거리,37.5263379,127.1140817,송파구,
2018,2,7,수요일,19,중상사고,0,1,0,0,56,남,15년이상,,승용,비사업용,승용,기타사고,맑음,출퇴근,차대차,차대차-기타,교차로운행방법위반,특별광역시도,송파세무서앞오거리,37.5263379,127.1140817,송파구,
2018,3,23,금요일,11,부상사고,0,0,0,1,63,남,15년이상,,승용,사업용,이륜,진입회전사고,맑음,주간,차대차,측면직각충돌,안전거리미확보,특별광역시도,송파세무서앞오거리,37.5263379,127.1140817,송파구,
2018,3,21,수요일,15,중상사고,0,1,0,0,53,남,15년이상,,화물,비사업용,이륜,진입회전사고,흐림,주간,차대차,측면직각충돌,안전운전불이행,특별광역시도,송파세무서앞오거리,37.5263379,127.1140817,송파구,
2018,3,23,금요일,22,경상사고,0,0,2,0,59,남,15년이상,,승용,사업용,승용,일직선사고,맑음,심야,차대차,추돌(진행중),안전운전불이행,특별광역시도,송파세무서앞오거리,37.5263379,127.1140817,송파구,
2018,4,1,일요일,4,경상사고,0,0,1,0,33,남,15년미만,0,승용,비사업용,승용,일직선사고,맑음,심야,차대차,추돌(진행중),안전운전불이행,특별광역시도,송파세무서앞오거리,37.5263379,127.1140817,송파구,
2018,4,7,토요일,10,중상사고,0,1,0,0,38,여,10년미만,,승용,비사업용,승합,기타사고,맑음,주간,차대차,차대차-기타,차로위반,특별광역시도,송파세무서앞오거리,37.5263379,127.1140817,송파구,
2018,6,1,금요일,14,경상사고,0,0,1,0,57,남,15년이상,,승합,비사업용,원동기,진입회전사고,맑음,주간,차대차,측면직각충돌,안전거리미확보,특별광역시도,송파세무서앞오거리,37.5263379,127.1140817,송파구,
2018,6,25,월요일,15,경상사고,0,0,1,0,72,남,15년이상,,승용,사업용,승용,진입회전사고,맑음,주간,차대차,측면직각충돌,안전거리미확보,특별광역시도,송파세무서앞오거리,37.5263379,127.1140817,송파구,
2018,7,30,월요일,8,중상사고,0,2,3,1,47,남,15년이상,,승합,사업용,승합,일직선사고,맑음,출퇴근,차대차,추돌(진행중),안전거리미확보,특별광역시도,송파세무서앞오거리,37.5263379,127.1140817,송파구,
2018,7,19,목요일,11,경상사고,0,0,1,0,83,남,15년이상,,승용,비사업용,승용,진입회전사고,맑음,주간,차대차,측면직각충돌,안전거리미확보,특별광역시도,송파세무서앞오거리,37.5263379,127.1140817,송파구,
2018,7,12,목요일,13,경상사고,0,0,1,0,55,남,15년이상,,건설기계,사업용,건설기계,진입회전사고,맑음,주간,차대차,측면직각충돌,안전거리미확보,특별광역시도,송파세무서앞오거리,37.5263379,127.1140817,송파구,