년도,월,일,요일,시각,사고등급,사망자수,중상자수,경상자수,부상자수,연령,성별,경력,음주,종별,용도,관련자2,사고형태,기상상태,일광상태,사고유형1,사고유형2,법규위반,도로종류,지점명,위도,경도,자치구,
2018,7,27,금요일,18,경상사고,0,0,1,1,61,남,15년이상,,승합,사업용,건설기계,진입회전사고,맑음,출퇴근,차대차,측면직각충돌,안전운전불이행,특별광역시도,송파세무서앞오거리,37.5263379,127.1140817,송파구,
2018,7,27,금요일,22,중상사고,0,1,0,0,57,남,15년이상,,승용,사업용,이륜,진입회전사고,흐림,심야,차대차,차대차-기타,신호위반,특별광역시도,송파세무서앞오거리,37.5263379,127.1140817,송파구,
2018,8,14,화요일,22,경상사고,0,0,1,0,55,남,15년이상,,승용,사업용,자전거,진입회전사고,맑음,심야,차대차,측면직각충돌,신호위반,특별광역시도,송파세무서앞오거리,37.5263379,127.1140817,송파구,
2018,9,26,수요일,6,경상사고,0,0,1,0,60,남,15년이상,,승용,비사업용,승용,진입회전사고,맑음,새벽,차대차,차대차-기타,신호위반,특별광역시도,송파세무서앞오거리,37.5263379,127.1140817,송파구,
2018,9,2,일요일,7,중상사고,0,1,1,0,19,남,1년미만,0,승합,비사업용,승합,일직선사고,맑음,출퇴근,차대차,추돌(진행중),안전운전불이행,기타,송파세무서앞오거리,37.5263379,127.1140817,송파구,
2018,10,20,토요일,11,중상사고,0,1,0,0,66,남,10년미만,,승용,비사업용,승용,일직선사고,맑음,주간,차대차,추돌(진행중),안전운전불이행,특별광역시도,송파세무서앞오거리,37.5263379,127.1140817,송파구,
2018,11,28,수요일,11,경상사고,0,0,1,0,66,남,15년이상,,승용,비사업용,승용,일직선사고,맑음,주간,차대차,추돌(진행중),안전운전불이행,특별광역시도,송파세무서앞오거리,37.5263379,127.1140817,송파구,
2018,11,21,수요일,12,중상사고,0,1,0,1,59,남,15년이상,,승용,사업용,원동기,진입회전사고,흐림,주간,차대차,측면직각충돌,신호위반,특별광역시도,송파세무서앞오거리,37.5263379,127.1140817,송파구,
2018,12,20,목요일,14,중상사고,0,1,0,0,58,남,15년이상,,승합,사업용,보행자,보행횡단사고,맑음,주간,차대사람,횡단중,보행자보호의무위반,특별광역시도,송파세무서앞오거리,37.5263379,127.1140817,송파구,
2019,2,26,화요일,16,경상사고,0,0,2,1,64,여,15년이상,,승용,비사업용,승합,진입회전사고,맑음,주간,차대차,측면직각충돌,안전거리미확보,기타,송파세무서앞오거리,37.5263379,127.1140817,송파구,
2019,3,31,일요일,11,경상사고,0,0,1,0,50,남,3년미만,,승용,사업용,승용,진입회전사고,맑음,주간,차대차,측면직각충돌,안전거리미확보,특별광역시도,송파세무서앞오거리,37.5263379,127.1140817,송파구,
2019,5,18,토요일,21,경상사고,0,0,1,0,65,남,15년이상,,승용,비사업용,자전거,진입회전사고,맑음,심야,차대차,측면직각충돌,안전운전불이행,특별광역시도,송파세무서앞오거리,37.5263379,127.1140817,송파구,
2019,6,15,토요일,11,중상사고,0,1,0,0,34,남,15년이상,,승용,비사업용,자전거,진입회전사고,맑음,주간,차대차,측면직각충돌,안전운전불이행,특별광역시도,송파세무서앞오거리,37.5263379,127.1140817,송파구,
2019,6,8,토요일,14,경상사고,0,0,1,0,45,남,15년이상,,승용,비사업용,승용,기타사고,맑음,주간,차대차,차대차-기타,안전운전불이행,특별광역시도,송파세무서앞오거리,37.5263379,127.1140817,송파구,
2019,6,7,금요일,18,경상사고,0,0,2,0,57,남,15년이상,,승합,비사업용,기타,진입회전사고,맑음,출퇴근,차대차,측면직각충돌,안전운전불이행,특별광역시도,송파세무서앞오거리,37.5263379,127.1140817,송파구,
2019,8,6,화요일,1,중상사고,0,1,0,0,59,남,15년이상,,승용,비사업용,승용,진입회전사고,맑음,심야,차대차,측면직각충돌,교차로운행방법위반,특별광역시도,송파세무서앞오거리,37.5263379,127.1140817,송파구,
2019,9,27,금요일,1,경상사고,0,0,4,0,31,남,10년미만,,승용,비사업용,승용,진입회전사고,맑음,심야,차대차,측면직각충돌,안전운전불이행,특별광역시도,송파세무서앞오거리,37.5263379,127.1140817,송파구,
2019,9,30,월요일,8,경상사고,0,0,1,0,41,남,15년이상,,승용,비사업용,이륜,진입회전사고,맑음,출퇴근,차대차,측면직각충돌,차로위반,특별광역시도,송파세무서앞오거리,37.5263379,127.1140817,송파구,
2019,9,26,목요일,17,중상사고,0,1,0,0,50,남,15년이상,,건설기계,사업용,건설기계,진입회전사고,맑음,주간,차대차,측면직각충돌,안전운전불이행,특별광역시도,송파세무서앞오거리,37.5263379,127.1140817,송파구,
2019,9,12,목요일,20,경상사고,0,0,1,0,49,남,15년이상,,승용,비사업용,이륜,진입회전사고,맑음,출퇴근,차대차,측면직각충돌,교차로운행방법위반,특별광역시도,송파세무서앞오거리,37.5263379,127.1140817,송파구,
2019,10,12,토요일,18,경상사고,0,0,1,0,66,남,15년이상,,승용,비사업용,원동기,진입회전사고,맑음,출퇴근,차대차,측면직각충돌,안전거리미확보,특별광역시도,송파세무서앞오거리,37.5263379,127.1140817,송파구,
2019,10,2,수요일,18,경상사고,0,0,1,0,48,남,15년이상,,승용,비사업용,이륜,기타사고,비,출퇴근,차대차,차대차-기타,안전운전불이행,특별광역시도,송파세무서앞오거리,37.5263379,127.1140817,송파구,
2019,11,4,월요일,8,경상사고,0,0,1,0,30,남,10년미만,,승용,비사업용,화물,진입회전사고,맑음,출퇴근,차대차,측면직각충돌,안전운전불이행,특별광역시도,송파세무서앞오거리,37.5263379,127.1140817,송파구,
2019,11,5,화요일,9,경상사고,0,0,1,0,49,남,15년이상,,건설기계,사업용,건설기계,일직선사고,맑음,주간,차대차,추돌(진행중),안전운전불이행,특별광역시도,송파세무서앞오거리,37.5263379,127.1140817,송파구,
2019,11,1,금요일,14,경상사고,0,0,1,0,64,남,15년이상,,승용,비사업용,승용,일직선사고,맑음,주간,차대차,추돌(진행중),안전운전불이행,특별광역시도,송파세무서앞오거리,37.5263379,127.1140817,송파구,
2019,11,13,수요일,21,경상사고,0,0,1,0,60,남,15년이상,,승용,비사업용,승용,진입회전사고,맑음,심야,차대차,측면직각충돌,안전운전불이행,특별광역시도,송파세무서앞오거리,37.5263379,127.1140817,송파구,
2019,11,27,수요일,22,경상사고,0,0,1,0,58,남,15년이상,,승용,사업용,이륜,진입회전사고,맑음,심야,차대차,차대차-기타,신호위반,특별광역시도,송파세무서앞오거리,37.5263379,127.1140817,송파구,
2019,12,22,일요일,5,경상사고,0,0,1,0,32,남,15년이상,,승합,사업용,승합,일직선사고,맑음,새벽,차대차,추돌(진행중),안전운전불이행,특별광역시도,송파세무서앞오거리,37.5263379,127.1140817,송파구,
2019,12,27,금요일,9,경상사고,0,0,1,0,54,여,15년이상,,승용,비사업용,승용,진입회전사고,맑음,주간,차대차,측면직각충돌,교차로운행방법위반,특별광역시도,송파세무서앞오거리,37.5263379,127.1140817,송파구,
2019,12,17,화요일,22,중상사고,0,1,0,0,49,남,15년이상,,화물,비사업용,자전거,진입회전사고,맑음,심야,차대차,측면직각충돌,안전운전불이행,특별광역시도,송파세무서앞오거리,37.5263379,127.1140817,송파구,
2017,3,7,화요일,16,경상사고,0,0,1,0,41,여,데이터오류,,승용,비사업용,보행자,일직선사고,맑음,주간,차대사람,차대사람-기타,중앙선침범,특별광역시도,실론호텔사거리,37.5149806,127.1083632,송파구,
2018,2,26,월요일,14,경상사고,0,0,1,0,64,남,15년이상,,승용,사업용,보행자,기타사고,맑음,주간,차대사람,길가장자리구역통행중,기타,특별광역시도,실론호텔사거리,37.5149806,127.1083632,송파구,
2018,4,20,금요일,19,경상사고,0,0,1,0,62,남,15년이상,,승용,사업용,보행자,기타사고,흐림,출퇴근,차대사람,차도통행중,안전운전불이행,기타,실론호텔사거리,37.5149806,127.1083632,송파구,
2018,6,7,목요일,4,중상사고,0,1,2,0,51,남,15년이상,,승용,사업용,승용,일직선사고,맑음,심야,차대차,정면충돌,안전운전불이행,특별광역시도,실론호텔사거리,37.5149806,127.1083632,송파구,
2018,6,27,수요일,20,경상사고,0,0,1,0,67,남,15년이상,,승용,사업용,보행자,기타사고,맑음,출퇴근,차대사람,차대사람-기타,안전운전불이행,특별광역시도,실론호텔사거리,37.5149806,127.1083632,송파구,
2018,7,29,일요일,2,중상사고,0,1,1,0,34,남,15년이상,0,승용,비사업용,보행자,기타사고,맑음,심야,차대사람,길가장자리구역통행중,안전운전불이행,특별광역시도,실론호텔사거리,37.5149806,127.1083632,송파구,
2018,7,10,화요일,21,경상사고,0,0,1,0,53,남,10년미만,,승용,비사업용,승용,일직선사고,맑음,심야,차대차,정면충돌,안전운전불이행,특별광역시도,실론호텔사거리,37.5149806,127.1083632,송파구,
2018,10,20,토요일,1,경상사고,0,0,1,0,59,남,15년이상,,승용,사업용,보행자,기타사고,흐림,심야,차대사람,차대사람-기타,안전운전불이행,특별광역시도,실론호텔사거리,37.5149806,127.1083632,송파구,
2019,1,21,월요일,23,경상사고,0,0,1,0,56,남,10년미만,,승용,사업용,보행자,기타사고,맑음,심야,차대사람,차도통행중,안전운전불이행,특별광역시도,실론호텔사거리,37.5149806,127.1083632,송파구,
2019,2,21,목요일,23,경상사고,0,0,1,0,72,남,15년미만,,승용,사업용,승용,진입회전사고,맑음,심야,차대차,측면직각충돌,안전운전불이행,특별광역시도,실론호텔사거리,37.5149806,127.1083632,송파구,
2019,10,6,일요일,16,경상사고,0,0,1,0,50,여,15년이상,,승용,비사업용,보행자,기타사고,맑음,주간,차대사람,차도통행중,안전운전불이행,특별광역시도,실론호텔사거리,37.5149806,127.1083632,송파구,
2019,11,19,화요일,11,경상사고,0,0,1,0,65,남,15년이상,,승용,사업용,보행자,기타사고,맑음,주간,차대사람,차도통행중,안전운전불이행,특별광역시도,실론호텔사거리,37.5149806,127.1083632,송파구,
2017,1,28,토요일,4,경상사고,0,0,1,0,62,남,15년이상,,승용,사업용,보행자,보행횡단사고,맑음,심야,차대사람,횡단중,안전운전불이행,특별광역시도,실론호텔사거리,37.5149806,127.1083632,송파구,
2017,3,4,토요일,2,경상사고,0,0,1,0,49,남,15년이상,,승용,사업용,보행자,기타사고,맑음,심야,차대사람,차도통행중,안전운전불이행,특별광역시도,실론호텔사거리,37.5149806,127.1083632,송파구,
2017,3,29,수요일,20,부상사고,0,0,0,1,51,남,15년이상,,화물,사업용,원동기,진입회전사고,맑음,출퇴근,차대차,측면직각충돌,직진우회전진행방해,특별광역시도,실론호텔사거리,37.5149806,127.1083632,송파구,
2017,4,2,일요일,4,경상사고,0,0,1,0,28,남,10년미만,,승용,비사업용,보행자,보행횡단사고,맑음,심야,차대사람,횡단중,안전운전불이행,특별광역시도,실론호텔사거리,37.5149806,127.1083632,송파구,
2017,4,27,목요일,21,중상사고,0,1,0,0,61,남,15년이상,,승용,사업용,보행자,보행횡단사고,맑음,심야,차대사람,횡단중,안전운전불이행,특별광역시도,실론호텔사거리,37.5149806,127.1083632,송파구,
2017,4,23,일요일,23,중상사고,0,1,0,0,불명,불명,데이터오류,,기타,데이터오류,기타,보행횡단사고,기타,심야,차대사람,횡단중,안전운전불이행,특별광역시도,실론호텔사거리,37.5149806,127.1083632,송파구,
2017,5,20,토요일,0,경상사고,0,0,1,0,60,남,15년이상,,승용,사업용,보행자,기타사고,맑음,심야,차대사람,차대사람-기타,안전운전불이행,특별광역시도,실론호텔사거리,37.5149806,127.1083632,송파구,
2017,5,11,목요일,23,경상사고,0,0,1,0,39,남,15년이상,,승용,비사업용,보행자,기타사고,맑음,심야,차대사람,차대사람-기타,안전운전불이행,특별광역시도,실론호텔사거리,37.5149806,127.1083632,송파구,
2017,7,26,수요일,2,부상사고,0,0,0,1,58,남,15년이상,,승용,사업용,보행자,기타사고,맑음,심야,차대사람,차도통행중,교차로운행방법위반,특별광역시도,실론호텔사거리,37.5149806,127.1083632,송파구,
2017,8,3,목요일,23,경상사고,0,0,1,0,64,남,15년이상,,승용,사업용,보행자,보행횡단사고,맑음,심야,차대사람,횡단중,안전운전불이행,기타,실론호텔사거리,37.5149806,127.1083632,송파구,
2017,8,9,수요일,23,경상사고,0,0,2,0,22,남,5년미만,,승용,비사업용,기타,진입회전사고,비,심야,차대차,측면직각충돌,안전운전불이행,기타,실론호텔사거리,37.5149806,127.1083632,송파구,
2017,9,10,일요일,22,중상사고,0,1,0,0,32,남,10년미만,,승용,비사업용,보행자,기타사고,맑음,심야,차대사람,차대사람-기타,안전운전불이행,특별광역시도,실론호텔사거리,37.5149806,127.1083632,송파구,
2017,10,25,수요일,20,경상사고,0,0,1,0,56,여,15년이상,0,승용,비사업용,보행자,기타사고,맑음,출퇴근,차대사람,차대사람-기타,안전운전불이행,특별광역시도,실론호텔사거리,37.5149806,127.1083632,송파구,
2017,11,25,토요일,4,중상사고,0,1,1,0,30,남,15년미만,0,승용,비사업용,보행자,기타사고,맑음,심야,차대사람,길가장자리구역통행중,안전운전불이행,특별광역시도,실론호텔사거리,37.5149806,127.1083632,송파구,
2017,12,1,금요일,0,경상사고,0,0,1,0,30,남,5년미만,,승용,비사업용,보행자,기타사고,맑음,심야,차대사람,차대사람-기타,안전운전불이행,특별광역시도,실론호텔사거리,37.5149806,127.1083632,송파구,
2017,12,3,일요일,22,부상사고,0,0,0,1,50,남,15년이상,,승용,비사업용,보행자,기타사고,맑음,심야,차대사람,차도통행중,안전운전불이행,특별광역시도,실론호텔사거리,37.5149806,127.1083632,송파구,
2017,12,17,일요일,23,경상사고,0,0,1,0,43,여,15년이상,,승용,비사업용,보행자,보행횡단사고,맑음,심야,차대사람,보도통행중,안전운전불이행,기타,실론호텔사거리,37.5149806,127.1083632,송파구,
2018,2,24,토요일,0,부상사고,0,0,0,1,35,남,15년미만,,승용,비사업용,보행자,기타사고,맑음,심야,차대사람,차대사람-기타,안전운전불이행,특별광역시도,실론호텔사거리,37.5149806,127.1083632,송파구,
2018,4,8,일요일,1,경상사고,0,0,1,0,26,남,15년이상,0,승용,사업용,보행자,기타사고,맑음,심야,차대사람,차대사람-기타,안전운전불이행,특별광역시도,실론호텔사거리,37.5149806,127.1083632,송파구,
2018,4,19,목요일,2,중상사고,0,1,0,0,71,남,15년이상,,승용,사업용,보행자,기타사고,맑음,심야,차대사람,차대사람-기타,안전운전불이행,특별광역시도,실론호텔사거리,37.5149806,127.1083632,송파구,
2018,4,6,금요일,20,경상사고,0,0,1,0,50,남,15년이상,,승용,비사업용,보행자,보행횡단사고,흐림,출퇴근,차대사람,횡단중,안전운전불이행,특별광역시도,실론호텔사거리,37.5149806,127.1083632,송파구,
2018,5,11,금요일,21,부상사고,0,0,0,1,54,남,15년이상,,승용,사업용,보행자,기타사고,맑음,심야,차대사람,차대사람-기타,안전운전불이행,특별광역시도,실론호텔사거리,37.5149806,127.1083632,송파구,
2018,6,17,일요일,2,경상사고,0,0,1,0,50,남,15년이상,0,승용,사업용,보행자,기타사고,맑음,심야,차대사람,차대사람-기타,안전운전불이행,특별광역시도,실론호텔사거리,37.5149806,127.1083632,송파구,
2018,6,16,토요일,3,경상사고,0,0,1,0,53,남,15년이상,,승용,비사업용,보행자,보행횡단사고,기타,심야,차대사람,보도통행중,안전운전불이행,기타,실론호텔사거리,37.5149806,127.1083632,송파구,
2018,7,21,토요일,4,경상사고,0,0,1,0,22,남,10년미만,,승용,비사업용,보행자,기타사고,맑음,심야,차대사람,길가장자리구역통행중,직진우회전진행방해,특별광역시도,실론호텔사거리,37.5149806,127.1083632,송파구,
2018,8,2,목요일,2,경상사고,0,0,1,0,불명,불명,데이터오류,,기타,기타,기타,기타사고,맑음,심야,차대사람,차대사람-기타,안전운전불이행,특별광역시도,실론호텔사거리,37.5149806,127.1083632,송파구,
2018,8,3,금요일,9,경상사고,0,0,1,0,66,남,15년이상,,승용,사업용,이륜,진입회전사고,맑음,주간,차대차,측면직각충돌,직진우회전진행방해,특별광역시도,실론호텔사거리,37.5149806,127.1083632,송파구,
2018,8,26,일요일,20,경상사고,0,0,1,0,32,남,15년이상,0,승용,사업용,보행자,기타사고,맑음,출퇴근,차대사람,차대사람-기타,안전운전불이행,특별광역시도,실론호텔사거리,37.5149806,127.1083632,송파구,
2018,8,12,일요일,23,부상사고,0,0,0,1,불명,불명,데이터오류,,기타,기타,기타,기타사고,맑음,심야,차대사람,차대사람-기타,안전운전불이행,특별광역시도,실론호텔사거리,37.5149806,127.1083632,송파구,
2018,9,1,토요일,4,경상사고,0,0,1,0,56,남,15년이상,,승용,사업용,보행자,기타사고,기타,심야,차대사람,길가장자리구역통행중,교차로운행방법위반,특별광역시도,실론호텔사거리,37.5149806,127.1083632,송파구,
2018,12,27,목요일,2,경상사고,0,0,1,0,56,여,15년이상,,승용,사업용,보행자,보행횡단사고,맑음,심야,차대사람,횡단중,안전운전불이행,특별광역시도,실론호텔사거리,37.5149806,127.1083632,송파구,
2018,12,8,토요일,12,경상사고,0,0,1,0,44,남,15년이상,,승용,비사업용,보행자,기타사고,맑음,주간,차대사람,차도통행중,안전운전불이행,특별광역시도,실론호텔사거리,37.5149806,127.1083632,송파구,
2018,12,18,화요일,13,경상사고,0,0,1,0,55,남,4년미만,,화물,비사업용,보행자,보행횡단사고,맑음,주간,차대사람,횡단중,안전운전불이행,특별광역시도,실론호텔사거리,37.5149806,127.1083632,송파구,
2018,12,26,수요일,18,경상사고,0,0,1,0,63,남,15년이상,,승용,비사업용,보행자,보행횡단사고,맑음,출퇴근,차대사람,보도통행중,안전운전불이행,특별광역시도,실론호텔사거리,37.5149806,127.1083632,송파구,
2018,12,8,토요일,23,중상사고,0,1,0,0,64,여,15년이상,,승용,사업용,보행자,기타사고,맑음,심야,차대사람,차대사람-기타,안전운전불이행,특별광역시도,실론호텔사거리,37.5149806,127.1083632,송파구,
2019,1,24,목요일,1,부상사고,0,0,0,1,74,남,15년이상,,승용,사업용,보행자,기타사고,흐림,심야,차대사람,차대사람-기타,안전운전불이행,특별광역시도,실론호텔사거리,37.5149806,127.1083632,송파구,
2019,1,8,화요일,22,경상사고,0,0,1,0,62,남,15년이상,,승용,사업용,보행자,기타사고,맑음,심야,차대사람,길가장자리구역통행중,안전운전불이행,특별광역시도,실론호텔사거리,37.5149806,127.1083632,송파구,
2019,2,24,일요일,0,부상사고,0,0,0,1,21,여,데이터오류,,승용,사업용,보행자,기타사고,맑음,심야,차대사람,길가장자리구역통행중,안전운전불이행,특별광역시도,실론호텔사거리,37.5149806,127.1083632,송파구,
2019,2,16,토요일,16,경상사고,0,0,1,0,64,남,15년이상,,승용,비사업용,보행자,기타사고,맑음,주간,차대사람,차대사람-기타,안전운전불이행,특별광역시도,실론호텔사거리,37.5149806,127.1083632,송파구,
2019,3,18,월요일,4,경상사고,0,0,1,0,70,남,10년미만,,승용,사업용,보행자,기타사고,맑음,심야,차대사람,차대사람-기타,안전운전불이행,특별광역시도,실론호텔사거리,37.5149806,127.1083632,송파구,
2019,3,14,목요일,23,경상사고,0,0,1,0,72,남,15년이상,,승용,사업용,보행자,기타사고,맑음,심야,차대사람,차도통행중,안전운전불이행,특별광역시도,실론호텔사거리,37.5149806,127.1083632,송파구,
2019,5,14,화요일,23,경상사고,0,0,1,0,60,남,15년이상,,승용,사업용,보행자,기타사고,맑음,심야,차대사람,차대사람-기타,안전운전불이행,특별광역시도,실론호텔사거리,37.5149806,127.1083632,송파구,
2019,5,15,수요일,23,경상사고,0,0,1,0,32,여,3년미만,,승용,사업용,보행자,기타사고,맑음,심야,차대사람,차대사람-기타,안전운전불이행,특별광역시도,실론호텔사거리,37.5149806,127.1083632,송파구,
2019,6,29,토요일,14,중상사고,0,1,0,0,35,남,15년이상,,화물,비사업용,보행자,기타사고,맑음,주간,차대사람,차도통행중,안전운전불이행,특별광역시도,실론호텔사거리,37.5149806,127.1083632,송파구,
2019,6,22,토요일,21,경상사고,0,0,1,0,30,여,4년미만,,승용,비사업용,보행자,기타사고,맑음,심야,차대사람,차대사람-기타,안전운전불이행,특별광역시도,실론호텔사거리,37.5149806,127.1083632,송파구,
2019,11,21,목요일,19,경상사고,0,0,1,0,36,남,2년미만,,승용,사업용,승용,기타사고,맑음,출퇴근,차대차,차대차-기타,기타,특별광역시도,실론호텔사거리,37.5149806,127.1083632,송파구,
2019,12,14,토요일,22,경상사고,0,0,1,0,29,남,15년미만,,승용,비사업용,보행자,기타사고,맑음,심야,차대사람,길가장자리구역통행중,안전운전불이행,특별광역시도,실론호텔사거리,37.5149806,127.1083632,송파구,
2017,1,26,목요일,3,경상사고,0,0,2,0,50,남,15년이상,0,승용,비사업용,화물,일직선사고,맑음,심야,차대차,추돌(진행중),안전운전불이행,특별광역시도,올림픽훼미리타운,37.4896023,127.1187913,송파구,
2017,1,19,목요일,18,경상사고,0,0,1,0,64,남,15년이상,,승용,비사업용,승용,진입회전사고,맑음,출퇴근,차대차,측면직각충돌,안전운전불이행,특별광역시도,올림픽훼미리타운,37.4896023,127.1187913,송파구,
2017,3,20,월요일,17,경상사고,0,0,1,0,35,남,15년이상,,승용,사업용,승용,일직선사고,맑음,주간,차대차,추돌(진행중),안전거리미확보,특별광역시도,올림픽훼미리타운,37.4896023,127.1187913,송파구,
2017,4,14,금요일,21,경상사고,0,0,3,3,67,남,15년이상,,승합,사업용,승합,진입회전사고,맑음,심야,차대차,측면직각충돌,신호위반,특별광역시도,올림픽훼미리타운,37.4896023,127.1187913,송파구,
2017,4,11,화요일,22,중상사고,0,1,0,0,45,남,15년이상,0,승용,비사업용,승용,일직선사고,흐림,심야,차대차,정면충돌,안전운전불이행,특별광역시도,올림픽훼미리타운,37.4896023,127.1187913,송파구,
2017,6,25,일요일,17,중상사고,0,1,1,0,50,남,15년이상,,승합,사업용,승합,진입회전사고,맑음,주간,차대차,측면직각충돌,신호위반,특별광역시도,올림픽훼미리타운,37.4896023,127.1187913,송파구,
2017,9,10,일요일,1,경상사고,0,0,1,0,65,남,15년이상,,승용,사업용,승용,진입회전사고,맑음,심야,차대차,측면직각충돌,안전운전불이행,특별광역시도,올림픽훼미리타운,37.4896023,127.1187913,송파구,
2017,9,15,금요일,2,중상사고,0,1,0,0,불명,불명,데이터오류,,기타,데이터오류,기타,보행횡단사고,맑음,심야,차대사람,횡단중,보행자보호의무위반,특별광역시도,올림픽훼미리타운,37.4896023,127.1187913,송파구,
2017,9,15,금요일,22,중상사고,0,1,0,0,57,남,15년이상,,승합,사업용,승합,기타사고,흐림,심야,차대차,차대차-기타,안전운전불이행,특별광역시도,올림픽훼미리타운,37.4896023,127.1187913,송파구,
2017,10,26,목요일,6,중상사고,0,1,0,0,47,남,15년미만,0,이륜,기타,자전거,진입회전사고,맑음,새벽,차대차,측면직각충돌,안전운전불이행,특별광역시도,올림픽훼미리타운,37.4896023,127.1187913,송파구,
2017,11,25,토요일,3,경상사고,0,0,1,0,56,남,15년이상,,승용,사업용,화물,일직선사고,맑음,심야,차대차,추돌(진행중),안전운전불이행,특별광역시도,올림픽훼미리타운,37.4896023,127.1187913,송파구,
2017,12,11,월요일,10,부상사고,0,0,0,3,73,남,15년이상,,승용,사업용,화물,진입회전사고,맑음,주간,차대차,측면직각충돌,안전운전불이행,기타,올림픽훼미리타운,37.4896023,127.1187913,송파구,
2018,3,3,토요일,15,경상사고,0,0,2,0,60,남,15년이상,,승용,비사업용,승용,진입회전사고,맑음,주간,차대차,측면직각충돌,안전운전불이행,특별광역시도,올림픽훼미리타운,37.4896023,127.1187913,송파구,
2018,4,23,월요일,10,중상사고,0,1,0,0,60,남,15년이상,,승용,사업용,이륜,진입회전사고,비,주간,차대차,측면직각충돌,안전운전불이행,특별광역시도,올림픽훼미리타운,37.4896023,127.1187913,송파구,
2018,5,10,목요일,19,중상사고,0,1,0,0,49,남,15년이상,,화물,비사업용,화물,일직선사고,맑음,출퇴근,차대차,추돌(진행중),안전운전불이행,특별광역시도,올림픽훼미리타운,37.4896023,127.1187913,송파구,
2018,7,6,금요일,11,부상사고,0,0,0,1,36,남,15년이상,,승용,비사업용,이륜,진입회전사고,맑음,주간,차대차,측면직각충돌,신호위반,특별광역시도,올림픽훼미리타운,37.4896023,127.1187913,송파구,
2018,7,21,토요일,16,경상사고,0,0,1,0,56,남,15년이상,,승용,사업용,승용,일직선사고,맑음,주간,차대차,추돌(진행중),안전운전불이행,특별광역시도,올림픽훼미리타운,37.4896023,127.1187913,송파구,
2018,9,6,목요일,17,경상사고,0,0,1,0,63,남,15년이상,,승합,비사업용,승합,진입회전사고,맑음,주간,차대차,측면직각충돌,신호위반,특별광역시도,올림픽훼미리타운,37.4896023,127.1187913,송파구,
2018,9,15,토요일,19,중상사고,0,2,1,0,50,여,15년이상,,승용,비사업용,이륜,일직선사고,맑음,출퇴근,차대차,추돌(진행중),안전운전불이행,특별광역시도,올림픽훼미리타운,37.4896023,127.1187913,송파구,
2018,9,11,화요일,20,경상사고,0,0,3,0,32,남,15년이상,,승합,비사업용,승합,진입회전사고,맑음,출퇴근,차대차,측면직각충돌,신호위반,특별광역시도,올림픽훼미리타운,37.4896023,127.1187913,송파구,
2018,10,21,일요일,10,경상사고,0,0,1,0,59,남,15년이상,,승용,사업용,승합,진입회전사고,맑음,주간,차대차,측면직각충돌,안전운전불이행,특별광역시도,올림픽훼미리타운,37.4896023,127.1187913,송파구,
2018,11,16,금요일,10,경상사고,0,0,1,0,67,남,15년이상,,승합,사업용,승합,진입회전사고,맑음,주간,차대차,측면직각충돌,신호위반,특별광역시도,올림픽훼미리타운,37.4896023,127.1187913,송파구,
2018,11,29,목요일,11,경상사고,0,0,3,0,48,남,15년이상,,승용,비사업용,승용,진입회전사고,맑음,주간,차대차,측면직각충돌,안전운전불이행,특별광역시도,올림픽훼미리타운,37.4896023,127.1187913,송파구,
2018,11,24,토요일,15,중상사고,0,1,7,0,44,남,15년미만,,승합,사업용,승합,진입회전사고,맑음,주간,차대차,차대차-기타,신호위반,특별광역시도,올림픽훼미리타운,37.4896023,127.1187913,송파구,
2018,11,30,금요일,16,경상사고,0,0,1,0,56,남,15년이상,,화물,비사업용,화물,진입회전사고,맑음,주간,차대차,측면직각충돌,안전운전불이행,특별광역시도,올림픽훼미리타운,37.4896023,127.1187913,송파구,
2018,12,12,수요일,9,중상사고,0,1,0,2,58,남,15년이상,,승합,사업용,승합,진입회전사고,맑음,주간,차대차,측면직각충돌,신호위반,특별광역시도,올림픽훼미리타운,37.4896023,127.1187913,송파구,
2019,2,22,금요일,14,중상사고,0,1,0,1,36,남,15년이상,,승용,비사업용,이륜,진입회전사고,맑음,주간,차대차,측면직각충돌,신호위반,특별광역시도,올림픽훼미리타운,37.4896023,127.1187913,송파구,
2019,3,10,일요일,0,중상사고,0,1,0,0,67,남,15년이상,,승용,사업용,보행자,기타사고,맑음,심야,차대사람,차대사람-기타,안전운전불이행,특별광역시도,올림픽훼미리타운,37.4896023,127.1187913,송파구,
2019,6,14,금요일,11,경상사고,0,0,2,0,37,남,15년이상,0,승용,비사업용,승용,진입회전사고,맑음,주간,차대차,측면직각충돌,안전운전불이행,특별광역시도,올림픽훼미리타운,37.4896023,127.1187913,송파구,
2019,6,12,수요일,15,부상사고,0,0,0,1,72,여,15년이상,,자전거,데이터오류,보행자,기타사고,맑음,주간,차대사람,차대사람-기타,안전운전불이행,특별광역시도,올림픽훼미리타운,37.4896023,127.1187913,송파구,
2019,8,25,일요일,7,중상사고,0,1,0,0,34,남,15년이상,,승용,비사업용,이륜,진입회전사고,맑음,출퇴근,차대차,차대차-기타,신호위반,특별광역시도,올림픽훼미리타운,37.4896023,127.1187913,송파구,
2019,9,27,금요일,16,경상사고,0,0,1,0,72,여,15년이상,,승용,비사업용,이륜,진입회전사고,맑음,주간,차대차,측면직각충돌,신호위반,특별광역시도,올림픽훼미리타운,37.4896023,127.1187913,송파구,
2019,10,9,수요일,0,중상사고,0,2,1,0,46,남,15년이상,,승용,사업용,승용,진입회전사고,맑음,심야,차대차,측면직각충돌,신호위반,특별광역시도,올림픽훼미리타운,37.4896023,127.1187913,송파구,