년도,월,일,요일,시각,사고등급,사망자수,중상자수,경상자수,부상자수,연령,성별,경력,음주,종별,용도,관련자2,사고형태,기상상태,일광상태,사고유형1,사고유형2,법규위반,도로종류,지점명,위도,경도,자치구,
2019,11,18,월요일,10,경상사고,0,0,1,0,48,남,15년이상,,승용,비사업용,승합,일직선사고,맑음,주간,차대차,추돌(진행중),안전운전불이행,특별광역시도,올림픽훼미리타운,37.4896023,127.1187913,송파구,
2017,1,14,토요일,22,경상사고,0,0,1,0,24,여,15년이상,,승용,비사업용,보행자,보행횡단사고,맑음,심야,차대사람,횡단중,안전운전불이행,특별광역시도,잠실2동우체국앞삼거리,37.512054,127.0827167,송파구,
2017,1,5,목요일,23,경상사고,0,0,1,0,26,남,15년이상,0,승용,비사업용,보행자,일직선사고,맑음,심야,차대차,정면충돌,안전운전불이행,특별광역시도,잠실2동우체국앞삼거리,37.512054,127.0827167,송파구,
2017,2,12,일요일,1,부상사고,0,0,0,1,23,남,5년미만,,승용,비사업용,보행자,기타사고,맑음,심야,차대사람,길가장자리구역통행중,안전운전불이행,특별광역시도,잠실2동우체국앞삼거리,37.512054,127.0827167,송파구,
2017,2,4,토요일,21,중상사고,0,2,0,0,불명,남,데이터오류,,승용,비사업용,승용,일직선사고,맑음,심야,차대차,추돌(진행중),안전운전불이행,특별광역시도,잠실2동우체국앞삼거리,37.512054,127.0827167,송파구,
2017,5,16,화요일,0,경상사고,0,0,1,0,42,남,1년미만,0,승용,비사업용,승용,일직선사고,맑음,심야,차대차,정면충돌,안전운전불이행,특별광역시도,잠실2동우체국앞삼거리,37.512054,127.0827167,송파구,
2017,5,23,화요일,23,경상사고,0,0,1,0,26,남,데이터오류,0,화물,비사업용,보행자,기타사고,맑음,심야,차대사람,길가장자리구역통행중,안전운전불이행,특별광역시도,잠실2동우체국앞삼거리,37.512054,127.0827167,송파구,
2017,8,4,금요일,0,경상사고,0,0,1,0,30,남,15년미만,0,승용,비사업용,보행자,기타사고,맑음,심야,차대사람,차대사람-기타,안전운전불이행,기타,잠실2동우체국앞삼거리,37.512054,127.0827167,송파구,
2017,8,16,수요일,23,경상사고,0,0,1,0,불명,불명,데이터오류,,기타,데이터오류,기타,기타사고,비,심야,차대사람,길가장자리구역통행중,안전운전불이행,특별광역시도,잠실2동우체국앞삼거리,37.512054,127.0827167,송파구,
2017,9,30,토요일,4,부상사고,0,0,0,1,불명,불명,데이터오류,,기타,데이터오류,기타,기타사고,맑음,심야,차대사람,차대사람-기타,안전운전불이행,기타,잠실2동우체국앞삼거리,37.512054,127.0827167,송파구,
2017,9,14,목요일,19,경상사고,0,0,1,0,불명,불명,데이터오류,,기타,데이터오류,기타,기타사고,맑음,출퇴근,차대사람,길가장자리구역통행중,안전운전불이행,특별광역시도,잠실2동우체국앞삼거리,37.512054,127.0827167,송파구,
2017,10,9,월요일,0,부상사고,0,0,0,1,29,남,2년미만,,승용,비사업용,보행자,기타사고,맑음,심야,차대사람,차대사람-기타,안전운전불이행,특별광역시도,잠실2동우체국앞삼거리,37.512054,127.0827167,송파구,
2017,11,18,토요일,2,중상사고,0,1,1,0,19,남,데이터오류,0,승용,비사업용,보행자,보행횡단사고,흐림,심야,차대사람,횡단중,안전운전불이행,특별광역시도,잠실2동우체국앞삼거리,37.512054,127.0827167,송파구,
2017,12,18,월요일,23,경상사고,0,0,3,0,40,남,2년미만,0,승용,비사업용,보행자,기타사고,맑음,심야,차대사람,길가장자리구역통행중,안전운전불이행,특별광역시도,잠실2동우체국앞삼거리,37.512054,127.0827167,송파구,
2018,1,13,토요일,1,경상사고,0,0,1,0,63,남,15년이상,,승용,사업용,보행자,기타사고,맑음,심야,차대사람,차도통행중,안전운전불이행,특별광역시도,잠실2동우체국앞삼거리,37.512054,127.0827167,송파구,
2018,3,1,목요일,2,경상사고,0,0,1,0,불명,불명,데이터오류,,기타,기타,기타,기타사고,비,심야,차대사람,차대사람-기타,안전운전불이행,특별광역시도,잠실2동우체국앞삼거리,37.512054,127.0827167,송파구,
2018,3,23,금요일,22,경상사고,0,0,1,0,42,남,15년이상,,승용,비사업용,보행자,기타사고,맑음,심야,차대사람,차대사람-기타,안전운전불이행,특별광역시도,잠실2동우체국앞삼거리,37.512054,127.0827167,송파구,
2018,4,30,월요일,18,경상사고,0,0,1,0,22,남,15년이상,,이륜,기타,보행자,기타사고,맑음,출퇴근,차대사람,길가장자리구역통행중,안전운전불이행,특별광역시도,잠실2동우체국앞삼거리,37.512054,127.0827167,송파구,
2018,5,7,월요일,21,경상사고,0,0,1,0,49,남,15년이상,,승용,비사업용,보행자,기타사고,맑음,심야,차대사람,차대사람-기타,안전운전불이행,특별광역시도,잠실2동우체국앞삼거리,37.512054,127.0827167,송파구,
2018,7,8,일요일,0,경상사고,0,0,1,0,불명,불명,데이터오류,,기타,기타,기타,기타사고,흐림,심야,차대사람,차대사람-기타,안전운전불이행,특별광역시도,잠실2동우체국앞삼거리,37.512054,127.0827167,송파구,
2018,8,1,수요일,16,경상사고,0,0,2,0,26,남,4년미만,,이륜,기타,보행자,보행횡단사고,맑음,주간,차대사람,횡단중,안전운전불이행,특별광역시도,잠실2동우체국앞삼거리,37.512054,127.0827167,송파구,
2018,9,30,일요일,6,경상사고,0,0,1,0,59,남,15년이상,,승용,비사업용,보행자,기타사고,맑음,새벽,차대사람,차대사람-기타,안전운전불이행,특별광역시도,잠실2동우체국앞삼거리,37.512054,127.0827167,송파구,
2018,10,3,수요일,4,부상사고,0,0,0,1,63,남,15년이상,,승용,사업용,보행자,기타사고,맑음,심야,차대사람,길가장자리구역통행중,안전운전불이행,특별광역시도,잠실2동우체국앞삼거리,37.512054,127.0827167,송파구,
2018,10,10,수요일,14,부상사고,0,0,0,1,43,여,15년이상,,승용,비사업용,보행자,기타사고,맑음,주간,차대사람,차대사람-기타,안전운전불이행,기타,잠실2동우체국앞삼거리,37.512054,127.0827167,송파구,
2018,11,30,금요일,14,경상사고,0,0,1,0,76,남,15년이상,,승용,사업용,승용,진입회전사고,맑음,주간,차대차,측면직각충돌,안전운전불이행,특별광역시도,잠실2동우체국앞삼거리,37.512054,127.0827167,송파구,
2018,12,30,일요일,1,경상사고,0,0,1,0,64,남,15년이상,,승용,사업용,보행자,기타사고,맑음,심야,차대사람,길가장자리구역통행중,안전운전불이행,특별광역시도,잠실2동우체국앞삼거리,37.512054,127.0827167,송파구,
2018,12,28,금요일,21,경상사고,0,0,1,0,23,남,5년미만,,승용,사업용,보행자,기타사고,맑음,심야,차대사람,차대사람-기타,안전운전불이행,특별광역시도,잠실2동우체국앞삼거리,37.512054,127.0827167,송파구,
2019,1,31,목요일,9,중상사고,0,1,0,0,53,남,15년미만,,승용,사업용,자전거,기타사고,맑음,주간,차대차,차대차-기타,교차로운행방법위반,특별광역시도,잠실2동우체국앞삼거리,37.512054,127.0827167,송파구,
2019,1,22,화요일,20,중상사고,0,1,0,0,50,남,15년이상,,승합,사업용,보행자,기타사고,맑음,출퇴근,차대사람,차도통행중,안전운전불이행,특별광역시도,잠실2동우체국앞삼거리,37.512054,127.0827167,송파구,
2019,2,16,토요일,2,경상사고,0,0,1,0,31,남,10년미만,0,승용,비사업용,보행자,기타사고,맑음,심야,차대사람,차대사람-기타,안전운전불이행,기타,잠실2동우체국앞삼거리,37.512054,127.0827167,송파구,
2019,2,25,월요일,20,경상사고,0,0,1,0,63,남,15년이상,,승용,사업용,보행자,보행횡단사고,맑음,출퇴근,차대사람,보도통행중,보행자보호의무위반,특별광역시도,잠실2동우체국앞삼거리,37.512054,127.0827167,송파구,
2019,5,19,일요일,22,중상사고,0,1,1,0,32,남,15년이상,,승용,비사업용,승용,진입회전사고,맑음,심야,차대차,측면직각충돌,교차로운행방법위반,특별광역시도,잠실2동우체국앞삼거리,37.512054,127.0827167,송파구,
2019,5,3,금요일,23,중상사고,0,1,0,0,56,남,15년이상,,승용,사업용,자전거,진입회전사고,맑음,심야,차대차,측면직각충돌,안전운전불이행,특별광역시도,잠실2동우체국앞삼거리,37.512054,127.0827167,송파구,
2019,6,7,금요일,0,경상사고,0,0,1,0,40,남,15년미만,,승용,사업용,보행자,기타사고,비,심야,차대사람,차대사람-기타,안전운전불이행,특별광역시도,잠실2동우체국앞삼거리,37.512054,127.0827167,송파구,
2019,8,17,토요일,17,경상사고,0,0,1,0,72,남,15년이상,,승용,사업용,보행자,기타사고,맑음,주간,차대사람,차대사람-기타,안전운전불이행,특별광역시도,잠실2동우체국앞삼거리,37.512054,127.0827167,송파구,
2019,8,6,화요일,18,경상사고,0,0,1,0,58,남,15년미만,,승용,사업용,보행자,기타사고,맑음,출퇴근,차대사람,차대사람-기타,안전운전불이행,특별광역시도,잠실2동우체국앞삼거리,37.512054,127.0827167,송파구,
2019,9,28,토요일,9,경상사고,0,0,1,0,46,여,15년이상,,승용,비사업용,보행자,기타사고,맑음,주간,차대사람,차대사람-기타,안전운전불이행,특별광역시도,잠실2동우체국앞삼거리,37.512054,127.0827167,송파구,
2019,10,2,수요일,0,경상사고,0,0,1,0,50,남,15년이상,,승용,비사업용,승합,일직선사고,맑음,심야,차대차,추돌(진행중),안전거리미확보,특별광역시도,잠실2동우체국앞삼거리,37.512054,127.0827167,송파구,
2019,10,19,토요일,0,경상사고,0,0,2,1,22,남,5년미만,0,승용,비사업용,보행자,기타사고,맑음,심야,차대차,차대차-기타,안전운전불이행,특별광역시도,잠실2동우체국앞삼거리,37.512054,127.0827167,송파구,
2017,1,30,월요일,15,경상사고,0,0,1,0,61,남,15년이상,,승합,사업용,승합,기타사고,맑음,주간,차대차,차대차-기타,안전거리미확보,특별광역시도,잠실대교남단삼거리,37.514063,127.099483,송파구,
2017,2,4,토요일,2,중상사고,0,1,2,0,68,남,15년이상,,승용,사업용,승용,진입회전사고,맑음,심야,차대차,측면직각충돌,신호위반,특별광역시도,잠실대교남단삼거리,37.514063,127.099483,송파구,
2017,3,3,금요일,10,경상사고,0,0,1,0,63,남,15년이상,,승용,비사업용,원동기,진입회전사고,맑음,주간,차대차,정면충돌,신호위반,특별광역시도,잠실대교남단삼거리,37.514063,127.099483,송파구,
2017,4,11,화요일,19,경상사고,0,0,1,0,32,남,15년미만,,승용,비사업용,승용,진입회전사고,맑음,출퇴근,차대차,측면직각충돌,안전거리미확보,특별광역시도,잠실대교남단삼거리,37.514063,127.099483,송파구,
2017,6,3,토요일,7,경상사고,0,0,1,1,56,남,15년이상,,승용,사업용,기타,단독사고,맑음,출퇴근,차량단독,공작물추돌,교차로운행방법위반,특별광역시도,잠실대교남단삼거리,37.514063,127.099483,송파구,
2017,6,19,월요일,20,경상사고,0,0,1,0,70,남,15년이상,,승용,사업용,승용,진입회전사고,맑음,출퇴근,차대차,측면직각충돌,신호위반,특별광역시도,잠실대교남단삼거리,37.514063,127.099483,송파구,
2017,8,21,월요일,11,경상사고,0,0,1,0,64,남,15년이상,,승용,사업용,승용,일직선사고,맑음,주간,차대차,추돌(진행중),안전운전불이행,특별광역시도,잠실대교남단삼거리,37.514063,127.099483,송파구,
2017,8,31,목요일,23,경상사고,0,0,1,1,58,남,15년이상,,자전거,기타,보행자,기타사고,맑음,심야,차대사람,차대사람-기타,안전운전불이행,특별광역시도,잠실대교남단삼거리,37.514063,127.099483,송파구,
2017,11,25,토요일,2,경상사고,0,0,1,0,50,남,15년미만,,화물,사업용,화물,일직선사고,맑음,심야,차대차,추돌(진행중),안전운전불이행,특별광역시도,잠실대교남단삼거리,37.514063,127.099483,송파구,
2017,12,16,토요일,0,경상사고,0,0,1,0,38,남,데이터오류,0,승용,비사업용,승용,일직선사고,맑음,심야,차대차,추돌(진행중),안전운전불이행,특별광역시도,잠실대교남단삼거리,37.514063,127.099483,송파구,
2018,1,19,금요일,3,중상사고,0,2,3,0,40,남,15년이상,0,승용,비사업용,승용,일직선사고,흐림,심야,차대차,추돌(진행중),안전운전불이행,특별광역시도,잠실대교남단삼거리,37.514063,127.099483,송파구,
2018,1,22,월요일,23,경상사고,0,0,1,0,51,남,15년미만,,승용,비사업용,승용,기타사고,맑음,심야,차대차,차대차-기타,안전운전불이행,특별광역시도,잠실대교남단삼거리,37.514063,127.099483,송파구,
2018,2,9,금요일,18,경상사고,0,0,2,0,35,남,15년미만,,승용,비사업용,화물,진입회전사고,흐림,출퇴근,차대차,측면직각충돌,차로위반,기타,잠실대교남단삼거리,37.514063,127.099483,송파구,
2018,3,5,월요일,8,경상사고,0,0,2,0,47,남,15년이상,,승용,비사업용,승용,진입회전사고,맑음,출퇴근,차대차,측면직각충돌,안전거리미확보,특별광역시도,잠실대교남단삼거리,37.514063,127.099483,송파구,
2018,5,5,토요일,16,경상사고,0,0,1,0,57,남,15년이상,,승용,사업용,승용,일직선사고,맑음,주간,차대차,추돌(진행중),안전운전불이행,특별광역시도,잠실대교남단삼거리,37.514063,127.099483,송파구,
2018,5,28,월요일,18,경상사고,0,0,1,0,39,남,15년이상,,화물,사업용,화물,일직선사고,맑음,출퇴근,차대차,추돌(진행중),안전운전불이행,특별광역시도,잠실대교남단삼거리,37.514063,127.099483,송파구,
2018,6,29,금요일,15,경상사고,0,0,2,0,63,남,15년이상,,승용,사업용,승용,일직선사고,맑음,주간,차대차,추돌(진행중),안전거리미확보,특별광역시도,잠실대교남단삼거리,37.514063,127.099483,송파구,
2018,6,4,월요일,16,경상사고,0,0,1,0,38,여,15년이상,,승용,비사업용,승용,일직선사고,맑음,주간,차대차,추돌(진행중),안전운전불이행,특별광역시도,잠실대교남단삼거리,37.514063,127.099483,송파구,
2018,8,17,금요일,0,중상사고,0,1,0,0,44,남,15년이상,,화물,사업용,화물,진입회전사고,흐림,심야,차대차,측면직각충돌,차로위반,특별광역시도,잠실대교남단삼거리,37.514063,127.099483,송파구,
2018,8,1,수요일,8,경상사고,0,0,1,0,79,남,10년미만,,승용,사업용,자전거,기타사고,맑음,출퇴근,차대차,차대차-기타,교차로운행방법위반,특별광역시도,잠실대교남단삼거리,37.514063,127.099483,송파구,
2018,10,4,목요일,11,경상사고,0,0,1,0,37,남,15년이상,,승합,사업용,승합,일직선사고,맑음,주간,차대차,추돌(진행중),안전운전불이행,특별광역시도,잠실대교남단삼거리,37.514063,127.099483,송파구,
2018,10,12,금요일,11,경상사고,0,0,1,0,41,남,15년이상,,승용,비사업용,화물,진입회전사고,맑음,주간,차대차,측면직각충돌,안전거리미확보,특별광역시도,잠실대교남단삼거리,37.514063,127.099483,송파구,
2018,11,15,목요일,12,경상사고,0,0,1,0,52,남,15년이상,,승합,사업용,승합,기타사고,맑음,주간,차대차,차대차-기타,안전운전불이행,특별광역시도,잠실대교남단삼거리,37.514063,127.099483,송파구,
2018,11,21,수요일,15,경상사고,0,0,1,0,61,여,15년이상,,승용,비사업용,승용,일직선사고,맑음,주간,차대차,추돌(진행중),안전거리미확보,특별광역시도,잠실대교남단삼거리,37.514063,127.099483,송파구,
2018,11,25,일요일,21,중상사고,0,1,0,1,37,남,15년이상,,승용,비사업용,승용,진입회전사고,맑음,심야,차대차,측면직각충돌,안전운전불이행,특별광역시도,잠실대교남단삼거리,37.514063,127.099483,송파구,
2018,12,8,토요일,10,경상사고,0,0,2,0,44,남,15년이상,,승용,비사업용,승용,진입회전사고,맑음,주간,차대차,측면직각충돌,안전거리미확보,특별광역시도,잠실대교남단삼거리,37.514063,127.099483,송파구,
2019,1,26,토요일,10,경상사고,0,0,1,0,45,남,15년이상,,승용,비사업용,승용,진입회전사고,맑음,주간,차대차,정면충돌,신호위반,특별광역시도,잠실대교남단삼거리,37.514063,127.099483,송파구,
2019,2,18,월요일,8,경상사고,0,0,1,0,58,남,15년이상,,승합,사업용,승합,일직선사고,비,출퇴근,차대차,추돌(진행중),안전운전불이행,특별광역시도,잠실대교남단삼거리,37.514063,127.099483,송파구,
2019,3,7,목요일,1,경상사고,0,0,2,0,56,남,15년이상,,승용,사업용,승용,일직선사고,맑음,심야,차대차,정면충돌,안전거리미확보,특별광역시도,잠실대교남단삼거리,37.514063,127.099483,송파구,
2019,3,26,화요일,12,경상사고,0,0,1,0,54,남,10년미만,,화물,비사업용,화물,일직선사고,맑음,주간,차대차,추돌(진행중),안전운전불이행,특별광역시도,잠실대교남단삼거리,37.514063,127.099483,송파구,
2019,5,16,목요일,11,사망사고,1,0,2,0,56,여,15년이상,,승용,비사업용,화물,일직선사고,맑음,주간,차대차,추돌(진행중),안전운전불이행,특별광역시도,잠실대교남단삼거리,37.514063,127.099483,송파구,
2019,8,3,토요일,3,경상사고,0,0,1,0,21,남,10년미만,,승용,비사업용,승용,기타사고,맑음,심야,차대차,차대차-기타,안전거리미확보,특별광역시도,잠실대교남단삼거리,37.514063,127.099483,송파구,
2019,8,9,금요일,20,경상사고,0,0,1,1,56,남,15년이상,,승용,비사업용,이륜,일직선사고,맑음,출퇴근,차대차,추돌(진행중),안전거리미확보,특별광역시도,잠실대교남단삼거리,37.514063,127.099483,송파구,
2019,9,3,화요일,10,경상사고,0,0,1,1,59,남,15년이상,,승용,사업용,승합,진입회전사고,맑음,주간,차대차,측면직각충돌,안전거리미확보,특별광역시도,잠실대교남단삼거리,37.514063,127.099483,송파구,
2019,9,27,금요일,14,경상사고,0,0,1,0,52,남,15년이상,,승용,비사업용,승용,진입회전사고,맑음,주간,차대차,측면직각충돌,안전거리미확보,특별광역시도,잠실대교남단삼거리,37.514063,127.099483,송파구,
2019,10,29,화요일,6,경상사고,0,0,1,0,40,남,15년이상,,승용,비사업용,승용,일직선사고,맑음,새벽,차대차,추돌(진행중),안전운전불이행,특별광역시도,잠실대교남단삼거리,37.514063,127.099483,송파구,
2019,10,5,토요일,13,경상사고,0,0,2,0,57,남,15년이상,,승용,사업용,승용,일직선사고,맑음,주간,차대차,추돌(진행중),안전운전불이행,특별광역시도,잠실대교남단삼거리,37.514063,127.099483,송파구,
2019,10,6,일요일,16,부상사고,0,0,0,1,52,남,10년미만,,화물,비사업용,화물,진입회전사고,맑음,주간,차대차,측면직각충돌,안전거리미확보,특별광역시도,잠실대교남단삼거리,37.514063,127.099483,송파구,
2017,2,4,토요일,0,중상사고,0,1,0,0,37,남,15년이상,0,승용,비사업용,승용,일직선사고,맑음,심야,차대차,정면충돌,안전운전불이행,특별광역시도,잠실레이크팰리스,37.5079136,127.0944454,송파구,
2017,2,21,화요일,2,중상사고,0,4,0,0,46,남,15년이상,,승용,비사업용,이륜,진입회전사고,맑음,심야,차대차,정면충돌,신호위반,특별광역시도,잠실레이크팰리스,37.5079136,127.0944454,송파구,
2017,3,28,화요일,20,중상사고,0,1,0,0,58,남,15년이상,,승합,비사업용,자전거,진입회전사고,맑음,출퇴근,차대차,측면직각충돌,안전운전불이행,특별광역시도,잠실레이크팰리스,37.5079136,127.0944454,송파구,
2017,4,27,목요일,12,경상사고,0,0,1,0,42,남,15년이상,,화물,비사업용,화물,기타사고,맑음,주간,차대차,차대차-기타,안전운전불이행,특별광역시도,잠실레이크팰리스,37.5079136,127.0944454,송파구,
2017,4,8,토요일,20,중상사고,0,1,0,0,60,남,15년이상,,승용,사업용,이륜,일직선사고,맑음,출퇴근,차대차,정면충돌,교차로운행방법위반,특별광역시도,잠실레이크팰리스,37.5079136,127.0944454,송파구,
2017,5,5,금요일,17,경상사고,0,0,2,0,45,남,15년이상,,승용,비사업용,승용,진입회전사고,맑음,주간,차대차,측면직각충돌,안전운전불이행,특별광역시도,잠실레이크팰리스,37.5079136,127.0944454,송파구,
2017,6,19,월요일,20,경상사고,0,0,1,0,68,남,15년이상,,승용,비사업용,승용,진입회전사고,맑음,출퇴근,차대차,측면직각충돌,차로위반,특별광역시도,잠실레이크팰리스,37.5079136,127.0944454,송파구,
2017,9,8,금요일,13,부상사고,0,0,0,1,61,여,15년이상,,승용,비사업용,원동기,진입회전사고,맑음,주간,차대차,측면직각충돌,교차로운행방법위반,특별광역시도,잠실레이크팰리스,37.5079136,127.0944454,송파구,
2017,9,11,월요일,22,중상사고,0,1,0,0,62,남,15년이상,,승용,비사업용,이륜,진입회전사고,맑음,심야,차대차,측면직각충돌,안전거리미확보,특별광역시도,잠실레이크팰리스,37.5079136,127.0944454,송파구,
2017,10,21,토요일,0,경상사고,0,0,1,0,78,여,데이터오류,,자전거,기타,자전거,진입회전사고,맑음,심야,차대차,측면직각충돌,안전운전불이행,특별광역시도,잠실레이크팰리스,37.5079136,127.0944454,송파구,
2017,10,6,금요일,7,중상사고,0,1,0,0,63,여,15년이상,,승용,사업용,원동기,진입회전사고,맑음,출퇴근,차대차,측면직각충돌,안전거리미확보,특별광역시도,잠실레이크팰리스,37.5079136,127.0944454,송파구,
2017,10,27,금요일,22,중상사고,0,1,0,0,50,여,15년이상,,승용,비사업용,자전거,기타사고,맑음,심야,차대차,차대차-기타,안전운전불이행,특별광역시도,잠실레이크팰리스,37.5079136,127.0944454,송파구,
2017,11,25,토요일,1,경상사고,0,0,2,0,53,남,15년이상,,승용,사업용,승용,기타사고,맑음,심야,차대차,차대차-기타,교차로운행방법위반,특별광역시도,잠실레이크팰리스,37.5079136,127.0944454,송파구,
2017,12,23,토요일,2,중상사고,0,1,1,0,30,남,15년미만,0,승용,비사업용,승용,진입회전사고,맑음,심야,차대차,차대차-기타,신호위반,특별광역시도,잠실레이크팰리스,37.5079136,127.0944454,송파구,
2017,12,20,수요일,8,중상사고,0,1,0,0,36,여,15년미만,0,승용,비사업용,보행자,기타사고,흐림,출퇴근,차대사람,차도통행중,데이터없음,특별광역시도,잠실레이크팰리스,37.5079136,127.0944454,송파구,
2018,2,27,화요일,19,중상사고,0,1,1,0,24,남,10년미만,,승용,비사업용,승용,진입회전사고,흐림,출퇴근,차대차,측면직각충돌,신호위반,기타,잠실레이크팰리스,37.5079136,127.0944454,송파구,
2018,4,17,화요일,15,경상사고,0,0,1,0,63,남,15년이상,,승용,사업용,이륜,기타사고,맑음,주간,차대차,차대차-기타,안전운전불이행,특별광역시도,잠실레이크팰리스,37.5079136,127.0944454,송파구,
2018,5,31,목요일,13,경상사고,0,0,1,0,50,여,15년이상,,승용,비사업용,이륜,진입회전사고,맑음,주간,차대차,측면직각충돌,안전거리미확보,특별광역시도,잠실레이크팰리스,37.5079136,127.0944454,송파구,
2018,7,17,화요일,12,경상사고,0,0,1,0,31,여,데이터오류,,자전거,기타,보행자,보행횡단사고,맑음,주간,차대사람,보도통행중,기타,특별광역시도,잠실레이크팰리스,37.5079136,127.0944454,송파구,
2018,7,10,화요일,15,경상사고,0,0,1,0,63,남,15년이상,,승용,사업용,승용,일직선사고,맑음,주간,차대차,추돌(진행중),안전운전불이행,특별광역시도,잠실레이크팰리스,37.5079136,127.0944454,송파구,
2018,7,17,화요일,22,경상사고,0,0,1,0,67,남,15년이상,,승용,사업용,자전거,진입회전사고,맑음,심야,차대차,측면직각충돌,안전운전불이행,특별광역시도,잠실레이크팰리스,37.5079136,127.0944454,송파구,
2018,8,3,금요일,20,경상사고,0,0,1,0,69,남,15년이상,,자전거,기타,자전거,진입회전사고,맑음,출퇴근,차대차,측면직각충돌,안전운전불이행,특별광역시도,잠실레이크팰리스,37.5079136,127.0944454,송파구,
2018,11,30,금요일,8,부상사고,0,0,0,1,47,여,15년이상,,승용,비사업용,자전거,기타사고,맑음,출퇴근,차대차,차대차-기타,기타,특별광역시도,잠실레이크팰리스,37.5079136,127.0944454,송파구,
2019,2,22,금요일,23,중상사고,0,1,2,0,55,남,15년이상,,승용,사업용,원동기,진입회전사고,맑음,심야,차대차,측면직각충돌,신호위반,특별광역시도,잠실레이크팰리스,37.5079136,127.0944454,송파구,
2019,3,8,금요일,18,중상사고,0,1,0,0,33,여,15년이상,,승용,비사업용,원동기,진입회전사고,맑음,출퇴근,차대차,측면직각충돌,안전운전불이행,특별광역시도,잠실레이크팰리스,37.5079136,127.0944454,송파구,
2019,6,27,목요일,8,경상사고,0,0,2,0,59,남,15년이상,,승용,사업용,이륜,진입회전사고,맑음,출퇴근,차대차,측면직각충돌,안전운전불이행,특별광역시도,잠실레이크팰리스,37.5079136,127.0944454,송파구,
2019,6,21,금요일,9,부상사고,0,0,0,1,55,남,15년이상,,승용,비사업용,이륜,진입회전사고,맑음,주간,차대차,측면직각충돌,신호위반,특별광역시도,잠실레이크팰리스,37.5079136,127.0944454,송파구,
2019,6,18,화요일,15,경상사고,0,0,1,0,49,남,15년이상,,승용,비사업용,원동기,진입회전사고,맑음,주간,차대차,측면직각충돌,신호위반,특별광역시도,잠실레이크팰리스,37.5079136,127.0944454,송파구,
2019,6,23,일요일,19,경상사고,0,0,1,0,34,여,3년미만,,승용,비사업용,승용,일직선사고,맑음,출퇴근,차대차,추돌(진행중),안전거리미확보,특별광역시도,잠실레이크팰리스,37.5079136,127.0944454,송파구,
2019,7,31,수요일,18,경상사고,0,0,1,0,25,남,10년미만,,승용,비사업용,승용,일직선사고,맑음,출퇴근,차대차,추돌(진행중),안전운전불이행,특별광역시도,잠실레이크팰리스,37.5079136,127.0944454,송파구,
2019,9,9,월요일,20,경상사고,0,0,2,0,57,남,15년이상,,승용,사업용,이륜,일직선사고,맑음,출퇴근,차대차,추돌(진행중),안전운전불이행,특별광역시도,잠실레이크팰리스,37.5079136,127.0944454,송파구,
2019,9,19,목요일,21,부상사고,0,0,0,1,64,남,15년이상,,승용,사업용,이륜,진입회전사고,맑음,심야,차대차,측면직각충돌,안전운전불이행,특별광역시도,잠실레이크팰리스,37.5079136,127.0944454,송파구,
2019,9,28,토요일,21,경상사고,0,0,1,0,29,여,15년이상,,승용,비사업용,기타,일직선사고,맑음,심야,차대차,추돌(진행중),안전운전불이행,특별광역시도,잠실레이크팰리스,37.5079136,127.0944454,송파구,
2019,10,12,토요일,1,경상사고,0,0,1,0,28,여,10년미만,,승용,비사업용,이륜,진입회전사고,맑음,심야,차대차,측면직각충돌,신호위반,특별광역시도,잠실레이크팰리스,37.5079136,127.0944454,송파구,
2019,10,2,수요일,22,중상사고,0,1,2,0,64,남,15년이상,,승용,사업용,승용,일직선사고,맑음,심야,차대차,추돌(진행중),안전운전불이행,특별광역시도,잠실레이크팰리스,37.5079136,127.0944454,송파구,
2017,2,5,일요일,8,중상사고,0,2,4,0,23,남,15년이상,,승용,비사업용,보행자,진입회전사고,흐림,출퇴근,차대차,측면직각충돌,신호위반,특별광역시도,잠실역사거리,37.513238,127.0999314,송파구,
2017,2,17,금요일,20,경상사고,0,0,1,0,47,남,15년이상,,승용,사업용,승용,진입회전사고,맑음,출퇴근,차대차,측면직각충돌,안전운전불이행,특별광역시도,잠실역사거리,37.513238,127.0999314,송파구,
2017,3,14,화요일,15,경상사고,0,0,1,0,불명,불명,데이터오류,,원동기,기타,보행자,기타사고,맑음,주간,차대사람,차대사람-기타,안전운전불이행,특별광역시도,잠실역사거리,37.513238,127.0999314,송파구,
2017,3,19,일요일,15,경상사고,0,0,1,0,54,남,15년이상,,승용,비사업용,승용,일직선사고,맑음,주간,차대차,추돌(진행중),안전운전불이행,특별광역시도,잠실역사거리,37.513238,127.0999314,송파구,
2017,4,2,일요일,19,중상사고,0,1,0,0,27,남,1년미만,,승용,비사업용,보행자,기타사고,맑음,출퇴근,차대사람,차대사람-기타,안전운전불이행,특별광역시도,잠실역사거리,37.513238,127.0999314,송파구,
2017,5,13,토요일,3,경상사고,0,0,1,0,67,남,15년이상,,승용,사업용,화물,진입회전사고,맑음,심야,차대차,측면직각충돌,신호위반,특별광역시도,잠실역사거리,37.513238,127.0999314,송파구,
2017,5,28,일요일,23,경상사고,0,0,1,0,49,남,1년미만,,승용,사업용,승용,진입회전사고,맑음,심야,차대차,측면직각충돌,차로위반,특별광역시도,잠실역사거리,37.513238,127.0999314,송파구,
2017,6,11,일요일,2,중상사고,0,1,0,0,31,남,15년이상,0,승용,비사업용,승용,일직선사고,흐림,심야,차대차,정면충돌,안전운전불이행,특별광역시도,잠실역사거리,37.513238,127.0999314,송파구,
2017,6,7,수요일,17,경상사고,0,0,1,0,30,남,10년미만,,승용,비사업용,승용,일직선사고,맑음,주간,차대차,추돌(진행중),안전거리미확보,특별광역시도,잠실역사거리,37.513238,127.0999314,송파구,