년도,월,일,요일,시각,사고등급,사망자수,중상자수,경상자수,부상자수,연령,성별,경력,음주,종별,용도,관련자2,사고형태,기상상태,일광상태,사고유형1,사고유형2,법규위반,도로종류,지점명,위도,경도,자치구,
2017,6,25,일요일,20,경상사고,0,0,1,0,63,남,15년이상,,승용,사업용,자전거,일직선사고,맑음,출퇴근,차대차,정면충돌,안전운전불이행,특별광역시도,잠실역사거리,37.513238,127.0999314,송파구,
2017,7,21,금요일,1,경상사고,0,0,3,0,43,여,10년미만,0,승용,비사업용,승용,진입회전사고,흐림,심야,차대차,측면직각충돌,안전운전불이행,특별광역시도,잠실역사거리,37.513238,127.0999314,송파구,
2017,8,6,일요일,10,경상사고,0,0,1,0,54,남,15년이상,,승합,사업용,기타,기타사고,맑음,주간,차량단독,차량단독-기타,데이터없음,특별광역시도,잠실역사거리,37.513238,127.0999314,송파구,
2017,9,14,목요일,10,중상사고,0,1,0,0,37,여,15년미만,,승용,비사업용,승용,진입회전사고,맑음,주간,차대차,측면직각충돌,차로위반,특별광역시도,잠실역사거리,37.513238,127.0999314,송파구,
2017,9,23,토요일,12,경상사고,0,0,2,0,38,남,15년이상,,승합,사업용,승합,진입회전사고,맑음,주간,차대차,측면직각충돌,안전운전불이행,특별광역시도,잠실역사거리,37.513238,127.0999314,송파구,
2017,9,29,금요일,23,경상사고,0,0,1,0,48,남,15년이상,,승용,사업용,승용,진입회전사고,맑음,심야,차대차,측면직각충돌,신호위반,특별광역시도,잠실역사거리,37.513238,127.0999314,송파구,
2017,10,15,일요일,0,경상사고,0,0,1,0,25,남,15년이상,,승용,비사업용,기타,진입회전사고,맑음,심야,차대차,정면충돌,신호위반,특별광역시도,잠실역사거리,37.513238,127.0999314,송파구,
2017,10,27,금요일,13,경상사고,0,0,1,1,38,남,15년미만,,승용,비사업용,승용,일직선사고,맑음,주간,차대차,추돌(진행중),안전운전불이행,특별광역시도,잠실역사거리,37.513238,127.0999314,송파구,
2017,11,26,일요일,15,부상사고,0,0,0,1,45,남,15년이상,,승용,비사업용,원동기,진입회전사고,맑음,주간,차대차,측면직각충돌,불법유턴,특별광역시도,잠실역사거리,37.513238,127.0999314,송파구,
2018,1,11,목요일,9,중상사고,0,1,0,0,62,남,15년이상,,승용,비사업용,자전거,진입회전사고,맑음,주간,차대차,측면직각충돌,불법유턴,특별광역시도,잠실역사거리,37.513238,127.0999314,송파구,
2018,1,29,월요일,22,경상사고,0,0,1,0,29,여,15년이상,,승용,비사업용,승용,진입회전사고,맑음,심야,차대차,측면직각충돌,신호위반,특별광역시도,잠실역사거리,37.513238,127.0999314,송파구,
2018,2,8,목요일,15,중상사고,0,2,4,0,59,여,15년이상,,승용,비사업용,승합,진입회전사고,맑음,주간,차대차,차대차-기타,신호위반,특별광역시도,잠실역사거리,37.513238,127.0999314,송파구,
2018,4,21,토요일,5,경상사고,0,0,2,0,70,남,15년이상,,승용,사업용,승용,진입회전사고,맑음,새벽,차대차,정면충돌,신호위반,특별광역시도,잠실역사거리,37.513238,127.0999314,송파구,
2018,4,11,수요일,8,경상사고,0,0,1,2,40,여,15년이상,0,승용,비사업용,화물,일직선사고,맑음,출퇴근,차대차,추돌(진행중),안전운전불이행,기타,잠실역사거리,37.513238,127.0999314,송파구,
2018,5,18,금요일,21,경상사고,0,0,1,0,67,남,15년이상,,화물,비사업용,화물,진입회전사고,맑음,심야,차대차,측면직각충돌,차로위반,특별광역시도,잠실역사거리,37.513238,127.0999314,송파구,
2018,7,21,토요일,9,경상사고,0,0,1,0,66,남,15년이상,,승용,사업용,기타,기타사고,맑음,주간,차량단독,차량단독-기타,안전운전불이행,특별광역시도,잠실역사거리,37.513238,127.0999314,송파구,
2018,7,24,화요일,9,경상사고,0,0,1,0,53,남,15년이상,,원동기,기타,보행자,기타사고,맑음,주간,차대사람,차대사람-기타,안전운전불이행,특별광역시도,잠실역사거리,37.513238,127.0999314,송파구,
2018,7,17,화요일,12,중상사고,0,1,0,0,53,여,15년이상,,승용,비사업용,자전거,진입회전사고,맑음,주간,차대차,측면직각충돌,안전운전불이행,특별광역시도,잠실역사거리,37.513238,127.0999314,송파구,
2018,8,3,금요일,20,중상사고,0,1,0,0,35,남,15년이상,,승용,비사업용,이륜,진입회전사고,맑음,출퇴근,차대차,측면직각충돌,신호위반,특별광역시도,잠실역사거리,37.513238,127.0999314,송파구,
2018,10,8,월요일,21,중상사고,0,1,0,0,27,남,15년이상,,승용,비사업용,이륜,진입회전사고,맑음,심야,차대차,정면충돌,신호위반,특별광역시도,잠실역사거리,37.513238,127.0999314,송파구,
2018,12,19,수요일,13,경상사고,0,0,1,0,63,남,15년이상,,특수,사업용,특수,진입회전사고,맑음,주간,차대차,측면직각충돌,안전운전불이행,특별광역시도,잠실역사거리,37.513238,127.0999314,송파구,
2018,12,4,화요일,22,경상사고,0,0,1,1,26,남,10년미만,,승용,비사업용,승용,기타사고,맑음,심야,차대차,차대차-기타,안전거리미확보,특별광역시도,잠실역사거리,37.513238,127.0999314,송파구,
2019,3,15,금요일,3,경상사고,0,0,1,0,45,남,15년이상,,승용,사업용,승용,일직선사고,맑음,심야,차대차,추돌(진행중),안전운전불이행,특별광역시도,잠실역사거리,37.513238,127.0999314,송파구,
2019,4,5,금요일,18,경상사고,0,0,1,0,60,남,15년이상,,승용,사업용,승용,기타사고,맑음,출퇴근,차대차,차대차-기타,안전운전불이행,특별광역시도,잠실역사거리,37.513238,127.0999314,송파구,
2019,4,13,토요일,20,경상사고,0,0,2,0,57,여,15년이상,,승용,비사업용,승용,일직선사고,맑음,출퇴근,차대차,추돌(진행중),안전운전불이행,특별광역시도,잠실역사거리,37.513238,127.0999314,송파구,
2019,5,7,화요일,5,경상사고,0,0,1,0,39,남,15년이상,0,승용,비사업용,화물,일직선사고,맑음,새벽,차대차,추돌(진행중),안전운전불이행,특별광역시도,잠실역사거리,37.513238,127.0999314,송파구,
2019,5,21,화요일,21,중상사고,0,1,3,0,65,여,15년이상,,승용,비사업용,승용,진입회전사고,맑음,심야,차대차,측면직각충돌,안전운전불이행,특별광역시도,잠실역사거리,37.513238,127.0999314,송파구,
2019,8,31,토요일,20,중상사고,0,1,0,0,56,남,15년미만,,승용,비사업용,이륜,기타사고,맑음,출퇴근,차대차,차대차-기타,기타,특별광역시도,잠실역사거리,37.513238,127.0999314,송파구,
2019,9,15,일요일,14,중상사고,0,1,0,0,34,남,10년미만,,승용,비사업용,기타,일직선사고,맑음,주간,차대차,정면충돌,안전운전불이행,특별광역시도,잠실역사거리,37.513238,127.0999314,송파구,
2019,10,27,일요일,3,경상사고,0,0,1,0,32,여,15년이상,,승용,비사업용,승용,진입회전사고,맑음,심야,차대차,측면직각충돌,신호위반,특별광역시도,잠실역사거리,37.513238,127.0999314,송파구,
2019,10,27,일요일,15,경상사고,0,0,1,0,76,남,15년이상,,승용,사업용,자전거,진입회전사고,맑음,주간,차대차,측면직각충돌,안전운전불이행,특별광역시도,잠실역사거리,37.513238,127.0999314,송파구,
2019,11,18,월요일,21,경상사고,0,0,1,1,19,여,15년이상,,승용,비사업용,승합,진입회전사고,맑음,심야,차대차,측면직각충돌,신호위반,특별광역시도,잠실역사거리,37.513238,127.0999314,송파구,
2019,11,19,화요일,21,중상사고,0,1,0,0,65,남,15년이상,,승용,비사업용,승합,일직선사고,맑음,심야,차대차,정면충돌,안전거리미확보,특별광역시도,잠실역사거리,37.513238,127.0999314,송파구,
2019,12,4,수요일,18,경상사고,0,0,1,0,48,여,15년이상,,승용,비사업용,이륜,기타사고,맑음,출퇴근,차대차,차대차-기타,안전운전불이행,특별광역시도,잠실역사거리,37.513238,127.0999314,송파구,
2017,1,2,월요일,19,중상사고,0,1,0,0,47,남,15년이상,,승용,비사업용,보행자,보행횡단사고,맑음,출퇴근,차대사람,횡단중,보행자보호의무위반,특별광역시도,장지교교차로,37.6001714,127.0782643,송파구,
2017,2,6,월요일,6,부상사고,0,0,0,1,59,남,15년이상,,승용,사업용,승용,일직선사고,맑음,새벽,차대차,추돌(진행중),안전운전불이행,특별광역시도,장지교교차로,37.6001714,127.0782643,송파구,
2017,3,25,토요일,7,중상사고,0,1,0,0,58,남,15년이상,,화물,사업용,화물,진입회전사고,맑음,출퇴근,차대차,측면직각충돌,신호위반,특별광역시도,장지교교차로,37.6001714,127.0782643,송파구,
2017,3,28,화요일,18,중상사고,0,1,0,2,57,남,15년이상,,승용,비사업용,승합,일직선사고,맑음,출퇴근,차대차,정면충돌,안전운전불이행,특별광역시도,장지교교차로,37.6001714,127.0782643,송파구,
2017,5,16,화요일,15,경상사고,0,0,1,0,54,남,4년미만,,승합,비사업용,승합,일직선사고,맑음,주간,차대차,추돌(진행중),안전운전불이행,특별광역시도,장지교교차로,37.6001714,127.0782643,송파구,
2017,5,13,토요일,19,경상사고,0,0,1,0,27,남,2년미만,,승용,비사업용,승용,진입회전사고,맑음,출퇴근,차대차,측면직각충돌,안전운전불이행,특별광역시도,장지교교차로,37.6001714,127.0782643,송파구,
2017,6,27,화요일,8,부상사고,0,0,0,1,42,여,15년이상,,승용,비사업용,건설기계,진입회전사고,맑음,출퇴근,차대차,측면직각충돌,안전거리미확보,특별광역시도,장지교교차로,37.6001714,127.0782643,송파구,
2017,6,16,금요일,22,중상사고,0,1,0,0,70,여,15년이상,,승용,비사업용,보행자,기타사고,맑음,심야,차대사람,차대사람-기타,안전운전불이행,특별광역시도,장지교교차로,37.6001714,127.0782643,송파구,
2017,7,3,월요일,0,사망사고,1,0,0,0,38,남,15년이상,,승합,사업용,보행자,보행횡단사고,비,심야,차대사람,횡단중,안전운전불이행,특별광역시도,장지교교차로,37.6001714,127.0782643,송파구,
2017,8,28,월요일,8,경상사고,0,0,1,0,62,남,15년이상,,승용,사업용,승용,일직선사고,맑음,출퇴근,차대차,추돌(진행중),안전운전불이행,특별광역시도,장지교교차로,37.6001714,127.0782643,송파구,
2017,8,18,금요일,16,중상사고,0,1,0,0,56,남,15년이상,,건설기계,사업용,건설기계,진입회전사고,맑음,주간,차대차,측면직각충돌,신호위반,특별광역시도,장지교교차로,37.6001714,127.0782643,송파구,
2017,10,23,월요일,13,경상사고,0,0,3,1,50,남,15년이상,,승용,비사업용,승합,진입회전사고,맑음,주간,차대차,측면직각충돌,차로위반,특별광역시도,장지교교차로,37.6001714,127.0782643,송파구,
2017,10,14,토요일,15,부상사고,0,0,0,1,50,여,15년이상,,승용,비사업용,이륜,일직선사고,맑음,주간,차대차,추돌(진행중),안전운전불이행,특별광역시도,장지교교차로,37.6001714,127.0782643,송파구,
2017,10,19,목요일,16,경상사고,0,0,3,0,45,여,15년미만,,승용,비사업용,화물,진입회전사고,맑음,주간,차대차,측면직각충돌,교차로운행방법위반,특별광역시도,장지교교차로,37.6001714,127.0782643,송파구,
2017,11,6,월요일,0,경상사고,0,0,1,0,53,남,15년이상,,승용,사업용,승용,일직선사고,맑음,심야,차대차,추돌(진행중),안전운전불이행,특별광역시도,장지교교차로,37.6001714,127.0782643,송파구,
2017,11,28,화요일,20,경상사고,0,0,2,0,31,남,15년이상,0,승용,비사업용,승용,일직선사고,맑음,출퇴근,차대차,추돌(진행중),안전운전불이행,특별광역시도,장지교교차로,37.6001714,127.0782643,송파구,
2017,11,3,금요일,21,중상사고,0,1,0,0,39,여,10년미만,,승용,비사업용,보행자,보행횡단사고,맑음,심야,차대사람,횡단중,안전운전불이행,특별광역시도,장지교교차로,37.6001714,127.0782643,송파구,
2017,12,31,일요일,7,경상사고,0,0,1,0,59,남,15년이상,,화물,사업용,화물,진입회전사고,흐림,출퇴근,차대차,측면직각충돌,중앙선침범,특별광역시도,장지교교차로,37.6001714,127.0782643,송파구,
2017,12,11,월요일,8,경상사고,0,0,1,0,55,남,15년이상,,승용,사업용,승용,일직선사고,맑음,출퇴근,차대차,추돌(진행중),안전운전불이행,특별광역시도,장지교교차로,37.6001714,127.0782643,송파구,
2017,12,16,토요일,12,경상사고,0,0,1,0,61,여,15년이상,,승용,비사업용,승용,진입회전사고,맑음,주간,차대차,측면직각충돌,교차로운행방법위반,특별광역시도,장지교교차로,37.6001714,127.0782643,송파구,
2017,12,4,월요일,13,경상사고,0,0,2,0,54,남,15년이상,,승합,사업용,승합,진입회전사고,맑음,주간,차대차,측면직각충돌,신호위반,특별광역시도,장지교교차로,37.6001714,127.0782643,송파구,
2017,12,26,화요일,13,경상사고,0,0,1,0,57,남,15년이상,,화물,비사업용,화물,주정차사고,맑음,주간,차대차,추돌(주정차중),안전운전불이행,특별광역시도,장지교교차로,37.6001714,127.0782643,송파구,
2018,1,31,수요일,5,경상사고,0,0,1,1,55,남,15년이상,,승용,비사업용,승용,기타사고,눈,새벽,차대차,차대차-기타,교차로운행방법위반,특별광역시도,장지교교차로,37.6001714,127.0782643,송파구,
2018,1,14,일요일,16,경상사고,0,0,1,1,74,남,15년이상,,승용,비사업용,승용,진입회전사고,맑음,주간,차대차,측면직각충돌,안전거리미확보,특별광역시도,장지교교차로,37.6001714,127.0782643,송파구,
2018,1,26,금요일,18,경상사고,0,0,1,0,42,남,15년이상,,승용,비사업용,승용,일직선사고,맑음,출퇴근,차대차,추돌(진행중),안전운전불이행,특별광역시도,장지교교차로,37.6001714,127.0782643,송파구,
2018,1,25,목요일,18,경상사고,0,0,1,0,54,남,15년이상,,승용,비사업용,승용,진입회전사고,맑음,출퇴근,차대차,측면직각충돌,차로위반,특별광역시도,장지교교차로,37.6001714,127.0782643,송파구,
2018,3,3,토요일,9,경상사고,0,0,2,0,63,남,15년이상,,승용,비사업용,승용,진입회전사고,맑음,주간,차대차,측면직각충돌,안전운전불이행,특별광역시도,장지교교차로,37.6001714,127.0782643,송파구,
2018,4,14,토요일,0,경상사고,0,0,2,0,57,남,15년이상,0,승합,사업용,승합,진입회전사고,맑음,심야,차대차,측면직각충돌,안전운전불이행,특별광역시도,장지교교차로,37.6001714,127.0782643,송파구,
2018,5,19,토요일,13,경상사고,0,0,1,0,39,여,15년이상,,승용,비사업용,승용,진입회전사고,맑음,주간,차대차,측면직각충돌,안전거리미확보,특별광역시도,장지교교차로,37.6001714,127.0782643,송파구,
2018,5,3,목요일,21,경상사고,0,0,1,0,52,남,15년이상,,승용,비사업용,승용,진입회전사고,맑음,심야,차대차,측면직각충돌,안전운전불이행,특별광역시도,장지교교차로,37.6001714,127.0782643,송파구,
2018,5,29,화요일,23,중상사고,0,1,0,0,37,남,15년이상,,승용,비사업용,이륜,진입회전사고,흐림,심야,차대차,측면직각충돌,신호위반,특별광역시도,장지교교차로,37.6001714,127.0782643,송파구,
2018,6,21,목요일,6,경상사고,0,0,2,0,45,남,15년이상,,승용,비사업용,화물,진입회전사고,맑음,새벽,차대차,측면직각충돌,안전운전불이행,특별광역시도,장지교교차로,37.6001714,127.0782643,송파구,
2018,7,9,월요일,20,경상사고,0,0,3,0,31,여,15년이상,,승용,사업용,화물,진입회전사고,비,출퇴근,차대차,측면직각충돌,신호위반,특별광역시도,장지교교차로,37.6001714,127.0782643,송파구,
2018,7,7,토요일,23,경상사고,0,0,2,1,42,남,15년이상,,승용,비사업용,승용,진입회전사고,맑음,심야,차대차,측면직각충돌,교차로운행방법위반,특별광역시도,장지교교차로,37.6001714,127.0782643,송파구,
2018,8,4,토요일,4,경상사고,0,0,1,0,53,남,15년이상,,승용,사업용,승용,진입회전사고,맑음,심야,차대차,측면직각충돌,신호위반,특별광역시도,장지교교차로,37.6001714,127.0782643,송파구,
2018,8,22,수요일,5,중상사고,0,1,0,0,64,남,15년이상,,화물,사업용,이륜,일직선사고,맑음,새벽,차대차,추돌(진행중),안전운전불이행,특별광역시도,장지교교차로,37.6001714,127.0782643,송파구,
2018,10,18,목요일,6,중상사고,0,1,0,0,42,남,15년이상,,승용,비사업용,승용,진입회전사고,맑음,새벽,차대차,정면충돌,신호위반,특별광역시도,장지교교차로,37.6001714,127.0782643,송파구,
2018,10,29,월요일,9,부상사고,0,0,0,1,62,여,15년이상,,승용,비사업용,이륜,진입회전사고,맑음,주간,차대차,측면직각충돌,안전거리미확보,특별광역시도,장지교교차로,37.6001714,127.0782643,송파구,
2018,10,15,월요일,10,경상사고,0,0,1,0,53,남,15년이상,,건설기계,사업용,건설기계,진입회전사고,맑음,주간,차대차,측면직각충돌,안전운전불이행,특별광역시도,장지교교차로,37.6001714,127.0782643,송파구,
2018,10,5,금요일,17,경상사고,0,0,1,0,48,여,15년이상,,승용,비사업용,승용,기타사고,비,주간,차대차,차대차-기타,안전운전불이행,특별광역시도,장지교교차로,37.6001714,127.0782643,송파구,
2018,11,6,화요일,8,경상사고,0,0,1,0,45,남,15년이상,,승용,비사업용,승용,진입회전사고,맑음,출퇴근,차대차,측면직각충돌,안전운전불이행,특별광역시도,장지교교차로,37.6001714,127.0782643,송파구,
2018,12,3,월요일,18,경상사고,0,0,2,0,51,남,15년이상,,승용,비사업용,승용,일직선사고,맑음,출퇴근,차대차,추돌(진행중),안전운전불이행,특별광역시도,장지교교차로,37.6001714,127.0782643,송파구,
2019,1,27,일요일,6,부상사고,0,0,0,1,59,여,15년이상,,승용,비사업용,기타,단독사고,맑음,새벽,차량단독,공작물추돌,안전운전불이행,특별광역시도,장지교교차로,37.6001714,127.0782643,송파구,
2019,1,11,금요일,12,경상사고,0,0,1,0,59,남,10년미만,,승용,비사업용,화물,진입회전사고,맑음,주간,차대차,측면직각충돌,안전거리미확보,특별광역시도,장지교교차로,37.6001714,127.0782643,송파구,
2019,1,25,금요일,21,경상사고,0,0,1,0,32,여,15년미만,,승용,비사업용,승용,진입회전사고,맑음,심야,차대차,측면직각충돌,안전거리미확보,특별광역시도,장지교교차로,37.6001714,127.0782643,송파구,
2019,2,28,목요일,21,경상사고,0,0,1,0,61,여,15년이상,,승용,비사업용,승용,진입회전사고,맑음,심야,차대차,측면직각충돌,신호위반,특별광역시도,장지교교차로,37.6001714,127.0782643,송파구,
2019,3,24,일요일,5,중상사고,0,2,3,0,63,남,15년이상,,승용,사업용,승용,진입회전사고,맑음,새벽,차대차,추돌(진행중),신호위반,특별광역시도,장지교교차로,37.6001714,127.0782643,송파구,
2019,3,4,월요일,20,경상사고,0,0,1,0,36,남,15년이상,,승용,비사업용,승용,진입회전사고,맑음,출퇴근,차대차,차대차-기타,신호위반,특별광역시도,장지교교차로,37.6001714,127.0782643,송파구,
2019,4,13,토요일,6,중상사고,0,1,0,0,52,남,15년이상,,승합,사업용,원동기,진입회전사고,맑음,새벽,차대차,측면직각충돌,신호위반,특별광역시도,장지교교차로,37.6001714,127.0782643,송파구,
2019,4,2,화요일,17,경상사고,0,0,1,0,56,남,15년이상,,승용,비사업용,승용,진입회전사고,맑음,주간,차대차,정면충돌,신호위반,특별광역시도,장지교교차로,37.6001714,127.0782643,송파구,
2019,4,3,수요일,19,중상사고,0,1,0,0,64,남,15년이상,,승합,사업용,승합,진입회전사고,맑음,출퇴근,차대차,정면충돌,신호위반,특별광역시도,장지교교차로,37.6001714,127.0782643,송파구,
2019,4,27,토요일,22,경상사고,0,0,1,0,20,여,2년미만,,승용,비사업용,승용,진입회전사고,흐림,심야,차대차,측면직각충돌,신호위반,특별광역시도,장지교교차로,37.6001714,127.0782643,송파구,
2019,5,3,금요일,11,중상사고,0,1,1,0,58,남,15년이상,,승합,사업용,승합,진입회전사고,맑음,주간,차대차,측면직각충돌,신호위반,특별광역시도,장지교교차로,37.6001714,127.0782643,송파구,
2019,5,7,화요일,14,경상사고,0,0,1,0,53,남,15년이상,,승합,사업용,화물,진입회전사고,맑음,주간,차대차,측면직각충돌,신호위반,특별광역시도,장지교교차로,37.6001714,127.0782643,송파구,
2019,5,29,수요일,14,중상사고,0,1,0,0,50,남,15년이상,,승합,사업용,기타,진입회전사고,맑음,주간,차량단독,차량단독-기타,신호위반,특별광역시도,장지교교차로,37.6001714,127.0782643,송파구,
2019,5,16,목요일,19,경상사고,0,0,1,1,34,남,15년이상,,승용,비사업용,승용,진입회전사고,맑음,출퇴근,차대차,측면직각충돌,안전운전불이행,특별광역시도,장지교교차로,37.6001714,127.0782643,송파구,
2019,5,8,수요일,22,중상사고,0,3,1,0,40,남,15년이상,0,승용,비사업용,승용,진입회전사고,맑음,심야,차대차,측면직각충돌,신호위반,특별광역시도,장지교교차로,37.6001714,127.0782643,송파구,
2019,6,27,목요일,11,경상사고,0,0,1,0,69,남,15년이상,,건설기계,사업용,건설기계,기타사고,맑음,주간,차대차,차대차-기타,안전운전불이행,특별광역시도,장지교교차로,37.6001714,127.0782643,송파구,
2019,6,21,금요일,18,중상사고,0,1,0,0,32,남,15년이상,,승용,비사업용,이륜,진입회전사고,맑음,출퇴근,차대차,측면직각충돌,안전거리미확보,특별광역시도,장지교교차로,37.6001714,127.0782643,송파구,
2019,7,12,금요일,10,중상사고,0,2,4,0,31,남,15년이상,,특수,사업용,특수,진입회전사고,맑음,주간,차대차,측면직각충돌,신호위반,특별광역시도,장지교교차로,37.6001714,127.0782643,송파구,
2019,8,2,금요일,17,경상사고,0,0,3,0,48,남,4년미만,,승용,비사업용,승용,진입회전사고,맑음,주간,차대차,측면직각충돌,안전운전불이행,특별광역시도,장지교교차로,37.6001714,127.0782643,송파구,
2019,8,14,수요일,19,경상사고,0,0,2,0,37,남,10년미만,,승용,비사업용,승용,진입회전사고,맑음,출퇴근,차대차,측면직각충돌,안전운전불이행,특별광역시도,장지교교차로,37.6001714,127.0782643,송파구,
2019,9,6,금요일,21,중상사고,0,1,0,0,44,남,15년이상,,승용,비사업용,이륜,기타사고,비,심야,차대차,차대차-기타,안전운전불이행,특별광역시도,장지교교차로,37.6001714,127.0782643,송파구,
2019,10,25,금요일,22,경상사고,0,0,1,0,46,남,15년미만,,화물,사업용,화물,진입회전사고,흐림,심야,차대차,측면직각충돌,안전운전불이행,특별광역시도,장지교교차로,37.6001714,127.0782643,송파구,
2019,11,20,수요일,4,경상사고,0,0,1,0,64,남,15년이상,,승용,사업용,승용,진입회전사고,맑음,심야,차대차,측면직각충돌,안전거리미확보,특별광역시도,장지교교차로,37.6001714,127.0782643,송파구,
2019,11,16,토요일,19,경상사고,0,0,1,0,39,여,10년미만,,승용,비사업용,승용,진입회전사고,맑음,출퇴근,차대차,측면직각충돌,차로위반,특별광역시도,장지교교차로,37.6001714,127.0782643,송파구,
2017,1,5,목요일,4,경상사고,0,0,2,0,35,남,15년이상,0,승용,비사업용,승용,일직선사고,맑음,심야,차대차,정면충돌,안전운전불이행,특별광역시도,종합운동장사거리,37.512132,127.079202,송파구,
2017,1,6,금요일,7,경상사고,0,0,2,0,75,남,15년이상,,승용,사업용,승용,기타사고,맑음,출퇴근,차대차,차대차-기타,안전거리미확보,특별광역시도,종합운동장사거리,37.512132,127.079202,송파구,
2017,1,10,화요일,19,중상사고,0,1,1,0,27,남,10년미만,,승용,비사업용,이륜,진입회전사고,맑음,출퇴근,차대차,정면충돌,신호위반,특별광역시도,종합운동장사거리,37.512132,127.079202,송파구,
2017,1,17,화요일,20,경상사고,0,0,1,0,55,남,15년이상,,승용,사업용,승용,일직선사고,맑음,출퇴근,차대차,추돌(진행중),차로위반,특별광역시도,종합운동장사거리,37.512132,127.079202,송파구,
2017,2,22,수요일,21,경상사고,0,0,2,0,59,남,15년이상,,승용,비사업용,승합,진입회전사고,맑음,심야,차대차,측면직각충돌,안전거리미확보,특별광역시도,종합운동장사거리,37.512132,127.079202,송파구,
2017,3,3,금요일,3,경상사고,0,0,2,0,35,남,15년이상,,화물,비사업용,화물,일직선사고,흐림,심야,차대차,정면충돌,안전운전불이행,특별광역시도,종합운동장사거리,37.512132,127.079202,송파구,
2017,4,6,목요일,14,경상사고,0,0,1,0,32,남,10년미만,,승용,비사업용,화물,일직선사고,맑음,주간,차대차,추돌(진행중),안전거리미확보,특별광역시도,종합운동장사거리,37.512132,127.079202,송파구,
2017,4,16,일요일,18,경상사고,0,0,1,0,37,남,15년이상,,승용,비사업용,승용,진입회전사고,맑음,출퇴근,차대차,측면직각충돌,안전운전불이행,특별광역시도,종합운동장사거리,37.512132,127.079202,송파구,
2017,5,1,월요일,8,중상사고,0,1,0,0,44,남,15년이상,,승용,비사업용,이륜,진입회전사고,맑음,출퇴근,차대차,측면직각충돌,신호위반,특별광역시도,종합운동장사거리,37.512132,127.079202,송파구,
2017,7,27,목요일,12,경상사고,0,0,2,0,69,남,15년이상,,승용,사업용,승용,진입회전사고,맑음,주간,차대차,측면직각충돌,안전운전불이행,특별광역시도,종합운동장사거리,37.512132,127.079202,송파구,
2017,12,6,수요일,5,경상사고,0,0,1,0,59,남,15년이상,,승용,사업용,승용,일직선사고,눈,새벽,차대차,추돌(진행중),안전거리미확보,특별광역시도,종합운동장사거리,37.512132,127.079202,송파구,
2018,1,18,목요일,7,부상사고,0,0,0,1,29,남,15년미만,0,승용,비사업용,승용,진입회전사고,맑음,출퇴근,차대차,측면직각충돌,안전거리미확보,특별광역시도,종합운동장사거리,37.512132,127.079202,송파구,
2018,1,2,화요일,18,부상사고,0,0,0,1,50,여,15년이상,,승용,비사업용,승용,일직선사고,맑음,출퇴근,차대차,추돌(진행중),안전운전불이행,특별광역시도,종합운동장사거리,37.512132,127.079202,송파구,
2018,2,7,수요일,8,경상사고,0,0,2,0,66,남,15년이상,,승합,사업용,승합,일직선사고,맑음,출퇴근,차대차,추돌(진행중),안전거리미확보,특별광역시도,종합운동장사거리,37.512132,127.079202,송파구,
2018,3,17,토요일,11,경상사고,0,0,1,1,61,남,15년이상,,승용,사업용,승용,일직선사고,맑음,주간,차대차,추돌(진행중),안전운전불이행,특별광역시도,종합운동장사거리,37.512132,127.079202,송파구,
2018,3,5,월요일,19,중상사고,0,1,0,0,42,남,15년미만,,승용,비사업용,승용,진입회전사고,맑음,출퇴근,차대차,측면직각충돌,안전거리미확보,특별광역시도,종합운동장사거리,37.512132,127.079202,송파구,
2018,5,31,목요일,1,경상사고,0,0,1,0,56,남,15년이상,,승용,사업용,승용,일직선사고,맑음,심야,차대차,정면충돌,안전운전불이행,특별광역시도,종합운동장사거리,37.512132,127.079202,송파구,
2018,5,2,수요일,9,경상사고,0,0,1,0,64,남,15년이상,,승용,사업용,승용,진입회전사고,비,주간,차대차,측면직각충돌,신호위반,특별광역시도,종합운동장사거리,37.512132,127.079202,송파구,
2018,5,8,화요일,11,경상사고,0,0,1,0,46,남,10년미만,,건설기계,비사업용,건설기계,진입회전사고,맑음,주간,차대차,측면직각충돌,신호위반,특별광역시도,종합운동장사거리,37.512132,127.079202,송파구,
2018,5,21,월요일,16,중상사고,0,1,2,0,58,남,15년이상,,승용,사업용,승용,진입회전사고,맑음,주간,차대차,측면직각충돌,신호위반,특별광역시도,종합운동장사거리,37.512132,127.079202,송파구,
2018,6,9,토요일,22,중상사고,0,1,1,0,61,남,15년이상,,승용,사업용,승용,진입회전사고,흐림,심야,차대차,측면직각충돌,안전운전불이행,특별광역시도,종합운동장사거리,37.512132,127.079202,송파구,
2018,7,12,목요일,2,중상사고,0,2,0,0,53,남,15년이상,,승용,사업용,이륜,진입회전사고,맑음,심야,차대차,차대차-기타,신호위반,특별광역시도,종합운동장사거리,37.512132,127.079202,송파구,
2018,8,26,일요일,5,경상사고,0,0,6,0,21,남,15년이상,,승용,비사업용,승용,진입회전사고,맑음,새벽,차대차,측면직각충돌,신호위반,특별광역시도,종합운동장사거리,37.512132,127.079202,송파구,
2018,8,20,월요일,17,경상사고,0,0,1,0,24,남,3년미만,,승용,사업용,승용,진입회전사고,맑음,주간,차대차,측면직각충돌,차로위반,특별광역시도,종합운동장사거리,37.512132,127.079202,송파구,