년도,월,일,요일,시각,사고등급,사망자수,중상자수,경상자수,부상자수,연령,성별,경력,음주,종별,용도,관련자2,사고형태,기상상태,일광상태,사고유형1,사고유형2,법규위반,도로종류,지점명,위도,경도,자치구,
2018,9,13,목요일,2,중상사고,0,1,1,0,42,남,15년이상,,승용,사업용,승용,진입회전사고,맑음,심야,차대차,측면직각충돌,신호위반,특별광역시도,종합운동장사거리,37.512132,127.079202,송파구,
2018,10,21,일요일,2,경상사고,0,0,2,0,37,남,15년이상,0,승용,비사업용,승용,일직선사고,맑음,심야,차대차,추돌(진행중),안전운전불이행,특별광역시도,종합운동장사거리,37.512132,127.079202,송파구,
2018,10,27,토요일,16,경상사고,0,0,2,2,65,남,15년이상,,승용,비사업용,승용,진입회전사고,맑음,주간,차대차,측면직각충돌,직진우회전진행방해,특별광역시도,종합운동장사거리,37.512132,127.079202,송파구,
2018,11,8,목요일,0,중상사고,0,1,0,0,57,남,4년미만,,승용,사업용,승용,진입회전사고,맑음,심야,차대차,측면직각충돌,신호위반,특별광역시도,종합운동장사거리,37.512132,127.079202,송파구,
2018,12,6,목요일,13,경상사고,0,0,1,0,68,남,15년이상,,승용,사업용,원동기,진입회전사고,맑음,주간,차대차,측면직각충돌,신호위반,특별광역시도,종합운동장사거리,37.512132,127.079202,송파구,
2019,1,1,화요일,1,경상사고,0,0,4,0,31,남,15년이상,,승용,비사업용,승용,일직선사고,맑음,심야,차대차,추돌(진행중),안전운전불이행,특별광역시도,종합운동장사거리,37.512132,127.079202,송파구,
2019,3,29,금요일,13,경상사고,0,0,1,0,59,남,15년이상,,승용,사업용,원동기,진입회전사고,맑음,주간,차대차,측면직각충돌,안전운전불이행,특별광역시도,종합운동장사거리,37.512132,127.079202,송파구,
2019,4,16,화요일,20,경상사고,0,0,4,1,61,남,15년이상,,승용,사업용,승용,진입회전사고,맑음,출퇴근,차대차,측면직각충돌,안전운전불이행,특별광역시도,종합운동장사거리,37.512132,127.079202,송파구,
2019,5,13,월요일,14,중상사고,0,1,0,0,34,남,15년미만,,승용,비사업용,이륜,진입회전사고,맑음,주간,차대차,측면직각충돌,신호위반,특별광역시도,종합운동장사거리,37.512132,127.079202,송파구,
2019,6,4,화요일,18,경상사고,0,0,1,0,73,남,15년이상,,승용,사업용,자전거,진입회전사고,맑음,출퇴근,차대차,측면직각충돌,안전운전불이행,특별광역시도,종합운동장사거리,37.512132,127.079202,송파구,
2019,9,22,일요일,4,경상사고,0,0,1,0,35,남,15년이상,,승용,비사업용,승용,진입회전사고,맑음,심야,차대차,측면직각충돌,신호위반,특별광역시도,종합운동장사거리,37.512132,127.079202,송파구,
2019,9,28,토요일,4,중상사고,0,1,2,0,85,남,15년이상,,승용,비사업용,승용,진입회전사고,맑음,심야,차대차,측면직각충돌,신호위반,특별광역시도,종합운동장사거리,37.512132,127.079202,송파구,
2019,9,12,목요일,21,경상사고,0,0,3,0,60,남,15년이상,,승용,사업용,승용,일직선사고,맑음,심야,차대차,추돌(진행중),안전운전불이행,특별광역시도,종합운동장사거리,37.512132,127.079202,송파구,
2019,10,15,화요일,1,경상사고,0,0,1,0,34,남,15년미만,,승용,비사업용,승용,일직선사고,맑음,심야,차대차,추돌(진행중),안전거리미확보,특별광역시도,종합운동장사거리,37.512132,127.079202,송파구,
2019,11,7,목요일,16,경상사고,0,0,1,0,82,남,15년미만,,승용,비사업용,자전거,진입회전사고,맑음,주간,차대차,차대차-기타,신호위반,특별광역시도,종합운동장사거리,37.512132,127.079202,송파구,
2019,12,3,화요일,2,경상사고,0,0,2,0,57,남,15년이상,,승용,비사업용,승용,일직선사고,맑음,심야,차대차,추돌(진행중),안전운전불이행,특별광역시도,종합운동장사거리,37.512132,127.079202,송파구,
2019,12,16,월요일,16,부상사고,0,0,0,2,58,남,15년이상,,승용,사업용,기타,진입회전사고,맑음,주간,차량단독,차량단독-기타,신호위반,특별광역시도,종합운동장사거리,37.512132,127.079202,송파구,
2017,1,25,수요일,18,경상사고,0,0,1,0,62,남,15년이상,,승합,사업용,특수,기타사고,맑음,출퇴근,차대차,차대차-기타,안전운전불이행,특별광역시도,강월초교입구,37.516708,126.837797,양천구,
2017,4,25,화요일,13,경상사고,0,0,1,0,62,남,15년이상,,승용,사업용,기타,일직선사고,맑음,주간,차대차,추돌(진행중),안전운전불이행,특별광역시도,강월초교입구,37.516708,126.837797,양천구,
2017,5,15,월요일,10,경상사고,0,0,2,0,57,남,15년이상,,화물,비사업용,화물,일직선사고,맑음,주간,차대차,추돌(진행중),안전운전불이행,특별광역시도,강월초교입구,37.516708,126.837797,양천구,
2017,6,19,월요일,8,경상사고,0,0,1,0,49,남,15년이상,,승용,비사업용,건설기계,진입회전사고,맑음,출퇴근,차대차,측면직각충돌,안전운전불이행,특별광역시도,강월초교입구,37.516708,126.837797,양천구,
2017,6,17,토요일,22,중상사고,0,1,0,0,54,남,15년이상,,승용,사업용,원동기,일직선사고,맑음,심야,차대차,추돌(진행중),안전운전불이행,특별광역시도,강월초교입구,37.516708,126.837797,양천구,
2017,10,18,수요일,18,부상사고,0,0,0,1,69,남,15년이상,,승용,비사업용,승용,기타사고,맑음,출퇴근,차대차,차대차-기타,안전운전불이행,특별광역시도,강월초교입구,37.516708,126.837797,양천구,
2017,12,7,목요일,14,경상사고,0,0,1,0,54,남,15년이상,,승용,비사업용,화물,진입회전사고,맑음,주간,차대차,측면직각충돌,안전거리미확보,특별광역시도,강월초교입구,37.516708,126.837797,양천구,
2018,1,1,월요일,18,경상사고,0,0,2,0,67,남,15년이상,,승용,비사업용,기타,일직선사고,맑음,출퇴근,차대차,추돌(진행중),안전운전불이행,특별광역시도,강월초교입구,37.516708,126.837797,양천구,
2018,3,13,화요일,4,경상사고,0,0,2,0,70,남,15년이상,,승용,사업용,승용,기타사고,맑음,심야,차대차,차대차-기타,교차로운행방법위반,특별광역시도,강월초교입구,37.516708,126.837797,양천구,
2018,3,12,월요일,7,경상사고,0,0,2,0,29,남,10년미만,,승용,비사업용,승용,일직선사고,맑음,출퇴근,차대차,추돌(진행중),안전운전불이행,특별광역시도,강월초교입구,37.516708,126.837797,양천구,
2018,4,1,일요일,10,부상사고,0,0,0,1,57,남,2년미만,,승용,비사업용,승용,기타사고,맑음,주간,차대차,차대차-기타,안전거리미확보,특별광역시도,강월초교입구,37.516708,126.837797,양천구,
2018,5,26,토요일,4,경상사고,0,0,1,0,27,남,15년이상,0,승용,비사업용,승용,일직선사고,맑음,심야,차대차,추돌(진행중),안전운전불이행,특별광역시도,강월초교입구,37.516708,126.837797,양천구,
2018,5,11,금요일,10,경상사고,0,0,1,0,23,남,10년미만,,특수,사업용,특수,일직선사고,맑음,주간,차대차,추돌(진행중),안전운전불이행,특별광역시도,강월초교입구,37.516708,126.837797,양천구,
2018,6,17,일요일,20,중상사고,0,1,0,0,59,남,2년미만,,승용,비사업용,승용,기타사고,맑음,출퇴근,차대차,차대차-기타,안전운전불이행,특별광역시도,강월초교입구,37.516708,126.837797,양천구,
2018,6,24,일요일,23,중상사고,0,1,0,0,29,남,15년이상,,화물,비사업용,이륜,진입회전사고,맑음,심야,차대차,측면직각충돌,신호위반,특별광역시도,강월초교입구,37.516708,126.837797,양천구,
2018,6,6,수요일,23,경상사고,0,0,1,0,55,남,15년이상,,승용,사업용,원동기,진입회전사고,맑음,심야,차대차,차대차-기타,신호위반,특별광역시도,강월초교입구,37.516708,126.837797,양천구,
2018,7,16,월요일,9,경상사고,0,0,1,0,64,남,3년미만,,승용,비사업용,승용,기타사고,맑음,주간,차대차,차대차-기타,안전운전불이행,특별광역시도,강월초교입구,37.516708,126.837797,양천구,
2018,7,11,수요일,12,중상사고,0,1,0,0,51,남,15년이상,,승용,비사업용,이륜,진입회전사고,맑음,주간,차대차,측면직각충돌,신호위반,특별광역시도,강월초교입구,37.516708,126.837797,양천구,
2018,7,6,금요일,16,경상사고,0,0,1,0,56,남,10년미만,,승용,사업용,승용,기타사고,맑음,주간,차대차,차대차-기타,안전운전불이행,특별광역시도,강월초교입구,37.516708,126.837797,양천구,
2018,11,22,목요일,12,부상사고,0,0,0,1,67,남,15년이상,,승합,사업용,이륜,진입회전사고,맑음,주간,차대차,측면직각충돌,불법유턴,특별광역시도,강월초교입구,37.516708,126.837797,양천구,
2018,11,1,목요일,23,중상사고,0,1,0,0,47,남,15년이상,,승용,사업용,이륜,진입회전사고,맑음,심야,차대차,측면직각충돌,신호위반,특별광역시도,강월초교입구,37.516708,126.837797,양천구,
2019,1,24,목요일,0,경상사고,0,0,1,0,35,남,10년미만,,승용,비사업용,승용,진입회전사고,맑음,심야,차대차,측면직각충돌,안전운전불이행,특별광역시도,강월초교입구,37.516708,126.837797,양천구,
2019,1,23,수요일,17,경상사고,0,0,1,0,69,남,15년이상,,승용,사업용,이륜,진입회전사고,맑음,주간,차대차,측면직각충돌,안전운전불이행,특별광역시도,강월초교입구,37.516708,126.837797,양천구,
2019,5,29,수요일,9,경상사고,0,0,1,0,64,남,15년이상,,건설기계,사업용,건설기계,진입회전사고,맑음,주간,차대차,측면직각충돌,안전운전불이행,특별광역시도,강월초교입구,37.516708,126.837797,양천구,
2019,6,30,일요일,4,경상사고,0,0,1,1,52,남,15년이상,,승용,사업용,승용,진입회전사고,맑음,심야,차대차,측면직각충돌,안전운전불이행,특별광역시도,강월초교입구,37.516708,126.837797,양천구,
2019,10,29,화요일,12,경상사고,0,0,1,0,66,남,15년이상,,승용,사업용,승용,일직선사고,맑음,주간,차대차,추돌(진행중),안전운전불이행,특별광역시도,강월초교입구,37.516708,126.837797,양천구,
2019,10,30,수요일,12,경상사고,0,0,1,0,41,여,15년이상,,승용,비사업용,화물,진입회전사고,맑음,주간,차대차,측면직각충돌,안전운전불이행,특별광역시도,강월초교입구,37.516708,126.837797,양천구,
2019,10,29,화요일,20,중상사고,0,1,1,0,43,여,15년이상,,승용,사업용,이륜,진입회전사고,맑음,출퇴근,차대차,측면직각충돌,신호위반,기타,강월초교입구,37.516708,126.837797,양천구,
2019,10,20,일요일,21,경상사고,0,0,3,0,49,남,10년미만,,승용,비사업용,승용,일직선사고,맑음,심야,차대차,추돌(진행중),안전거리미확보,특별광역시도,강월초교입구,37.516708,126.837797,양천구,
2019,11,28,목요일,20,중상사고,0,1,0,0,26,남,15년이상,,승용,비사업용,이륜,진입회전사고,맑음,출퇴근,차대차,측면직각충돌,신호위반,특별광역시도,강월초교입구,37.516708,126.837797,양천구,
2019,12,3,화요일,21,중상사고,0,1,0,0,58,남,15년이상,,화물,비사업용,화물,일직선사고,비,심야,차대차,추돌(진행중),안전운전불이행,특별광역시도,강월초교입구,37.516708,126.837797,양천구,
2017,1,10,화요일,7,경상사고,0,0,2,0,54,여,15년이상,,승용,비사업용,승용,일직선사고,맑음,출퇴근,차대차,정면충돌,교차로운행방법위반,특별광역시도,곰달래지구대사거리,37.5328702,126.8631206,양천구,
2017,1,5,목요일,10,중상사고,0,1,0,0,56,남,10년미만,,승용,비사업용,보행자,기타사고,맑음,주간,차대사람,차도통행중,안전운전불이행,특별광역시도,곰달래지구대사거리,37.5328702,126.8631206,양천구,
2017,3,4,토요일,10,경상사고,0,0,1,0,39,남,15년이상,,화물,비사업용,화물,진입회전사고,맑음,주간,차대차,차대차-기타,신호위반,특별광역시도,곰달래지구대사거리,37.5328702,126.8631206,양천구,
2017,3,15,수요일,18,경상사고,0,0,2,0,75,남,15년이상,,승용,비사업용,승용,일직선사고,맑음,출퇴근,차대차,추돌(진행중),안전운전불이행,특별광역시도,곰달래지구대사거리,37.5328702,126.8631206,양천구,
2017,3,11,토요일,19,경상사고,0,0,1,0,63,남,15년이상,,승용,사업용,이륜,일직선사고,맑음,출퇴근,차대차,정면충돌,안전운전불이행,특별광역시도,곰달래지구대사거리,37.5328702,126.8631206,양천구,
2017,4,27,목요일,18,경상사고,0,0,1,0,42,여,15년이상,,승용,비사업용,자전거,일직선사고,맑음,출퇴근,차대차,정면충돌,중앙선침범,특별광역시도,곰달래지구대사거리,37.5328702,126.8631206,양천구,
2017,5,30,화요일,14,경상사고,0,0,1,1,40,남,5년미만,,승용,비사업용,이륜,진입회전사고,맑음,주간,차대차,정면충돌,신호위반,특별광역시도,곰달래지구대사거리,37.5328702,126.8631206,양천구,
2017,5,3,수요일,16,중상사고,0,1,0,0,63,남,15년이상,,승용,사업용,보행자,보행횡단사고,맑음,주간,차대사람,횡단중,안전운전불이행,특별광역시도,곰달래지구대사거리,37.5328702,126.8631206,양천구,
2017,6,4,일요일,16,경상사고,0,0,1,0,46,남,15년이상,,승용,비사업용,승용,일직선사고,맑음,주간,차대차,추돌(진행중),안전거리미확보,특별광역시도,곰달래지구대사거리,37.5328702,126.8631206,양천구,
2017,8,30,수요일,15,부상사고,0,0,0,1,44,여,15년이상,,자전거,기타,기타,기타사고,맑음,주간,차대차,차대차-기타,안전운전불이행,특별광역시도,곰달래지구대사거리,37.5328702,126.8631206,양천구,
2017,8,24,목요일,23,중상사고,0,1,0,0,50,남,15년이상,,승합,사업용,보행자,보행횡단사고,맑음,심야,차대사람,횡단중,안전운전불이행,특별광역시도,곰달래지구대사거리,37.5328702,126.8631206,양천구,
2017,9,24,일요일,18,중상사고,0,1,0,0,45,남,15년이상,,승용,사업용,이륜,기타사고,맑음,출퇴근,차대차,차대차-기타,데이터없음,특별광역시도,곰달래지구대사거리,37.5328702,126.8631206,양천구,
2017,10,9,월요일,15,경상사고,0,0,1,0,47,여,15년이상,,승용,비사업용,보행자,기타사고,맑음,주간,차대사람,차대사람-기타,안전운전불이행,특별광역시도,곰달래지구대사거리,37.5328702,126.8631206,양천구,
2017,10,7,토요일,18,경상사고,0,0,1,0,52,남,15년이상,,승용,사업용,보행자,보행횡단사고,맑음,출퇴근,차대사람,횡단중,안전운전불이행,특별광역시도,곰달래지구대사거리,37.5328702,126.8631206,양천구,
2017,12,22,금요일,12,경상사고,0,0,1,0,59,남,15년이상,,승용,비사업용,이륜,진입회전사고,맑음,주간,차대차,차대차-기타,신호위반,특별광역시도,곰달래지구대사거리,37.5328702,126.8631206,양천구,
2018,3,6,화요일,17,부상사고,0,0,0,1,66,남,15년이상,,승용,사업용,승용,일직선사고,맑음,주간,차대차,추돌(진행중),안전운전불이행,특별광역시도,곰달래지구대사거리,37.5328702,126.8631206,양천구,
2018,3,13,화요일,17,중상사고,0,1,0,0,24,남,3년미만,,승용,비사업용,보행자,기타사고,맑음,주간,차대사람,차대사람-기타,안전운전불이행,특별광역시도,곰달래지구대사거리,37.5328702,126.8631206,양천구,
2018,3,4,일요일,19,경상사고,0,0,1,0,73,남,15년이상,,승용,사업용,승용,일직선사고,비,출퇴근,차대차,추돌(진행중),안전거리미확보,특별광역시도,곰달래지구대사거리,37.5328702,126.8631206,양천구,
2018,3,20,화요일,19,중상사고,0,1,0,0,46,남,15년이상,,승용,비사업용,보행자,보행횡단사고,흐림,출퇴근,차대사람,횡단중,안전운전불이행,특별광역시도,곰달래지구대사거리,37.5328702,126.8631206,양천구,
2018,4,5,목요일,15,경상사고,0,0,1,0,58,남,15년이상,,승용,사업용,승용,기타사고,비,주간,차대차,차대차-기타,안전운전불이행,특별광역시도,곰달래지구대사거리,37.5328702,126.8631206,양천구,
2018,4,19,목요일,16,중상사고,0,1,0,0,60,여,15년이상,,승용,비사업용,보행자,보행횡단사고,맑음,주간,차대사람,횡단중,안전운전불이행,특별광역시도,곰달래지구대사거리,37.5328702,126.8631206,양천구,
2018,5,22,화요일,19,중상사고,0,1,0,0,49,남,15년이상,,승합,사업용,보행자,기타사고,비,출퇴근,차대사람,차대사람-기타,안전운전불이행,특별광역시도,곰달래지구대사거리,37.5328702,126.8631206,양천구,
2018,6,2,토요일,13,경상사고,0,0,2,0,49,남,15년미만,,승용,비사업용,승합,기타사고,맑음,주간,차대차,차대차-기타,안전운전불이행,특별광역시도,곰달래지구대사거리,37.5328702,126.8631206,양천구,
2018,7,22,일요일,8,경상사고,0,0,1,0,53,남,15년이상,0,승용,비사업용,승용,일직선사고,맑음,출퇴근,차대차,추돌(진행중),안전운전불이행,특별광역시도,곰달래지구대사거리,37.5328702,126.8631206,양천구,
2018,9,13,목요일,23,경상사고,0,0,1,0,61,남,15년이상,,화물,비사업용,화물,일직선사고,맑음,심야,차대차,추돌(진행중),안전운전불이행,특별광역시도,곰달래지구대사거리,37.5328702,126.8631206,양천구,
2018,10,16,화요일,12,경상사고,0,0,1,0,61,여,15년이상,,승용,비사업용,화물,일직선사고,맑음,주간,차대차,추돌(진행중),안전운전불이행,특별광역시도,곰달래지구대사거리,37.5328702,126.8631206,양천구,
2018,11,6,화요일,19,경상사고,0,0,1,0,58,남,15년미만,,이륜,기타,이륜,진입회전사고,맑음,출퇴근,차대차,차대차-기타,신호위반,특별광역시도,곰달래지구대사거리,37.5328702,126.8631206,양천구,
2019,1,17,목요일,19,중상사고,0,1,0,0,24,남,10년미만,,이륜,데이터오류,보행자,보행횡단사고,맑음,출퇴근,차대사람,횡단중,안전운전불이행,특별광역시도,곰달래지구대사거리,37.5328702,126.8631206,양천구,
2019,4,10,수요일,17,경상사고,0,0,1,0,41,남,15년이상,,원동기,데이터오류,보행자,기타사고,맑음,주간,차대사람,차대사람-기타,보행자보호의무위반,특별광역시도,곰달래지구대사거리,37.5328702,126.8631206,양천구,
2019,5,16,목요일,11,경상사고,0,0,2,0,54,남,15년이상,,승용,비사업용,승용,진입회전사고,맑음,주간,차대차,측면직각충돌,안전운전불이행,특별광역시도,곰달래지구대사거리,37.5328702,126.8631206,양천구,
2019,6,5,수요일,15,경상사고,0,0,2,0,45,남,15년이상,,화물,비사업용,화물,기타사고,맑음,주간,차대차,차대차-기타,안전거리미확보,특별광역시도,곰달래지구대사거리,37.5328702,126.8631206,양천구,
2019,7,17,수요일,22,경상사고,0,0,1,0,66,남,2년미만,,승용,비사업용,이륜,진입회전사고,맑음,심야,차대차,측면직각충돌,안전운전불이행,특별광역시도,곰달래지구대사거리,37.5328702,126.8631206,양천구,
2019,8,14,수요일,5,경상사고,0,0,2,0,67,남,15년이상,,승용,사업용,승용,일직선사고,맑음,새벽,차대차,추돌(진행중),안전운전불이행,특별광역시도,곰달래지구대사거리,37.5328702,126.8631206,양천구,
2019,9,18,수요일,14,경상사고,0,0,2,0,29,남,10년미만,,승용,비사업용,보행자,기타사고,맑음,주간,차대사람,차대사람-기타,안전운전불이행,특별광역시도,곰달래지구대사거리,37.5328702,126.8631206,양천구,
2019,10,1,화요일,19,경상사고,0,0,1,0,45,남,15년이상,,승용,비사업용,원동기,진입회전사고,맑음,출퇴근,차대차,차대차-기타,신호위반,특별광역시도,곰달래지구대사거리,37.5328702,126.8631206,양천구,
2019,10,2,수요일,19,경상사고,0,0,1,0,54,여,15년이상,,승용,비사업용,승용,진입회전사고,비,출퇴근,차대차,측면직각충돌,안전운전불이행,특별광역시도,곰달래지구대사거리,37.5328702,126.8631206,양천구,
2019,11,12,화요일,12,경상사고,0,0,1,0,83,남,15년이상,,승용,비사업용,승합,진입회전사고,맑음,주간,차대차,측면직각충돌,신호위반,특별광역시도,곰달래지구대사거리,37.5328702,126.8631206,양천구,
2019,11,22,금요일,14,경상사고,0,0,1,0,23,남,15년이상,,승용,비사업용,기타,진입회전사고,맑음,주간,차대차,측면직각충돌,신호위반,특별광역시도,곰달래지구대사거리,37.5328702,126.8631206,양천구,
2019,12,9,월요일,22,중상사고,0,1,0,0,54,남,15년이상,,승용,비사업용,보행자,보행횡단사고,맑음,심야,차대사람,횡단중,안전운전불이행,특별광역시도,곰달래지구대사거리,37.5328702,126.8631206,양천구,
2017,1,6,금요일,18,경상사고,0,0,1,0,33,남,15년미만,,승용,비사업용,원동기,기타사고,맑음,출퇴근,차대차,차대차-기타,안전거리미확보,특별광역시도,과학수사연구소입구,37.522067,126.836759,양천구,
2017,1,12,목요일,19,경상사고,0,0,1,0,56,여,15년이상,,승용,비사업용,이륜,일직선사고,맑음,출퇴근,차대차,정면충돌,직진우회전진행방해,특별광역시도,과학수사연구소입구,37.522067,126.836759,양천구,
2017,3,5,일요일,0,경상사고,0,0,1,0,57,남,15년이상,,승용,사업용,원동기,기타사고,맑음,심야,차대차,차대차-기타,안전운전불이행,특별광역시도,과학수사연구소입구,37.522067,126.836759,양천구,
2017,3,20,월요일,17,경상사고,0,0,1,0,56,남,15년이상,,승합,사업용,기타,기타사고,맑음,주간,차량단독,차량단독-기타,안전운전불이행,특별광역시도,과학수사연구소입구,37.522067,126.836759,양천구,
2017,4,14,금요일,20,경상사고,0,0,1,0,60,남,2년미만,,승합,사업용,승합,기타사고,맑음,출퇴근,차대차,차대차-기타,안전거리미확보,특별광역시도,과학수사연구소입구,37.522067,126.836759,양천구,
2017,6,23,금요일,8,경상사고,0,0,2,0,59,남,15년이상,,화물,사업용,화물,진입회전사고,맑음,출퇴근,차대차,측면직각충돌,안전거리미확보,특별광역시도,과학수사연구소입구,37.522067,126.836759,양천구,
2017,7,23,일요일,17,경상사고,0,0,1,0,29,남,3년미만,,승용,비사업용,기타,일직선사고,맑음,주간,차대차,추돌(진행중),안전운전불이행,특별광역시도,과학수사연구소입구,37.522067,126.836759,양천구,
2017,7,10,월요일,22,중상사고,0,1,0,0,36,남,15년이상,,승용,비사업용,보행자,보행횡단사고,비,심야,차대사람,횡단중,보행자보호의무위반,특별광역시도,과학수사연구소입구,37.522067,126.836759,양천구,
2017,8,11,금요일,13,경상사고,0,0,1,0,58,남,15년이상,,승용,비사업용,화물,일직선사고,맑음,주간,차대차,추돌(진행중),안전운전불이행,특별광역시도,과학수사연구소입구,37.522067,126.836759,양천구,
2017,9,27,수요일,2,경상사고,0,0,1,0,49,남,15년이상,,승용,사업용,이륜,일직선사고,흐림,심야,차대차,추돌(진행중),안전운전불이행,특별광역시도,과학수사연구소입구,37.522067,126.836759,양천구,
2017,9,11,월요일,23,경상사고,0,0,2,0,66,남,15년이상,,승용,사업용,승합,기타사고,맑음,심야,차대차,차대차-기타,안전운전불이행,특별광역시도,과학수사연구소입구,37.522067,126.836759,양천구,
2017,10,15,일요일,15,중상사고,0,1,0,0,61,남,15년이상,,승용,사업용,승용,진입회전사고,맑음,주간,차대차,측면직각충돌,중앙선침범,특별광역시도,과학수사연구소입구,37.522067,126.836759,양천구,
2017,11,7,화요일,7,경상사고,0,0,1,0,57,남,데이터오류,,화물,비사업용,화물,기타사고,맑음,출퇴근,차대차,차대차-기타,차로위반,특별광역시도,과학수사연구소입구,37.522067,126.836759,양천구,
2017,12,11,월요일,12,중상사고,0,1,0,0,56,남,15년이상,,화물,비사업용,원동기,진입회전사고,맑음,주간,차대차,측면직각충돌,신호위반,특별광역시도,과학수사연구소입구,37.522067,126.836759,양천구,
2017,12,3,일요일,15,경상사고,0,0,1,0,54,남,15년미만,,승합,사업용,기타,기타사고,맑음,주간,차량단독,차량단독-기타,안전운전불이행,특별광역시도,과학수사연구소입구,37.522067,126.836759,양천구,
2017,12,4,월요일,19,경상사고,0,0,1,0,68,남,15년이상,,승용,비사업용,이륜,진입회전사고,맑음,출퇴근,차대차,측면직각충돌,신호위반,특별광역시도,과학수사연구소입구,37.522067,126.836759,양천구,
2018,2,1,목요일,3,경상사고,0,0,1,0,37,남,15년이상,0,승용,비사업용,승용,기타사고,맑음,심야,차대차,차대차-기타,안전운전불이행,특별광역시도,과학수사연구소입구,37.522067,126.836759,양천구,
2018,4,6,금요일,7,경상사고,0,0,1,0,35,여,15년미만,,승용,비사업용,승용,기타사고,맑음,출퇴근,차대차,차대차-기타,안전거리미확보,특별광역시도,과학수사연구소입구,37.522067,126.836759,양천구,
2018,5,30,수요일,15,경상사고,0,0,2,0,39,남,15년이상,,승용,비사업용,승용,기타사고,맑음,주간,차대차,차대차-기타,안전거리미확보,특별광역시도,과학수사연구소입구,37.522067,126.836759,양천구,
2018,7,7,토요일,0,경상사고,0,0,7,0,52,남,15년이상,,화물,사업용,화물,일직선사고,맑음,심야,차대차,추돌(진행중),안전운전불이행,특별광역시도,과학수사연구소입구,37.522067,126.836759,양천구,
2018,7,29,일요일,4,중상사고,0,2,0,0,30,남,15년이상,,승용,비사업용,승용,진입회전사고,맑음,심야,차대차,측면직각충돌,신호위반,특별광역시도,과학수사연구소입구,37.522067,126.836759,양천구,
2018,8,26,일요일,3,부상사고,0,0,0,1,57,남,15년이상,,승용,비사업용,자전거,진입회전사고,맑음,심야,차대차,측면직각충돌,신호위반,특별광역시도,과학수사연구소입구,37.522067,126.836759,양천구,
2018,8,28,화요일,14,경상사고,0,0,1,0,69,남,2년미만,,승용,사업용,승용,진입회전사고,흐림,주간,차대차,측면직각충돌,안전운전불이행,특별광역시도,과학수사연구소입구,37.522067,126.836759,양천구,
2018,9,13,목요일,0,경상사고,0,0,1,0,44,남,15년이상,,화물,비사업용,화물,진입회전사고,맑음,심야,차대차,측면직각충돌,안전운전불이행,특별광역시도,과학수사연구소입구,37.522067,126.836759,양천구,
2018,9,2,일요일,21,중상사고,0,1,2,0,45,남,15년이상,,승합,사업용,자전거,진입회전사고,맑음,심야,차대차,측면직각충돌,중앙선침범,특별광역시도,과학수사연구소입구,37.522067,126.836759,양천구,
2019,1,22,화요일,12,경상사고,0,0,1,0,62,여,10년미만,,승용,비사업용,승용,기타사고,맑음,주간,차대차,차대차-기타,안전거리미확보,특별광역시도,과학수사연구소입구,37.522067,126.836759,양천구,
2019,3,29,금요일,16,중상사고,0,1,0,0,65,남,15년이상,,승용,사업용,보행자,진입회전사고,맑음,주간,차대사람,횡단중,신호위반,특별광역시도,과학수사연구소입구,37.522067,126.836759,양천구,
2019,4,2,화요일,16,경상사고,0,0,1,0,59,남,10년미만,,화물,비사업용,화물,기타사고,맑음,주간,차대차,차대차-기타,안전운전불이행,특별광역시도,과학수사연구소입구,37.522067,126.836759,양천구,
2019,4,7,일요일,20,경상사고,0,0,1,0,63,여,15년이상,,승용,비사업용,승용,일직선사고,맑음,출퇴근,차대차,추돌(진행중),안전운전불이행,특별광역시도,과학수사연구소입구,37.522067,126.836759,양천구,
2019,11,30,토요일,15,경상사고,0,0,1,0,46,남,15년이상,,승합,사업용,승합,일직선사고,맑음,주간,차대차,추돌(진행중),안전운전불이행,특별광역시도,과학수사연구소입구,37.522067,126.836759,양천구,
2019,11,17,일요일,16,중상사고,0,1,0,0,43,남,15년미만,,승용,비사업용,보행자,보행횡단사고,비,주간,차대사람,횡단중,보행자보호의무위반,특별광역시도,과학수사연구소입구,37.522067,126.836759,양천구,
2019,12,9,월요일,7,경상사고,0,0,1,0,32,남,10년미만,,승용,비사업용,승용,기타사고,맑음,출퇴근,차대차,차대차-기타,교차로운행방법위반,특별광역시도,과학수사연구소입구,37.522067,126.836759,양천구,
2017,1,3,화요일,18,경상사고,0,0,1,0,31,남,10년미만,,화물,사업용,화물,진입회전사고,맑음,출퇴근,차대차,측면직각충돌,안전운전불이행,특별광역시도,목동역오거리,37.526006,126.862876,양천구,
2017,8,26,토요일,23,경상사고,0,0,1,0,20,남,5년미만,,이륜,기타,보행자,보행횡단사고,맑음,심야,차대사람,횡단중,안전운전불이행,특별광역시도,목동역오거리,37.526006,126.862876,양천구,
2017,11,8,수요일,19,경상사고,0,0,1,0,49,남,2년미만,,승용,비사업용,승용,일직선사고,맑음,출퇴근,차대차,추돌(진행중),안전운전불이행,특별광역시도,목동역오거리,37.526006,126.862876,양천구,
2018,1,15,월요일,20,경상사고,0,0,1,0,23,남,10년미만,,승용,비사업용,승용,일직선사고,맑음,출퇴근,차대차,추돌(진행중),안전운전불이행,특별광역시도,목동역오거리,37.526006,126.862876,양천구,