년도,월,일,요일,시각,사고등급,사망자수,중상자수,경상자수,부상자수,연령,성별,경력,음주,종별,용도,관련자2,사고형태,기상상태,일광상태,사고유형1,사고유형2,법규위반,도로종류,지점명,위도,경도,자치구,
2018,6,1,금요일,14,부상사고,0,0,0,1,24,남,15년이상,,승용,비사업용,보행자,기타사고,맑음,주간,차대사람,차도통행중,안전운전불이행,특별광역시도,목동역오거리,37.526006,126.862876,양천구,
2018,7,12,목요일,15,경상사고,0,0,1,0,31,남,15년미만,,승합,비사업용,보행자,기타사고,맑음,주간,차대사람,차대사람-기타,안전운전불이행,특별광역시도,목동역오거리,37.526006,126.862876,양천구,
2018,10,29,월요일,19,경상사고,0,0,2,0,59,남,15년이상,,승용,사업용,승용,일직선사고,맑음,출퇴근,차대차,추돌(진행중),안전운전불이행,특별광역시도,목동역오거리,37.526006,126.862876,양천구,
2019,2,17,일요일,23,경상사고,0,0,2,0,62,남,15년이상,,승용,사업용,이륜,진입회전사고,맑음,심야,차대차,측면직각충돌,신호위반,특별광역시도,목동역오거리,37.526006,126.862876,양천구,
2019,5,10,금요일,17,부상사고,0,0,0,2,46,여,15년이상,,승용,비사업용,이륜,기타사고,맑음,주간,차대차,차대차-기타,기타,특별광역시도,목동역오거리,37.526006,126.862876,양천구,
2019,7,16,화요일,8,경상사고,0,0,1,0,39,남,15년이상,,승합,비사업용,승합,기타사고,맑음,출퇴근,차대차,차대차-기타,안전거리미확보,특별광역시도,목동역오거리,37.526006,126.862876,양천구,
2019,11,20,수요일,17,경상사고,0,0,1,0,41,여,15년이상,,승용,비사업용,승용,기타사고,맑음,주간,차대차,차대차-기타,안전운전불이행,특별광역시도,목동역오거리,37.526006,126.862876,양천구,
2019,12,20,금요일,16,경상사고,0,0,1,0,31,여,15년이상,,승용,비사업용,이륜,기타사고,맑음,주간,차대차,차대차-기타,안전운전불이행,특별광역시도,목동역오거리,37.526006,126.862876,양천구,
2017,2,22,수요일,1,경상사고,0,0,1,0,59,남,15년이상,,승용,비사업용,승용,진입회전사고,맑음,심야,차대차,측면직각충돌,신호위반,특별광역시도,목동역오거리,37.526006,126.862876,양천구,
2017,3,27,월요일,9,중상사고,0,1,0,0,46,남,15년이상,,승용,사업용,자전거,기타사고,맑음,주간,차대차,차대차-기타,안전거리미확보,특별광역시도,목동역오거리,37.526006,126.862876,양천구,
2017,4,22,토요일,23,경상사고,0,0,1,0,20,남,15년이상,,승용,비사업용,이륜,진입회전사고,맑음,심야,차대차,정면충돌,신호위반,특별광역시도,목동역오거리,37.526006,126.862876,양천구,
2017,5,21,일요일,6,중상사고,0,1,1,0,23,남,15년이상,0,승용,비사업용,승용,진입회전사고,맑음,새벽,차대차,정면충돌,신호위반,특별광역시도,목동역오거리,37.526006,126.862876,양천구,
2017,5,22,월요일,13,중상사고,0,1,0,0,67,남,15년이상,,승합,사업용,기타,기타사고,맑음,주간,차량단독,차량단독-기타,안전운전불이행,특별광역시도,목동역오거리,37.526006,126.862876,양천구,
2017,7,22,토요일,7,경상사고,0,0,1,0,60,남,15년이상,,승용,사업용,보행자,기타사고,맑음,출퇴근,차대사람,차대사람-기타,데이터없음,특별광역시도,목동역오거리,37.526006,126.862876,양천구,
2017,8,30,수요일,5,사망사고,1,0,0,0,37,남,15년이상,,화물,사업용,보행자,기타사고,맑음,새벽,차대사람,차대사람-기타,안전운전불이행,특별광역시도,목동역오거리,37.526006,126.862876,양천구,
2017,8,10,목요일,11,경상사고,0,0,1,0,25,남,1년미만,,승용,비사업용,승용,진입회전사고,맑음,주간,차대차,측면직각충돌,안전거리미확보,특별광역시도,목동역오거리,37.526006,126.862876,양천구,
2017,10,11,수요일,8,중상사고,0,3,1,0,59,남,15년이상,0,승용,비사업용,승용,일직선사고,비,출퇴근,차대차,정면충돌,안전운전불이행,특별광역시도,목동역오거리,37.526006,126.862876,양천구,
2017,10,14,토요일,14,중상사고,0,1,0,0,54,남,15년이상,,건설기계,비사업용,건설기계,기타사고,맑음,주간,차대차,차대차-기타,안전운전불이행,특별광역시도,목동역오거리,37.526006,126.862876,양천구,
2017,11,1,수요일,3,중상사고,0,1,5,0,32,남,15년이상,,승용,비사업용,승합,진입회전사고,맑음,심야,차대차,추돌(진행중),신호위반,특별광역시도,목동역오거리,37.526006,126.862876,양천구,
2017,11,6,월요일,18,경상사고,0,0,2,0,36,남,15년미만,,승용,비사업용,승용,일직선사고,맑음,출퇴근,차대차,추돌(진행중),안전운전불이행,특별광역시도,목동역오거리,37.526006,126.862876,양천구,
2017,12,23,토요일,18,경상사고,0,0,1,0,55,여,15년이상,,승용,비사업용,화물,진입회전사고,맑음,출퇴근,차대차,측면직각충돌,안전운전불이행,특별광역시도,목동역오거리,37.526006,126.862876,양천구,
2017,12,24,일요일,22,경상사고,0,0,1,0,26,여,4년미만,,승용,비사업용,화물,기타사고,맑음,심야,차대차,차대차-기타,안전운전불이행,특별광역시도,목동역오거리,37.526006,126.862876,양천구,
2018,1,21,일요일,7,부상사고,0,0,0,1,48,여,1년미만,,승용,비사업용,기타,진입회전사고,맑음,출퇴근,차대차,차대차-기타,신호위반,특별광역시도,목동역오거리,37.526006,126.862876,양천구,
2018,2,13,화요일,19,경상사고,0,0,1,0,18,남,1년미만,,승용,사업용,이륜,진입회전사고,맑음,출퇴근,차대차,측면직각충돌,안전운전불이행,특별광역시도,목동역오거리,37.526006,126.862876,양천구,
2018,3,10,토요일,16,경상사고,0,0,1,0,58,남,15년이상,,승용,사업용,승용,진입회전사고,맑음,주간,차대차,측면직각충돌,안전운전불이행,특별광역시도,목동역오거리,37.526006,126.862876,양천구,
2018,4,30,월요일,16,경상사고,0,0,2,0,30,남,15년미만,,승용,비사업용,승용,기타사고,맑음,주간,차대차,차대차-기타,기타,특별광역시도,목동역오거리,37.526006,126.862876,양천구,
2018,5,5,토요일,4,중상사고,0,2,1,0,22,남,데이터오류,,승용,비사업용,승용,진입회전사고,맑음,심야,차대차,측면직각충돌,안전운전불이행,특별광역시도,목동역오거리,37.526006,126.862876,양천구,
2018,5,1,화요일,13,경상사고,0,0,1,0,66,남,15년이상,,승용,사업용,승용,일직선사고,맑음,주간,차대차,추돌(진행중),안전운전불이행,특별광역시도,목동역오거리,37.526006,126.862876,양천구,
2018,5,7,월요일,22,경상사고,0,0,1,0,61,남,15년이상,,승용,사업용,보행자,보행횡단사고,맑음,심야,차대사람,횡단중,보행자보호의무위반,특별광역시도,목동역오거리,37.526006,126.862876,양천구,
2018,6,7,목요일,9,경상사고,0,0,1,0,35,남,10년미만,,승용,사업용,승용,기타사고,맑음,주간,차대차,차대차-기타,안전운전불이행,특별광역시도,목동역오거리,37.526006,126.862876,양천구,
2018,7,11,수요일,22,중상사고,0,1,0,0,35,남,15년이상,0,승용,비사업용,이륜,기타사고,맑음,심야,차대차,차대차-기타,안전운전불이행,특별광역시도,목동역오거리,37.526006,126.862876,양천구,
2018,8,19,일요일,16,부상사고,0,0,0,2,46,남,15년이상,,승용,비사업용,승합,기타사고,맑음,주간,차대차,차대차-기타,차로위반,특별광역시도,목동역오거리,37.526006,126.862876,양천구,
2018,8,22,수요일,17,경상사고,0,0,1,0,59,남,15년이상,,승용,사업용,이륜,일직선사고,맑음,주간,차대차,추돌(진행중),교차로운행방법위반,특별광역시도,목동역오거리,37.526006,126.862876,양천구,
2018,10,2,화요일,8,경상사고,0,0,1,0,37,남,10년미만,,승용,비사업용,승용,일직선사고,맑음,출퇴근,차대차,추돌(진행중),안전운전불이행,특별광역시도,목동역오거리,37.526006,126.862876,양천구,
2018,10,3,수요일,14,부상사고,0,0,0,1,42,여,15년이상,,승용,비사업용,자전거,기타사고,맑음,주간,차대차,차대차-기타,안전운전불이행,특별광역시도,목동역오거리,37.526006,126.862876,양천구,
2018,10,14,일요일,18,중상사고,0,1,1,0,36,남,15년이상,,화물,비사업용,이륜,기타사고,맑음,출퇴근,차대차,차대차-기타,안전운전불이행,특별광역시도,목동역오거리,37.526006,126.862876,양천구,
2018,11,29,목요일,8,경상사고,0,0,1,0,37,남,데이터오류,,승용,비사업용,보행자,기타사고,맑음,출퇴근,차대사람,차대사람-기타,보행자보호의무위반,특별광역시도,목동역오거리,37.526006,126.862876,양천구,
2018,11,24,토요일,11,경상사고,0,0,1,0,63,남,15년이상,,화물,사업용,화물,일직선사고,맑음,주간,차대차,추돌(진행중),안전거리미확보,특별광역시도,목동역오거리,37.526006,126.862876,양천구,
2018,12,7,금요일,12,경상사고,0,0,1,0,65,남,15년이상,,승용,사업용,승용,일직선사고,맑음,주간,차대차,추돌(진행중),안전운전불이행,특별광역시도,목동역오거리,37.526006,126.862876,양천구,
2018,12,5,수요일,13,경상사고,0,0,1,0,44,남,10년미만,,승용,비사업용,화물,일직선사고,맑음,주간,차대차,추돌(진행중),안전거리미확보,특별광역시도,목동역오거리,37.526006,126.862876,양천구,
2019,1,19,토요일,12,경상사고,0,0,3,0,69,남,15년이상,,화물,비사업용,화물,기타사고,맑음,주간,차대차,차대차-기타,안전운전불이행,특별광역시도,목동역오거리,37.526006,126.862876,양천구,
2019,1,9,수요일,20,경상사고,0,0,1,0,36,남,10년미만,,승용,비사업용,승용,기타사고,맑음,출퇴근,차대차,차대차-기타,안전운전불이행,특별광역시도,목동역오거리,37.526006,126.862876,양천구,
2019,1,31,목요일,22,중상사고,0,1,0,0,23,남,1년미만,,승용,비사업용,승용,일직선사고,맑음,심야,차대차,추돌(진행중),안전운전불이행,특별광역시도,목동역오거리,37.526006,126.862876,양천구,
2019,2,7,목요일,20,경상사고,0,0,1,0,21,남,3년미만,,승용,사업용,승용,진입회전사고,맑음,출퇴근,차대차,측면직각충돌,안전거리미확보,특별광역시도,목동역오거리,37.526006,126.862876,양천구,
2019,3,16,토요일,10,경상사고,0,0,3,0,67,남,15년이상,,승용,사업용,승용,진입회전사고,맑음,주간,차대차,측면직각충돌,안전운전불이행,특별광역시도,목동역오거리,37.526006,126.862876,양천구,
2019,3,26,화요일,17,중상사고,0,1,0,0,46,여,15년이상,,승용,사업용,승용,진입회전사고,맑음,주간,차대차,측면직각충돌,안전거리미확보,특별광역시도,목동역오거리,37.526006,126.862876,양천구,
2019,4,6,토요일,21,경상사고,0,0,2,0,33,남,10년미만,,승용,비사업용,승용,기타사고,맑음,심야,차대차,차대차-기타,안전운전불이행,특별광역시도,목동역오거리,37.526006,126.862876,양천구,
2019,5,25,토요일,3,경상사고,0,0,1,1,52,남,15년이상,0,승용,비사업용,화물,일직선사고,맑음,심야,차대차,추돌(진행중),안전운전불이행,특별광역시도,목동역오거리,37.526006,126.862876,양천구,
2019,5,1,수요일,23,경상사고,0,0,1,0,20,남,데이터오류,0,원동기,데이터오류,보행자,진입회전사고,맑음,심야,차대사람,차대사람-기타,신호위반,특별광역시도,목동역오거리,37.526006,126.862876,양천구,
2019,7,19,금요일,2,부상사고,0,0,0,1,불명,불명,데이터오류,,기타,데이터오류,기타,기타사고,맑음,심야,차대차,차대차-기타,안전운전불이행,특별광역시도,목동역오거리,37.526006,126.862876,양천구,
2019,7,16,화요일,8,경상사고,0,0,1,0,39,남,15년이상,,승합,비사업용,승합,진입회전사고,맑음,출퇴근,차대차,측면직각충돌,안전거리미확보,특별광역시도,목동역오거리,37.526006,126.862876,양천구,
2019,8,30,금요일,13,경상사고,0,0,1,0,34,남,15년미만,,승용,비사업용,승용,기타사고,맑음,주간,차대차,차대차-기타,안전운전불이행,특별광역시도,목동역오거리,37.526006,126.862876,양천구,
2019,10,31,목요일,9,경상사고,0,0,1,0,46,여,15년이상,,승용,비사업용,승용,일직선사고,맑음,주간,차대차,추돌(진행중),안전운전불이행,특별광역시도,목동역오거리,37.526006,126.862876,양천구,
2019,10,2,수요일,21,경상사고,0,0,1,0,63,남,15년이상,,승용,사업용,승용,진입회전사고,비,심야,차대차,측면직각충돌,교차로운행방법위반,특별광역시도,목동역오거리,37.526006,126.862876,양천구,
2019,11,1,금요일,16,경상사고,0,0,1,0,52,남,15년이상,,승합,사업용,기타,기타사고,맑음,주간,차량단독,차량단독-기타,안전운전불이행,특별광역시도,목동역오거리,37.526006,126.862876,양천구,
2019,11,1,금요일,20,경상사고,0,0,1,0,36,남,15년이상,,이륜,데이터오류,이륜,진입회전사고,맑음,출퇴근,차대차,차대차-기타,신호위반,특별광역시도,목동역오거리,37.526006,126.862876,양천구,
2019,12,8,일요일,8,경상사고,0,0,1,0,52,남,15년이상,,승용,비사업용,승용,진입회전사고,맑음,출퇴근,차대차,측면직각충돌,안전운전불이행,특별광역시도,목동역오거리,37.526006,126.862876,양천구,
2017,9,13,수요일,17,경상사고,0,0,1,0,42,남,10년미만,,승용,비사업용,승용,진입회전사고,맑음,주간,차대차,측면직각충돌,안전운전불이행,특별광역시도,목동역오거리,37.526006,126.862876,양천구,
2017,12,25,월요일,1,경상사고,0,0,1,0,17,남,15년이상,0,이륜,기타,기타,기타사고,맑음,심야,차량단독,전도전복,안전운전불이행,특별광역시도,목동역오거리,37.526006,126.862876,양천구,
2018,4,30,월요일,11,중상사고,0,1,1,0,41,여,15년이상,,승용,비사업용,승용,진입회전사고,맑음,주간,차대차,측면직각충돌,안전거리미확보,특별광역시도,목동역오거리,37.526006,126.862876,양천구,
2018,5,1,화요일,10,경상사고,0,0,1,0,42,여,15년이상,,승용,비사업용,승용,진입회전사고,맑음,주간,차대차,측면직각충돌,안전거리미확보,특별광역시도,목동역오거리,37.526006,126.862876,양천구,
2018,10,30,화요일,0,경상사고,0,0,2,0,56,남,15년이상,,승용,사업용,화물,진입회전사고,맑음,심야,차대차,측면직각충돌,안전거리미확보,특별광역시도,목동역오거리,37.526006,126.862876,양천구,
2018,10,28,일요일,16,경상사고,0,0,1,0,74,남,15년이상,,승용,사업용,승용,기타사고,맑음,주간,차대차,차대차-기타,안전거리미확보,특별광역시도,목동역오거리,37.526006,126.862876,양천구,
2019,6,7,금요일,22,경상사고,0,0,1,0,57,남,15년이상,,승용,사업용,이륜,기타사고,맑음,심야,차대차,차대차-기타,안전거리미확보,특별광역시도,목동역오거리,37.526006,126.862876,양천구,
2019,9,26,목요일,16,경상사고,0,0,2,0,33,남,15년이상,,승용,비사업용,승용,일직선사고,맑음,주간,차대차,추돌(진행중),안전운전불이행,특별광역시도,목동역오거리,37.526006,126.862876,양천구,
2019,11,6,수요일,1,중상사고,0,1,3,0,52,남,15년이상,,승용,사업용,승용,일직선사고,맑음,심야,차대차,추돌(진행중),안전운전불이행,특별광역시도,목동역오거리,37.526006,126.862876,양천구,
2019,12,19,목요일,1,경상사고,0,0,1,0,67,남,15년이상,,승용,사업용,승용,일직선사고,맑음,심야,차대차,추돌(진행중),안전운전불이행,기타,목동역오거리,37.526006,126.862876,양천구,
2017,1,23,월요일,13,경상사고,0,0,2,0,66,남,15년이상,,승용,사업용,승용,일직선사고,맑음,주간,차대차,정면충돌,안전거리미확보,특별광역시도,목동청소년수련관사거리,37.5309088,126.8751699,양천구,
2017,4,9,일요일,10,부상사고,0,0,0,1,35,여,15년미만,,승용,비사업용,이륜,진입회전사고,맑음,주간,차대차,측면직각충돌,안전거리미확보,특별광역시도,목동청소년수련관사거리,37.5309088,126.8751699,양천구,
2017,11,26,일요일,21,중상사고,0,2,1,0,52,남,15년이상,0,승용,비사업용,승용,기타사고,맑음,심야,차대차,차대차-기타,안전운전불이행,특별광역시도,목동청소년수련관사거리,37.5309088,126.8751699,양천구,
2017,12,12,화요일,8,경상사고,0,0,2,0,38,남,15년이상,,승용,비사업용,승용,일직선사고,맑음,출퇴근,차대차,추돌(진행중),안전거리미확보,특별광역시도,목동청소년수련관사거리,37.5309088,126.8751699,양천구,
2019,10,18,금요일,9,경상사고,0,0,1,0,49,남,1년미만,,승용,비사업용,승용,진입회전사고,맑음,주간,차대차,측면직각충돌,교차로운행방법위반,특별광역시도,목동청소년수련관사거리,37.5309088,126.8751699,양천구,
2017,1,13,금요일,18,경상사고,0,0,1,0,50,남,15년이상,,승용,사업용,승용,일직선사고,맑음,출퇴근,차대차,추돌(진행중),안전운전불이행,특별광역시도,삼익4차플라주부근,37.520128,126.844384,양천구,
2017,6,16,금요일,8,경상사고,0,0,2,0,52,남,15년이상,,승용,사업용,승용,진입회전사고,맑음,출퇴근,차대차,측면직각충돌,중앙선침범,특별광역시도,삼익4차플라주부근,37.520128,126.844384,양천구,
2017,9,9,토요일,14,경상사고,0,0,1,0,46,남,15년이상,,승용,비사업용,승용,기타사고,맑음,주간,차대차,차대차-기타,안전운전불이행,특별광역시도,삼익4차플라주부근,37.520128,126.844384,양천구,
2017,9,7,목요일,15,경상사고,0,0,1,0,58,남,15년이상,,승용,비사업용,승용,진입회전사고,맑음,주간,차대차,측면직각충돌,신호위반,특별광역시도,삼익4차플라주부근,37.520128,126.844384,양천구,
2017,12,1,금요일,12,중상사고,0,1,1,0,66,남,15년이상,,화물,사업용,화물,진입회전사고,맑음,주간,차대차,추돌(진행중),신호위반,특별광역시도,삼익4차플라주부근,37.520128,126.844384,양천구,
2018,2,23,금요일,0,부상사고,0,0,0,1,23,남,15년이상,,승용,사업용,원동기,기타사고,눈,심야,차대차,차대차-기타,안전운전불이행,특별광역시도,삼익4차플라주부근,37.520128,126.844384,양천구,
2018,2,13,화요일,3,경상사고,0,0,1,0,64,남,15년이상,,승용,비사업용,보행자,기타사고,맑음,심야,차대사람,차대사람-기타,안전운전불이행,특별광역시도,삼익4차플라주부근,37.520128,126.844384,양천구,
2018,2,5,월요일,10,경상사고,0,0,1,0,52,남,15년이상,,화물,비사업용,보행자,기타사고,맑음,주간,차대사람,차도통행중,안전운전불이행,특별광역시도,삼익4차플라주부근,37.520128,126.844384,양천구,
2018,8,24,금요일,10,경상사고,0,0,1,0,36,남,15년이상,,승용,비사업용,승용,진입회전사고,비,주간,차대차,정면충돌,신호위반,특별광역시도,삼익4차플라주부근,37.520128,126.844384,양천구,
2018,8,28,화요일,16,경상사고,0,0,1,0,27,여,10년미만,,승용,비사업용,승용,기타사고,비,주간,차대차,차대차-기타,안전운전불이행,특별광역시도,삼익4차플라주부근,37.520128,126.844384,양천구,
2018,9,5,수요일,21,경상사고,0,0,3,0,27,남,10년미만,,승합,사업용,승합,진입회전사고,맑음,심야,차대차,차대차-기타,신호위반,특별광역시도,삼익4차플라주부근,37.520128,126.844384,양천구,
2019,1,15,화요일,8,경상사고,0,0,1,0,40,여,15년이상,,승용,비사업용,승용,기타사고,맑음,출퇴근,차대차,차대차-기타,안전운전불이행,특별광역시도,삼익4차플라주부근,37.520128,126.844384,양천구,
2019,1,30,수요일,13,경상사고,0,0,1,0,68,남,15년이상,,원동기,데이터오류,원동기,기타사고,맑음,주간,차대차,차대차-기타,안전거리미확보,특별광역시도,삼익4차플라주부근,37.520128,126.844384,양천구,
2019,2,18,월요일,16,경상사고,0,0,1,0,69,남,15년이상,,승용,비사업용,승용,진입회전사고,맑음,주간,차대차,측면직각충돌,안전운전불이행,특별광역시도,삼익4차플라주부근,37.520128,126.844384,양천구,
2019,5,30,목요일,8,경상사고,0,0,1,0,41,남,15년이상,,화물,비사업용,이륜,기타사고,맑음,출퇴근,차대차,차대차-기타,안전운전불이행,특별광역시도,삼익4차플라주부근,37.520128,126.844384,양천구,
2019,6,22,토요일,11,경상사고,0,0,1,0,56,남,15년이상,,승용,비사업용,보행자,기타사고,맑음,주간,차대사람,차대사람-기타,안전운전불이행,특별광역시도,삼익4차플라주부근,37.520128,126.844384,양천구,
2019,7,6,토요일,12,중상사고,0,1,0,0,40,남,15년이상,,승용,비사업용,이륜,진입회전사고,맑음,주간,차대차,측면직각충돌,신호위반,특별광역시도,삼익4차플라주부근,37.520128,126.844384,양천구,
2019,8,20,화요일,8,중상사고,0,1,1,0,39,여,15년이상,,승용,비사업용,승용,진입회전사고,맑음,출퇴근,차대차,차대차-기타,신호위반,특별광역시도,삼익4차플라주부근,37.520128,126.844384,양천구,
2019,10,26,토요일,17,경상사고,0,0,2,1,55,여,15년이상,,승용,비사업용,승용,진입회전사고,맑음,주간,차대차,측면직각충돌,신호위반,특별광역시도,삼익4차플라주부근,37.520128,126.844384,양천구,
2019,10,17,목요일,18,경상사고,0,0,2,0,40,여,15년이상,,승용,비사업용,승용,진입회전사고,맑음,출퇴근,차대차,정면충돌,신호위반,특별광역시도,삼익4차플라주부근,37.520128,126.844384,양천구,
2019,12,10,화요일,11,경상사고,0,0,1,0,73,남,15년이상,,승용,비사업용,승용,진입회전사고,맑음,주간,차대차,차대차-기타,신호위반,특별광역시도,삼익4차플라주부근,37.520128,126.844384,양천구,
2019,12,24,화요일,12,경상사고,0,0,1,0,39,남,15년미만,,승합,사업용,승합,일직선사고,맑음,주간,차대차,추돌(진행중),안전거리미확보,특별광역시도,삼익4차플라주부근,37.520128,126.844384,양천구,
2017,1,20,금요일,17,경상사고,0,0,1,0,57,남,15년이상,,승용,사업용,승용,기타사고,맑음,주간,차대차,차대차-기타,안전거리미확보,특별광역시도,서부트럭터미날,37.507881,126.843776,양천구,
2017,5,22,월요일,7,중상사고,0,1,0,0,71,남,15년이상,,승용,비사업용,보행자,진입회전사고,맑음,출퇴근,차대사람,횡단중,신호위반,특별광역시도,서부트럭터미날,37.507881,126.843776,양천구,
2017,8,18,금요일,8,경상사고,0,0,1,0,64,남,15년이상,,승용,비사업용,승용,진입회전사고,맑음,출퇴근,차대차,차대차-기타,신호위반,특별광역시도,서부트럭터미날,37.507881,126.843776,양천구,
2017,9,28,목요일,7,경상사고,0,0,1,0,35,남,15년이상,,승용,비사업용,보행자,보행횡단사고,맑음,출퇴근,차대사람,횡단중,안전운전불이행,특별광역시도,서부트럭터미날,37.507881,126.843776,양천구,
2017,9,30,토요일,9,경상사고,0,0,1,0,46,남,15년이상,,화물,사업용,보행자,보행횡단사고,맑음,주간,차대사람,횡단중,보행자보호의무위반,특별광역시도,서부트럭터미날,37.507881,126.843776,양천구,
2017,11,6,월요일,6,경상사고,0,0,1,0,26,남,10년미만,,승용,비사업용,승용,일직선사고,맑음,새벽,차대차,추돌(진행중),안전운전불이행,특별광역시도,서부트럭터미날,37.507881,126.843776,양천구,
2018,1,17,수요일,0,경상사고,0,0,2,0,62,남,15년이상,,승용,사업용,승합,일직선사고,맑음,심야,차대차,추돌(진행중),안전운전불이행,특별광역시도,서부트럭터미날,37.507881,126.843776,양천구,
2018,2,16,금요일,7,경상사고,0,0,1,0,57,남,15년이상,,승용,비사업용,화물,일직선사고,맑음,출퇴근,차대차,추돌(진행중),안전운전불이행,특별광역시도,서부트럭터미날,37.507881,126.843776,양천구,
2018,2,8,목요일,18,중상사고,0,2,0,0,44,남,15년이상,,건설기계,비사업용,보행자,진입회전사고,맑음,출퇴근,차대사람,보도통행중,신호위반,특별광역시도,서부트럭터미날,37.507881,126.843776,양천구,
2018,5,15,화요일,6,경상사고,0,0,2,0,67,남,15년이상,,승용,사업용,승용,진입회전사고,맑음,새벽,차대차,측면직각충돌,안전거리미확보,특별광역시도,서부트럭터미날,37.507881,126.843776,양천구,
2018,5,13,일요일,16,경상사고,0,0,1,0,48,남,15년이상,,승용,비사업용,승용,일직선사고,맑음,주간,차대차,추돌(진행중),안전운전불이행,특별광역시도,서부트럭터미날,37.507881,126.843776,양천구,
2018,6,1,금요일,15,중상사고,0,1,0,0,48,남,15년이상,,화물,비사업용,이륜,진입회전사고,맑음,주간,차대차,측면직각충돌,신호위반,특별광역시도,서부트럭터미날,37.507881,126.843776,양천구,
2018,10,23,화요일,6,경상사고,0,0,1,0,75,남,15년이상,,승용,비사업용,승용,일직선사고,맑음,새벽,차대차,추돌(진행중),안전거리미확보,특별광역시도,서부트럭터미날,37.507881,126.843776,양천구,
2018,12,31,월요일,22,경상사고,0,0,1,1,63,남,15년이상,,승용,비사업용,승용,진입회전사고,맑음,심야,차대차,측면직각충돌,안전거리미확보,특별광역시도,서부트럭터미날,37.507881,126.843776,양천구,
2019,1,8,화요일,1,경상사고,0,0,1,0,55,남,15년이상,,승용,사업용,승용,기타사고,맑음,심야,차대차,차대차-기타,안전운전불이행,특별광역시도,서부트럭터미날,37.507881,126.843776,양천구,
2019,1,5,토요일,13,경상사고,0,0,1,0,40,남,15년이상,,승용,비사업용,이륜,일직선사고,맑음,주간,차대차,추돌(진행중),안전운전불이행,특별광역시도,서부트럭터미날,37.507881,126.843776,양천구,
2019,2,8,금요일,19,경상사고,0,0,1,0,56,남,15년이상,,승용,사업용,보행자,진입회전사고,맑음,출퇴근,차대사람,횡단중,신호위반,특별광역시도,서부트럭터미날,37.507881,126.843776,양천구,
2019,4,4,목요일,9,경상사고,0,0,1,0,54,남,10년미만,,승용,사업용,승용,일직선사고,맑음,주간,차대차,추돌(진행중),안전운전불이행,특별광역시도,서부트럭터미날,37.507881,126.843776,양천구,
2019,9,26,목요일,23,경상사고,0,0,1,0,48,남,15년이상,,승합,사업용,승합,기타사고,맑음,심야,차대차,차대차-기타,안전운전불이행,특별광역시도,서부트럭터미날,37.507881,126.843776,양천구,
2019,10,8,화요일,7,경상사고,0,0,1,0,66,남,15년이상,,승용,사업용,승용,일직선사고,맑음,출퇴근,차대차,추돌(진행중),안전운전불이행,특별광역시도,서부트럭터미날,37.507881,126.843776,양천구,
2019,11,23,토요일,8,중상사고,0,1,0,0,41,여,15년이상,,승용,사업용,승용,진입회전사고,맑음,출퇴근,차대차,측면직각충돌,안전거리미확보,특별광역시도,서부트럭터미날,37.507881,126.843776,양천구,
2019,12,25,수요일,1,부상사고,0,0,0,1,불명,불명,데이터오류,,기타,데이터오류,기타,기타사고,맑음,심야,차대차,차대차-기타,안전운전불이행,특별광역시도,서부트럭터미날,37.507881,126.843776,양천구,
2017,3,2,목요일,0,중상사고,0,1,0,0,57,남,15년미만,,승용,사업용,보행자,기타사고,맑음,심야,차대사람,차도통행중,안전운전불이행,특별광역시도,서서울호수공원앞,37.527672,126.829852,양천구,
2017,3,4,토요일,0,경상사고,0,0,3,0,33,남,15년이상,0,승용,비사업용,승용,진입회전사고,맑음,심야,차대차,정면충돌,신호위반,특별광역시도,서서울호수공원앞,37.527672,126.829852,양천구,
2017,4,17,월요일,15,경상사고,0,0,2,0,28,여,10년미만,,승용,비사업용,승용,진입회전사고,비,주간,차대차,측면직각충돌,안전운전불이행,특별광역시도,서서울호수공원앞,37.527672,126.829852,양천구,
2017,5,26,금요일,17,경상사고,0,0,1,0,35,남,15년미만,,이륜,기타,이륜,진입회전사고,맑음,주간,차대차,차대차-기타,신호위반,특별광역시도,서서울호수공원앞,37.527672,126.829852,양천구,
2017,6,4,일요일,12,경상사고,0,0,3,0,59,남,15년이상,,승용,사업용,승용,일직선사고,맑음,주간,차대차,추돌(진행중),안전운전불이행,특별광역시도,서서울호수공원앞,37.527672,126.829852,양천구,
2017,7,21,금요일,10,경상사고,0,0,1,0,23,여,15년이상,,승용,비사업용,보행자,보행횡단사고,맑음,주간,차대사람,횡단중,안전운전불이행,특별광역시도,서서울호수공원앞,37.527672,126.829852,양천구,
2017,7,19,수요일,11,경상사고,0,0,1,0,불명,불명,데이터오류,,기타,데이터오류,기타,기타사고,맑음,주간,차대사람,차대사람-기타,안전운전불이행,특별광역시도,서서울호수공원앞,37.527672,126.829852,양천구,
2017,7,13,목요일,21,경상사고,0,0,1,0,20,남,1년미만,,승용,비사업용,승용,진입회전사고,맑음,심야,차대차,측면직각충돌,신호위반,특별광역시도,서서울호수공원앞,37.527672,126.829852,양천구,