년도,월,일,요일,시각,사고등급,사망자수,중상자수,경상자수,부상자수,연령,성별,경력,음주,종별,용도,관련자2,사고형태,기상상태,일광상태,사고유형1,사고유형2,법규위반,도로종류,지점명,위도,경도,자치구,
2017,8,12,토요일,6,중상사고,0,1,0,0,58,여,15년이상,,승용,비사업용,이륜,일직선사고,맑음,새벽,차대차,정면충돌,안전운전불이행,특별광역시도,서서울호수공원앞,37.527672,126.829852,양천구,
2017,8,4,금요일,8,경상사고,0,0,2,0,38,남,3년미만,,화물,사업용,화물,기타사고,맑음,출퇴근,차대차,차대차-기타,안전운전불이행,특별광역시도,서서울호수공원앞,37.527672,126.829852,양천구,
2017,8,4,금요일,11,경상사고,0,0,1,0,51,남,15년이상,,승용,비사업용,이륜,진입회전사고,맑음,주간,차대차,측면직각충돌,안전운전불이행,특별광역시도,서서울호수공원앞,37.527672,126.829852,양천구,
2017,8,29,화요일,16,경상사고,0,0,1,0,51,남,15년이상,,화물,사업용,이륜,진입회전사고,맑음,주간,차대차,측면직각충돌,안전운전불이행,특별광역시도,서서울호수공원앞,37.527672,126.829852,양천구,
2017,9,1,금요일,10,중상사고,0,1,0,0,48,남,15년미만,,화물,비사업용,자전거,진입회전사고,맑음,주간,차대차,측면직각충돌,안전운전불이행,특별광역시도,서서울호수공원앞,37.527672,126.829852,양천구,
2017,9,14,목요일,11,경상사고,0,0,2,0,51,여,10년미만,,화물,비사업용,화물,일직선사고,맑음,주간,차대차,추돌(진행중),안전거리미확보,특별광역시도,서서울호수공원앞,37.527672,126.829852,양천구,
2017,9,16,토요일,20,부상사고,0,0,0,1,66,남,15년이상,,승용,비사업용,원동기,진입회전사고,맑음,출퇴근,차대차,측면직각충돌,신호위반,특별광역시도,서서울호수공원앞,37.527672,126.829852,양천구,
2017,11,1,수요일,16,경상사고,0,0,2,0,23,남,15년이상,,이륜,기타,보행자,기타사고,맑음,주간,차대사람,차도통행중,안전운전불이행,특별광역시도,서서울호수공원앞,37.527672,126.829852,양천구,
2017,11,18,토요일,21,경상사고,0,0,1,0,49,남,15년이상,,화물,비사업용,화물,기타사고,맑음,심야,차대차,차대차-기타,안전운전불이행,특별광역시도,서서울호수공원앞,37.527672,126.829852,양천구,
2017,12,30,토요일,17,경상사고,0,0,2,0,51,여,15년이상,,승용,비사업용,승용,일직선사고,맑음,주간,차대차,정면충돌,안전운전불이행,특별광역시도,서서울호수공원앞,37.527672,126.829852,양천구,
2018,3,26,월요일,7,경상사고,0,0,1,0,23,남,10년미만,,화물,비사업용,화물,일직선사고,맑음,출퇴근,차대차,추돌(진행중),안전운전불이행,특별광역시도,서서울호수공원앞,37.527672,126.829852,양천구,
2018,7,7,토요일,17,부상사고,0,0,0,1,37,남,15년이상,,승용,비사업용,자전거,기타사고,맑음,주간,차대차,차대차-기타,안전운전불이행,특별광역시도,서서울호수공원앞,37.527672,126.829852,양천구,
2018,9,5,수요일,7,중상사고,0,1,0,0,48,남,15년이상,,승합,사업용,화물,일직선사고,맑음,출퇴근,차대차,추돌(진행중),안전운전불이행,특별광역시도,서서울호수공원앞,37.527672,126.829852,양천구,
2018,12,12,수요일,2,경상사고,0,0,3,0,70,남,15년이상,,승용,사업용,승용,진입회전사고,맑음,심야,차대차,측면직각충돌,안전거리미확보,특별광역시도,서서울호수공원앞,37.527672,126.829852,양천구,
2018,12,19,수요일,20,중상사고,0,1,0,0,61,남,15년이상,,승합,사업용,기타,기타사고,맑음,출퇴근,차량단독,차량단독-기타,안전운전불이행,특별광역시도,서서울호수공원앞,37.527672,126.829852,양천구,
2019,1,14,월요일,2,부상사고,0,0,0,1,55,남,15년이상,,승용,사업용,기타,단독사고,맑음,심야,차량단독,공작물추돌,안전운전불이행,특별광역시도,서서울호수공원앞,37.527672,126.829852,양천구,
2019,1,21,월요일,19,경상사고,0,0,1,0,53,남,15년이상,,승용,사업용,승용,기타사고,흐림,출퇴근,차대차,차대차-기타,안전운전불이행,특별광역시도,서서울호수공원앞,37.527672,126.829852,양천구,
2019,3,2,토요일,4,경상사고,0,0,1,0,19,여,데이터오류,,승용,비사업용,승용,진입회전사고,맑음,심야,차대차,측면직각충돌,안전거리미확보,특별광역시도,서서울호수공원앞,37.527672,126.829852,양천구,
2019,3,7,목요일,20,경상사고,0,0,1,0,51,남,15년이상,,승용,비사업용,승용,일직선사고,맑음,출퇴근,차대차,추돌(진행중),안전운전불이행,특별광역시도,서서울호수공원앞,37.527672,126.829852,양천구,
2019,4,19,금요일,19,경상사고,0,0,1,0,62,남,15년이상,,승합,사업용,보행자,기타사고,맑음,출퇴근,차대사람,차대사람-기타,기타,특별광역시도,서서울호수공원앞,37.527672,126.829852,양천구,
2019,7,11,목요일,11,경상사고,0,0,2,0,66,남,15년이상,,승용,사업용,화물,진입회전사고,맑음,주간,차대차,측면직각충돌,교차로운행방법위반,특별광역시도,서서울호수공원앞,37.527672,126.829852,양천구,
2019,10,8,화요일,14,경상사고,0,0,1,0,41,여,5년미만,,승용,비사업용,보행자,기타사고,맑음,주간,차대사람,차대사람-기타,안전운전불이행,특별광역시도,서서울호수공원앞,37.527672,126.829852,양천구,
2017,2,20,월요일,9,중상사고,0,1,0,0,47,남,15년이상,,화물,비사업용,화물,일직선사고,맑음,주간,차대차,정면충돌,안전운전불이행,특별광역시도,서울시청삼거리,37.5657037,126.9768616,양천구,
2017,2,6,월요일,14,경상사고,0,0,1,0,61,남,15년이상,,승용,비사업용,원동기,진입회전사고,맑음,주간,차대차,차대차-기타,신호위반,특별광역시도,서울시청삼거리,37.5657037,126.9768616,양천구,
2017,2,12,일요일,14,중상사고,0,1,0,0,72,남,15년이상,,승용,비사업용,보행자,보행횡단사고,맑음,주간,차대사람,횡단중,보행자보호의무위반,특별광역시도,서울시청삼거리,37.5657037,126.9768616,양천구,
2017,2,21,화요일,20,경상사고,0,0,1,0,17,남,데이터오류,,이륜,기타,보행자,진입회전사고,맑음,출퇴근,차대사람,횡단중,신호위반,특별광역시도,서울시청삼거리,37.5657037,126.9768616,양천구,
2017,2,3,금요일,21,중상사고,0,1,0,0,37,여,1년미만,,승용,비사업용,보행자,보행횡단사고,맑음,심야,차대사람,횡단중,안전운전불이행,특별광역시도,서울시청삼거리,37.5657037,126.9768616,양천구,
2017,2,9,목요일,23,경상사고,0,0,1,0,44,여,15년이상,0,승용,비사업용,승용,일직선사고,맑음,심야,차대차,정면충돌,안전운전불이행,특별광역시도,서울시청삼거리,37.5657037,126.9768616,양천구,
2017,2,18,토요일,23,경상사고,0,0,1,0,62,남,15년이상,,승용,사업용,보행자,진입회전사고,맑음,심야,차대사람,횡단중,신호위반,특별광역시도,서울시청삼거리,37.5657037,126.9768616,양천구,
2017,3,12,일요일,13,경상사고,0,0,5,0,60,남,15년이상,,승용,사업용,승용,일직선사고,맑음,주간,차대차,추돌(진행중),안전운전불이행,특별광역시도,서울시청삼거리,37.5657037,126.9768616,양천구,
2017,4,17,월요일,17,경상사고,0,0,2,0,62,남,15년이상,,승용,사업용,승용,일직선사고,맑음,주간,차대차,추돌(진행중),안전운전불이행,특별광역시도,서울시청삼거리,37.5657037,126.9768616,양천구,
2017,4,6,목요일,19,경상사고,0,0,1,0,56,남,15년이상,,승합,비사업용,보행자,보행횡단사고,맑음,출퇴근,차대사람,횡단중,보행자보호의무위반,특별광역시도,서울시청삼거리,37.5657037,126.9768616,양천구,
2017,5,19,금요일,21,경상사고,0,0,1,0,48,남,15년이상,,승용,사업용,이륜,진입회전사고,맑음,심야,차대차,측면직각충돌,안전운전불이행,기타,서울시청삼거리,37.5657037,126.9768616,양천구,
2017,6,4,일요일,18,경상사고,0,0,1,0,38,남,15년이상,,승용,비사업용,자전거,진입회전사고,맑음,출퇴근,차대차,측면직각충돌,안전운전불이행,특별광역시도,서울시청삼거리,37.5657037,126.9768616,양천구,
2017,7,24,월요일,0,경상사고,0,0,2,0,52,남,15년이상,0,승용,비사업용,승용,일직선사고,맑음,심야,차대차,추돌(진행중),안전운전불이행,특별광역시도,서울시청삼거리,37.5657037,126.9768616,양천구,
2017,7,20,목요일,4,부상사고,0,0,0,1,55,남,15년이상,,승용,사업용,원동기,일직선사고,맑음,심야,차대차,정면충돌,안전운전불이행,특별광역시도,서울시청삼거리,37.5657037,126.9768616,양천구,
2017,7,17,월요일,11,중상사고,0,1,0,0,58,남,15년이상,,승합,사업용,보행자,일직선사고,맑음,주간,차대차,정면충돌,안전운전불이행,특별광역시도,서울시청삼거리,37.5657037,126.9768616,양천구,
2017,7,18,화요일,14,경상사고,0,0,1,1,53,남,15년이상,,승용,비사업용,원동기,진입회전사고,맑음,주간,차대차,정면충돌,신호위반,특별광역시도,서울시청삼거리,37.5657037,126.9768616,양천구,
2017,7,30,일요일,15,경상사고,0,0,3,0,40,남,15년이상,0,화물,비사업용,화물,기타사고,맑음,주간,차대차,차대차-기타,안전거리미확보,특별광역시도,서울시청삼거리,37.5657037,126.9768616,양천구,
2017,7,30,일요일,17,중상사고,0,1,1,0,37,남,15년이상,0,승용,비사업용,승용,일직선사고,맑음,주간,차대차,추돌(진행중),안전운전불이행,특별광역시도,서울시청삼거리,37.5657037,126.9768616,양천구,
2017,7,28,금요일,21,경상사고,0,0,1,0,55,남,15년이상,,승용,비사업용,자전거,진입회전사고,맑음,심야,차대차,측면직각충돌,안전운전불이행,특별광역시도,서울시청삼거리,37.5657037,126.9768616,양천구,
2017,8,25,금요일,1,경상사고,0,0,4,0,30,남,15년이상,,승용,비사업용,승용,일직선사고,맑음,심야,차대차,추돌(진행중),안전거리미확보,특별광역시도,서울시청삼거리,37.5657037,126.9768616,양천구,
2017,8,17,목요일,3,경상사고,0,0,1,0,35,남,15년이상,0,승용,비사업용,승용,일직선사고,흐림,심야,차대차,추돌(진행중),안전운전불이행,특별광역시도,서울시청삼거리,37.5657037,126.9768616,양천구,
2017,8,29,화요일,3,중상사고,0,2,0,0,62,남,15년이상,,승용,사업용,이륜,일직선사고,맑음,심야,차대차,추돌(진행중),안전운전불이행,특별광역시도,서울시청삼거리,37.5657037,126.9768616,양천구,
2017,8,11,금요일,8,중상사고,0,1,0,0,24,남,15년이상,,승용,사업용,승용,기타사고,맑음,출퇴근,차대차,차대차-기타,안전운전불이행,특별광역시도,서울시청삼거리,37.5657037,126.9768616,양천구,
2017,8,31,목요일,9,경상사고,0,0,1,0,36,남,15년이상,,화물,사업용,보행자,기타사고,맑음,주간,차대사람,차대사람-기타,데이터없음,특별광역시도,서울시청삼거리,37.5657037,126.9768616,양천구,
2017,8,23,수요일,15,경상사고,0,0,2,0,64,남,15년이상,0,승용,비사업용,승용,진입회전사고,맑음,주간,차대차,차대차-기타,신호위반,특별광역시도,서울시청삼거리,37.5657037,126.9768616,양천구,
2017,8,4,금요일,16,경상사고,0,0,1,0,75,남,15년이상,,승용,사업용,이륜,진입회전사고,맑음,주간,차대차,측면직각충돌,신호위반,특별광역시도,서울시청삼거리,37.5657037,126.9768616,양천구,
2017,9,16,토요일,0,중상사고,0,2,0,0,54,남,15년이상,,화물,비사업용,화물,일직선사고,맑음,심야,차대차,추돌(진행중),안전거리미확보,특별광역시도,서울시청삼거리,37.5657037,126.9768616,양천구,
2017,9,20,수요일,1,경상사고,0,0,3,0,51,남,15년이상,,승용,비사업용,승용,진입회전사고,흐림,심야,차대차,측면직각충돌,신호위반,특별광역시도,서울시청삼거리,37.5657037,126.9768616,양천구,
2017,9,18,월요일,5,중상사고,0,1,1,0,61,남,15년이상,,승용,사업용,승용,진입회전사고,맑음,새벽,차대차,측면직각충돌,신호위반,특별광역시도,서울시청삼거리,37.5657037,126.9768616,양천구,
2017,9,24,일요일,14,경상사고,0,0,4,0,43,남,15년이상,0,화물,비사업용,화물,일직선사고,맑음,주간,차대차,추돌(진행중),안전운전불이행,특별광역시도,서울시청삼거리,37.5657037,126.9768616,양천구,
2017,9,22,금요일,16,중상사고,0,1,0,0,43,여,15년이상,,승용,비사업용,이륜,진입회전사고,맑음,주간,차대차,측면직각충돌,중앙선침범,특별광역시도,서울시청삼거리,37.5657037,126.9768616,양천구,
2017,10,2,월요일,1,중상사고,0,1,0,0,24,남,15년이상,0,이륜,기타,기타,기타사고,비,심야,차량단독,전도전복,안전운전불이행,특별광역시도,서울시청삼거리,37.5657037,126.9768616,양천구,
2017,10,12,목요일,2,중상사고,0,1,1,0,33,남,15년이상,0,승용,비사업용,승용,일직선사고,맑음,심야,차대차,추돌(진행중),안전운전불이행,특별광역시도,서울시청삼거리,37.5657037,126.9768616,양천구,
2017,10,22,일요일,4,중상사고,0,1,0,0,65,남,15년이상,,승용,사업용,이륜,진입회전사고,맑음,심야,차대차,측면직각충돌,신호위반,특별광역시도,서울시청삼거리,37.5657037,126.9768616,양천구,
2017,10,15,일요일,9,중상사고,0,1,0,0,42,남,15년이상,,승용,비사업용,보행자,진입회전사고,맑음,주간,차대사람,횡단중,신호위반,특별광역시도,서울시청삼거리,37.5657037,126.9768616,양천구,
2017,10,3,화요일,12,경상사고,0,0,1,0,58,남,15년이상,,승용,비사업용,자전거,기타사고,흐림,주간,차대차,차대차-기타,안전운전불이행,특별광역시도,서울시청삼거리,37.5657037,126.9768616,양천구,
2017,10,26,목요일,20,부상사고,0,0,0,1,46,남,15년이상,,승용,비사업용,이륜,진입회전사고,맑음,출퇴근,차대차,측면직각충돌,안전운전불이행,특별광역시도,서울시청삼거리,37.5657037,126.9768616,양천구,
2017,11,26,일요일,0,경상사고,0,0,1,0,45,남,15년이상,,승용,비사업용,이륜,진입회전사고,흐림,심야,차대차,측면직각충돌,교차로운행방법위반,특별광역시도,서울시청삼거리,37.5657037,126.9768616,양천구,
2017,11,2,목요일,5,경상사고,0,0,3,0,37,남,10년미만,0,승용,비사업용,승용,일직선사고,맑음,새벽,차대차,추돌(진행중),안전운전불이행,특별광역시도,서울시청삼거리,37.5657037,126.9768616,양천구,
2017,11,18,토요일,7,경상사고,0,0,1,0,36,남,15년이상,0,승용,비사업용,승용,일직선사고,맑음,출퇴근,차대차,추돌(진행중),안전운전불이행,특별광역시도,서울시청삼거리,37.5657037,126.9768616,양천구,
2017,11,30,목요일,13,중상사고,0,1,0,0,41,여,15년이상,,승용,비사업용,보행자,기타사고,맑음,주간,차대사람,차대사람-기타,안전운전불이행,특별광역시도,서울시청삼거리,37.5657037,126.9768616,양천구,
2017,11,24,금요일,17,경상사고,0,0,1,0,33,남,15년이상,,승용,비사업용,이륜,진입회전사고,맑음,주간,차대차,측면직각충돌,신호위반,특별광역시도,서울시청삼거리,37.5657037,126.9768616,양천구,
2017,12,13,수요일,12,경상사고,0,0,1,0,39,남,15년이상,,승용,비사업용,원동기,기타사고,맑음,주간,차대차,차대차-기타,안전운전불이행,특별광역시도,서울시청삼거리,37.5657037,126.9768616,양천구,
2017,12,9,토요일,18,경상사고,0,0,1,0,46,여,15년이상,,승용,비사업용,원동기,기타사고,맑음,출퇴근,차대차,차대차-기타,안전운전불이행,특별광역시도,서울시청삼거리,37.5657037,126.9768616,양천구,
2018,3,31,토요일,8,중상사고,0,1,0,0,45,남,15년이상,,승용,비사업용,자전거,진입회전사고,맑음,출퇴근,차대차,차대차-기타,신호위반,특별광역시도,서울시청삼거리,37.5657037,126.9768616,양천구,
2018,4,1,일요일,3,중상사고,0,1,0,0,57,남,15년이상,,승용,사업용,승용,일직선사고,맑음,심야,차대차,추돌(진행중),안전운전불이행,특별광역시도,서울시청삼거리,37.5657037,126.9768616,양천구,
2018,4,16,월요일,13,중상사고,0,1,0,0,61,여,15년이상,,승용,비사업용,보행자,기타사고,맑음,주간,차대사람,차대사람-기타,안전운전불이행,특별광역시도,서울시청삼거리,37.5657037,126.9768616,양천구,
2018,4,8,일요일,15,중상사고,0,1,3,0,56,여,15년이상,,승용,비사업용,승용,진입회전사고,맑음,주간,차대차,차대차-기타,신호위반,특별광역시도,서울시청삼거리,37.5657037,126.9768616,양천구,
2018,6,14,목요일,6,중상사고,0,1,0,0,50,남,15년이상,,승용,비사업용,승용,진입회전사고,비,새벽,차대차,정면충돌,신호위반,특별광역시도,서울시청삼거리,37.5657037,126.9768616,양천구,
2018,6,28,목요일,6,경상사고,0,0,1,0,56,남,15년이상,,승용,비사업용,보행자,기타사고,맑음,새벽,차대사람,차대사람-기타,안전운전불이행,특별광역시도,서울시청삼거리,37.5657037,126.9768616,양천구,
2018,6,2,토요일,10,경상사고,0,0,1,0,36,남,15년이상,,화물,비사업용,이륜,일직선사고,맑음,주간,차대차,추돌(진행중),안전운전불이행,특별광역시도,서울시청삼거리,37.5657037,126.9768616,양천구,
2018,7,30,월요일,9,중상사고,0,1,1,0,39,남,15년이상,,승용,비사업용,승용,진입회전사고,맑음,주간,차대차,측면직각충돌,신호위반,특별광역시도,서울시청삼거리,37.5657037,126.9768616,양천구,
2018,7,24,화요일,17,경상사고,0,0,1,0,65,여,15년이상,,승용,비사업용,원동기,진입회전사고,맑음,주간,차대차,측면직각충돌,안전운전불이행,특별광역시도,서울시청삼거리,37.5657037,126.9768616,양천구,
2018,12,31,월요일,22,경상사고,0,0,1,0,43,남,15년이상,0,승용,비사업용,승용,기타사고,맑음,심야,차대차,차대차-기타,안전운전불이행,특별광역시도,서울시청삼거리,37.5657037,126.9768616,양천구,
2017,2,17,금요일,14,중상사고,0,1,0,0,53,남,15년이상,,승용,비사업용,이륜,기타사고,맑음,주간,차대차,차대차-기타,안전운전불이행,특별광역시도,신월119안전센터앞사거리,37.5351137,126.8281706,양천구,
2017,4,25,화요일,20,중상사고,0,1,0,0,65,남,15년이상,,승합,비사업용,보행자,보행횡단사고,맑음,출퇴근,차대사람,횡단중,안전운전불이행,특별광역시도,신월119안전센터앞사거리,37.5351137,126.8281706,양천구,
2017,6,22,목요일,8,중상사고,0,1,0,0,69,남,15년이상,,화물,비사업용,이륜,진입회전사고,맑음,출퇴근,차대차,측면직각충돌,안전운전불이행,특별광역시도,신월119안전센터앞사거리,37.5351137,126.8281706,양천구,
2017,8,21,월요일,23,중상사고,0,2,0,0,18,남,3년미만,0,이륜,기타,기타,기타사고,맑음,심야,차량단독,전도전복,안전운전불이행,특별광역시도,신월119안전센터앞사거리,37.5351137,126.8281706,양천구,
2018,3,5,월요일,9,부상사고,0,0,0,1,71,남,15년이상,,승용,사업용,기타,기타사고,맑음,주간,차대차,차대차-기타,안전운전불이행,특별광역시도,신월119안전센터앞사거리,37.5351137,126.8281706,양천구,
2018,4,25,수요일,10,경상사고,0,0,1,0,46,남,15년이상,,승용,비사업용,건설기계,기타사고,맑음,주간,차대차,차대차-기타,안전운전불이행,특별광역시도,신월119안전센터앞사거리,37.5351137,126.8281706,양천구,
2018,6,30,토요일,15,부상사고,0,0,0,5,58,남,15년이상,0,승용,비사업용,승합,기타사고,맑음,주간,차대차,차대차-기타,안전거리미확보,특별광역시도,신월119안전센터앞사거리,37.5351137,126.8281706,양천구,
2018,7,23,월요일,18,중상사고,0,1,0,0,53,여,15년이상,,승용,비사업용,보행자,기타사고,맑음,출퇴근,차대사람,차도통행중,안전운전불이행,특별광역시도,신월119안전센터앞사거리,37.5351137,126.8281706,양천구,
2018,7,10,화요일,18,경상사고,0,0,1,0,41,남,15년미만,,승합,사업용,화물,기타사고,맑음,출퇴근,차대차,차대차-기타,안전운전불이행,특별광역시도,신월119안전센터앞사거리,37.5351137,126.8281706,양천구,
2018,11,17,토요일,17,경상사고,0,0,1,1,47,남,15년미만,,승용,비사업용,이륜,기타사고,맑음,주간,차대차,차대차-기타,안전운전불이행,특별광역시도,신월119안전센터앞사거리,37.5351137,126.8281706,양천구,
2018,12,8,토요일,16,경상사고,0,0,1,0,43,남,15년이상,,승용,사업용,이륜,기타사고,맑음,주간,차대차,차대차-기타,안전운전불이행,특별광역시도,신월119안전센터앞사거리,37.5351137,126.8281706,양천구,
2019,2,23,토요일,6,경상사고,0,0,1,0,60,남,15년이상,,승용,사업용,승용,기타사고,맑음,새벽,차대차,차대차-기타,안전운전불이행,특별광역시도,신월119안전센터앞사거리,37.5351137,126.8281706,양천구,
2019,4,15,월요일,18,경상사고,0,0,1,0,35,남,15년이상,,승용,비사업용,보행자,기타사고,맑음,출퇴근,차대사람,차대사람-기타,안전운전불이행,특별광역시도,신월119안전센터앞사거리,37.5351137,126.8281706,양천구,
2019,11,5,화요일,14,중상사고,0,1,0,0,68,남,15년이상,,승용,비사업용,보행자,진입회전사고,맑음,주간,차대사람,횡단중,신호위반,특별광역시도,신월119안전센터앞사거리,37.5351137,126.8281706,양천구,
2019,11,4,월요일,18,경상사고,0,0,1,0,45,남,10년미만,,승용,비사업용,승용,기타사고,맑음,출퇴근,차대차,차대차-기타,안전운전불이행,특별광역시도,신월119안전센터앞사거리,37.5351137,126.8281706,양천구,
2019,12,5,목요일,8,경상사고,0,0,1,0,34,여,15년미만,,승용,비사업용,보행자,기타사고,맑음,출퇴근,차대사람,차대사람-기타,안전운전불이행,특별광역시도,신월119안전센터앞사거리,37.5351137,126.8281706,양천구,
2019,12,19,목요일,18,경상사고,0,0,1,0,54,여,15년미만,,승용,비사업용,승용,진입회전사고,맑음,출퇴근,차대차,차대차-기타,신호위반,특별광역시도,신월119안전센터앞사거리,37.5351137,126.8281706,양천구,
2017,1,28,토요일,17,경상사고,0,0,1,0,불명,불명,데이터오류,,기타,데이터오류,기타,기타사고,맑음,주간,차대사람,길가장자리구역통행중,안전운전불이행,특별광역시도,신월동우체국사거리,37.534809,126.828765,양천구,
2017,1,24,화요일,18,경상사고,0,0,1,0,57,남,15년이상,,승용,비사업용,이륜,일직선사고,맑음,출퇴근,차대차,정면충돌,차로위반,특별광역시도,신월동우체국사거리,37.534809,126.828765,양천구,
2017,8,16,수요일,16,중상사고,0,1,0,0,49,남,15년이상,,승용,비사업용,보행자,기타사고,맑음,주간,차대사람,차대사람-기타,안전운전불이행,특별광역시도,신월동우체국사거리,37.534809,126.828765,양천구,
2017,10,24,화요일,10,경상사고,0,0,1,0,32,남,15년미만,,승용,비사업용,이륜,기타사고,맑음,주간,차대차,차대차-기타,안전거리미확보,특별광역시도,신월동우체국사거리,37.534809,126.828765,양천구,
2018,4,29,일요일,15,중상사고,0,1,0,0,48,남,15년이상,,승용,사업용,보행자,기타사고,맑음,주간,차대사람,차대사람-기타,안전운전불이행,특별광역시도,신월동우체국사거리,37.534809,126.828765,양천구,
2018,6,17,일요일,21,경상사고,0,0,1,0,40,남,15년이상,,승합,사업용,기타,기타사고,맑음,심야,차량단독,차량단독-기타,안전운전불이행,특별광역시도,신월동우체국사거리,37.534809,126.828765,양천구,
2018,7,19,목요일,9,경상사고,0,0,1,0,75,남,15년이상,,승용,비사업용,보행자,기타사고,맑음,주간,차대사람,차대사람-기타,안전운전불이행,특별광역시도,신월동우체국사거리,37.534809,126.828765,양천구,
2018,10,5,금요일,23,경상사고,0,0,1,0,61,남,데이터오류,,승용,비사업용,승용,진입회전사고,비,심야,차대차,측면직각충돌,안전운전불이행,특별광역시도,신월동우체국사거리,37.534809,126.828765,양천구,
2019,9,27,금요일,13,중상사고,0,1,0,0,20,남,15년이상,,자전거,데이터오류,보행자,기타사고,맑음,주간,차대사람,차도통행중,안전운전불이행,특별광역시도,신월동우체국사거리,37.534809,126.828765,양천구,
2017,3,25,토요일,5,경상사고,0,0,3,0,42,남,15년이상,,승용,비사업용,화물,일직선사고,맑음,새벽,차대차,정면충돌,안전운전불이행,특별광역시도,신월사거리,37.5358414,126.8283183,양천구,
2017,4,1,토요일,8,경상사고,0,0,1,0,25,남,10년미만,,승용,비사업용,승용,기타사고,맑음,출퇴근,차대차,차대차-기타,차로위반,특별광역시도,신월사거리,37.5358414,126.8283183,양천구,
2017,7,28,금요일,8,중상사고,0,1,2,0,32,남,15년이상,0,승용,비사업용,승용,일직선사고,맑음,출퇴근,차대차,정면충돌,안전운전불이행,특별광역시도,신월사거리,37.5358414,126.8283183,양천구,
2018,1,27,토요일,23,경상사고,0,0,2,0,37,남,15년이상,0,승용,비사업용,승용,일직선사고,맑음,심야,차대차,추돌(진행중),안전운전불이행,특별광역시도,신월사거리,37.5358414,126.8283183,양천구,
2018,3,4,일요일,10,경상사고,0,0,1,0,55,여,15년이상,,승용,비사업용,승용,일직선사고,맑음,주간,차대차,추돌(진행중),안전운전불이행,특별광역시도,신월사거리,37.5358414,126.8283183,양천구,
2018,7,11,수요일,10,경상사고,0,0,1,0,62,여,15년이상,,승용,비사업용,승용,기타사고,맑음,주간,차대차,차대차-기타,교차로운행방법위반,특별광역시도,신월사거리,37.5358414,126.8283183,양천구,
2018,7,11,수요일,16,부상사고,0,0,0,1,24,남,10년미만,,승용,비사업용,기타,일직선사고,흐림,주간,차대차,추돌(진행중),안전운전불이행,특별광역시도,신월사거리,37.5358414,126.8283183,양천구,
2018,8,6,월요일,17,경상사고,0,0,3,0,49,여,15년이상,,승용,비사업용,승용,기타사고,맑음,주간,차대차,차대차-기타,안전운전불이행,특별광역시도,신월사거리,37.5358414,126.8283183,양천구,
2018,10,3,수요일,19,경상사고,0,0,1,0,72,남,15년이상,,승용,사업용,승용,진입회전사고,맑음,출퇴근,차대차,측면직각충돌,안전거리미확보,특별광역시도,신월사거리,37.5358414,126.8283183,양천구,
2018,11,10,토요일,4,부상사고,0,0,0,1,65,남,15년이상,,승용,사업용,보행자,기타사고,맑음,심야,차대사람,차대사람-기타,안전운전불이행,특별광역시도,신월사거리,37.5358414,126.8283183,양천구,
2018,11,30,금요일,8,경상사고,0,0,1,0,33,여,2년미만,,승용,비사업용,승용,기타사고,맑음,출퇴근,차대차,차대차-기타,안전운전불이행,특별광역시도,신월사거리,37.5358414,126.8283183,양천구,
2019,5,1,수요일,13,경상사고,0,0,2,0,58,여,2년미만,,승용,비사업용,승용,기타사고,맑음,주간,차대차,차대차-기타,안전운전불이행,특별광역시도,신월사거리,37.5358414,126.8283183,양천구,
2019,5,16,목요일,16,경상사고,0,0,1,0,57,남,15년이상,,승용,사업용,원동기,진입회전사고,맑음,주간,차대차,측면직각충돌,신호위반,특별광역시도,신월사거리,37.5358414,126.8283183,양천구,
2019,8,23,금요일,18,경상사고,0,0,1,0,62,남,15년이상,,승용,비사업용,이륜,일직선사고,맑음,출퇴근,차대차,추돌(진행중),안전운전불이행,특별광역시도,신월사거리,37.5358414,126.8283183,양천구,
2019,9,4,수요일,10,부상사고,0,0,0,1,27,남,10년미만,,승용,비사업용,이륜,기타사고,비,주간,차대차,차대차-기타,안전운전불이행,특별광역시도,신월사거리,37.5358414,126.8283183,양천구,
2017,1,4,수요일,1,경상사고,0,0,1,0,73,남,15년이상,,승용,사업용,화물,진입회전사고,맑음,심야,차대차,측면직각충돌,안전운전불이행,특별광역시도,신월사거리,37.5358414,126.8283183,양천구,
2017,1,23,월요일,9,경상사고,0,0,1,0,39,남,15년이상,,승합,기타,승합,기타사고,맑음,주간,차대차,차대차-기타,불법유턴,특별광역시도,신월사거리,37.5358414,126.8283183,양천구,
2017,1,30,월요일,14,중상사고,0,1,1,0,65,남,15년이상,,승용,사업용,승용,일직선사고,맑음,주간,차대차,정면충돌,안전운전불이행,특별광역시도,신월사거리,37.5358414,126.8283183,양천구,
2017,1,11,수요일,21,경상사고,0,0,1,0,56,남,15년이상,,승용,사업용,원동기,기타사고,맑음,심야,차대차,차대차-기타,데이터없음,특별광역시도,신월사거리,37.5358414,126.8283183,양천구,
2017,1,10,화요일,22,경상사고,0,0,2,0,66,남,15년이상,,승용,사업용,승용,진입회전사고,맑음,심야,차대차,측면직각충돌,중앙선침범,특별광역시도,신월사거리,37.5358414,126.8283183,양천구,