년도,월,일,요일,시각,사고등급,사망자수,중상자수,경상자수,부상자수,연령,성별,경력,음주,종별,용도,관련자2,사고형태,기상상태,일광상태,사고유형1,사고유형2,법규위반,도로종류,지점명,위도,경도,자치구,
2017,1,24,화요일,22,경상사고,0,0,2,0,33,남,15년이상,,승용,비사업용,승용,일직선사고,맑음,심야,차대차,추돌(진행중),안전거리미확보,특별광역시도,신월사거리,37.5358414,126.8283183,양천구,
2017,2,23,목요일,7,경상사고,0,0,1,0,불명,불명,데이터오류,,기타,데이터오류,기타,기타사고,맑음,출퇴근,차대사람,차대사람-기타,보행자보호의무위반,특별광역시도,신월사거리,37.5358414,126.8283183,양천구,
2017,3,6,월요일,3,경상사고,0,0,2,0,53,남,15년이상,,승용,사업용,화물,일직선사고,맑음,심야,차대차,추돌(진행중),안전거리미확보,특별광역시도,신월사거리,37.5358414,126.8283183,양천구,
2017,3,3,금요일,15,경상사고,0,0,1,0,53,남,15년이상,,화물,비사업용,화물,일직선사고,맑음,주간,차대차,추돌(진행중),안전거리미확보,특별광역시도,신월사거리,37.5358414,126.8283183,양천구,
2017,3,30,목요일,23,부상사고,0,0,0,1,39,남,15년이상,,승용,비사업용,원동기,기타사고,흐림,심야,차대차,차대차-기타,불법유턴,특별광역시도,신월사거리,37.5358414,126.8283183,양천구,
2017,5,20,토요일,0,부상사고,0,0,0,2,58,남,15년이상,,승용,사업용,승용,일직선사고,맑음,심야,차대차,추돌(진행중),안전운전불이행,특별광역시도,신월사거리,37.5358414,126.8283183,양천구,
2017,5,4,목요일,4,부상사고,0,0,0,1,64,남,15년이상,,승용,사업용,이륜,진입회전사고,맑음,심야,차대차,차대차-기타,신호위반,특별광역시도,신월사거리,37.5358414,126.8283183,양천구,
2017,5,30,화요일,16,경상사고,0,0,1,0,35,여,5년미만,,승용,비사업용,승용,기타사고,맑음,주간,차대차,차대차-기타,안전거리미확보,특별광역시도,신월사거리,37.5358414,126.8283183,양천구,
2017,6,2,금요일,7,부상사고,0,0,0,1,26,남,4년미만,,승용,비사업용,화물,기타사고,맑음,출퇴근,차대차,차대차-기타,안전거리미확보,특별광역시도,신월사거리,37.5358414,126.8283183,양천구,
2017,8,27,일요일,1,경상사고,0,0,3,0,42,여,15년이상,0,승용,비사업용,승용,일직선사고,맑음,심야,차대차,정면충돌,데이터없음,특별광역시도,신월사거리,37.5358414,126.8283183,양천구,
2017,8,21,월요일,11,경상사고,0,0,1,0,44,남,15년이상,,승합,사업용,승합,기타사고,맑음,주간,차대차,차대차-기타,안전운전불이행,특별광역시도,신월사거리,37.5358414,126.8283183,양천구,
2017,9,25,월요일,13,중상사고,0,1,0,0,19,남,15년이상,,승용,사업용,이륜,기타사고,맑음,주간,차대차,차대차-기타,안전운전불이행,특별광역시도,신월사거리,37.5358414,126.8283183,양천구,
2017,9,8,금요일,15,경상사고,0,0,2,0,59,남,15년이상,,승용,비사업용,승합,기타사고,맑음,주간,차대차,차대차-기타,안전거리미확보,특별광역시도,신월사거리,37.5358414,126.8283183,양천구,
2017,9,27,수요일,23,중상사고,0,1,0,0,49,남,15년이상,,승합,사업용,기타,기타사고,맑음,심야,차량단독,차량단독-기타,안전운전불이행,특별광역시도,신월사거리,37.5358414,126.8283183,양천구,
2018,1,6,토요일,4,중상사고,0,1,0,0,31,남,15년미만,,화물,사업용,보행자,기타사고,맑음,심야,차대사람,차대사람-기타,안전운전불이행,특별광역시도,신월사거리,37.5358414,126.8283183,양천구,
2018,2,6,화요일,8,경상사고,0,0,1,0,불명,불명,데이터오류,,기타,기타,기타,기타사고,맑음,출퇴근,차대차,차대차-기타,안전운전불이행,특별광역시도,신월사거리,37.5358414,126.8283183,양천구,
2018,2,7,수요일,14,중상사고,0,1,0,0,55,남,15년이상,,건설기계,비사업용,건설기계,일직선사고,맑음,주간,차대차,추돌(진행중),안전운전불이행,특별광역시도,신월사거리,37.5358414,126.8283183,양천구,
2018,3,12,월요일,9,경상사고,0,0,1,0,41,남,15년이상,,승합,사업용,기타,기타사고,맑음,주간,차량단독,차량단독-기타,안전운전불이행,특별광역시도,신월사거리,37.5358414,126.8283183,양천구,
2018,3,28,수요일,13,경상사고,0,0,2,0,59,남,15년이상,,화물,비사업용,화물,진입회전사고,맑음,주간,차대차,차대차-기타,신호위반,특별광역시도,신월사거리,37.5358414,126.8283183,양천구,
2018,4,21,토요일,6,부상사고,0,0,0,1,60,남,15년이상,,승용,사업용,이륜,진입회전사고,맑음,새벽,차대차,측면직각충돌,신호위반,특별광역시도,신월사거리,37.5358414,126.8283183,양천구,
2018,5,15,화요일,11,중상사고,0,1,0,0,45,남,15년이상,,승합,사업용,보행자,기타사고,맑음,주간,차대사람,차대사람-기타,안전운전불이행,특별광역시도,신월사거리,37.5358414,126.8283183,양천구,
2018,6,23,토요일,2,경상사고,0,0,1,0,46,남,15년이상,0,승용,비사업용,화물,일직선사고,맑음,심야,차대차,추돌(진행중),안전운전불이행,특별광역시도,신월사거리,37.5358414,126.8283183,양천구,
2018,6,5,화요일,10,중상사고,0,1,0,0,54,남,15년이상,,승용,사업용,이륜,진입회전사고,맑음,주간,차대차,측면직각충돌,차로위반,특별광역시도,신월사거리,37.5358414,126.8283183,양천구,
2018,7,4,수요일,11,경상사고,0,0,1,0,63,남,10년미만,,승용,사업용,승용,일직선사고,맑음,주간,차대차,추돌(진행중),안전운전불이행,특별광역시도,신월사거리,37.5358414,126.8283183,양천구,
2018,7,30,월요일,21,경상사고,0,0,1,0,37,남,15년미만,,승용,비사업용,승용,일직선사고,맑음,심야,차대차,추돌(진행중),안전운전불이행,특별광역시도,신월사거리,37.5358414,126.8283183,양천구,
2018,8,5,일요일,1,부상사고,0,0,0,1,29,남,15년이상,,승용,비사업용,승용,일직선사고,맑음,심야,차대차,추돌(진행중),안전운전불이행,특별광역시도,신월사거리,37.5358414,126.8283183,양천구,
2018,8,19,일요일,18,경상사고,0,0,1,0,61,남,15년이상,,승합,사업용,승합,기타사고,맑음,출퇴근,차대차,차대차-기타,안전거리미확보,특별광역시도,신월사거리,37.5358414,126.8283183,양천구,
2018,8,15,수요일,20,경상사고,0,0,2,0,57,남,5년미만,,승용,비사업용,승용,기타사고,맑음,출퇴근,차대차,차대차-기타,안전운전불이행,특별광역시도,신월사거리,37.5358414,126.8283183,양천구,
2018,10,30,화요일,4,중상사고,0,1,1,0,60,남,15년이상,,승용,사업용,승용,기타사고,맑음,심야,차대차,차대차-기타,안전운전불이행,특별광역시도,신월사거리,37.5358414,126.8283183,양천구,
2018,10,9,화요일,5,중상사고,0,1,1,0,27,남,15년이상,,승용,비사업용,승합,진입회전사고,맑음,새벽,차대차,측면직각충돌,신호위반,특별광역시도,신월사거리,37.5358414,126.8283183,양천구,
2018,10,2,화요일,22,경상사고,0,0,2,0,63,남,15년이상,,승용,사업용,승용,기타사고,맑음,심야,차대차,차대차-기타,안전운전불이행,특별광역시도,신월사거리,37.5358414,126.8283183,양천구,
2019,1,13,일요일,5,중상사고,0,1,0,0,53,남,15년이상,,화물,비사업용,보행자,보행횡단사고,맑음,새벽,차대사람,횡단중,보행자보호의무위반,특별광역시도,신월사거리,37.5358414,126.8283183,양천구,
2019,3,20,수요일,4,중상사고,0,1,0,0,68,남,15년이상,,승용,사업용,승용,진입회전사고,맑음,심야,차대차,측면직각충돌,신호위반,특별광역시도,신월사거리,37.5358414,126.8283183,양천구,
2019,3,18,월요일,15,경상사고,0,0,1,0,65,남,15년이상,,이륜,데이터오류,이륜,진입회전사고,맑음,주간,차대차,측면직각충돌,신호위반,특별광역시도,신월사거리,37.5358414,126.8283183,양천구,
2019,3,15,금요일,19,경상사고,0,0,2,0,59,남,15년이상,,승합,비사업용,화물,일직선사고,맑음,출퇴근,차대차,추돌(진행중),안전거리미확보,특별광역시도,신월사거리,37.5358414,126.8283183,양천구,
2019,4,16,화요일,5,중상사고,0,1,0,0,58,남,15년이상,,화물,비사업용,보행자,보행횡단사고,맑음,새벽,차대사람,횡단중,안전운전불이행,특별광역시도,신월사거리,37.5358414,126.8283183,양천구,
2019,4,15,월요일,8,경상사고,0,0,1,0,54,남,15년이상,,화물,비사업용,화물,기타사고,맑음,출퇴근,차대차,차대차-기타,안전운전불이행,특별광역시도,신월사거리,37.5358414,126.8283183,양천구,
2019,5,11,토요일,12,경상사고,0,0,5,0,21,남,4년미만,,승용,사업용,이륜,일직선사고,맑음,주간,차대차,정면충돌,중앙선침범,특별광역시도,신월사거리,37.5358414,126.8283183,양천구,
2019,5,1,수요일,17,중상사고,0,2,0,0,38,남,15년이상,,승용,비사업용,승용,진입회전사고,맑음,주간,차대차,차대차-기타,신호위반,특별광역시도,신월사거리,37.5358414,126.8283183,양천구,
2019,7,16,화요일,12,부상사고,0,0,0,1,60,남,15년이상,,화물,사업용,자전거,기타사고,맑음,주간,차대차,차대차-기타,안전운전불이행,특별광역시도,신월사거리,37.5358414,126.8283183,양천구,
2019,8,28,수요일,9,경상사고,0,0,1,0,46,여,15년이상,,승용,비사업용,이륜,진입회전사고,맑음,주간,차대차,측면직각충돌,신호위반,특별광역시도,신월사거리,37.5358414,126.8283183,양천구,
2019,8,22,목요일,22,경상사고,0,0,1,0,71,남,15년이상,,승용,사업용,이륜,진입회전사고,맑음,심야,차대차,측면직각충돌,신호위반,특별광역시도,신월사거리,37.5358414,126.8283183,양천구,
2019,9,12,목요일,18,경상사고,0,0,1,0,21,남,2년미만,,승용,비사업용,승용,진입회전사고,비,출퇴근,차대차,측면직각충돌,안전운전불이행,특별광역시도,신월사거리,37.5358414,126.8283183,양천구,
2019,10,26,토요일,10,경상사고,0,0,1,0,53,남,15년미만,,승용,비사업용,자전거,기타사고,맑음,주간,차대차,차대차-기타,안전운전불이행,특별광역시도,신월사거리,37.5358414,126.8283183,양천구,
2019,11,28,목요일,5,경상사고,0,0,1,0,43,남,15년이상,,승용,비사업용,승용,진입회전사고,맑음,새벽,차대차,측면직각충돌,신호위반,특별광역시도,신월사거리,37.5358414,126.8283183,양천구,
2019,11,29,금요일,16,경상사고,0,0,3,0,39,남,15년이상,,승용,비사업용,승용,기타사고,맑음,주간,차대차,차대차-기타,안전운전불이행,특별광역시도,신월사거리,37.5358414,126.8283183,양천구,
2019,11,7,목요일,20,경상사고,0,0,2,0,43,남,10년미만,,승용,비사업용,승용,일직선사고,맑음,출퇴근,차대차,추돌(진행중),안전운전불이행,특별광역시도,신월사거리,37.5358414,126.8283183,양천구,
2019,11,10,일요일,22,경상사고,0,0,1,0,57,남,15년이상,0,승용,사업용,승용,일직선사고,맑음,심야,차대차,추돌(진행중),안전운전불이행,특별광역시도,신월사거리,37.5358414,126.8283183,양천구,
2019,12,6,금요일,10,중상사고,0,1,3,0,21,남,15년이상,,승용,비사업용,승합,기타사고,맑음,주간,차대차,차대차-기타,안전운전불이행,특별광역시도,신월사거리,37.5358414,126.8283183,양천구,
2019,12,30,월요일,20,중상사고,0,1,1,0,53,남,15년이상,,승합,사업용,승합,일직선사고,맑음,출퇴근,차대차,추돌(진행중),안전거리미확보,특별광역시도,신월사거리,37.5358414,126.8283183,양천구,
2017,1,15,일요일,6,중상사고,0,1,0,0,68,남,15년이상,,승용,사업용,보행자,보행횡단사고,맑음,새벽,차대사람,횡단중,안전운전불이행,특별광역시도,신월사거리,37.5358414,126.8283183,양천구,
2018,6,27,수요일,12,중상사고,0,2,0,0,50,여,15년이상,,승용,비사업용,승용,기타사고,맑음,주간,차대차,차대차-기타,안전운전불이행,특별광역시도,신월사거리,37.5358414,126.8283183,양천구,
2018,6,15,금요일,16,중상사고,0,1,5,0,71,남,15년이상,,승용,비사업용,승용,기타사고,맑음,주간,차대차,차대차-기타,안전운전불이행,특별광역시도,신월사거리,37.5358414,126.8283183,양천구,
2018,6,19,화요일,16,경상사고,0,0,2,0,33,남,10년미만,,승용,비사업용,화물,기타사고,맑음,주간,차대차,차대차-기타,안전거리미확보,특별광역시도,신월사거리,37.5358414,126.8283183,양천구,
2018,10,13,토요일,11,경상사고,0,0,2,0,66,남,15년이상,,화물,비사업용,화물,기타사고,맑음,주간,차대차,차대차-기타,안전거리미확보,특별광역시도,신월사거리,37.5358414,126.8283183,양천구,
2019,1,1,화요일,20,경상사고,0,0,1,0,46,남,15년이상,0,승용,비사업용,기타,일직선사고,맑음,출퇴근,차대차,추돌(진행중),안전운전불이행,특별광역시도,신월사거리,37.5358414,126.8283183,양천구,
2019,11,19,화요일,9,경상사고,0,0,2,0,55,여,15년이상,,승용,비사업용,특수,기타사고,맑음,주간,차대차,차대차-기타,안전운전불이행,특별광역시도,신월사거리,37.5358414,126.8283183,양천구,
2019,12,7,토요일,0,경상사고,0,0,1,0,65,남,15년이상,,승용,사업용,보행자,기타사고,맑음,심야,차대사람,차대사람-기타,안전운전불이행,특별광역시도,신월사거리,37.5358414,126.8283183,양천구,
2019,12,4,수요일,13,중상사고,0,2,0,0,76,남,15년이상,,승용,비사업용,이륜,진입회전사고,맑음,주간,차대차,측면직각충돌,안전거리미확보,특별광역시도,신월사거리,37.5358414,126.8283183,양천구,
2017,1,9,월요일,15,경상사고,0,0,1,0,59,남,15년이상,,승용,비사업용,승합,기타사고,맑음,주간,차대차,차대차-기타,안전운전불이행,특별광역시도,신정네거리역사거리,37.520209,126.852796,양천구,
2017,1,24,화요일,19,경상사고,0,0,1,0,63,남,15년이상,,승용,사업용,승용,기타사고,흐림,출퇴근,차대차,차대차-기타,안전운전불이행,특별광역시도,신정네거리역사거리,37.520209,126.852796,양천구,
2017,3,25,토요일,5,중상사고,0,1,0,0,40,남,15년이상,0,화물,사업용,보행자,진입회전사고,맑음,새벽,차대사람,횡단중,신호위반,특별광역시도,신정네거리역사거리,37.520209,126.852796,양천구,
2017,6,7,수요일,14,경상사고,0,0,1,2,60,남,15년이상,,승용,사업용,승용,일직선사고,비,주간,차대차,추돌(진행중),안전거리미확보,특별광역시도,신정네거리역사거리,37.520209,126.852796,양천구,
2017,6,21,수요일,14,경상사고,0,0,1,0,58,남,15년이상,,승합,사업용,이륜,진입회전사고,맑음,주간,차대차,정면충돌,신호위반,특별광역시도,신정네거리역사거리,37.520209,126.852796,양천구,
2017,7,29,토요일,20,중상사고,0,1,0,0,17,남,15년이상,,이륜,기타,보행자,보행횡단사고,맑음,출퇴근,차대사람,횡단중,안전운전불이행,특별광역시도,신정네거리역사거리,37.520209,126.852796,양천구,
2017,9,24,일요일,12,경상사고,0,0,1,0,13,남,데이터오류,,자전거,기타,보행자,기타사고,맑음,주간,차대사람,차대사람-기타,안전운전불이행,특별광역시도,신정네거리역사거리,37.520209,126.852796,양천구,
2017,12,24,일요일,10,경상사고,0,0,2,1,56,남,15년이상,,승용,사업용,승용,진입회전사고,맑음,주간,차대차,측면직각충돌,신호위반,특별광역시도,신정네거리역사거리,37.520209,126.852796,양천구,
2017,12,30,토요일,17,중상사고,0,1,3,0,64,여,15년이상,,승용,비사업용,승용,진입회전사고,비,주간,차대차,측면직각충돌,신호위반,특별광역시도,신정네거리역사거리,37.520209,126.852796,양천구,
2018,1,19,금요일,21,중상사고,0,1,0,0,49,남,15년이상,,승용,비사업용,보행자,보행횡단사고,맑음,심야,차대사람,횡단중,안전운전불이행,특별광역시도,신정네거리역사거리,37.520209,126.852796,양천구,
2018,2,12,월요일,18,중상사고,0,1,2,0,51,남,15년이상,,승용,사업용,승용,일직선사고,맑음,출퇴근,차대차,추돌(진행중),안전거리미확보,특별광역시도,신정네거리역사거리,37.520209,126.852796,양천구,
2018,5,20,일요일,0,중상사고,0,1,1,0,71,남,15년이상,,승용,사업용,승용,진입회전사고,맑음,심야,차대차,차대차-기타,신호위반,특별광역시도,신정네거리역사거리,37.520209,126.852796,양천구,
2018,9,25,화요일,15,중상사고,0,1,0,0,36,남,15년이상,,승용,비사업용,승용,기타사고,맑음,주간,차대차,차대차-기타,안전운전불이행,특별광역시도,신정네거리역사거리,37.520209,126.852796,양천구,
2018,10,28,일요일,17,경상사고,0,0,1,0,71,남,15년이상,,승합,비사업용,승합,기타사고,흐림,주간,차대차,차대차-기타,안전운전불이행,특별광역시도,신정네거리역사거리,37.520209,126.852796,양천구,
2019,2,3,일요일,0,중상사고,0,1,0,0,67,남,15년이상,,승용,사업용,보행자,기타사고,비,심야,차대사람,차대사람-기타,안전운전불이행,특별광역시도,신정네거리역사거리,37.520209,126.852796,양천구,
2019,2,3,일요일,2,부상사고,0,0,0,1,62,남,15년이상,,승용,사업용,기타,기타사고,맑음,심야,차량단독,차량단독-기타,안전운전불이행,특별광역시도,신정네거리역사거리,37.520209,126.852796,양천구,
2019,5,4,토요일,0,경상사고,0,0,1,0,61,남,15년이상,,승용,사업용,이륜,진입회전사고,맑음,심야,차대차,추돌(진행중),신호위반,특별광역시도,신정네거리역사거리,37.520209,126.852796,양천구,
2019,8,12,월요일,14,부상사고,0,0,0,1,72,남,15년이상,,승용,비사업용,이륜,진입회전사고,맑음,주간,차대차,차대차-기타,신호위반,특별광역시도,신정네거리역사거리,37.520209,126.852796,양천구,
2019,9,15,일요일,21,경상사고,0,0,2,0,68,남,15년이상,,승용,비사업용,승용,진입회전사고,맑음,심야,차대차,측면직각충돌,차로위반,특별광역시도,신정네거리역사거리,37.520209,126.852796,양천구,
2019,10,21,월요일,21,경상사고,0,0,1,0,53,남,15년이상,,승용,사업용,승용,일직선사고,맑음,심야,차대차,추돌(진행중),안전거리미확보,특별광역시도,신정네거리역사거리,37.520209,126.852796,양천구,
2019,11,9,토요일,18,중상사고,0,1,0,0,52,남,15년이상,,승용,비사업용,자전거,진입회전사고,맑음,출퇴근,차대차,측면직각충돌,신호위반,특별광역시도,신정네거리역사거리,37.520209,126.852796,양천구,
2019,12,7,토요일,21,중상사고,0,1,4,1,15,여,데이터오류,,승용,사업용,승용,일직선사고,맑음,심야,차대차,추돌(진행중),안전운전불이행,특별광역시도,신정네거리역사거리,37.520209,126.852796,양천구,
2017,1,3,화요일,6,중상사고,0,4,4,0,56,남,15년이상,,화물,비사업용,화물,진입회전사고,맑음,새벽,차대차,정면충돌,신호위반,특별광역시도,신정네거리역사거리,37.520209,126.852796,양천구,
2017,1,6,금요일,7,중상사고,0,1,0,0,30,남,15년이상,,승용,비사업용,보행자,진입회전사고,맑음,출퇴근,차대사람,차도통행중,신호위반,특별광역시도,신정네거리역사거리,37.520209,126.852796,양천구,
2017,3,20,월요일,17,부상사고,0,0,0,1,55,여,15년이상,,승용,비사업용,승용,기타사고,맑음,주간,차대차,차대차-기타,안전운전불이행,특별광역시도,신정네거리역사거리,37.520209,126.852796,양천구,
2017,4,28,금요일,14,경상사고,0,0,1,0,불명,불명,데이터오류,,기타,데이터오류,기타,보행횡단사고,맑음,주간,차대사람,보도통행중,안전운전불이행,특별광역시도,신정네거리역사거리,37.520209,126.852796,양천구,
2017,12,30,토요일,23,경상사고,0,0,4,0,62,남,15년이상,0,승용,비사업용,승용,일직선사고,비,심야,차대차,추돌(진행중),안전거리미확보,특별광역시도,신정네거리역사거리,37.520209,126.852796,양천구,
2018,2,13,화요일,7,경상사고,0,0,1,0,70,남,15년이상,,승용,사업용,원동기,일직선사고,맑음,출퇴근,차대차,추돌(진행중),안전거리미확보,특별광역시도,신정네거리역사거리,37.520209,126.852796,양천구,
2018,2,24,토요일,17,경상사고,0,0,1,0,68,남,15년이상,,승용,비사업용,보행자,보행횡단사고,맑음,주간,차대사람,보도통행중,기타,특별광역시도,신정네거리역사거리,37.520209,126.852796,양천구,
2018,2,26,월요일,22,중상사고,0,1,1,0,59,남,15년이상,,승용,사업용,원동기,진입회전사고,맑음,심야,차대차,측면직각충돌,신호위반,특별광역시도,신정네거리역사거리,37.520209,126.852796,양천구,
2018,4,11,수요일,0,중상사고,0,1,0,0,65,남,15년이상,,승용,사업용,보행자,보행횡단사고,흐림,심야,차대사람,횡단중,안전운전불이행,특별광역시도,신정네거리역사거리,37.520209,126.852796,양천구,
2018,4,19,목요일,19,경상사고,0,0,1,0,63,남,15년이상,,승용,사업용,보행자,보행횡단사고,맑음,출퇴근,차대사람,횡단중,안전운전불이행,특별광역시도,신정네거리역사거리,37.520209,126.852796,양천구,
2018,5,12,토요일,21,경상사고,0,0,3,0,53,남,15년이상,,승용,비사업용,승용,기타사고,비,심야,차대차,차대차-기타,안전운전불이행,특별광역시도,신정네거리역사거리,37.520209,126.852796,양천구,
2018,6,12,화요일,20,경상사고,0,0,1,0,63,남,15년이상,,승용,사업용,원동기,기타사고,맑음,출퇴근,차대차,차대차-기타,기타,특별광역시도,신정네거리역사거리,37.520209,126.852796,양천구,
2018,7,11,수요일,23,경상사고,0,0,1,0,57,남,15년이상,,승용,비사업용,승용,진입회전사고,맑음,심야,차대차,측면직각충돌,안전거리미확보,특별광역시도,신정네거리역사거리,37.520209,126.852796,양천구,
2018,7,16,월요일,23,부상사고,0,0,0,1,41,남,15년이상,,승용,사업용,이륜,진입회전사고,맑음,심야,차대차,측면직각충돌,안전거리미확보,특별광역시도,신정네거리역사거리,37.520209,126.852796,양천구,
2018,8,4,토요일,5,경상사고,0,0,1,0,불명,불명,데이터오류,,기타,기타,기타,기타사고,맑음,새벽,차대차,차대차-기타,안전운전불이행,특별광역시도,신정네거리역사거리,37.520209,126.852796,양천구,
2018,8,24,금요일,19,중상사고,0,1,0,0,65,남,15년이상,,승합,사업용,기타,기타사고,맑음,출퇴근,차량단독,차량단독-기타,기타,특별광역시도,신정네거리역사거리,37.520209,126.852796,양천구,
2018,10,13,토요일,15,부상사고,0,0,0,1,불명,불명,데이터오류,,기타,기타,기타,기타사고,맑음,주간,차대차,차대차-기타,안전거리미확보,특별광역시도,신정네거리역사거리,37.520209,126.852796,양천구,
2018,11,20,화요일,12,경상사고,0,0,1,0,54,여,15년이상,,승용,비사업용,원동기,기타사고,맑음,주간,차대차,차대차-기타,안전운전불이행,특별광역시도,신정네거리역사거리,37.520209,126.852796,양천구,
2018,12,15,토요일,20,경상사고,0,0,1,0,54,여,15년이상,,승용,비사업용,승용,진입회전사고,맑음,출퇴근,차대차,측면직각충돌,안전운전불이행,특별광역시도,신정네거리역사거리,37.520209,126.852796,양천구,
2019,7,23,화요일,17,경상사고,0,0,2,1,61,여,15년이상,,승용,비사업용,승합,진입회전사고,맑음,주간,차대차,측면직각충돌,안전운전불이행,특별광역시도,신정네거리역사거리,37.520209,126.852796,양천구,
2019,7,5,금요일,19,중상사고,0,1,0,0,46,남,15년이상,,승용,비사업용,이륜,진입회전사고,맑음,출퇴근,차대차,측면직각충돌,안전거리미확보,특별광역시도,신정네거리역사거리,37.520209,126.852796,양천구,
2019,9,8,일요일,14,중상사고,0,1,0,0,55,남,4년미만,,승용,비사업용,승용,일직선사고,맑음,주간,차대차,추돌(진행중),안전운전불이행,특별광역시도,신정네거리역사거리,37.520209,126.852796,양천구,
2019,10,5,토요일,1,중상사고,0,1,0,1,58,남,15년이상,,승용,사업용,보행자,기타사고,맑음,심야,차대차,차대차-기타,안전운전불이행,특별광역시도,신정네거리역사거리,37.520209,126.852796,양천구,
2019,12,27,금요일,20,중상사고,0,1,0,0,40,남,15년이상,,승용,사업용,이륜,기타사고,흐림,출퇴근,차대차,차대차-기타,안전거리미확보,특별광역시도,신정네거리역사거리,37.520209,126.852796,양천구,
2017,2,28,화요일,18,경상사고,0,0,1,0,22,여,4년미만,,승용,비사업용,기타,일직선사고,맑음,출퇴근,차대차,추돌(진행중),안전운전불이행,특별광역시도,신트리공원앞사거리,37.5072598,126.7257458,양천구,
2017,4,29,토요일,15,경상사고,0,0,1,0,60,남,15년이상,,승용,비사업용,승용,진입회전사고,맑음,주간,차대차,정면충돌,신호위반,특별광역시도,신트리공원앞사거리,37.5072598,126.7257458,양천구,
2017,5,31,수요일,9,사망사고,1,0,0,0,60,남,15년이상,,승합,사업용,보행자,기타사고,맑음,주간,차대사람,차대사람-기타,안전운전불이행,특별광역시도,신트리공원앞사거리,37.5072598,126.7257458,양천구,
2017,7,10,월요일,13,부상사고,0,0,0,1,42,남,15년이상,,승용,비사업용,승용,일직선사고,비,주간,차대차,추돌(진행중),안전운전불이행,특별광역시도,신트리공원앞사거리,37.5072598,126.7257458,양천구,
2017,8,10,목요일,22,경상사고,0,0,1,0,30,남,15년이상,0,승용,비사업용,승합,진입회전사고,흐림,심야,차대차,측면직각충돌,신호위반,특별광역시도,신트리공원앞사거리,37.5072598,126.7257458,양천구,
2017,11,28,화요일,6,중상사고,0,1,1,0,63,남,15년이상,,승용,사업용,승용,진입회전사고,맑음,새벽,차대차,차대차-기타,신호위반,특별광역시도,신트리공원앞사거리,37.5072598,126.7257458,양천구,
2017,12,29,금요일,8,중상사고,0,1,0,0,71,남,15년이상,,승용,사업용,자전거,기타사고,맑음,출퇴근,차대차,차대차-기타,안전운전불이행,특별광역시도,신트리공원앞사거리,37.5072598,126.7257458,양천구,
2017,12,21,목요일,18,경상사고,0,0,1,0,59,남,15년이상,,승용,사업용,승용,진입회전사고,맑음,출퇴근,차대차,차대차-기타,신호위반,특별광역시도,신트리공원앞사거리,37.5072598,126.7257458,양천구,
2018,1,19,금요일,22,부상사고,0,0,0,1,60,남,15년이상,,승용,사업용,이륜,진입회전사고,맑음,심야,차대차,추돌(진행중),신호위반,특별광역시도,신트리공원앞사거리,37.5072598,126.7257458,양천구,
2018,2,11,일요일,10,중상사고,0,1,0,0,48,남,15년이상,,승용,비사업용,보행자,보행횡단사고,맑음,주간,차대사람,횡단중,보행자보호의무위반,특별광역시도,신트리공원앞사거리,37.5072598,126.7257458,양천구,
2018,3,22,목요일,23,중상사고,0,1,0,0,불명,불명,데이터오류,,기타,기타,기타,진입회전사고,맑음,심야,차대차,차대차-기타,신호위반,특별광역시도,신트리공원앞사거리,37.5072598,126.7257458,양천구,
2018,5,14,월요일,6,중상사고,0,2,2,0,48,여,15년이상,,승용,비사업용,보행자,일직선사고,맑음,새벽,차대차,추돌(진행중),안전운전불이행,특별광역시도,신트리공원앞사거리,37.5072598,126.7257458,양천구,
2018,6,23,토요일,15,중상사고,0,1,0,0,58,남,15년이상,,승합,사업용,기타,기타사고,맑음,주간,차량단독,차량단독-기타,안전운전불이행,특별광역시도,신트리공원앞사거리,37.5072598,126.7257458,양천구,
2018,8,7,화요일,0,중상사고,0,1,0,0,44,남,15년이상,,승합,비사업용,보행자,기타사고,맑음,심야,차대사람,차대사람-기타,안전운전불이행,특별광역시도,신트리공원앞사거리,37.5072598,126.7257458,양천구,
2018,12,21,금요일,7,경상사고,0,0,1,0,51,남,15년이상,,승용,비사업용,이륜,진입회전사고,맑음,출퇴근,차대차,측면직각충돌,안전운전불이행,특별광역시도,신트리공원앞사거리,37.5072598,126.7257458,양천구,
2019,3,21,목요일,22,중상사고,0,1,4,1,49,여,15년이상,,승용,비사업용,승용,진입회전사고,맑음,심야,차대차,측면직각충돌,신호위반,특별광역시도,신트리공원앞사거리,37.5072598,126.7257458,양천구,
2019,4,23,화요일,5,중상사고,0,1,1,0,53,남,15년이상,,승용,비사업용,이륜,진입회전사고,맑음,새벽,차대차,측면직각충돌,신호위반,특별광역시도,신트리공원앞사거리,37.5072598,126.7257458,양천구,
2019,4,22,월요일,18,경상사고,0,0,1,0,54,남,15년이상,,승합,사업용,이륜,기타사고,맑음,출퇴근,차대차,차대차-기타,안전운전불이행,특별광역시도,신트리공원앞사거리,37.5072598,126.7257458,양천구,
2019,6,9,일요일,0,중상사고,0,2,0,0,62,남,15년이상,,승용,사업용,승합,진입회전사고,맑음,심야,차대차,차대차-기타,신호위반,특별광역시도,신트리공원앞사거리,37.5072598,126.7257458,양천구,