년도,월,일,요일,시각,사고등급,사망자수,중상자수,경상자수,부상자수,연령,성별,경력,음주,종별,용도,관련자2,사고형태,기상상태,일광상태,사고유형1,사고유형2,법규위반,도로종류,지점명,위도,경도,자치구,
2019,8,2,금요일,8,중상사고,0,1,1,0,26,남,15년이상,,승용,비사업용,승용,기타사고,맑음,출퇴근,차대차,차대차-기타,안전운전불이행,특별광역시도,신트리공원앞사거리,37.5072598,126.7257458,양천구,
2019,8,12,월요일,11,경상사고,0,0,1,0,53,여,15년이상,,승용,비사업용,승용,진입회전사고,맑음,주간,차대차,측면직각충돌,교차로운행방법위반,특별광역시도,신트리공원앞사거리,37.5072598,126.7257458,양천구,
2019,10,19,토요일,15,중상사고,0,1,1,0,61,여,15년이상,,승용,비사업용,승용,진입회전사고,맑음,주간,차대차,측면직각충돌,신호위반,특별광역시도,신트리공원앞사거리,37.5072598,126.7257458,양천구,
2017,1,11,수요일,19,경상사고,0,0,1,0,29,남,10년미만,,승용,비사업용,승용,기타사고,맑음,출퇴근,차대차,차대차-기타,교차로운행방법위반,특별광역시도,양천우체국부근,37.5328427,126.8761749,양천구,
2017,2,21,화요일,7,경상사고,0,0,1,0,72,남,15년이상,,승용,사업용,승용,기타사고,맑음,출퇴근,차대차,차대차-기타,교차로운행방법위반,특별광역시도,양천우체국부근,37.5328427,126.8761749,양천구,
2017,2,22,수요일,11,중상사고,0,1,3,0,35,남,15년이상,,화물,사업용,화물,진입회전사고,비,주간,차대차,측면직각충돌,안전운전불이행,특별광역시도,양천우체국부근,37.5328427,126.8761749,양천구,
2017,3,28,화요일,11,경상사고,0,0,1,0,52,여,15년이상,,승용,비사업용,기타,일직선사고,맑음,주간,차대차,추돌(진행중),안전거리미확보,특별광역시도,양천우체국부근,37.5328427,126.8761749,양천구,
2017,3,30,목요일,13,경상사고,0,0,1,0,55,남,15년미만,,화물,비사업용,화물,진입회전사고,맑음,주간,차대차,측면직각충돌,안전거리미확보,특별광역시도,양천우체국부근,37.5328427,126.8761749,양천구,
2017,5,8,월요일,17,경상사고,0,0,3,0,70,남,15년이상,,승용,사업용,승용,기타사고,맑음,주간,차대차,차대차-기타,안전운전불이행,특별광역시도,양천우체국부근,37.5328427,126.8761749,양천구,
2017,6,20,화요일,3,경상사고,0,0,1,0,31,남,15년이상,,승용,비사업용,이륜,일직선사고,맑음,심야,차대차,정면충돌,차로위반,특별광역시도,양천우체국부근,37.5328427,126.8761749,양천구,
2017,6,23,금요일,20,중상사고,0,1,0,0,48,남,15년이상,,건설기계,사업용,건설기계,진입회전사고,맑음,출퇴근,차대차,측면직각충돌,안전운전불이행,특별광역시도,양천우체국부근,37.5328427,126.8761749,양천구,
2017,6,9,금요일,21,경상사고,0,0,1,0,60,남,15년이상,,승합,사업용,승합,기타사고,맑음,심야,차대차,차대차-기타,안전운전불이행,특별광역시도,양천우체국부근,37.5328427,126.8761749,양천구,
2017,7,26,수요일,20,경상사고,0,0,1,0,24,남,10년미만,,승용,비사업용,승용,기타사고,맑음,출퇴근,차대차,차대차-기타,안전운전불이행,특별광역시도,양천우체국부근,37.5328427,126.8761749,양천구,
2017,8,18,금요일,7,경상사고,0,0,1,0,64,남,15년이상,,승용,사업용,승용,진입회전사고,맑음,출퇴근,차대차,측면직각충돌,교차로운행방법위반,특별광역시도,양천우체국부근,37.5328427,126.8761749,양천구,
2017,9,1,금요일,21,경상사고,0,0,2,0,69,남,15년이상,,승용,사업용,승용,진입회전사고,맑음,심야,차대차,측면직각충돌,안전운전불이행,특별광역시도,양천우체국부근,37.5328427,126.8761749,양천구,
2017,10,27,금요일,11,경상사고,0,0,1,0,62,남,15년이상,,승용,비사업용,화물,일직선사고,맑음,주간,차대차,추돌(진행중),안전운전불이행,특별광역시도,양천우체국부근,37.5328427,126.8761749,양천구,
2017,12,30,토요일,1,경상사고,0,0,1,0,60,남,15년이상,,승용,사업용,승용,기타사고,맑음,심야,차대차,차대차-기타,차로위반,특별광역시도,양천우체국부근,37.5328427,126.8761749,양천구,
2017,12,19,화요일,16,경상사고,0,0,1,0,59,남,15년이상,,승합,사업용,화물,진입회전사고,맑음,주간,차대차,측면직각충돌,교차로운행방법위반,특별광역시도,양천우체국부근,37.5328427,126.8761749,양천구,
2018,1,1,월요일,5,경상사고,0,0,1,0,56,남,15년이상,,승용,사업용,자전거,진입회전사고,맑음,새벽,차대차,차대차-기타,신호위반,특별광역시도,양천우체국부근,37.5328427,126.8761749,양천구,
2018,1,2,화요일,10,경상사고,0,0,1,0,48,남,15년미만,,승용,비사업용,승용,진입회전사고,맑음,주간,차대차,측면직각충돌,안전운전불이행,특별광역시도,양천우체국부근,37.5328427,126.8761749,양천구,
2018,1,25,목요일,17,경상사고,0,0,1,0,55,여,15년이상,,승용,비사업용,승용,진입회전사고,흐림,주간,차대차,측면직각충돌,안전운전불이행,특별광역시도,양천우체국부근,37.5328427,126.8761749,양천구,
2018,2,22,목요일,22,경상사고,0,0,1,0,60,남,15년이상,,승용,사업용,승용,기타사고,맑음,심야,차대차,차대차-기타,교차로운행방법위반,특별광역시도,양천우체국부근,37.5328427,126.8761749,양천구,
2018,3,19,월요일,6,부상사고,0,0,0,1,53,남,15년이상,,승합,비사업용,승합,기타사고,맑음,새벽,차대차,차대차-기타,안전거리미확보,특별광역시도,양천우체국부근,37.5328427,126.8761749,양천구,
2018,5,17,목요일,21,중상사고,0,1,0,0,44,여,10년미만,,승용,비사업용,승용,기타사고,비,심야,차대차,차대차-기타,교차로운행방법위반,특별광역시도,양천우체국부근,37.5328427,126.8761749,양천구,
2018,9,28,금요일,15,경상사고,0,0,1,0,67,남,15년이상,,승용,비사업용,승용,진입회전사고,맑음,주간,차대차,측면직각충돌,안전운전불이행,특별광역시도,양천우체국부근,37.5328427,126.8761749,양천구,
2018,10,22,월요일,19,중상사고,0,1,0,0,48,남,1년미만,,화물,사업용,화물,진입회전사고,맑음,출퇴근,차대차,측면직각충돌,안전운전불이행,특별광역시도,양천우체국부근,37.5328427,126.8761749,양천구,
2018,11,29,목요일,9,경상사고,0,0,1,0,52,남,15년미만,,승용,사업용,승용,진입회전사고,맑음,주간,차대차,측면직각충돌,안전운전불이행,특별광역시도,양천우체국부근,37.5328427,126.8761749,양천구,
2018,12,5,수요일,1,경상사고,0,0,1,0,37,남,15년이상,0,승용,비사업용,승용,일직선사고,맑음,심야,차대차,추돌(진행중),안전운전불이행,특별광역시도,양천우체국부근,37.5328427,126.8761749,양천구,
2019,3,13,수요일,10,경상사고,0,0,1,0,52,남,15년이상,,승용,비사업용,승용,기타사고,맑음,주간,차대차,차대차-기타,안전거리미확보,특별광역시도,양천우체국부근,37.5328427,126.8761749,양천구,
2019,5,1,수요일,20,경상사고,0,0,2,0,27,남,10년미만,,승용,비사업용,승용,진입회전사고,맑음,출퇴근,차대차,측면직각충돌,안전거리미확보,특별광역시도,양천우체국부근,37.5328427,126.8761749,양천구,
2019,7,5,금요일,8,경상사고,0,0,1,0,32,남,15년미만,,승용,비사업용,승용,일직선사고,맑음,출퇴근,차대차,추돌(진행중),안전운전불이행,특별광역시도,양천우체국부근,37.5328427,126.8761749,양천구,
2019,8,15,목요일,11,경상사고,0,0,4,0,48,남,15년이상,,승용,사업용,승용,진입회전사고,비,주간,차대차,차대차-기타,신호위반,특별광역시도,양천우체국부근,37.5328427,126.8761749,양천구,
2019,8,17,토요일,13,부상사고,0,0,0,1,23,남,10년미만,,승용,비사업용,승용,진입회전사고,맑음,주간,차대차,차대차-기타,신호위반,특별광역시도,양천우체국부근,37.5328427,126.8761749,양천구,
2019,9,25,수요일,9,경상사고,0,0,1,0,27,여,1년미만,,화물,비사업용,화물,기타사고,맑음,주간,차대차,차대차-기타,안전거리미확보,특별광역시도,양천우체국부근,37.5328427,126.8761749,양천구,
2019,10,23,수요일,12,경상사고,0,0,1,0,73,남,15년이상,,승용,사업용,기타,기타사고,맑음,주간,차량단독,차량단독-기타,안전운전불이행,특별광역시도,양천우체국부근,37.5328427,126.8761749,양천구,
2019,10,5,토요일,14,경상사고,0,0,1,0,60,남,10년미만,,화물,비사업용,화물,진입회전사고,맑음,주간,차대차,측면직각충돌,교차로운행방법위반,특별광역시도,양천우체국부근,37.5328427,126.8761749,양천구,
2019,10,19,토요일,16,경상사고,0,0,1,1,43,남,15년이상,,승용,비사업용,승용,일직선사고,맑음,주간,차대차,추돌(진행중),안전운전불이행,특별광역시도,양천우체국부근,37.5328427,126.8761749,양천구,
2017,3,26,일요일,1,경상사고,0,0,2,0,57,남,15년이상,,승용,사업용,승용,진입회전사고,맑음,심야,차대차,차대차-기타,신호위반,특별광역시도,오목교사거리,37.5330335,126.8637145,양천구,
2017,10,15,일요일,16,경상사고,0,0,3,0,76,남,15년이상,,승용,비사업용,승용,진입회전사고,맑음,주간,차대차,측면직각충돌,중앙선침범,특별광역시도,오목교사거리,37.5330335,126.8637145,양천구,
2017,12,30,토요일,12,경상사고,0,0,1,0,33,여,10년미만,,승용,비사업용,화물,일직선사고,맑음,주간,차대차,추돌(진행중),안전운전불이행,특별광역시도,오목교사거리,37.5330335,126.8637145,양천구,
2018,10,14,일요일,6,중상사고,0,1,1,0,60,남,15년이상,,승용,비사업용,승용,진입회전사고,맑음,새벽,차대차,정면충돌,신호위반,특별광역시도,오목교사거리,37.5330335,126.8637145,양천구,
2018,10,1,월요일,11,경상사고,0,0,1,0,63,여,15년이상,,승용,비사업용,화물,일직선사고,맑음,주간,차대차,추돌(진행중),안전운전불이행,특별광역시도,오목교사거리,37.5330335,126.8637145,양천구,
2018,10,6,토요일,13,경상사고,0,0,2,0,68,남,15년이상,,승용,비사업용,승용,기타사고,맑음,주간,차대차,차대차-기타,안전운전불이행,특별광역시도,오목교사거리,37.5330335,126.8637145,양천구,
2019,2,27,수요일,17,중상사고,0,1,0,0,70,남,15년이상,,승용,사업용,승용,기타사고,맑음,주간,차대차,차대차-기타,안전운전불이행,특별광역시도,오목교사거리,37.5330335,126.8637145,양천구,
2019,8,13,화요일,18,경상사고,0,0,1,0,23,여,3년미만,,승용,비사업용,승용,진입회전사고,맑음,출퇴근,차대차,차대차-기타,신호위반,특별광역시도,오목교사거리,37.5330335,126.8637145,양천구,
2017,6,30,금요일,18,경상사고,0,0,1,0,56,남,15년이상,,승용,사업용,이륜,진입회전사고,흐림,출퇴근,차대차,차대차-기타,신호위반,특별광역시도,오목교사거리,37.5330335,126.8637145,양천구,
2017,8,2,수요일,0,경상사고,0,0,1,0,56,남,15년이상,,승용,사업용,승용,일직선사고,맑음,심야,차대차,추돌(진행중),안전운전불이행,특별광역시도,오목교사거리,37.5330335,126.8637145,양천구,
2017,8,11,금요일,14,경상사고,0,0,3,0,55,여,3년미만,,승용,비사업용,승용,진입회전사고,맑음,주간,차대차,측면직각충돌,안전거리미확보,특별광역시도,오목교사거리,37.5330335,126.8637145,양천구,
2017,10,2,월요일,4,중상사고,0,1,0,0,49,남,15년이상,,화물,비사업용,보행자,보행횡단사고,비,심야,차대사람,횡단중,안전운전불이행,특별광역시도,오목교사거리,37.5330335,126.8637145,양천구,
2017,12,16,토요일,10,중상사고,0,1,0,0,29,남,15년이상,,승용,비사업용,이륜,진입회전사고,맑음,주간,차대차,측면직각충돌,신호위반,특별광역시도,오목교사거리,37.5330335,126.8637145,양천구,
2017,12,14,목요일,13,경상사고,0,0,1,0,52,남,15년이상,,승합,사업용,보행자,기타사고,맑음,주간,차대사람,차대사람-기타,안전운전불이행,특별광역시도,오목교사거리,37.5330335,126.8637145,양천구,
2018,1,23,화요일,21,경상사고,0,0,1,0,53,남,15년이상,,승용,사업용,화물,진입회전사고,맑음,심야,차대차,추돌(진행중),신호위반,특별광역시도,오목교사거리,37.5330335,126.8637145,양천구,
2018,5,17,목요일,23,경상사고,0,0,1,0,49,남,15년이상,,승합,사업용,승합,일직선사고,비,심야,차대차,추돌(진행중),안전운전불이행,특별광역시도,오목교사거리,37.5330335,126.8637145,양천구,
2018,7,8,일요일,9,중상사고,0,1,0,0,55,여,15년이상,,승용,비사업용,자전거,기타사고,맑음,주간,차대차,차대차-기타,안전운전불이행,특별광역시도,오목교사거리,37.5330335,126.8637145,양천구,
2018,7,25,수요일,19,경상사고,0,0,1,0,52,남,15년이상,,승용,사업용,자전거,기타사고,맑음,출퇴근,차대차,차대차-기타,기타,특별광역시도,오목교사거리,37.5330335,126.8637145,양천구,
2018,7,8,일요일,22,경상사고,0,0,1,0,24,남,3년미만,,승용,비사업용,이륜,일직선사고,맑음,심야,차대차,추돌(진행중),안전운전불이행,특별광역시도,오목교사거리,37.5330335,126.8637145,양천구,
2018,7,16,월요일,23,경상사고,0,0,1,0,63,남,15년이상,,승용,사업용,승용,일직선사고,맑음,심야,차대차,추돌(진행중),안전운전불이행,특별광역시도,오목교사거리,37.5330335,126.8637145,양천구,
2018,8,28,화요일,19,중상사고,0,1,0,0,23,남,10년미만,,승용,비사업용,이륜,진입회전사고,비,출퇴근,차대차,차대차-기타,신호위반,특별광역시도,오목교사거리,37.5330335,126.8637145,양천구,
2018,12,2,일요일,9,중상사고,0,1,0,0,48,여,15년이상,,승용,비사업용,이륜,진입회전사고,맑음,주간,차대차,측면직각충돌,신호위반,특별광역시도,오목교사거리,37.5330335,126.8637145,양천구,
2018,12,5,수요일,13,중상사고,0,1,0,0,57,남,15년이상,,승합,사업용,보행자,보행횡단사고,맑음,주간,차대사람,횡단중,보행자보호의무위반,특별광역시도,오목교사거리,37.5330335,126.8637145,양천구,
2018,12,7,금요일,14,중상사고,0,1,0,0,50,남,15년이상,,승용,비사업용,승용,진입회전사고,맑음,주간,차대차,측면직각충돌,안전거리미확보,특별광역시도,오목교사거리,37.5330335,126.8637145,양천구,
2018,12,17,월요일,23,경상사고,0,0,1,0,58,여,15년이상,,승용,비사업용,보행자,보행횡단사고,맑음,심야,차대사람,횡단중,안전운전불이행,특별광역시도,오목교사거리,37.5330335,126.8637145,양천구,
2019,1,29,화요일,2,중상사고,0,1,2,0,42,남,1년미만,,승용,비사업용,승용,일직선사고,맑음,심야,차대차,추돌(진행중),안전운전불이행,특별광역시도,오목교사거리,37.5330335,126.8637145,양천구,
2019,3,9,토요일,0,경상사고,0,0,1,0,63,남,15년이상,,승용,사업용,승용,진입회전사고,맑음,심야,차대차,측면직각충돌,신호위반,특별광역시도,오목교사거리,37.5330335,126.8637145,양천구,
2019,3,15,금요일,4,부상사고,0,0,0,1,36,남,15년이상,0,이륜,데이터오류,기타,단독사고,맑음,심야,차량단독,공작물추돌,안전운전불이행,특별광역시도,오목교사거리,37.5330335,126.8637145,양천구,
2019,4,2,화요일,10,경상사고,0,0,1,0,56,남,15년이상,,승합,사업용,이륜,기타사고,맑음,주간,차대차,차대차-기타,안전운전불이행,특별광역시도,오목교사거리,37.5330335,126.8637145,양천구,
2019,4,16,화요일,19,경상사고,0,0,2,0,62,여,15년이상,,승용,비사업용,승합,기타사고,맑음,출퇴근,차대차,차대차-기타,차로위반,특별광역시도,오목교사거리,37.5330335,126.8637145,양천구,
2019,5,5,일요일,1,경상사고,0,0,2,0,28,남,15년이상,0,승용,비사업용,승용,일직선사고,맑음,심야,차대차,정면충돌,중앙선침범,특별광역시도,오목교사거리,37.5330335,126.8637145,양천구,
2019,5,16,목요일,15,경상사고,0,0,1,0,64,남,15년이상,,건설기계,사업용,건설기계,진입회전사고,맑음,주간,차대차,측면직각충돌,안전운전불이행,특별광역시도,오목교사거리,37.5330335,126.8637145,양천구,
2019,8,2,금요일,14,경상사고,0,0,1,0,48,남,15년이상,,화물,비사업용,화물,일직선사고,맑음,주간,차대차,추돌(진행중),안전거리미확보,특별광역시도,오목교사거리,37.5330335,126.8637145,양천구,
2019,10,4,금요일,3,중상사고,0,1,2,0,48,남,15년이상,,승용,사업용,보행자,기타사고,맑음,심야,차대차,차대차-기타,안전거리미확보,특별광역시도,오목교사거리,37.5330335,126.8637145,양천구,
2019,11,3,일요일,20,경상사고,0,0,2,0,62,여,15년이상,,승용,사업용,보행자,보행횡단사고,맑음,출퇴근,차대사람,횡단중,보행자보호의무위반,특별광역시도,오목교사거리,37.5330335,126.8637145,양천구,
2019,12,21,토요일,5,중상사고,0,1,0,0,48,남,15년이상,,승합,사업용,보행자,기타사고,맑음,새벽,차대사람,차대사람-기타,안전운전불이행,특별광역시도,오목교사거리,37.5330335,126.8637145,양천구,
2019,12,15,일요일,18,경상사고,0,0,1,0,51,남,15년이상,,승용,비사업용,승용,기타사고,맑음,출퇴근,차대차,차대차-기타,안전운전불이행,특별광역시도,오목교사거리,37.5330335,126.8637145,양천구,
2019,12,17,화요일,21,경상사고,0,0,2,0,70,남,15년이상,,승용,사업용,승용,진입회전사고,맑음,심야,차대차,측면직각충돌,안전운전불이행,특별광역시도,오목교사거리,37.5330335,126.8637145,양천구,
2017,2,14,화요일,21,중상사고,0,1,0,0,54,남,15년이상,,화물,비사업용,보행자,보행횡단사고,맑음,심야,차대사람,횡단중,안전운전불이행,특별광역시도,오솔길실버공원북쪽삼거리,37.5214822,126.8369846,양천구,
2017,3,12,일요일,13,경상사고,0,0,3,0,46,남,15년미만,,승용,사업용,승용,일직선사고,기타,주간,차대차,추돌(진행중),안전운전불이행,특별광역시도,오솔길실버공원북쪽삼거리,37.5214822,126.8369846,양천구,
2017,5,3,수요일,17,중상사고,0,1,3,0,71,남,10년미만,0,승용,비사업용,승용,일직선사고,맑음,주간,차대차,추돌(진행중),안전운전불이행,특별광역시도,오솔길실버공원북쪽삼거리,37.5214822,126.8369846,양천구,
2017,6,25,일요일,7,경상사고,0,0,2,0,37,남,15년이상,,승용,비사업용,화물,일직선사고,맑음,출퇴근,차대차,추돌(진행중),안전운전불이행,특별광역시도,오솔길실버공원북쪽삼거리,37.5214822,126.8369846,양천구,
2017,6,30,금요일,17,경상사고,0,0,1,0,불명,불명,데이터오류,,기타,데이터오류,기타,기타사고,맑음,주간,차대차,차대차-기타,안전운전불이행,특별광역시도,오솔길실버공원북쪽삼거리,37.5214822,126.8369846,양천구,
2017,7,12,수요일,22,부상사고,0,0,0,1,불명,불명,데이터오류,,기타,데이터오류,기타,기타사고,맑음,심야,차대사람,차도통행중,안전운전불이행,특별광역시도,오솔길실버공원북쪽삼거리,37.5214822,126.8369846,양천구,
2017,9,1,금요일,12,경상사고,0,0,1,0,55,남,15년이상,,건설기계,사업용,건설기계,기타사고,맑음,주간,차대차,차대차-기타,안전운전불이행,특별광역시도,오솔길실버공원북쪽삼거리,37.5214822,126.8369846,양천구,
2017,10,11,수요일,5,사망사고,1,0,0,0,62,남,15년이상,,승용,사업용,자전거,진입회전사고,비,새벽,차대차,측면직각충돌,안전운전불이행,특별광역시도,오솔길실버공원북쪽삼거리,37.5214822,126.8369846,양천구,
2017,11,15,수요일,10,경상사고,0,0,2,0,69,남,15년이상,,승용,비사업용,승용,일직선사고,맑음,주간,차대차,추돌(진행중),안전운전불이행,특별광역시도,오솔길실버공원북쪽삼거리,37.5214822,126.8369846,양천구,
2018,8,23,목요일,23,경상사고,0,0,1,1,48,남,15년이상,,승용,비사업용,보행자,기타사고,비,심야,차대차,차대차-기타,안전운전불이행,특별광역시도,오솔길실버공원북쪽삼거리,37.5214822,126.8369846,양천구,
2018,10,7,일요일,4,경상사고,0,0,1,0,62,남,15년이상,,승용,사업용,승용,일직선사고,맑음,심야,차대차,추돌(진행중),안전운전불이행,특별광역시도,오솔길실버공원북쪽삼거리,37.5214822,126.8369846,양천구,
2018,10,24,수요일,11,경상사고,0,0,1,0,38,남,15년이상,,화물,비사업용,화물,일직선사고,맑음,주간,차대차,추돌(진행중),안전운전불이행,기타,오솔길실버공원북쪽삼거리,37.5214822,126.8369846,양천구,
2018,11,5,월요일,6,경상사고,0,0,2,0,53,남,15년이상,,승합,사업용,자전거,기타사고,맑음,새벽,차대차,차대차-기타,안전운전불이행,특별광역시도,오솔길실버공원북쪽삼거리,37.5214822,126.8369846,양천구,
2019,1,17,목요일,0,중상사고,0,1,0,0,64,남,15년이상,,화물,비사업용,보행자,보행횡단사고,흐림,심야,차대사람,횡단중,안전운전불이행,특별광역시도,오솔길실버공원북쪽삼거리,37.5214822,126.8369846,양천구,
2019,1,22,화요일,8,중상사고,0,1,4,0,58,남,15년이상,,승합,사업용,화물,일직선사고,맑음,출퇴근,차대차,추돌(진행중),안전운전불이행,특별광역시도,오솔길실버공원북쪽삼거리,37.5214822,126.8369846,양천구,
2019,1,22,화요일,11,경상사고,0,0,2,0,59,남,15년이상,,화물,비사업용,보행자,진입회전사고,맑음,주간,차대사람,보도통행중,신호위반,특별광역시도,오솔길실버공원북쪽삼거리,37.5214822,126.8369846,양천구,
2019,3,28,목요일,16,경상사고,0,0,1,0,51,남,15년이상,,건설기계,사업용,건설기계,기타사고,맑음,주간,차대차,차대차-기타,안전거리미확보,특별광역시도,오솔길실버공원북쪽삼거리,37.5214822,126.8369846,양천구,
2019,7,9,화요일,15,경상사고,0,0,1,0,54,남,15년이상,,승용,비사업용,승용,진입회전사고,맑음,주간,차대차,측면직각충돌,안전거리미확보,특별광역시도,오솔길실버공원북쪽삼거리,37.5214822,126.8369846,양천구,
2019,8,1,목요일,18,경상사고,0,0,1,0,65,남,15년이상,,승용,비사업용,이륜,일직선사고,맑음,출퇴근,차대차,추돌(진행중),안전거리미확보,특별광역시도,오솔길실버공원북쪽삼거리,37.5214822,126.8369846,양천구,
2019,10,29,화요일,22,경상사고,0,0,2,0,34,남,15년이상,,승용,비사업용,승용,일직선사고,맑음,심야,차대차,추돌(진행중),안전운전불이행,특별광역시도,오솔길실버공원북쪽삼거리,37.5214822,126.8369846,양천구,
2017,1,16,월요일,9,경상사고,0,0,1,0,32,남,15년이상,,화물,비사업용,자전거,진입회전사고,맑음,주간,차대차,측면직각충돌,안전운전불이행,특별광역시도,월정초앞,37.5342584,126.8361787,양천구,
2017,1,24,화요일,14,경상사고,0,0,1,0,53,남,15년이상,,승용,비사업용,이륜,진입회전사고,맑음,주간,차대차,측면직각충돌,안전운전불이행,특별광역시도,월정초앞,37.5342584,126.8361787,양천구,
2017,1,5,목요일,18,경상사고,0,0,1,0,12,남,데이터오류,,자전거,기타,자전거,진입회전사고,맑음,출퇴근,차대차,정면충돌,신호위반,특별광역시도,월정초앞,37.5342584,126.8361787,양천구,
2017,1,31,화요일,20,경상사고,0,0,1,0,69,남,15년이상,,승용,사업용,기타,기타사고,맑음,출퇴근,차량단독,차량단독-기타,안전운전불이행,특별광역시도,월정초앞,37.5342584,126.8361787,양천구,
2017,9,28,목요일,10,경상사고,0,0,2,0,40,남,15년이상,,건설기계,사업용,건설기계,기타사고,맑음,주간,차대차,차대차-기타,안전운전불이행,특별광역시도,월정초앞,37.5342584,126.8361787,양천구,
2018,3,17,토요일,13,경상사고,0,0,3,0,54,남,15년이상,,화물,비사업용,화물,일직선사고,맑음,주간,차대차,추돌(진행중),안전운전불이행,특별광역시도,월정초앞,37.5342584,126.8361787,양천구,
2018,4,3,화요일,9,중상사고,0,1,1,0,29,남,15년이상,,승용,비사업용,이륜,진입회전사고,맑음,주간,차대차,측면직각충돌,안전운전불이행,특별광역시도,월정초앞,37.5342584,126.8361787,양천구,
2018,4,8,일요일,18,경상사고,0,0,1,0,51,남,15년이상,,승용,비사업용,승용,기타사고,비,출퇴근,차대차,차대차-기타,안전운전불이행,특별광역시도,월정초앞,37.5342584,126.8361787,양천구,
2018,4,21,토요일,22,중상사고,0,1,0,0,32,남,15년이상,,승용,비사업용,보행자,기타사고,맑음,심야,차대사람,차대사람-기타,안전운전불이행,특별광역시도,월정초앞,37.5342584,126.8361787,양천구,
2018,7,14,토요일,7,중상사고,0,1,0,0,25,남,15년이상,,승용,비사업용,이륜,진입회전사고,맑음,출퇴근,차대차,측면직각충돌,안전거리미확보,특별광역시도,월정초앞,37.5342584,126.8361787,양천구,
2018,10,20,토요일,19,경상사고,0,0,1,0,74,남,15년이상,,승용,사업용,승용,진입회전사고,맑음,출퇴근,차대차,측면직각충돌,안전운전불이행,특별광역시도,월정초앞,37.5342584,126.8361787,양천구,
2019,2,11,월요일,8,부상사고,0,0,0,1,74,남,15년미만,,승용,비사업용,승합,진입회전사고,맑음,출퇴근,차대차,측면직각충돌,신호위반,특별광역시도,월정초앞,37.5342584,126.8361787,양천구,
2019,2,12,화요일,9,경상사고,0,0,4,0,44,여,15년미만,,승용,비사업용,승용,진입회전사고,맑음,주간,차대차,측면직각충돌,안전운전불이행,특별광역시도,월정초앞,37.5342584,126.8361787,양천구,
2019,3,28,목요일,10,경상사고,0,0,1,0,69,남,15년이상,,승용,비사업용,화물,진입회전사고,맑음,주간,차대차,측면직각충돌,신호위반,특별광역시도,월정초앞,37.5342584,126.8361787,양천구,
2019,4,9,화요일,20,경상사고,0,0,1,0,48,남,15년이상,,승합,사업용,승합,일직선사고,비,출퇴근,차대차,추돌(진행중),안전운전불이행,특별광역시도,월정초앞,37.5342584,126.8361787,양천구,
2019,6,17,월요일,13,경상사고,0,0,1,0,66,남,15년이상,,승용,사업용,이륜,진입회전사고,맑음,주간,차대차,측면직각충돌,안전거리미확보,특별광역시도,월정초앞,37.5342584,126.8361787,양천구,
2019,9,28,토요일,1,중상사고,0,2,0,0,38,남,15년이상,0,승용,비사업용,승용,일직선사고,맑음,심야,차대차,추돌(진행중),안전운전불이행,특별광역시도,월정초앞,37.5342584,126.8361787,양천구,
2019,9,24,화요일,10,경상사고,0,0,1,0,45,남,15년이상,,승용,비사업용,승용,진입회전사고,맑음,주간,차대차,측면직각충돌,안전거리미확보,특별광역시도,월정초앞,37.5342584,126.8361787,양천구,
2019,10,24,목요일,8,경상사고,0,0,1,0,34,남,15년미만,,승용,비사업용,승용,진입회전사고,맑음,출퇴근,차대차,측면직각충돌,신호위반,특별광역시도,월정초앞,37.5342584,126.8361787,양천구,
2019,10,19,토요일,21,중상사고,0,1,0,0,55,여,15년이상,,화물,비사업용,보행자,보행횡단사고,맑음,심야,차대사람,횡단중,안전운전불이행,특별광역시도,월정초앞,37.5342584,126.8361787,양천구,
2019,12,22,일요일,2,부상사고,0,0,0,1,63,남,15년이상,,승용,사업용,승용,기타사고,맑음,심야,차대차,차대차-기타,안전운전불이행,특별광역시도,월정초앞,37.5342584,126.8361787,양천구,
2017,5,14,일요일,6,경상사고,0,0,1,0,35,남,15년이상,0,승용,사업용,승용,일직선사고,맑음,새벽,차대차,추돌(진행중),안전운전불이행,특별광역시도,청소년수련관사거리,37.7378874,126.512594,양천구,
2017,12,15,금요일,17,중상사고,0,1,4,0,77,남,15년미만,,승용,비사업용,승용,진입회전사고,맑음,주간,차대차,측면직각충돌,안전거리미확보,특별광역시도,청소년수련관사거리,37.7378874,126.512594,양천구,
2018,2,10,토요일,0,경상사고,0,0,2,0,66,남,15년이상,,승용,사업용,승용,진입회전사고,맑음,심야,차대차,측면직각충돌,안전운전불이행,특별광역시도,청소년수련관사거리,37.7378874,126.512594,양천구,
2019,1,8,화요일,19,중상사고,0,1,1,0,54,남,15년이상,,승용,비사업용,승용,진입회전사고,맑음,출퇴근,차대차,측면직각충돌,불법유턴,특별광역시도,청소년수련관사거리,37.7378874,126.512594,양천구,
2019,6,7,금요일,22,부상사고,0,0,0,1,11,남,데이터오류,,자전거,데이터오류,보행자,기타사고,맑음,심야,차대사람,차대사람-기타,안전운전불이행,특별광역시도,청소년수련관사거리,37.7378874,126.512594,양천구,
2019,11,16,토요일,13,경상사고,0,0,1,0,54,여,15년이상,,승용,비사업용,승용,기타사고,맑음,주간,차대차,차대차-기타,안전거리미확보,특별광역시도,청소년수련관사거리,37.7378874,126.512594,양천구,