년도,월,일,요일,시각,사고등급,사망자수,중상자수,경상자수,부상자수,연령,성별,경력,음주,종별,용도,관련자2,사고형태,기상상태,일광상태,사고유형1,사고유형2,법규위반,도로종류,지점명,위도,경도,자치구,
2019,12,12,목요일,20,경상사고,0,0,2,0,58,남,15년이상,,승용,사업용,승용,일직선사고,맑음,출퇴근,차대차,추돌(진행중),안전거리미확보,특별광역시도,청소년수련관사거리,37.7378874,126.512594,양천구,
2017,3,25,토요일,18,경상사고,0,0,1,0,73,남,15년이상,,승용,사업용,승용,기타사고,맑음,출퇴근,차대차,차대차-기타,안전거리미확보,특별광역시도,청소년수련관사거리,37.7378874,126.512594,양천구,
2017,6,9,금요일,17,경상사고,0,0,1,1,63,남,15년이상,,승용,비사업용,이륜,기타사고,맑음,주간,차대차,차대차-기타,차로위반,특별광역시도,청소년수련관사거리,37.7378874,126.512594,양천구,
2017,7,10,월요일,16,경상사고,0,0,1,0,51,남,15년이상,,화물,비사업용,화물,기타사고,비,주간,차대차,차대차-기타,안전운전불이행,특별광역시도,청소년수련관사거리,37.7378874,126.512594,양천구,
2017,9,6,수요일,8,경상사고,0,0,1,0,43,남,15년미만,,승용,비사업용,승용,진입회전사고,맑음,출퇴근,차대차,측면직각충돌,안전운전불이행,특별광역시도,청소년수련관사거리,37.7378874,126.512594,양천구,
2017,9,27,수요일,10,경상사고,0,0,1,0,69,남,15년이상,,화물,사업용,화물,진입회전사고,맑음,주간,차대차,측면직각충돌,안전거리미확보,특별광역시도,청소년수련관사거리,37.7378874,126.512594,양천구,
2017,9,15,금요일,18,경상사고,0,0,1,0,56,남,10년미만,,승용,비사업용,승용,기타사고,맑음,출퇴근,차대차,차대차-기타,안전운전불이행,특별광역시도,청소년수련관사거리,37.7378874,126.512594,양천구,
2017,10,12,목요일,13,중상사고,0,1,1,0,63,여,15년이상,,승용,비사업용,승용,기타사고,맑음,주간,차대차,차대차-기타,안전거리미확보,특별광역시도,청소년수련관사거리,37.7378874,126.512594,양천구,
2017,10,20,금요일,14,중상사고,0,1,0,0,50,남,15년이상,,승용,비사업용,승용,기타사고,맑음,주간,차대차,차대차-기타,안전운전불이행,특별광역시도,청소년수련관사거리,37.7378874,126.512594,양천구,
2017,11,24,금요일,9,경상사고,0,0,1,0,39,남,15년이상,,승용,사업용,승용,기타사고,맑음,주간,차대차,차대차-기타,안전거리미확보,특별광역시도,청소년수련관사거리,37.7378874,126.512594,양천구,
2017,11,14,화요일,19,경상사고,0,0,1,0,36,남,15년이상,,승용,사업용,승용,기타사고,맑음,출퇴근,차대차,차대차-기타,안전운전불이행,특별광역시도,청소년수련관사거리,37.7378874,126.512594,양천구,
2017,12,21,목요일,9,경상사고,0,0,1,0,62,여,2년미만,,승용,비사업용,승용,진입회전사고,맑음,주간,차대차,측면직각충돌,안전운전불이행,특별광역시도,청소년수련관사거리,37.7378874,126.512594,양천구,
2017,12,21,목요일,10,경상사고,0,0,1,0,46,여,15년이상,,승용,비사업용,원동기,기타사고,맑음,주간,차대차,차대차-기타,안전거리미확보,특별광역시도,청소년수련관사거리,37.7378874,126.512594,양천구,
2018,5,30,수요일,9,경상사고,0,0,1,0,64,남,15년이상,,승용,사업용,승용,일직선사고,맑음,주간,차대차,추돌(진행중),안전운전불이행,특별광역시도,청소년수련관사거리,37.7378874,126.512594,양천구,
2018,6,11,월요일,22,경상사고,0,0,4,0,36,남,15년미만,,승용,비사업용,승용,진입회전사고,비,심야,차대차,측면직각충돌,안전거리미확보,특별광역시도,청소년수련관사거리,37.7378874,126.512594,양천구,
2018,7,14,토요일,13,경상사고,0,0,1,0,56,남,15년이상,,승용,사업용,승용,기타사고,맑음,주간,차대차,차대차-기타,안전운전불이행,특별광역시도,청소년수련관사거리,37.7378874,126.512594,양천구,
2018,7,12,목요일,22,경상사고,0,0,1,0,66,남,15년이상,,승용,사업용,승용,진입회전사고,맑음,심야,차대차,측면직각충돌,안전거리미확보,특별광역시도,청소년수련관사거리,37.7378874,126.512594,양천구,
2018,9,8,토요일,18,경상사고,0,0,1,0,55,남,10년미만,,승용,비사업용,승용,기타사고,맑음,출퇴근,차대차,차대차-기타,안전거리미확보,특별광역시도,청소년수련관사거리,37.7378874,126.512594,양천구,
2018,9,28,금요일,23,경상사고,0,0,3,0,71,남,15년이상,,승용,사업용,승용,일직선사고,맑음,심야,차대차,추돌(진행중),안전운전불이행,특별광역시도,청소년수련관사거리,37.7378874,126.512594,양천구,
2018,10,25,목요일,1,경상사고,0,0,1,0,56,남,15년이상,,승용,사업용,승용,기타사고,맑음,심야,차대차,차대차-기타,안전거리미확보,특별광역시도,청소년수련관사거리,37.7378874,126.512594,양천구,
2018,10,25,목요일,22,경상사고,0,0,2,0,54,남,15년이상,,승용,사업용,승용,진입회전사고,맑음,심야,차대차,측면직각충돌,안전운전불이행,특별광역시도,청소년수련관사거리,37.7378874,126.512594,양천구,
2018,11,22,목요일,15,경상사고,0,0,1,1,44,여,15년이상,,승용,비사업용,화물,기타사고,맑음,주간,차대차,차대차-기타,안전거리미확보,특별광역시도,청소년수련관사거리,37.7378874,126.512594,양천구,
2018,11,30,금요일,19,경상사고,0,0,1,0,57,남,15년이상,,승용,사업용,승용,기타사고,맑음,출퇴근,차대차,차대차-기타,안전운전불이행,특별광역시도,청소년수련관사거리,37.7378874,126.512594,양천구,
2018,11,25,일요일,23,경상사고,0,0,1,0,59,남,5년미만,,승용,사업용,승용,진입회전사고,맑음,심야,차대차,측면직각충돌,안전거리미확보,특별광역시도,청소년수련관사거리,37.7378874,126.512594,양천구,
2018,12,4,화요일,9,경상사고,0,0,2,0,46,남,10년미만,,승용,사업용,승용,진입회전사고,맑음,주간,차대차,측면직각충돌,안전운전불이행,특별광역시도,청소년수련관사거리,37.7378874,126.512594,양천구,
2018,12,26,수요일,12,경상사고,0,0,2,0,39,여,15년이상,,승용,비사업용,승용,진입회전사고,맑음,주간,차대차,측면직각충돌,안전거리미확보,특별광역시도,청소년수련관사거리,37.7378874,126.512594,양천구,
2019,1,24,목요일,21,경상사고,0,0,3,0,38,남,15년이상,,승용,비사업용,승용,진입회전사고,맑음,심야,차대차,측면직각충돌,안전거리미확보,특별광역시도,청소년수련관사거리,37.7378874,126.512594,양천구,
2019,1,7,월요일,22,경상사고,0,0,2,0,41,여,3년미만,,승용,비사업용,승용,기타사고,맑음,심야,차대차,차대차-기타,안전거리미확보,특별광역시도,청소년수련관사거리,37.7378874,126.512594,양천구,
2019,2,26,화요일,15,경상사고,0,0,1,0,35,남,15년이상,,승용,비사업용,승용,기타사고,맑음,주간,차대차,차대차-기타,안전운전불이행,특별광역시도,청소년수련관사거리,37.7378874,126.512594,양천구,
2019,3,9,토요일,20,경상사고,0,0,4,0,77,남,15년이상,,화물,비사업용,화물,기타사고,맑음,출퇴근,차대차,차대차-기타,안전거리미확보,특별광역시도,청소년수련관사거리,37.7378874,126.512594,양천구,
2019,4,4,목요일,9,경상사고,0,0,1,0,48,남,15년이상,,화물,사업용,화물,진입회전사고,맑음,주간,차대차,측면직각충돌,안전거리미확보,특별광역시도,청소년수련관사거리,37.7378874,126.512594,양천구,
2019,4,16,화요일,16,경상사고,0,0,1,0,68,남,15년이상,,승용,사업용,승용,기타사고,맑음,주간,차대차,차대차-기타,안전거리미확보,특별광역시도,청소년수련관사거리,37.7378874,126.512594,양천구,
2019,4,10,수요일,23,경상사고,0,0,3,0,68,남,15년이상,,승용,사업용,승용,기타사고,맑음,심야,차대차,차대차-기타,안전거리미확보,특별광역시도,청소년수련관사거리,37.7378874,126.512594,양천구,
2019,5,8,수요일,11,경상사고,0,0,1,0,66,남,15년이상,,승용,사업용,승용,진입회전사고,맑음,주간,차대차,측면직각충돌,안전거리미확보,특별광역시도,청소년수련관사거리,37.7378874,126.512594,양천구,
2019,5,1,수요일,12,경상사고,0,0,1,0,67,남,15년이상,,승용,사업용,승용,진입회전사고,맑음,주간,차대차,측면직각충돌,안전거리미확보,특별광역시도,청소년수련관사거리,37.7378874,126.512594,양천구,
2019,5,11,토요일,12,경상사고,0,0,1,0,60,여,15년미만,,승용,비사업용,승용,기타사고,맑음,주간,차대차,차대차-기타,안전거리미확보,특별광역시도,청소년수련관사거리,37.7378874,126.512594,양천구,
2019,5,10,금요일,13,부상사고,0,0,0,3,56,남,15년이상,,승용,비사업용,승용,일직선사고,맑음,주간,차대차,추돌(진행중),차로위반,특별광역시도,청소년수련관사거리,37.7378874,126.512594,양천구,
2019,6,3,월요일,15,경상사고,0,0,2,0,69,여,15년이상,,승용,비사업용,승용,기타사고,맑음,주간,차대차,차대차-기타,안전거리미확보,특별광역시도,청소년수련관사거리,37.7378874,126.512594,양천구,
2019,6,19,수요일,17,경상사고,0,0,1,0,55,남,15년이상,,승용,사업용,승용,진입회전사고,맑음,주간,차대차,측면직각충돌,안전거리미확보,특별광역시도,청소년수련관사거리,37.7378874,126.512594,양천구,
2019,7,15,월요일,22,경상사고,0,0,2,0,77,남,15년이상,,승용,비사업용,승용,진입회전사고,비,심야,차대차,측면직각충돌,안전거리미확보,특별광역시도,청소년수련관사거리,37.7378874,126.512594,양천구,
2019,8,31,토요일,7,경상사고,0,0,3,0,41,남,15년미만,,승용,비사업용,승용,진입회전사고,맑음,출퇴근,차대차,측면직각충돌,안전거리미확보,특별광역시도,청소년수련관사거리,37.7378874,126.512594,양천구,
2019,8,7,수요일,10,경상사고,0,0,1,0,34,여,15년이상,,승용,비사업용,보행자,보행횡단사고,맑음,주간,차대사람,횡단중,보행자보호의무위반,특별광역시도,청소년수련관사거리,37.7378874,126.512594,양천구,
2019,9,24,화요일,6,경상사고,0,0,1,0,70,남,15년이상,,승합,사업용,승합,진입회전사고,맑음,새벽,차대차,측면직각충돌,안전운전불이행,특별광역시도,청소년수련관사거리,37.7378874,126.512594,양천구,
2019,9,3,화요일,19,경상사고,0,0,1,0,60,남,15년이상,,화물,사업용,화물,진입회전사고,흐림,출퇴근,차대차,측면직각충돌,안전거리미확보,특별광역시도,청소년수련관사거리,37.7378874,126.512594,양천구,
2019,10,24,목요일,8,경상사고,0,0,2,0,62,여,15년이상,,승용,비사업용,승용,기타사고,맑음,출퇴근,차대차,차대차-기타,안전거리미확보,특별광역시도,청소년수련관사거리,37.7378874,126.512594,양천구,
2019,10,25,금요일,16,경상사고,0,0,1,0,47,여,15년이상,,승용,비사업용,승합,진입회전사고,맑음,주간,차대차,측면직각충돌,안전거리미확보,특별광역시도,청소년수련관사거리,37.7378874,126.512594,양천구,
2019,10,24,목요일,17,중상사고,0,1,0,3,37,남,15년이상,,승용,비사업용,승용,진입회전사고,흐림,주간,차대차,측면직각충돌,안전거리미확보,특별광역시도,청소년수련관사거리,37.7378874,126.512594,양천구,
2019,10,7,월요일,21,경상사고,0,0,1,0,53,여,15년이상,,승용,비사업용,승용,기타사고,맑음,심야,차대차,차대차-기타,안전운전불이행,특별광역시도,청소년수련관사거리,37.7378874,126.512594,양천구,
2019,11,8,금요일,9,경상사고,0,0,1,0,71,남,3년미만,,승용,비사업용,승용,기타사고,맑음,주간,차대차,차대차-기타,안전운전불이행,특별광역시도,청소년수련관사거리,37.7378874,126.512594,양천구,
2019,11,18,월요일,12,경상사고,0,0,1,0,61,남,15년미만,,승용,사업용,승용,진입회전사고,맑음,주간,차대차,측면직각충돌,교차로운행방법위반,특별광역시도,청소년수련관사거리,37.7378874,126.512594,양천구,
2019,11,15,금요일,17,경상사고,0,0,1,0,58,남,15년이상,,화물,비사업용,화물,진입회전사고,맑음,주간,차대차,측면직각충돌,안전거리미확보,특별광역시도,청소년수련관사거리,37.7378874,126.512594,양천구,
2019,12,11,수요일,4,중상사고,0,1,0,0,불명,불명,데이터오류,,기타,데이터오류,기타,기타사고,맑음,심야,차대차,차대차-기타,안전운전불이행,특별광역시도,청소년수련관사거리,37.7378874,126.512594,양천구,
2019,12,2,월요일,16,경상사고,0,0,2,0,58,여,15년이상,,승용,비사업용,승용,진입회전사고,맑음,주간,차대차,측면직각충돌,안전거리미확보,특별광역시도,청소년수련관사거리,37.7378874,126.512594,양천구,
2017,3,19,일요일,15,경상사고,0,0,1,0,29,남,2년미만,0,승용,비사업용,승용,일직선사고,맑음,주간,차대차,추돌(진행중),안전운전불이행,특별광역시도,청소년수련관사거리,37.7378874,126.512594,양천구,
2017,6,4,일요일,11,중상사고,0,1,2,0,39,여,15년이상,,승용,비사업용,승용,일직선사고,맑음,주간,차대차,추돌(진행중),안전운전불이행,특별광역시도,청소년수련관사거리,37.7378874,126.512594,양천구,
2017,7,3,월요일,10,경상사고,0,0,1,0,62,남,15년이상,,승용,사업용,화물,일직선사고,흐림,주간,차대차,추돌(진행중),안전운전불이행,특별광역시도,청소년수련관사거리,37.7378874,126.512594,양천구,
2017,9,19,화요일,21,중상사고,0,2,0,0,47,남,15년이상,,승용,비사업용,승용,일직선사고,흐림,심야,차대차,추돌(진행중),안전운전불이행,특별광역시도,청소년수련관사거리,37.7378874,126.512594,양천구,
2017,10,25,수요일,17,경상사고,0,0,1,0,62,남,15년이상,,승용,사업용,자전거,진입회전사고,맑음,주간,차대차,추돌(진행중),신호위반,특별광역시도,청소년수련관사거리,37.7378874,126.512594,양천구,
2017,12,22,금요일,10,부상사고,0,0,0,1,60,남,15년이상,,화물,사업용,화물,기타사고,맑음,주간,차대차,차대차-기타,안전운전불이행,특별광역시도,청소년수련관사거리,37.7378874,126.512594,양천구,
2017,12,8,금요일,14,경상사고,0,0,3,0,47,남,15년이상,,승용,비사업용,승용,기타사고,맑음,주간,차대차,차대차-기타,안전거리미확보,특별광역시도,청소년수련관사거리,37.7378874,126.512594,양천구,
2018,4,18,수요일,0,경상사고,0,0,1,0,50,남,15년이상,,승용,사업용,이륜,기타사고,맑음,심야,차대차,차대차-기타,안전운전불이행,특별광역시도,청소년수련관사거리,37.7378874,126.512594,양천구,
2018,4,28,토요일,12,경상사고,0,0,2,0,48,남,10년미만,,승용,비사업용,승용,진입회전사고,맑음,주간,차대차,측면직각충돌,안전운전불이행,특별광역시도,청소년수련관사거리,37.7378874,126.512594,양천구,
2018,7,5,목요일,7,경상사고,0,0,1,0,60,남,15년이상,,승합,사업용,승합,기타사고,비,출퇴근,차대차,차대차-기타,안전거리미확보,특별광역시도,청소년수련관사거리,37.7378874,126.512594,양천구,
2018,10,13,토요일,12,경상사고,0,0,1,0,26,여,데이터오류,,승용,사업용,승용,기타사고,맑음,주간,차대차,차대차-기타,안전운전불이행,특별광역시도,청소년수련관사거리,37.7378874,126.512594,양천구,
2018,10,10,수요일,13,경상사고,0,0,1,0,23,남,15년이상,,이륜,기타,이륜,진입회전사고,맑음,주간,차대차,측면직각충돌,신호위반,특별광역시도,청소년수련관사거리,37.7378874,126.512594,양천구,
2018,11,4,일요일,2,경상사고,0,0,1,0,62,남,15년이상,,승용,사업용,승용,일직선사고,맑음,심야,차대차,추돌(진행중),안전운전불이행,특별광역시도,청소년수련관사거리,37.7378874,126.512594,양천구,
2018,12,12,수요일,13,경상사고,0,0,1,0,64,남,15년이상,,승용,사업용,승용,일직선사고,맑음,주간,차대차,추돌(진행중),안전운전불이행,특별광역시도,청소년수련관사거리,37.7378874,126.512594,양천구,
2019,3,30,토요일,9,경상사고,0,0,1,0,31,남,15년미만,,승용,비사업용,화물,진입회전사고,맑음,주간,차대차,측면직각충돌,안전운전불이행,특별광역시도,청소년수련관사거리,37.7378874,126.512594,양천구,
2019,4,8,월요일,3,중상사고,0,1,0,0,28,남,데이터오류,0,승용,사업용,승용,진입회전사고,맑음,심야,차대차,측면직각충돌,신호위반,특별광역시도,청소년수련관사거리,37.7378874,126.512594,양천구,
2019,6,14,금요일,13,경상사고,0,0,1,0,37,남,15년이상,,승용,사업용,승용,기타사고,맑음,주간,차대차,차대차-기타,안전거리미확보,특별광역시도,청소년수련관사거리,37.7378874,126.512594,양천구,
2019,8,9,금요일,17,경상사고,0,0,3,0,61,남,15년이상,,승용,비사업용,승용,기타사고,맑음,주간,차대차,차대차-기타,안전거리미확보,특별광역시도,청소년수련관사거리,37.7378874,126.512594,양천구,
2019,10,4,금요일,6,경상사고,0,0,1,0,39,남,15년미만,,승용,사업용,승용,진입회전사고,맑음,새벽,차대차,측면직각충돌,안전거리미확보,특별광역시도,청소년수련관사거리,37.7378874,126.512594,양천구,
2017,2,22,수요일,20,경상사고,0,0,1,0,28,남,15년이상,0,승용,비사업용,승용,일직선사고,흐림,출퇴근,차대차,정면충돌,안전거리미확보,특별광역시도,홍익병원앞사거리,37.5274,126.864417,양천구,
2017,3,30,목요일,12,중상사고,0,1,0,0,41,남,15년이상,,승합,사업용,기타,기타사고,맑음,주간,차량단독,차량단독-기타,안전운전불이행,특별광역시도,홍익병원앞사거리,37.5274,126.864417,양천구,
2017,5,22,월요일,5,중상사고,0,1,0,0,64,남,15년이상,,화물,비사업용,보행자,보행횡단사고,맑음,새벽,차대사람,횡단중,보행자보호의무위반,특별광역시도,홍익병원앞사거리,37.5274,126.864417,양천구,
2017,7,2,일요일,10,경상사고,0,0,2,0,24,남,10년미만,0,승용,비사업용,승용,일직선사고,비,주간,차대차,추돌(진행중),안전운전불이행,특별광역시도,홍익병원앞사거리,37.5274,126.864417,양천구,
2017,8,24,목요일,22,중상사고,0,3,1,0,75,남,15년이상,,승용,사업용,승용,진입회전사고,맑음,심야,차대차,정면충돌,신호위반,특별광역시도,홍익병원앞사거리,37.5274,126.864417,양천구,
2017,10,2,월요일,23,중상사고,0,1,0,0,37,남,데이터오류,,승용,비사업용,화물,일직선사고,맑음,심야,차대차,추돌(진행중),안전운전불이행,특별광역시도,홍익병원앞사거리,37.5274,126.864417,양천구,
2017,11,27,월요일,0,경상사고,0,0,2,1,32,남,15년이상,0,승용,비사업용,승용,일직선사고,맑음,심야,차대차,추돌(진행중),안전운전불이행,특별광역시도,홍익병원앞사거리,37.5274,126.864417,양천구,
2017,12,8,금요일,8,경상사고,0,0,3,0,28,여,2년미만,,승용,비사업용,승용,기타사고,맑음,출퇴근,차대차,차대차-기타,안전운전불이행,특별광역시도,홍익병원앞사거리,37.5274,126.864417,양천구,
2018,3,27,화요일,7,경상사고,0,0,1,0,71,남,15년이상,,승용,사업용,승용,일직선사고,맑음,출퇴근,차대차,추돌(진행중),안전운전불이행,특별광역시도,홍익병원앞사거리,37.5274,126.864417,양천구,
2018,3,4,일요일,12,중상사고,0,2,3,0,31,남,15년이상,,승합,비사업용,승합,진입회전사고,맑음,주간,차대차,측면직각충돌,신호위반,특별광역시도,홍익병원앞사거리,37.5274,126.864417,양천구,
2018,11,7,수요일,20,경상사고,0,0,1,0,32,남,5년미만,,승용,비사업용,승용,진입회전사고,맑음,출퇴근,차대차,측면직각충돌,안전거리미확보,특별광역시도,홍익병원앞사거리,37.5274,126.864417,양천구,
2018,12,8,토요일,5,경상사고,0,0,1,0,47,남,15년이상,,승용,사업용,승용,일직선사고,맑음,새벽,차대차,추돌(진행중),안전거리미확보,특별광역시도,홍익병원앞사거리,37.5274,126.864417,양천구,
2018,12,12,수요일,17,경상사고,0,0,1,0,67,여,15년이상,,승용,비사업용,승용,기타사고,맑음,주간,차대차,차대차-기타,안전운전불이행,특별광역시도,홍익병원앞사거리,37.5274,126.864417,양천구,
2018,12,4,화요일,18,경상사고,0,0,1,0,72,여,15년이상,,승용,비사업용,건설기계,기타사고,맑음,출퇴근,차대차,차대차-기타,안전운전불이행,특별광역시도,홍익병원앞사거리,37.5274,126.864417,양천구,
2019,2,7,목요일,17,경상사고,0,0,2,0,27,남,10년미만,,승용,사업용,승용,일직선사고,맑음,주간,차대차,추돌(진행중),안전운전불이행,특별광역시도,홍익병원앞사거리,37.5274,126.864417,양천구,
2019,3,18,월요일,5,중상사고,0,1,0,0,49,여,15년이상,,승용,비사업용,이륜,진입회전사고,맑음,새벽,차대차,정면충돌,신호위반,특별광역시도,홍익병원앞사거리,37.5274,126.864417,양천구,
2019,3,2,토요일,13,경상사고,0,0,2,0,50,여,15년이상,,승용,비사업용,승용,진입회전사고,맑음,주간,차대차,측면직각충돌,안전운전불이행,특별광역시도,홍익병원앞사거리,37.5274,126.864417,양천구,
2019,3,17,일요일,21,부상사고,0,0,0,1,21,남,4년미만,,이륜,데이터오류,보행자,기타사고,맑음,심야,차대사람,차도통행중,안전운전불이행,특별광역시도,홍익병원앞사거리,37.5274,126.864417,양천구,
2019,5,3,금요일,22,경상사고,0,0,1,0,64,남,15년이상,,승용,사업용,승용,진입회전사고,맑음,심야,차대차,측면직각충돌,교차로운행방법위반,특별광역시도,홍익병원앞사거리,37.5274,126.864417,양천구,
2019,7,4,목요일,3,경상사고,0,0,2,0,17,남,15년이상,,이륜,데이터오류,이륜,기타사고,맑음,심야,차대차,차대차-기타,안전운전불이행,특별광역시도,홍익병원앞사거리,37.5274,126.864417,양천구,
2019,7,24,수요일,5,경상사고,0,0,1,0,44,남,15년이상,,화물,비사업용,화물,일직선사고,맑음,새벽,차대차,추돌(진행중),안전운전불이행,특별광역시도,홍익병원앞사거리,37.5274,126.864417,양천구,
2019,9,6,금요일,15,부상사고,0,0,0,1,54,남,15년이상,,승용,비사업용,건설기계,진입회전사고,맑음,주간,차대차,측면직각충돌,안전운전불이행,기타,홍익병원앞사거리,37.5274,126.864417,양천구,
2019,9,2,월요일,17,부상사고,0,0,0,1,57,여,15년이상,,승용,비사업용,이륜,진입회전사고,맑음,주간,차대차,측면직각충돌,안전운전불이행,기타,홍익병원앞사거리,37.5274,126.864417,양천구,
2019,10,5,토요일,13,경상사고,0,0,1,0,39,남,15년이상,,승용,사업용,승용,진입회전사고,맑음,주간,차대차,측면직각충돌,안전운전불이행,특별광역시도,홍익병원앞사거리,37.5274,126.864417,양천구,
2019,11,12,화요일,11,경상사고,0,0,1,0,44,남,15년미만,,승용,비사업용,승용,기타사고,맑음,주간,차대차,차대차-기타,안전운전불이행,특별광역시도,홍익병원앞사거리,37.5274,126.864417,양천구,
2017,6,21,수요일,0,중상사고,0,1,0,0,61,남,15년이상,,승용,사업용,보행자,보행횡단사고,흐림,심야,차대사람,횡단중,안전운전불이행,특별광역시도,화곡4동우체국사거리,37.5323703,126.8625095,양천구,
2017,6,26,월요일,12,경상사고,0,0,2,0,59,남,15년이상,0,승용,비사업용,화물,기타사고,맑음,주간,차대차,차대차-기타,안전운전불이행,특별광역시도,화곡4동우체국사거리,37.5323703,126.8625095,양천구,
2017,10,1,일요일,22,중상사고,0,1,0,0,61,남,15년이상,,승용,사업용,이륜,일직선사고,비,심야,차대차,차대차-기타,중앙선침범,특별광역시도,화곡4동우체국사거리,37.5323703,126.8625095,양천구,
2018,2,6,화요일,23,경상사고,0,0,1,0,54,남,15년이상,,승합,사업용,보행자,기타사고,맑음,심야,차대사람,차대사람-기타,안전운전불이행,특별광역시도,화곡4동우체국사거리,37.5323703,126.8625095,양천구,
2018,8,26,일요일,14,부상사고,0,0,0,1,34,여,15년이상,,승용,비사업용,이륜,기타사고,맑음,주간,차대차,차대차-기타,안전운전불이행,특별광역시도,화곡4동우체국사거리,37.5323703,126.8625095,양천구,
2019,8,30,금요일,9,경상사고,0,0,1,0,62,남,15년이상,,승용,사업용,승합,기타사고,맑음,주간,차대차,차대차-기타,안전운전불이행,특별광역시도,화곡4동우체국사거리,37.5323703,126.8625095,양천구,
2019,8,1,목요일,17,경상사고,0,0,1,0,69,남,10년미만,,승용,사업용,승합,진입회전사고,맑음,주간,차대차,측면직각충돌,안전거리미확보,특별광역시도,화곡4동우체국사거리,37.5323703,126.8625095,양천구,
2019,10,28,월요일,11,중상사고,0,1,0,0,57,남,15년이상,,화물,비사업용,기타,기타사고,맑음,주간,차대차,차대차-기타,안전운전불이행,특별광역시도,화곡4동우체국사거리,37.5323703,126.8625095,양천구,
2017,1,16,월요일,7,중상사고,0,1,0,0,62,남,15년이상,,승용,비사업용,이륜,일직선사고,맑음,출퇴근,차대차,정면충돌,안전운전불이행,특별광역시도,화곡로입구,37.5393132,126.8259574,양천구,
2017,2,25,토요일,19,경상사고,0,0,3,0,68,남,15년이상,,승용,사업용,승용,일직선사고,맑음,출퇴근,차대차,추돌(진행중),안전운전불이행,특별광역시도,화곡로입구,37.5393132,126.8259574,양천구,
2017,3,17,금요일,19,경상사고,0,0,1,0,57,남,15년이상,,화물,사업용,보행자,진입회전사고,맑음,출퇴근,차대사람,횡단중,신호위반,특별광역시도,화곡로입구,37.5393132,126.8259574,양천구,
2017,4,4,화요일,15,경상사고,0,0,1,0,61,남,15년이상,,승용,사업용,기타,기타사고,맑음,주간,차대차,차대차-기타,안전운전불이행,특별광역시도,화곡로입구,37.5393132,126.8259574,양천구,
2017,4,11,화요일,17,경상사고,0,0,1,0,53,남,15년이상,,승용,비사업용,승용,일직선사고,맑음,주간,차대차,추돌(진행중),안전거리미확보,특별광역시도,화곡로입구,37.5393132,126.8259574,양천구,
2017,6,21,수요일,6,중상사고,0,1,1,0,45,남,15년이상,,건설기계,사업용,건설기계,진입회전사고,맑음,새벽,차대차,측면직각충돌,신호위반,특별광역시도,화곡로입구,37.5393132,126.8259574,양천구,
2017,8,2,수요일,12,중상사고,0,1,0,0,57,남,15년미만,,이륜,기타,자전거,기타사고,비,주간,차대차,차대차-기타,안전운전불이행,특별광역시도,화곡로입구,37.5393132,126.8259574,양천구,
2017,9,12,화요일,3,부상사고,0,0,0,1,61,남,15년이상,,승용,사업용,이륜,진입회전사고,맑음,심야,차대차,측면직각충돌,안전거리미확보,특별광역시도,화곡로입구,37.5393132,126.8259574,양천구,
2017,9,24,일요일,9,중상사고,0,1,0,0,50,남,15년이상,,승용,비사업용,승용,진입회전사고,맑음,주간,차대차,측면직각충돌,안전운전불이행,특별광역시도,화곡로입구,37.5393132,126.8259574,양천구,
2017,11,16,목요일,4,경상사고,0,0,1,0,28,남,15년이상,0,승용,비사업용,승용,일직선사고,맑음,심야,차대차,정면충돌,안전운전불이행,특별광역시도,화곡로입구,37.5393132,126.8259574,양천구,
2018,3,1,목요일,14,경상사고,0,0,1,0,67,남,15년이상,,승용,비사업용,승용,기타사고,맑음,주간,차대차,차대차-기타,안전운전불이행,특별광역시도,화곡로입구,37.5393132,126.8259574,양천구,
2018,4,13,금요일,19,경상사고,0,0,1,0,44,남,15년이상,,화물,사업용,이륜,기타사고,맑음,출퇴근,차대차,차대차-기타,안전운전불이행,특별광역시도,화곡로입구,37.5393132,126.8259574,양천구,
2018,5,8,화요일,7,경상사고,0,0,2,0,67,남,15년이상,,승용,사업용,화물,일직선사고,맑음,출퇴근,차대차,추돌(진행중),안전거리미확보,특별광역시도,화곡로입구,37.5393132,126.8259574,양천구,
2018,8,11,토요일,5,경상사고,0,0,1,0,62,남,15년미만,,승용,사업용,승용,일직선사고,맑음,새벽,차대차,추돌(진행중),안전운전불이행,특별광역시도,화곡로입구,37.5393132,126.8259574,양천구,
2018,9,30,일요일,16,경상사고,0,0,1,0,60,남,15년이상,,승용,비사업용,승용,기타사고,맑음,주간,차대차,차대차-기타,안전운전불이행,특별광역시도,화곡로입구,37.5393132,126.8259574,양천구,
2018,11,5,월요일,8,경상사고,0,0,1,0,62,남,15년이상,,승용,사업용,승용,일직선사고,맑음,출퇴근,차대차,추돌(진행중),안전거리미확보,특별광역시도,화곡로입구,37.5393132,126.8259574,양천구,
2019,1,22,화요일,18,경상사고,0,0,2,0,60,남,15년이상,,승합,비사업용,승합,기타사고,맑음,출퇴근,차대차,차대차-기타,안전운전불이행,특별광역시도,화곡로입구,37.5393132,126.8259574,양천구,
2019,3,20,수요일,18,경상사고,0,0,1,0,45,여,15년이상,,승용,비사업용,승용,일직선사고,비,출퇴근,차대차,추돌(진행중),안전운전불이행,특별광역시도,화곡로입구,37.5393132,126.8259574,양천구,