년도,월,일,요일,시각,사고등급,사망자수,중상자수,경상자수,부상자수,연령,성별,경력,음주,종별,용도,관련자2,사고형태,기상상태,일광상태,사고유형1,사고유형2,법규위반,도로종류,지점명,위도,경도,자치구,
2017,5,25,목요일,15,경상사고,0,0,2,0,31,남,15년미만,,승용,사업용,승용,일직선사고,맑음,주간,차대차,추돌(진행중),안전운전불이행,특별광역시도,당산삼익아파트,37.528105,126.895994,영등포구,
2017,6,14,수요일,15,중상사고,0,1,0,0,43,남,15년이상,0,승용,사업용,원동기,진입회전사고,맑음,주간,차대차,정면충돌,신호위반,특별광역시도,당산삼익아파트,37.528105,126.895994,영등포구,
2017,6,18,일요일,18,경상사고,0,0,1,0,42,남,15년이상,,승용,비사업용,이륜,진입회전사고,맑음,출퇴근,차대차,정면충돌,신호위반,특별광역시도,당산삼익아파트,37.528105,126.895994,영등포구,
2017,7,18,화요일,0,경상사고,0,0,1,0,35,남,15년이상,0,승용,비사업용,승용,일직선사고,맑음,심야,차대차,정면충돌,안전운전불이행,특별광역시도,당산삼익아파트,37.528105,126.895994,영등포구,
2017,7,3,월요일,7,경상사고,0,0,1,0,70,남,15년이상,,승용,사업용,승용,일직선사고,맑음,출퇴근,차대차,추돌(진행중),안전운전불이행,특별광역시도,당산삼익아파트,37.528105,126.895994,영등포구,
2017,7,28,금요일,8,중상사고,0,1,0,0,48,남,15년이상,,이륜,기타,이륜,진입회전사고,비,출퇴근,차대차,정면충돌,신호위반,특별광역시도,당산삼익아파트,37.528105,126.895994,영등포구,
2017,9,25,월요일,0,경상사고,0,0,2,0,60,남,15년이상,,승용,사업용,승용,진입회전사고,맑음,심야,차대차,측면직각충돌,교차로운행방법위반,특별광역시도,당산삼익아파트,37.528105,126.895994,영등포구,
2017,9,28,목요일,1,경상사고,0,0,2,0,33,남,데이터오류,,승용,사업용,승용,진입회전사고,맑음,심야,차대차,차대차-기타,신호위반,특별광역시도,당산삼익아파트,37.528105,126.895994,영등포구,
2017,9,2,토요일,22,경상사고,0,0,1,0,48,여,5년미만,,승용,비사업용,이륜,진입회전사고,맑음,심야,차대차,측면직각충돌,차로위반,특별광역시도,당산삼익아파트,37.528105,126.895994,영등포구,
2018,1,2,화요일,1,경상사고,0,0,1,0,28,남,15년이상,0,승용,비사업용,승용,진입회전사고,맑음,심야,차대차,측면직각충돌,신호위반,특별광역시도,당산삼익아파트,37.528105,126.895994,영등포구,
2018,2,13,화요일,13,경상사고,0,0,1,0,38,남,15년이상,,승용,비사업용,화물,진입회전사고,맑음,주간,차대차,측면직각충돌,신호위반,특별광역시도,당산삼익아파트,37.528105,126.895994,영등포구,
2018,3,24,토요일,12,경상사고,0,0,2,0,44,남,4년미만,,승용,비사업용,승용,진입회전사고,맑음,주간,차대차,측면직각충돌,신호위반,특별광역시도,당산삼익아파트,37.528105,126.895994,영등포구,
2018,4,10,화요일,21,경상사고,0,0,1,0,42,남,10년미만,,건설기계,비사업용,건설기계,기타사고,맑음,심야,차대차,차대차-기타,안전거리미확보,특별광역시도,당산삼익아파트,37.528105,126.895994,영등포구,
2018,5,28,월요일,10,경상사고,0,0,2,0,58,남,15년이상,,승합,사업용,승합,일직선사고,맑음,주간,차대차,추돌(진행중),안전운전불이행,특별광역시도,당산삼익아파트,37.528105,126.895994,영등포구,
2018,6,16,토요일,2,중상사고,0,1,2,0,44,남,15년이상,,승용,비사업용,승용,진입회전사고,맑음,심야,차대차,측면직각충돌,신호위반,특별광역시도,당산삼익아파트,37.528105,126.895994,영등포구,
2018,6,9,토요일,13,경상사고,0,0,1,0,39,남,15년이상,,승용,비사업용,승합,일직선사고,맑음,주간,차대차,추돌(진행중),안전운전불이행,특별광역시도,당산삼익아파트,37.528105,126.895994,영등포구,
2018,7,11,수요일,9,경상사고,0,0,2,0,62,남,15년이상,,승용,사업용,승용,진입회전사고,맑음,주간,차대차,차대차-기타,신호위반,특별광역시도,당산삼익아파트,37.528105,126.895994,영등포구,
2018,9,24,월요일,11,경상사고,0,0,2,0,36,남,15년미만,,승용,비사업용,승용,진입회전사고,맑음,주간,차대차,측면직각충돌,신호위반,특별광역시도,당산삼익아파트,37.528105,126.895994,영등포구,
2018,12,31,월요일,13,경상사고,0,0,1,0,불명,불명,데이터오류,,기타,기타,기타,진입회전사고,맑음,주간,차대차,차대차-기타,신호위반,특별광역시도,당산삼익아파트,37.528105,126.895994,영등포구,
2018,12,7,금요일,16,경상사고,0,0,1,0,53,여,15년이상,,승용,비사업용,승용,진입회전사고,맑음,주간,차대차,측면직각충돌,신호위반,특별광역시도,당산삼익아파트,37.528105,126.895994,영등포구,
2019,4,4,목요일,15,경상사고,0,0,1,0,61,남,15년이상,,승용,비사업용,승합,진입회전사고,맑음,주간,차대차,측면직각충돌,안전운전불이행,특별광역시도,당산삼익아파트,37.528105,126.895994,영등포구,
2019,6,16,일요일,14,중상사고,0,1,0,0,55,남,10년미만,,승용,사업용,승용,기타사고,맑음,주간,차대차,차대차-기타,안전거리미확보,특별광역시도,당산삼익아파트,37.528105,126.895994,영등포구,
2019,7,28,일요일,20,중상사고,0,2,2,0,34,여,15년이상,,승용,비사업용,승용,진입회전사고,맑음,출퇴근,차대차,측면직각충돌,차로위반,특별광역시도,당산삼익아파트,37.528105,126.895994,영등포구,
2019,8,14,수요일,5,경상사고,0,0,1,0,74,남,15년이상,,특수,사업용,특수,진입회전사고,맑음,새벽,차대차,측면직각충돌,안전거리미확보,특별광역시도,당산삼익아파트,37.528105,126.895994,영등포구,
2019,10,29,화요일,6,경상사고,0,0,1,0,54,남,15년미만,,승용,비사업용,승용,기타사고,맑음,새벽,차대차,차대차-기타,안전운전불이행,특별광역시도,당산삼익아파트,37.528105,126.895994,영등포구,
2019,10,26,토요일,14,경상사고,0,0,1,0,45,남,15년이상,,승용,사업용,승용,기타사고,맑음,주간,차대차,차대차-기타,안전운전불이행,특별광역시도,당산삼익아파트,37.528105,126.895994,영등포구,
2019,10,13,일요일,15,경상사고,0,0,2,0,32,남,15년미만,,승용,비사업용,화물,진입회전사고,맑음,주간,차대차,측면직각충돌,안전운전불이행,특별광역시도,당산삼익아파트,37.528105,126.895994,영등포구,
2019,12,18,수요일,15,경상사고,0,0,1,0,65,남,15년이상,,건설기계,사업용,건설기계,진입회전사고,맑음,주간,차대차,측면직각충돌,차로위반,특별광역시도,당산삼익아파트,37.528105,126.895994,영등포구,
2017,2,23,목요일,12,부상사고,0,0,0,1,54,남,3년미만,,승용,사업용,승용,기타사고,맑음,주간,차대차,차대차-기타,안전운전불이행,특별광역시도,당산역,37.5340278,126.9019901,영등포구,
2017,3,20,월요일,9,경상사고,0,0,1,0,46,남,15년이상,,화물,비사업용,화물,주정차사고,맑음,주간,차대차,추돌(주정차중),안전운전불이행,특별광역시도,당산역,37.5340278,126.9019901,영등포구,
2017,3,17,금요일,20,경상사고,0,0,1,0,66,남,15년미만,,승용,사업용,승합,기타사고,맑음,출퇴근,차대차,차대차-기타,안전운전불이행,특별광역시도,당산역,37.5340278,126.9019901,영등포구,
2017,4,15,토요일,5,중상사고,0,2,0,0,34,남,15년미만,,화물,비사업용,화물,일직선사고,맑음,새벽,차대차,추돌(진행중),안전운전불이행,특별광역시도,당산역,37.5340278,126.9019901,영등포구,
2017,4,10,월요일,18,경상사고,0,0,1,0,42,여,15년이상,,승용,비사업용,승용,기타사고,맑음,출퇴근,차대차,차대차-기타,안전운전불이행,특별광역시도,당산역,37.5340278,126.9019901,영등포구,
2017,4,6,목요일,21,경상사고,0,0,2,0,24,여,2년미만,,승용,비사업용,승용,진입회전사고,맑음,심야,차대차,측면직각충돌,안전운전불이행,특별광역시도,당산역,37.5340278,126.9019901,영등포구,
2017,5,26,금요일,20,경상사고,0,0,1,0,75,남,15년이상,,승용,사업용,승용,진입회전사고,맑음,출퇴근,차대차,측면직각충돌,안전거리미확보,특별광역시도,당산역,37.5340278,126.9019901,영등포구,
2017,7,21,금요일,19,경상사고,0,0,1,0,35,남,10년미만,,승합,사업용,승합,진입회전사고,맑음,출퇴근,차대차,측면직각충돌,안전운전불이행,특별광역시도,당산역,37.5340278,126.9019901,영등포구,
2017,8,31,목요일,6,경상사고,0,0,1,0,25,남,10년미만,,자전거,기타,기타,진입회전사고,맑음,새벽,차대차,측면직각충돌,안전운전불이행,특별광역시도,당산역,37.5340278,126.9019901,영등포구,
2017,9,27,수요일,10,중상사고,0,2,7,1,45,남,15년이상,,승합,사업용,기타,단독사고,맑음,주간,차량단독,공작물추돌,안전운전불이행,특별광역시도,당산역,37.5340278,126.9019901,영등포구,
2017,9,8,금요일,17,경상사고,0,0,1,0,46,남,10년미만,,승용,비사업용,승용,기타사고,맑음,주간,차대차,차대차-기타,안전거리미확보,특별광역시도,당산역,37.5340278,126.9019901,영등포구,
2017,11,23,목요일,2,중상사고,0,1,0,0,61,남,15년이상,,승용,사업용,보행자,기타사고,맑음,심야,차대사람,길가장자리구역통행중,안전운전불이행,특별광역시도,당산역,37.5340278,126.9019901,영등포구,
2017,11,20,월요일,6,중상사고,0,1,0,0,50,남,15년이상,,승용,사업용,자전거,진입회전사고,맑음,새벽,차대차,측면직각충돌,안전운전불이행,특별광역시도,당산역,37.5340278,126.9019901,영등포구,
2017,12,24,일요일,18,중상사고,0,3,19,0,63,남,15년이상,,승합,사업용,기타,진입회전사고,맑음,출퇴근,차량단독,차량단독-기타,신호위반,특별광역시도,당산역,37.5340278,126.9019901,영등포구,
2017,12,12,화요일,20,경상사고,0,0,2,0,57,남,15년이상,,승용,비사업용,승용,기타사고,맑음,출퇴근,차대차,차대차-기타,안전운전불이행,특별광역시도,당산역,37.5340278,126.9019901,영등포구,
2018,1,18,목요일,14,경상사고,0,0,2,0,24,남,10년미만,,승용,비사업용,승용,진입회전사고,맑음,주간,차대차,측면직각충돌,안전운전불이행,특별광역시도,당산역,37.5340278,126.9019901,영등포구,
2018,3,16,금요일,13,중상사고,0,1,0,0,28,남,10년미만,,승용,사업용,이륜,진입회전사고,맑음,주간,차대차,측면직각충돌,안전거리미확보,특별광역시도,당산역,37.5340278,126.9019901,영등포구,
2018,7,8,일요일,1,경상사고,0,0,1,1,71,남,15년이상,,승용,사업용,승용,기타사고,맑음,심야,차대차,차대차-기타,안전운전불이행,특별광역시도,당산역,37.5340278,126.9019901,영등포구,
2018,9,15,토요일,16,중상사고,0,1,7,0,61,남,15년이상,,승합,사업용,승합,일직선사고,맑음,주간,차대차,추돌(진행중),안전거리미확보,특별광역시도,당산역,37.5340278,126.9019901,영등포구,
2018,10,27,토요일,8,중상사고,0,1,0,0,55,남,15년이상,,승합,사업용,기타,기타사고,맑음,출퇴근,차량단독,차량단독-기타,안전운전불이행,특별광역시도,당산역,37.5340278,126.9019901,영등포구,
2018,10,16,화요일,20,중상사고,0,1,0,0,38,여,15년이상,,승용,비사업용,원동기,진입회전사고,맑음,출퇴근,차대차,측면직각충돌,신호위반,특별광역시도,당산역,37.5340278,126.9019901,영등포구,
2018,11,2,금요일,7,경상사고,0,0,1,0,58,남,15년미만,,승용,사업용,승용,진입회전사고,맑음,출퇴근,차대차,측면직각충돌,안전거리미확보,특별광역시도,당산역,37.5340278,126.9019901,영등포구,
2018,11,2,금요일,11,경상사고,0,0,1,0,49,남,15년이상,,건설기계,사업용,보행자,진입회전사고,맑음,주간,차대사람,차대사람-기타,신호위반,특별광역시도,당산역,37.5340278,126.9019901,영등포구,
2018,11,5,월요일,11,경상사고,0,0,2,0,43,남,15년이상,,승용,비사업용,승용,일직선사고,맑음,주간,차대차,추돌(진행중),안전운전불이행,특별광역시도,당산역,37.5340278,126.9019901,영등포구,
2018,11,27,화요일,15,경상사고,0,0,1,0,63,남,15년이상,,승용,비사업용,승용,진입회전사고,맑음,주간,차대차,측면직각충돌,안전운전불이행,특별광역시도,당산역,37.5340278,126.9019901,영등포구,
2018,12,24,월요일,15,경상사고,0,0,3,0,45,여,10년미만,,승용,비사업용,승용,진입회전사고,맑음,주간,차대차,측면직각충돌,안전운전불이행,특별광역시도,당산역,37.5340278,126.9019901,영등포구,
2019,3,26,화요일,23,경상사고,0,0,1,0,59,남,15년이상,,승용,사업용,이륜,일직선사고,맑음,심야,차대차,차대차-기타,중앙선침범,특별광역시도,당산역,37.5340278,126.9019901,영등포구,
2019,7,20,토요일,13,경상사고,0,0,1,0,62,남,15년이상,,승용,사업용,승용,진입회전사고,맑음,주간,차대차,측면직각충돌,신호위반,특별광역시도,당산역,37.5340278,126.9019901,영등포구,
2019,7,25,목요일,22,중상사고,0,1,0,0,19,남,2년미만,,승용,비사업용,보행자,보행횡단사고,흐림,심야,차대사람,횡단중,보행자보호의무위반,특별광역시도,당산역,37.5340278,126.9019901,영등포구,
2019,8,6,화요일,18,경상사고,0,0,2,0,51,남,15년이상,,승용,비사업용,승용,진입회전사고,맑음,출퇴근,차대차,측면직각충돌,안전거리미확보,특별광역시도,당산역,37.5340278,126.9019901,영등포구,
2019,8,11,일요일,20,경상사고,0,0,3,0,67,남,15년이상,,승용,비사업용,승용,진입회전사고,맑음,출퇴근,차대차,측면직각충돌,안전운전불이행,특별광역시도,당산역,37.5340278,126.9019901,영등포구,
2019,9,8,일요일,17,경상사고,0,0,1,0,49,남,15년이상,,승합,사업용,승합,진입회전사고,맑음,주간,차대차,측면직각충돌,신호위반,특별광역시도,당산역,37.5340278,126.9019901,영등포구,
2019,10,21,월요일,19,경상사고,0,0,1,0,58,여,15년이상,,승용,사업용,이륜,진입회전사고,맑음,출퇴근,차대차,측면직각충돌,안전운전불이행,특별광역시도,당산역,37.5340278,126.9019901,영등포구,
2019,11,8,금요일,19,경상사고,0,0,1,0,34,남,15년이상,,승용,비사업용,승용,진입회전사고,맑음,출퇴근,차대차,측면직각충돌,안전거리미확보,특별광역시도,당산역,37.5340278,126.9019901,영등포구,
2017,2,24,금요일,4,경상사고,0,0,1,0,57,남,15년이상,,승용,사업용,승용,진입회전사고,맑음,심야,차대차,측면직각충돌,신호위반,특별광역시도,대림3동사거리,37.499983,126.897639,영등포구,
2017,2,3,금요일,7,중상사고,0,1,0,0,47,남,15년이상,0,승용,비사업용,이륜,진입회전사고,맑음,출퇴근,차대차,정면충돌,신호위반,특별광역시도,대림3동사거리,37.499983,126.897639,영등포구,
2017,2,25,토요일,15,경상사고,0,0,1,0,41,남,15년미만,,승용,비사업용,보행자,보행횡단사고,맑음,주간,차대사람,횡단중,보행자보호의무위반,특별광역시도,대림3동사거리,37.499983,126.897639,영등포구,
2017,3,8,수요일,23,경상사고,0,0,1,0,62,남,15년이상,,승용,사업용,이륜,진입회전사고,맑음,심야,차대차,측면직각충돌,안전운전불이행,특별광역시도,대림3동사거리,37.499983,126.897639,영등포구,
2017,5,10,수요일,15,부상사고,0,0,0,1,55,남,15년이상,,승용,사업용,이륜,일직선사고,맑음,주간,차대차,정면충돌,안전운전불이행,특별광역시도,대림3동사거리,37.499983,126.897639,영등포구,
2017,5,7,일요일,17,경상사고,0,0,1,0,59,남,15년이상,,승용,사업용,승용,기타사고,맑음,주간,차대차,차대차-기타,안전운전불이행,특별광역시도,대림3동사거리,37.499983,126.897639,영등포구,
2017,7,31,월요일,0,경상사고,0,0,1,0,48,남,15년이상,,화물,비사업용,보행자,보행횡단사고,맑음,심야,차대사람,횡단중,안전운전불이행,특별광역시도,대림3동사거리,37.499983,126.897639,영등포구,
2017,7,25,화요일,7,경상사고,0,0,1,0,42,남,15년이상,,승용,비사업용,자전거,일직선사고,맑음,출퇴근,차대차,정면충돌,교차로운행방법위반,특별광역시도,대림3동사거리,37.499983,126.897639,영등포구,
2017,7,12,수요일,13,부상사고,0,0,0,2,39,여,15년이상,,승용,비사업용,승용,일직선사고,맑음,주간,차대차,정면충돌,차로위반,특별광역시도,대림3동사거리,37.499983,126.897639,영등포구,
2017,8,8,화요일,19,경상사고,0,0,5,0,51,남,10년미만,,승합,사업용,승합,일직선사고,맑음,출퇴근,차대차,추돌(진행중),안전운전불이행,특별광역시도,대림3동사거리,37.499983,126.897639,영등포구,
2017,9,4,월요일,8,경상사고,0,0,2,0,27,남,15년이상,,화물,비사업용,화물,일직선사고,맑음,출퇴근,차대차,정면충돌,안전운전불이행,특별광역시도,대림3동사거리,37.499983,126.897639,영등포구,
2017,11,4,토요일,5,중상사고,0,1,0,0,66,남,15년이상,,승용,사업용,자전거,기타사고,맑음,새벽,차대차,차대차-기타,안전운전불이행,특별광역시도,대림3동사거리,37.499983,126.897639,영등포구,
2017,12,4,월요일,10,중상사고,0,1,0,0,70,남,15년이상,,승용,비사업용,자전거,진입회전사고,맑음,주간,차대차,측면직각충돌,안전운전불이행,특별광역시도,대림3동사거리,37.499983,126.897639,영등포구,
2017,12,29,금요일,17,경상사고,0,0,2,0,55,여,15년이상,,승용,비사업용,승용,진입회전사고,맑음,주간,차대차,측면직각충돌,안전운전불이행,특별광역시도,대림3동사거리,37.499983,126.897639,영등포구,
2018,1,12,금요일,10,중상사고,0,1,0,0,69,남,15년이상,,화물,사업용,자전거,진입회전사고,맑음,주간,차대차,측면직각충돌,신호위반,특별광역시도,대림3동사거리,37.499983,126.897639,영등포구,
2018,2,4,일요일,7,사망사고,1,0,0,0,63,남,15년이상,,승합,사업용,보행자,진입회전사고,맑음,출퇴근,차대사람,횡단중,신호위반,특별광역시도,대림3동사거리,37.499983,126.897639,영등포구,
2018,5,23,수요일,11,부상사고,0,0,0,1,42,여,15년이상,,자전거,기타,자전거,일직선사고,맑음,주간,차대차,차대차-기타,중앙선침범,특별광역시도,대림3동사거리,37.499983,126.897639,영등포구,
2018,7,22,일요일,22,경상사고,0,0,1,1,27,남,1년미만,,이륜,기타,보행자,보행횡단사고,맑음,심야,차대사람,보도통행중,보행자보호의무위반,특별광역시도,대림3동사거리,37.499983,126.897639,영등포구,
2018,8,24,금요일,12,경상사고,0,0,1,0,68,남,15년이상,,승용,비사업용,승용,진입회전사고,맑음,주간,차대차,측면직각충돌,안전운전불이행,특별광역시도,대림3동사거리,37.499983,126.897639,영등포구,
2018,10,18,목요일,10,경상사고,0,0,1,0,69,남,10년미만,,화물,비사업용,화물,진입회전사고,맑음,주간,차대차,측면직각충돌,안전운전불이행,특별광역시도,대림3동사거리,37.499983,126.897639,영등포구,
2018,10,23,화요일,21,경상사고,0,0,1,0,28,남,10년미만,,승용,사업용,이륜,진입회전사고,맑음,심야,차대차,측면직각충돌,신호위반,특별광역시도,대림3동사거리,37.499983,126.897639,영등포구,
2018,12,5,수요일,8,경상사고,0,0,1,0,58,남,15년이상,,승용,비사업용,승용,기타사고,맑음,출퇴근,차대차,차대차-기타,차로위반,특별광역시도,대림3동사거리,37.499983,126.897639,영등포구,
2019,1,5,토요일,4,경상사고,0,0,3,0,58,남,15년이상,,승용,사업용,화물,진입회전사고,맑음,심야,차대차,측면직각충돌,신호위반,특별광역시도,대림3동사거리,37.499983,126.897639,영등포구,
2019,1,17,목요일,15,경상사고,0,0,1,0,70,남,15년이상,,승용,사업용,승용,진입회전사고,맑음,주간,차대차,측면직각충돌,안전운전불이행,특별광역시도,대림3동사거리,37.499983,126.897639,영등포구,
2019,2,23,토요일,22,경상사고,0,0,1,0,28,남,4년미만,,승용,사업용,승용,진입회전사고,맑음,심야,차대차,측면직각충돌,안전거리미확보,특별광역시도,대림3동사거리,37.499983,126.897639,영등포구,
2019,4,5,금요일,3,중상사고,0,1,0,0,36,여,15년이상,,승용,비사업용,이륜,진입회전사고,맑음,심야,차대차,측면직각충돌,안전운전불이행,특별광역시도,대림3동사거리,37.499983,126.897639,영등포구,
2019,5,5,일요일,9,경상사고,0,0,2,0,65,남,15년이상,,승용,비사업용,이륜,진입회전사고,맑음,주간,차대차,정면충돌,신호위반,특별광역시도,대림3동사거리,37.499983,126.897639,영등포구,
2019,5,22,수요일,12,경상사고,0,0,2,0,48,남,15년미만,,승용,비사업용,화물,진입회전사고,맑음,주간,차대차,정면충돌,신호위반,특별광역시도,대림3동사거리,37.499983,126.897639,영등포구,
2019,6,11,화요일,22,중상사고,0,1,0,0,60,남,15년이상,,승합,사업용,기타,기타사고,맑음,심야,차량단독,차량단독-기타,기타,특별광역시도,대림3동사거리,37.499983,126.897639,영등포구,
2019,7,6,토요일,2,경상사고,0,0,1,0,58,여,15년이상,,승용,비사업용,자전거,진입회전사고,맑음,심야,차대차,측면직각충돌,교차로운행방법위반,특별광역시도,대림3동사거리,37.499983,126.897639,영등포구,
2019,7,31,수요일,7,부상사고,0,0,0,1,43,남,15년이상,,승용,비사업용,승용,진입회전사고,비,출퇴근,차대차,측면직각충돌,신호위반,특별광역시도,대림3동사거리,37.499983,126.897639,영등포구,
2017,1,8,일요일,0,사망사고,1,0,0,0,58,남,15년이상,,승용,사업용,이륜,진입회전사고,맑음,심야,차대차,측면직각충돌,신호위반,특별광역시도,도림사거리,37.5067385,126.901353,영등포구,
2017,1,3,화요일,10,경상사고,0,0,1,0,35,남,15년미만,,승합,사업용,자전거,기타사고,맑음,주간,차대차,차대차-기타,안전운전불이행,특별광역시도,도림사거리,37.5067385,126.901353,영등포구,
2017,2,7,화요일,1,경상사고,0,0,2,0,36,남,15년이상,,승용,비사업용,승용,일직선사고,맑음,심야,차대차,추돌(진행중),안전운전불이행,특별광역시도,도림사거리,37.5067385,126.901353,영등포구,
2017,2,1,수요일,17,경상사고,0,0,1,0,27,여,10년미만,,승용,비사업용,승용,기타사고,맑음,주간,차대차,차대차-기타,차로위반,특별광역시도,도림사거리,37.5067385,126.901353,영등포구,
2017,8,31,목요일,17,부상사고,0,0,0,1,36,남,15년미만,,이륜,기타,기타,기타사고,맑음,주간,차량단독,전도전복,안전운전불이행,특별광역시도,도림사거리,37.5067385,126.901353,영등포구,
2017,10,31,화요일,21,경상사고,0,0,2,0,42,남,15년이상,,승용,비사업용,화물,진입회전사고,맑음,심야,차대차,측면직각충돌,안전거리미확보,특별광역시도,도림사거리,37.5067385,126.901353,영등포구,
2017,12,29,금요일,5,중상사고,0,1,0,0,24,여,3년미만,,승용,비사업용,이륜,일직선사고,맑음,새벽,차대차,추돌(진행중),안전운전불이행,특별광역시도,도림사거리,37.5067385,126.901353,영등포구,
2018,1,27,토요일,10,경상사고,0,0,1,0,46,남,1년미만,,승용,비사업용,승용,진입회전사고,맑음,주간,차대차,측면직각충돌,신호위반,특별광역시도,도림사거리,37.5067385,126.901353,영등포구,
2018,2,14,수요일,0,경상사고,0,0,2,0,59,남,15년이상,,승용,사업용,이륜,진입회전사고,맑음,심야,차대차,정면충돌,신호위반,특별광역시도,도림사거리,37.5067385,126.901353,영등포구,
2018,3,10,토요일,21,경상사고,0,0,1,0,17,남,2년미만,,이륜,기타,이륜,진입회전사고,맑음,심야,차대차,측면직각충돌,신호위반,특별광역시도,도림사거리,37.5067385,126.901353,영등포구,
2018,4,25,수요일,0,경상사고,0,0,2,0,58,여,15년이상,0,승용,비사업용,승용,일직선사고,맑음,심야,차대차,추돌(진행중),안전운전불이행,특별광역시도,도림사거리,37.5067385,126.901353,영등포구,
2018,5,29,화요일,14,경상사고,0,0,1,0,42,여,15년미만,,승용,비사업용,승합,기타사고,맑음,주간,차대차,차대차-기타,안전운전불이행,특별광역시도,도림사거리,37.5067385,126.901353,영등포구,
2018,5,11,금요일,15,경상사고,0,0,1,0,41,남,15년이상,,승용,비사업용,승용,진입회전사고,맑음,주간,차대차,차대차-기타,신호위반,특별광역시도,도림사거리,37.5067385,126.901353,영등포구,
2018,5,18,금요일,23,경상사고,0,0,3,0,52,여,15년미만,,승용,비사업용,원동기,일직선사고,맑음,심야,차대차,추돌(진행중),안전운전불이행,특별광역시도,도림사거리,37.5067385,126.901353,영등포구,
2018,6,20,수요일,2,부상사고,0,0,0,1,55,남,15년이상,,승용,비사업용,이륜,일직선사고,맑음,심야,차대차,차대차-기타,중앙선침범,특별광역시도,도림사거리,37.5067385,126.901353,영등포구,
2018,7,6,금요일,12,중상사고,0,1,0,0,48,남,15년이상,,화물,비사업용,보행자,기타사고,맑음,주간,차대사람,길가장자리구역통행중,안전운전불이행,특별광역시도,도림사거리,37.5067385,126.901353,영등포구,
2018,8,7,화요일,13,중상사고,0,1,0,0,22,남,10년미만,,원동기,기타,보행자,진입회전사고,맑음,주간,차대사람,횡단중,신호위반,특별광역시도,도림사거리,37.5067385,126.901353,영등포구,
2018,8,1,수요일,17,경상사고,0,0,1,0,59,남,15년이상,,승용,비사업용,화물,진입회전사고,맑음,주간,차대차,측면직각충돌,차로위반,특별광역시도,도림사거리,37.5067385,126.901353,영등포구,
2018,9,13,목요일,0,경상사고,0,0,2,0,25,여,15년이상,,승용,사업용,승용,진입회전사고,맑음,심야,차대차,측면직각충돌,신호위반,특별광역시도,도림사거리,37.5067385,126.901353,영등포구,
2018,10,5,금요일,4,중상사고,0,1,0,0,35,여,10년미만,,승용,비사업용,자전거,진입회전사고,맑음,심야,차대차,차대차-기타,신호위반,특별광역시도,도림사거리,37.5067385,126.901353,영등포구,
2018,11,17,토요일,10,중상사고,0,1,0,0,55,남,15년이상,,승용,비사업용,이륜,진입회전사고,맑음,주간,차대차,측면직각충돌,안전거리미확보,특별광역시도,도림사거리,37.5067385,126.901353,영등포구,
2018,11,30,금요일,23,경상사고,0,0,1,1,62,남,15년이상,,승용,사업용,승용,일직선사고,맑음,심야,차대차,추돌(진행중),안전운전불이행,특별광역시도,도림사거리,37.5067385,126.901353,영등포구,
2018,12,23,일요일,19,중상사고,0,1,0,0,53,여,3년미만,,승용,비사업용,이륜,진입회전사고,맑음,출퇴근,차대차,측면직각충돌,신호위반,특별광역시도,도림사거리,37.5067385,126.901353,영등포구,
2019,1,3,목요일,12,경상사고,0,0,1,0,52,여,15년이상,,승용,비사업용,승용,일직선사고,맑음,주간,차대차,추돌(진행중),안전운전불이행,특별광역시도,도림사거리,37.5067385,126.901353,영등포구,
2019,2,15,금요일,14,중상사고,0,1,0,0,69,남,15년이상,,이륜,데이터오류,이륜,진입회전사고,눈,주간,차대차,측면직각충돌,신호위반,특별광역시도,도림사거리,37.5067385,126.901353,영등포구,
2019,3,18,월요일,22,경상사고,0,0,1,1,55,남,15년이상,,승용,비사업용,승용,일직선사고,맑음,심야,차대차,추돌(진행중),안전운전불이행,특별광역시도,도림사거리,37.5067385,126.901353,영등포구,
2019,4,15,월요일,16,경상사고,0,0,1,0,58,남,15년미만,,승용,비사업용,기타,진입회전사고,맑음,주간,차대차,측면직각충돌,안전운전불이행,특별광역시도,도림사거리,37.5067385,126.901353,영등포구,
2019,6,7,금요일,8,경상사고,0,0,1,0,22,남,1년미만,,화물,비사업용,보행자,보행횡단사고,비,출퇴근,차대사람,횡단중,안전운전불이행,특별광역시도,도림사거리,37.5067385,126.901353,영등포구,
2019,7,5,금요일,2,경상사고,0,0,1,0,59,남,15년이상,,승용,사업용,이륜,기타사고,맑음,심야,차대차,차대차-기타,안전운전불이행,특별광역시도,도림사거리,37.5067385,126.901353,영등포구,
2019,7,14,일요일,9,경상사고,0,0,1,1,30,남,15년이상,,승용,비사업용,승용,진입회전사고,맑음,주간,차대차,정면충돌,신호위반,특별광역시도,도림사거리,37.5067385,126.901353,영등포구,
2019,7,24,수요일,16,경상사고,0,0,2,0,55,남,15년이상,,승용,비사업용,승용,진입회전사고,흐림,주간,차대차,정면충돌,신호위반,특별광역시도,도림사거리,37.5067385,126.901353,영등포구,
2019,10,14,월요일,16,중상사고,0,1,0,0,62,남,15년이상,,승합,사업용,기타,기타사고,맑음,주간,차량단독,차량단독-기타,기타,특별광역시도,도림사거리,37.5067385,126.901353,영등포구,