년도,월,일,요일,시각,사고등급,사망자수,중상자수,경상자수,부상자수,연령,성별,경력,음주,종별,용도,관련자2,사고형태,기상상태,일광상태,사고유형1,사고유형2,법규위반,도로종류,지점명,위도,경도,자치구,
2017,2,3,금요일,10,부상사고,0,0,0,1,49,남,15년이상,,화물,비사업용,원동기,기타사고,맑음,주간,차대차,차대차-기타,안전운전불이행,특별광역시도,문래동사거리,37.5131232,126.8972567,영등포구,
2017,2,20,월요일,23,경상사고,0,0,2,0,32,남,10년미만,0,승용,비사업용,승용,기타사고,맑음,심야,차대차,차대차-기타,안전운전불이행,특별광역시도,문래동사거리,37.5131232,126.8972567,영등포구,
2017,3,30,목요일,0,경상사고,0,0,2,0,66,남,15년이상,,화물,비사업용,화물,진입회전사고,맑음,심야,차대차,정면충돌,신호위반,특별광역시도,문래동사거리,37.5131232,126.8972567,영등포구,
2017,7,3,월요일,7,부상사고,0,0,0,1,32,남,15년이상,0,승용,비사업용,화물,기타사고,맑음,출퇴근,차대차,차대차-기타,안전운전불이행,특별광역시도,문래동사거리,37.5131232,126.8972567,영등포구,
2017,7,28,금요일,15,경상사고,0,0,1,0,53,남,15년미만,,승용,사업용,승용,기타사고,맑음,주간,차대차,차대차-기타,안전운전불이행,특별광역시도,문래동사거리,37.5131232,126.8972567,영등포구,
2017,7,27,목요일,22,중상사고,0,1,0,0,51,남,15년이상,,승합,사업용,원동기,일직선사고,비,심야,차대차,정면충돌,데이터없음,특별광역시도,문래동사거리,37.5131232,126.8972567,영등포구,
2017,8,15,화요일,4,경상사고,0,0,4,0,49,남,15년이상,,승용,사업용,승용,일직선사고,비,심야,차대차,정면충돌,안전운전불이행,특별광역시도,문래동사거리,37.5131232,126.8972567,영등포구,
2017,8,6,일요일,21,경상사고,0,0,1,0,57,남,15년이상,,승용,비사업용,승용,일직선사고,맑음,심야,차대차,추돌(진행중),안전운전불이행,특별광역시도,문래동사거리,37.5131232,126.8972567,영등포구,
2017,10,15,일요일,14,중상사고,0,2,0,0,56,남,15년이상,,승용,비사업용,승용,일직선사고,맑음,주간,차대차,추돌(진행중),안전운전불이행,특별광역시도,문래동사거리,37.5131232,126.8972567,영등포구,
2017,10,12,목요일,22,경상사고,0,0,1,0,60,남,15년이상,,승합,사업용,이륜,진입회전사고,맑음,심야,차대차,측면직각충돌,신호위반,특별광역시도,문래동사거리,37.5131232,126.8972567,영등포구,
2017,11,30,목요일,6,중상사고,0,1,0,0,21,남,3년미만,,승용,비사업용,이륜,진입회전사고,맑음,새벽,차대차,측면직각충돌,신호위반,특별광역시도,문래동사거리,37.5131232,126.8972567,영등포구,
2017,11,20,월요일,8,경상사고,0,0,2,0,74,남,15년이상,,승용,사업용,승용,진입회전사고,맑음,출퇴근,차대차,측면직각충돌,차로위반,특별광역시도,문래동사거리,37.5131232,126.8972567,영등포구,
2017,12,4,월요일,6,경상사고,0,0,1,0,33,여,10년미만,,승용,비사업용,승용,진입회전사고,맑음,새벽,차대차,측면직각충돌,안전운전불이행,특별광역시도,문래동사거리,37.5131232,126.8972567,영등포구,
2018,1,17,수요일,14,경상사고,0,0,1,0,42,남,15년이상,,승용,비사업용,이륜,진입회전사고,맑음,주간,차대차,측면직각충돌,신호위반,특별광역시도,문래동사거리,37.5131232,126.8972567,영등포구,
2018,1,22,월요일,15,경상사고,0,0,1,0,34,남,15년미만,,승용,비사업용,보행자,보행횡단사고,비,주간,차대사람,횡단중,보행자보호의무위반,특별광역시도,문래동사거리,37.5131232,126.8972567,영등포구,
2018,1,13,토요일,22,부상사고,0,0,0,1,59,남,15년이상,,승합,사업용,기타,진입회전사고,맑음,심야,차대차,측면직각충돌,안전운전불이행,특별광역시도,문래동사거리,37.5131232,126.8972567,영등포구,
2018,2,3,토요일,11,부상사고,0,0,0,1,55,남,15년이상,,승용,비사업용,이륜,진입회전사고,맑음,주간,차대차,측면직각충돌,안전운전불이행,특별광역시도,문래동사거리,37.5131232,126.8972567,영등포구,
2018,5,15,화요일,2,경상사고,0,0,1,0,64,남,15년이상,,승용,사업용,기타,진입회전사고,맑음,심야,차대차,차대차-기타,신호위반,특별광역시도,문래동사거리,37.5131232,126.8972567,영등포구,
2018,5,12,토요일,22,경상사고,0,0,2,0,30,남,15년이상,0,승용,비사업용,승용,일직선사고,비,심야,차대차,정면충돌,안전운전불이행,특별광역시도,문래동사거리,37.5131232,126.8972567,영등포구,
2018,6,5,화요일,8,경상사고,0,0,2,0,42,남,15년이상,0,승용,비사업용,승용,진입회전사고,맑음,출퇴근,차대차,측면직각충돌,안전운전불이행,특별광역시도,문래동사거리,37.5131232,126.8972567,영등포구,
2018,6,30,토요일,11,경상사고,0,0,1,0,50,남,데이터오류,,승용,비사업용,이륜,일직선사고,맑음,주간,차대차,추돌(진행중),안전운전불이행,특별광역시도,문래동사거리,37.5131232,126.8972567,영등포구,
2018,7,24,화요일,4,경상사고,0,0,1,0,27,남,10년미만,,승용,비사업용,승용,일직선사고,맑음,심야,차대차,추돌(진행중),안전운전불이행,특별광역시도,문래동사거리,37.5131232,126.8972567,영등포구,
2018,7,4,수요일,17,경상사고,0,0,1,0,28,남,15년이상,,승합,비사업용,원동기,진입회전사고,맑음,주간,차대차,차대차-기타,신호위반,특별광역시도,문래동사거리,37.5131232,126.8972567,영등포구,
2018,8,18,토요일,4,중상사고,0,1,3,1,51,남,15년이상,,승용,사업용,승용,일직선사고,맑음,심야,차대차,추돌(진행중),안전운전불이행,특별광역시도,문래동사거리,37.5131232,126.8972567,영등포구,
2018,8,13,월요일,6,경상사고,0,0,1,0,63,남,15년이상,,승용,사업용,승용,일직선사고,맑음,새벽,차대차,추돌(진행중),안전운전불이행,특별광역시도,문래동사거리,37.5131232,126.8972567,영등포구,
2018,10,21,일요일,1,경상사고,0,0,7,1,51,남,15년이상,0,승용,비사업용,승용,일직선사고,맑음,심야,차대차,추돌(진행중),안전운전불이행,특별광역시도,문래동사거리,37.5131232,126.8972567,영등포구,
2018,10,26,금요일,8,경상사고,0,0,1,0,71,남,15년이상,,화물,사업용,자전거,진입회전사고,맑음,출퇴근,차대차,측면직각충돌,안전운전불이행,특별광역시도,문래동사거리,37.5131232,126.8972567,영등포구,
2018,11,7,수요일,6,경상사고,0,0,1,0,50,남,15년이상,,승합,사업용,이륜,진입회전사고,맑음,새벽,차대차,측면직각충돌,신호위반,특별광역시도,문래동사거리,37.5131232,126.8972567,영등포구,
2018,11,30,금요일,23,경상사고,0,0,1,0,65,남,15년이상,0,승용,비사업용,승용,일직선사고,맑음,심야,차대차,추돌(진행중),안전운전불이행,특별광역시도,문래동사거리,37.5131232,126.8972567,영등포구,
2019,1,2,수요일,18,경상사고,0,0,5,0,46,여,15년이상,,승용,비사업용,승용,진입회전사고,맑음,출퇴근,차대차,측면직각충돌,신호위반,특별광역시도,문래동사거리,37.5131232,126.8972567,영등포구,
2019,5,19,일요일,5,경상사고,0,0,2,0,76,남,15년이상,,승용,사업용,승용,진입회전사고,비,새벽,차대차,측면직각충돌,안전운전불이행,특별광역시도,문래동사거리,37.5131232,126.8972567,영등포구,
2019,6,18,화요일,22,경상사고,0,0,1,0,63,남,15년이상,,승용,사업용,승용,진입회전사고,맑음,심야,차대차,차대차-기타,신호위반,특별광역시도,문래동사거리,37.5131232,126.8972567,영등포구,
2019,7,22,월요일,15,경상사고,0,0,1,0,61,남,15년이상,,승용,사업용,승용,일직선사고,기타,주간,차대차,추돌(진행중),안전거리미확보,특별광역시도,문래동사거리,37.5131232,126.8972567,영등포구,
2019,7,12,금요일,18,중상사고,0,1,3,0,69,남,15년이상,,승합,사업용,기타,기타사고,맑음,출퇴근,차량단독,차량단독-기타,안전운전불이행,특별광역시도,문래동사거리,37.5131232,126.8972567,영등포구,
2019,7,27,토요일,23,경상사고,0,0,1,0,36,남,15년이상,,승용,비사업용,이륜,진입회전사고,흐림,심야,차대차,정면충돌,신호위반,특별광역시도,문래동사거리,37.5131232,126.8972567,영등포구,
2019,9,5,목요일,12,경상사고,0,0,1,0,56,남,15년이상,,화물,비사업용,이륜,진입회전사고,맑음,주간,차대차,측면직각충돌,안전운전불이행,특별광역시도,문래동사거리,37.5131232,126.8972567,영등포구,
2017,3,7,화요일,20,경상사고,0,0,2,0,59,남,15년이상,,승용,비사업용,승용,일직선사고,맑음,출퇴근,차대차,정면충돌,안전운전불이행,특별광역시도,사러가쇼핑센터앞사거리,37.5670339,126.9296131,영등포구,
2017,4,29,토요일,16,중상사고,0,1,1,1,21,남,4년미만,,승용,비사업용,승용,진입회전사고,맑음,주간,차대차,측면직각충돌,신호위반,특별광역시도,사러가쇼핑센터앞사거리,37.5670339,126.9296131,영등포구,
2017,7,23,일요일,10,중상사고,0,1,0,0,71,남,15년이상,,승용,비사업용,승합,기타사고,맑음,주간,차대차,차대차-기타,안전운전불이행,특별광역시도,사러가쇼핑센터앞사거리,37.5670339,126.9296131,영등포구,
2017,7,11,화요일,21,부상사고,0,0,0,2,17,남,15년이상,,이륜,기타,이륜,진입회전사고,흐림,심야,차대차,측면직각충돌,안전운전불이행,특별광역시도,사러가쇼핑센터앞사거리,37.5670339,126.9296131,영등포구,
2017,8,2,수요일,19,중상사고,0,1,0,0,58,남,15년이상,,승합,사업용,보행자,진입회전사고,맑음,출퇴근,차대사람,횡단중,신호위반,특별광역시도,사러가쇼핑센터앞사거리,37.5670339,126.9296131,영등포구,
2017,9,13,수요일,10,경상사고,0,0,1,0,70,남,3년미만,0,화물,비사업용,화물,일직선사고,맑음,주간,차대차,추돌(진행중),안전운전불이행,특별광역시도,사러가쇼핑센터앞사거리,37.5670339,126.9296131,영등포구,
2017,11,29,수요일,14,경상사고,0,0,1,0,70,남,15년이상,,승용,비사업용,승용,진입회전사고,맑음,주간,차대차,측면직각충돌,안전운전불이행,특별광역시도,사러가쇼핑센터앞사거리,37.5670339,126.9296131,영등포구,
2017,12,2,토요일,14,경상사고,0,0,1,0,68,남,15년이상,,승용,사업용,이륜,일직선사고,맑음,주간,차대차,정면충돌,안전운전불이행,특별광역시도,사러가쇼핑센터앞사거리,37.5670339,126.9296131,영등포구,
2018,2,16,금요일,0,중상사고,0,1,1,0,29,남,10년미만,0,승용,비사업용,승용,진입회전사고,맑음,심야,차대차,차대차-기타,신호위반,특별광역시도,사러가쇼핑센터앞사거리,37.5670339,126.9296131,영등포구,
2018,2,6,화요일,16,경상사고,0,0,1,1,58,남,15년이상,,화물,비사업용,이륜,기타사고,맑음,주간,차대차,차대차-기타,안전운전불이행,특별광역시도,사러가쇼핑센터앞사거리,37.5670339,126.9296131,영등포구,
2018,5,15,화요일,14,경상사고,0,0,1,0,58,여,15년이상,,승용,비사업용,화물,진입회전사고,맑음,주간,차대차,측면직각충돌,교차로운행방법위반,특별광역시도,사러가쇼핑센터앞사거리,37.5670339,126.9296131,영등포구,
2018,5,19,토요일,19,경상사고,0,0,1,0,59,남,10년미만,,화물,비사업용,화물,일직선사고,맑음,출퇴근,차대차,추돌(진행중),안전운전불이행,특별광역시도,사러가쇼핑센터앞사거리,37.5670339,126.9296131,영등포구,
2018,6,16,토요일,18,경상사고,0,0,1,0,77,남,15년이상,,승용,사업용,보행자,기타사고,맑음,출퇴근,차대사람,차대사람-기타,안전운전불이행,특별광역시도,사러가쇼핑센터앞사거리,37.5670339,126.9296131,영등포구,
2018,6,16,토요일,18,경상사고,0,0,1,0,47,남,15년이상,,승용,비사업용,승용,진입회전사고,맑음,출퇴근,차대차,측면직각충돌,안전운전불이행,특별광역시도,사러가쇼핑센터앞사거리,37.5670339,126.9296131,영등포구,
2018,7,1,일요일,21,경상사고,0,0,1,0,54,남,10년미만,,승용,비사업용,승용,일직선사고,비,심야,차대차,추돌(진행중),안전운전불이행,특별광역시도,사러가쇼핑센터앞사거리,37.5670339,126.9296131,영등포구,
2018,8,8,수요일,2,경상사고,0,0,2,0,46,남,15년이상,,승용,사업용,승용,진입회전사고,맑음,심야,차대차,측면직각충돌,신호위반,특별광역시도,사러가쇼핑센터앞사거리,37.5670339,126.9296131,영등포구,
2018,8,9,목요일,19,경상사고,0,0,2,0,29,남,1년미만,,승용,비사업용,승용,진입회전사고,맑음,출퇴근,차대차,측면직각충돌,안전거리미확보,특별광역시도,사러가쇼핑센터앞사거리,37.5670339,126.9296131,영등포구,
2018,8,10,금요일,19,경상사고,0,0,1,0,30,여,10년미만,,승용,비사업용,승용,일직선사고,맑음,출퇴근,차대차,추돌(진행중),안전운전불이행,특별광역시도,사러가쇼핑센터앞사거리,37.5670339,126.9296131,영등포구,
2018,11,30,금요일,2,경상사고,0,0,4,0,37,남,10년미만,,승용,사업용,승용,기타사고,맑음,심야,차대차,차대차-기타,안전운전불이행,특별광역시도,사러가쇼핑센터앞사거리,37.5670339,126.9296131,영등포구,
2018,11,9,금요일,8,중상사고,0,1,0,0,63,여,15년이상,,승용,비사업용,보행자,보행횡단사고,맑음,출퇴근,차대사람,횡단중,안전운전불이행,특별광역시도,사러가쇼핑센터앞사거리,37.5670339,126.9296131,영등포구,
2018,11,8,목요일,20,중상사고,0,1,0,0,40,남,15년미만,,승합,사업용,보행자,보행횡단사고,비,출퇴근,차대사람,횡단중,안전운전불이행,특별광역시도,사러가쇼핑센터앞사거리,37.5670339,126.9296131,영등포구,
2018,12,8,토요일,0,경상사고,0,0,2,0,52,남,4년미만,,승용,비사업용,승용,진입회전사고,맑음,심야,차대차,측면직각충돌,신호위반,특별광역시도,사러가쇼핑센터앞사거리,37.5670339,126.9296131,영등포구,
2019,3,28,목요일,5,중상사고,0,1,0,0,70,남,15년이상,,승용,사업용,보행자,기타사고,맑음,새벽,차대사람,차도통행중,안전운전불이행,특별광역시도,사러가쇼핑센터앞사거리,37.5670339,126.9296131,영등포구,
2019,3,2,토요일,18,경상사고,0,0,1,0,59,남,15년이상,,승용,사업용,기타,기타사고,맑음,출퇴근,차대차,차대차-기타,안전운전불이행,특별광역시도,사러가쇼핑센터앞사거리,37.5670339,126.9296131,영등포구,
2019,4,12,금요일,8,경상사고,0,0,1,0,51,남,15년이상,,화물,비사업용,보행자,기타사고,맑음,출퇴근,차대사람,차대사람-기타,안전운전불이행,특별광역시도,사러가쇼핑센터앞사거리,37.5670339,126.9296131,영등포구,
2019,7,5,금요일,14,중상사고,0,1,0,0,78,남,15년이상,,승합,비사업용,보행자,진입회전사고,맑음,주간,차대사람,횡단중,신호위반,특별광역시도,사러가쇼핑센터앞사거리,37.5670339,126.9296131,영등포구,
2019,9,22,일요일,3,중상사고,0,1,1,0,43,남,10년미만,0,승용,비사업용,승용,진입회전사고,흐림,심야,차대차,차대차-기타,신호위반,특별광역시도,사러가쇼핑센터앞사거리,37.5670339,126.9296131,영등포구,
2019,10,1,화요일,1,경상사고,0,0,2,0,65,남,15년이상,,승용,사업용,원동기,진입회전사고,맑음,심야,차대차,측면직각충돌,신호위반,특별광역시도,사러가쇼핑센터앞사거리,37.5670339,126.9296131,영등포구,
2019,10,28,월요일,13,경상사고,0,0,1,0,67,남,15년미만,,승용,비사업용,자전거,진입회전사고,맑음,주간,차대차,측면직각충돌,안전운전불이행,특별광역시도,사러가쇼핑센터앞사거리,37.5670339,126.9296131,영등포구,
2019,11,25,월요일,8,경상사고,0,0,1,0,43,남,15년이상,,자전거,데이터오류,보행자,보행횡단사고,맑음,출퇴근,차대사람,보도통행중,기타,특별광역시도,사러가쇼핑센터앞사거리,37.5670339,126.9296131,영등포구,
2019,11,5,화요일,13,중상사고,0,1,0,0,67,남,15년이상,,승용,비사업용,이륜,진입회전사고,맑음,주간,차대차,측면직각충돌,안전운전불이행,특별광역시도,사러가쇼핑센터앞사거리,37.5670339,126.9296131,영등포구,
2019,11,20,수요일,20,경상사고,0,0,1,0,60,남,15년이상,,승용,사업용,이륜,기타사고,맑음,출퇴근,차대차,차대차-기타,기타,특별광역시도,사러가쇼핑센터앞사거리,37.5670339,126.9296131,영등포구,
2017,3,31,금요일,5,중상사고,0,1,0,0,45,남,15년이상,,건설기계,사업용,건설기계,진입회전사고,흐림,새벽,차대차,측면직각충돌,안전운전불이행,특별광역시도,삼성화재영등포사옥앞,37.5358333,126.8986111,영등포구,
2017,9,22,금요일,16,경상사고,0,0,1,0,76,남,15년이상,,승용,비사업용,승용,일직선사고,맑음,주간,차대차,추돌(진행중),안전운전불이행,특별광역시도,삼성화재영등포사옥앞,37.5358333,126.8986111,영등포구,
2017,10,24,화요일,15,경상사고,0,0,3,0,59,남,15년이상,,승용,사업용,승용,일직선사고,맑음,주간,차대차,추돌(진행중),안전운전불이행,특별광역시도,삼성화재영등포사옥앞,37.5358333,126.8986111,영등포구,
2017,12,18,월요일,8,경상사고,0,0,1,0,27,여,4년미만,,승용,비사업용,화물,일직선사고,눈,출퇴근,차대차,추돌(진행중),안전운전불이행,특별광역시도,삼성화재영등포사옥앞,37.5358333,126.8986111,영등포구,
2018,2,14,수요일,1,경상사고,0,0,1,0,33,남,10년미만,,이륜,기타,보행자,기타사고,맑음,심야,차대사람,차대사람-기타,안전운전불이행,특별광역시도,삼성화재영등포사옥앞,37.5358333,126.8986111,영등포구,
2018,8,24,금요일,10,경상사고,0,0,1,0,57,여,15년이상,,승용,비사업용,승용,진입회전사고,맑음,주간,차대차,측면직각충돌,안전운전불이행,특별광역시도,삼성화재영등포사옥앞,37.5358333,126.8986111,영등포구,
2018,11,23,금요일,15,경상사고,0,0,1,0,61,여,15년이상,,승용,비사업용,자전거,진입회전사고,맑음,주간,차대차,측면직각충돌,불법유턴,특별광역시도,삼성화재영등포사옥앞,37.5358333,126.8986111,영등포구,
2018,11,14,수요일,19,경상사고,0,0,1,0,60,남,15년이상,,승용,비사업용,이륜,진입회전사고,맑음,출퇴근,차대차,측면직각충돌,신호위반,특별광역시도,삼성화재영등포사옥앞,37.5358333,126.8986111,영등포구,
2018,12,8,토요일,23,경상사고,0,0,2,0,50,남,15년이상,0,승용,비사업용,승용,일직선사고,맑음,심야,차대차,추돌(진행중),안전운전불이행,특별광역시도,삼성화재영등포사옥앞,37.5358333,126.8986111,영등포구,
2019,7,6,토요일,7,경상사고,0,0,2,2,56,남,15년이상,,승합,사업용,승합,진입회전사고,맑음,출퇴근,차대차,측면직각충돌,안전거리미확보,특별광역시도,삼성화재영등포사옥앞,37.5358333,126.8986111,영등포구,
2019,10,28,월요일,14,경상사고,0,0,1,0,41,남,15년이상,,승용,비사업용,승용,일직선사고,맑음,주간,차대차,추돌(진행중),안전운전불이행,특별광역시도,삼성화재영등포사옥앞,37.5358333,126.8986111,영등포구,
2017,3,19,일요일,11,경상사고,0,0,1,0,64,남,15년이상,,승합,사업용,승합,기타사고,맑음,주간,차대차,차대차-기타,안전거리미확보,특별광역시도,삼성화재영등포사옥앞,37.5358333,126.8986111,영등포구,
2017,3,11,토요일,14,경상사고,0,0,1,0,65,남,15년이상,,승용,사업용,승용,진입회전사고,맑음,주간,차대차,측면직각충돌,신호위반,특별광역시도,삼성화재영등포사옥앞,37.5358333,126.8986111,영등포구,
2017,4,30,일요일,8,중상사고,0,1,0,0,67,남,15년이상,,승합,사업용,보행자,기타사고,맑음,출퇴근,차대사람,차대사람-기타,데이터없음,특별광역시도,삼성화재영등포사옥앞,37.5358333,126.8986111,영등포구,
2017,4,11,화요일,11,중상사고,0,1,0,0,57,남,15년이상,,승합,사업용,승합,일직선사고,맑음,주간,차대차,추돌(진행중),안전운전불이행,특별광역시도,삼성화재영등포사옥앞,37.5358333,126.8986111,영등포구,
2017,4,28,금요일,16,경상사고,0,0,1,0,50,남,15년미만,,화물,사업용,화물,진입회전사고,맑음,주간,차대차,측면직각충돌,안전거리미확보,특별광역시도,삼성화재영등포사옥앞,37.5358333,126.8986111,영등포구,
2017,6,11,일요일,3,경상사고,0,0,1,0,23,여,10년미만,,승용,비사업용,승용,진입회전사고,맑음,심야,차대차,측면직각충돌,신호위반,특별광역시도,삼성화재영등포사옥앞,37.5358333,126.8986111,영등포구,
2017,6,22,목요일,8,경상사고,0,0,1,0,63,남,15년이상,,승용,사업용,보행자,보행횡단사고,맑음,출퇴근,차대사람,보도통행중,보행자보호의무위반,특별광역시도,삼성화재영등포사옥앞,37.5358333,126.8986111,영등포구,
2017,6,30,금요일,9,경상사고,0,0,1,0,60,여,15년이상,,승용,비사업용,화물,진입회전사고,맑음,주간,차대차,측면직각충돌,안전운전불이행,특별광역시도,삼성화재영등포사옥앞,37.5358333,126.8986111,영등포구,
2017,6,14,수요일,20,경상사고,0,0,1,0,25,남,10년미만,,승용,비사업용,승합,기타사고,맑음,출퇴근,차대차,차대차-기타,안전운전불이행,특별광역시도,삼성화재영등포사옥앞,37.5358333,126.8986111,영등포구,
2017,7,8,토요일,20,경상사고,0,0,2,0,56,남,15년이상,,승용,사업용,승용,진입회전사고,맑음,출퇴근,차대차,측면직각충돌,차로위반,특별광역시도,삼성화재영등포사옥앞,37.5358333,126.8986111,영등포구,
2017,8,4,금요일,0,중상사고,0,1,0,0,30,남,15년이상,0,승용,비사업용,승용,일직선사고,맑음,심야,차대차,정면충돌,중앙선침범,특별광역시도,삼성화재영등포사옥앞,37.5358333,126.8986111,영등포구,
2017,8,22,화요일,1,경상사고,0,0,1,0,62,남,15년이상,,승용,사업용,승용,진입회전사고,맑음,심야,차대차,측면직각충돌,안전거리미확보,특별광역시도,삼성화재영등포사옥앞,37.5358333,126.8986111,영등포구,
2017,8,19,토요일,4,경상사고,0,0,2,0,40,남,15년이상,0,승용,사업용,승용,기타사고,맑음,심야,차대차,차대차-기타,안전운전불이행,특별광역시도,삼성화재영등포사옥앞,37.5358333,126.8986111,영등포구,
2017,8,26,토요일,15,경상사고,0,0,1,0,38,남,15년미만,,승용,사업용,건설기계,기타사고,맑음,주간,차대차,차대차-기타,안전운전불이행,특별광역시도,삼성화재영등포사옥앞,37.5358333,126.8986111,영등포구,
2017,10,4,수요일,4,중상사고,0,1,2,0,21,남,15년이상,,승용,비사업용,승용,일직선사고,맑음,심야,차대차,추돌(진행중),과속,특별광역시도,삼성화재영등포사옥앞,37.5358333,126.8986111,영등포구,
2017,10,14,토요일,6,중상사고,0,1,0,0,68,남,15년이상,,승용,사업용,승용,진입회전사고,맑음,새벽,차대차,차대차-기타,신호위반,특별광역시도,삼성화재영등포사옥앞,37.5358333,126.8986111,영등포구,
2017,10,21,토요일,7,중상사고,0,1,3,0,68,남,15년이상,,승합,사업용,승합,진입회전사고,맑음,출퇴근,차대차,추돌(진행중),신호위반,특별광역시도,삼성화재영등포사옥앞,37.5358333,126.8986111,영등포구,
2017,11,15,수요일,14,경상사고,0,0,2,0,67,남,15년이상,,승용,사업용,화물,진입회전사고,맑음,주간,차대차,측면직각충돌,신호위반,특별광역시도,삼성화재영등포사옥앞,37.5358333,126.8986111,영등포구,
2017,11,9,목요일,18,경상사고,0,0,2,0,71,남,15년이상,,승합,사업용,승합,진입회전사고,맑음,출퇴근,차대차,측면직각충돌,신호위반,특별광역시도,삼성화재영등포사옥앞,37.5358333,126.8986111,영등포구,
2017,12,17,일요일,7,중상사고,0,2,2,0,34,남,15년이상,0,승용,비사업용,승용,일직선사고,맑음,출퇴근,차대차,추돌(진행중),안전운전불이행,특별광역시도,삼성화재영등포사옥앞,37.5358333,126.8986111,영등포구,
2017,12,1,금요일,10,부상사고,0,0,0,1,37,여,15년미만,,승용,비사업용,자전거,일직선사고,맑음,주간,차대차,정면충돌,안전운전불이행,특별광역시도,삼성화재영등포사옥앞,37.5358333,126.8986111,영등포구,
2017,12,10,일요일,15,중상사고,0,1,0,0,58,남,10년미만,,승용,비사업용,승용,진입회전사고,흐림,주간,차대차,측면직각충돌,안전운전불이행,특별광역시도,삼성화재영등포사옥앞,37.5358333,126.8986111,영등포구,
2017,12,7,목요일,19,경상사고,0,0,3,2,56,여,15년이상,,승용,비사업용,승용,기타사고,맑음,출퇴근,차대차,차대차-기타,안전거리미확보,특별광역시도,삼성화재영등포사옥앞,37.5358333,126.8986111,영등포구,
2018,1,21,일요일,9,경상사고,0,0,3,0,47,여,2년미만,,승용,비사업용,화물,기타사고,맑음,주간,차대차,차대차-기타,안전운전불이행,특별광역시도,삼성화재영등포사옥앞,37.5358333,126.8986111,영등포구,
2018,1,20,토요일,22,경상사고,0,0,1,0,63,여,15년이상,,승용,비사업용,승용,기타사고,맑음,심야,차대차,차대차-기타,안전운전불이행,특별광역시도,삼성화재영등포사옥앞,37.5358333,126.8986111,영등포구,
2018,3,12,월요일,23,경상사고,0,0,1,0,63,남,15년이상,,승용,사업용,기타,진입회전사고,맑음,심야,차대차,측면직각충돌,안전운전불이행,특별광역시도,삼성화재영등포사옥앞,37.5358333,126.8986111,영등포구,
2018,4,29,일요일,3,중상사고,0,2,0,0,27,남,10년미만,,승용,비사업용,승용,진입회전사고,맑음,심야,차대차,측면직각충돌,안전거리미확보,특별광역시도,삼성화재영등포사옥앞,37.5358333,126.8986111,영등포구,
2018,4,14,토요일,6,중상사고,0,1,0,0,35,남,데이터오류,0,승용,비사업용,승용,기타사고,비,새벽,차대차,차대차-기타,안전거리미확보,특별광역시도,삼성화재영등포사옥앞,37.5358333,126.8986111,영등포구,
2018,4,6,금요일,20,경상사고,0,0,1,0,25,남,1년미만,,승용,비사업용,승용,진입회전사고,맑음,출퇴근,차대차,측면직각충돌,안전거리미확보,특별광역시도,삼성화재영등포사옥앞,37.5358333,126.8986111,영등포구,
2018,4,21,토요일,23,경상사고,0,0,2,0,31,여,10년미만,,승용,비사업용,승용,진입회전사고,맑음,심야,차대차,측면직각충돌,교차로운행방법위반,특별광역시도,삼성화재영등포사옥앞,37.5358333,126.8986111,영등포구,
2018,5,10,목요일,16,경상사고,0,0,1,0,48,남,15년이상,,승용,사업용,승용,일직선사고,맑음,주간,차대차,추돌(진행중),안전운전불이행,특별광역시도,삼성화재영등포사옥앞,37.5358333,126.8986111,영등포구,
2018,6,6,수요일,2,중상사고,0,1,0,0,66,남,15년이상,,승용,사업용,보행자,보행횡단사고,맑음,심야,차대사람,보도통행중,보행자보호의무위반,특별광역시도,삼성화재영등포사옥앞,37.5358333,126.8986111,영등포구,
2018,6,22,금요일,3,경상사고,0,0,2,0,19,남,4년미만,,승용,비사업용,승용,진입회전사고,맑음,심야,차대차,측면직각충돌,안전거리미확보,특별광역시도,삼성화재영등포사옥앞,37.5358333,126.8986111,영등포구,
2018,7,12,목요일,14,경상사고,0,0,1,0,44,남,15년이상,,승합,사업용,승합,진입회전사고,맑음,주간,차대차,측면직각충돌,안전운전불이행,특별광역시도,삼성화재영등포사옥앞,37.5358333,126.8986111,영등포구,
2018,7,19,목요일,22,경상사고,0,0,1,0,62,남,15년이상,,승용,사업용,승용,진입회전사고,맑음,심야,차대차,측면직각충돌,안전운전불이행,특별광역시도,삼성화재영등포사옥앞,37.5358333,126.8986111,영등포구,
2018,8,3,금요일,0,경상사고,0,0,1,0,33,남,15년이상,0,승용,비사업용,승용,일직선사고,맑음,심야,차대차,추돌(진행중),안전운전불이행,특별광역시도,삼성화재영등포사옥앞,37.5358333,126.8986111,영등포구,
2018,8,27,월요일,0,부상사고,0,0,0,1,35,여,15년이상,,승용,비사업용,보행자,보행횡단사고,비,심야,차대사람,횡단중,보행자보호의무위반,특별광역시도,삼성화재영등포사옥앞,37.5358333,126.8986111,영등포구,
2018,8,22,수요일,1,경상사고,0,0,1,0,43,남,15년이상,,승용,비사업용,이륜,진입회전사고,맑음,심야,차대차,측면직각충돌,신호위반,특별광역시도,삼성화재영등포사옥앞,37.5358333,126.8986111,영등포구,
2018,8,20,월요일,6,경상사고,0,0,1,0,47,남,15년이상,0,승용,비사업용,승용,일직선사고,맑음,새벽,차대차,추돌(진행중),안전운전불이행,특별광역시도,삼성화재영등포사옥앞,37.5358333,126.8986111,영등포구,
2018,8,22,수요일,17,경상사고,0,0,1,0,27,남,10년미만,,승용,비사업용,승합,진입회전사고,맑음,주간,차대차,측면직각충돌,교차로운행방법위반,특별광역시도,삼성화재영등포사옥앞,37.5358333,126.8986111,영등포구,
2018,8,12,일요일,18,경상사고,0,0,1,0,43,남,15년이상,,승용,비사업용,승합,진입회전사고,맑음,출퇴근,차대차,측면직각충돌,안전운전불이행,특별광역시도,삼성화재영등포사옥앞,37.5358333,126.8986111,영등포구,