년도,월,일,요일,시각,사고등급,사망자수,중상자수,경상자수,부상자수,연령,성별,경력,음주,종별,용도,관련자2,사고형태,기상상태,일광상태,사고유형1,사고유형2,법규위반,도로종류,지점명,위도,경도,자치구,
2018,9,4,화요일,9,경상사고,0,0,2,0,71,남,15년이상,,승용,사업용,이륜,진입회전사고,맑음,주간,차대차,측면직각충돌,안전운전불이행,특별광역시도,삼성화재영등포사옥앞,37.5358333,126.8986111,영등포구,
2018,9,16,일요일,16,경상사고,0,0,1,0,63,남,15년이상,,승용,비사업용,승용,기타사고,맑음,주간,차대차,차대차-기타,차로위반,특별광역시도,삼성화재영등포사옥앞,37.5358333,126.8986111,영등포구,
2018,10,13,토요일,0,중상사고,0,1,0,0,60,남,15년이상,,승용,사업용,이륜,진입회전사고,맑음,심야,차대차,차대차-기타,신호위반,특별광역시도,삼성화재영등포사옥앞,37.5358333,126.8986111,영등포구,
2018,11,4,일요일,11,경상사고,0,0,1,0,68,남,15년이상,,승용,사업용,이륜,진입회전사고,맑음,주간,차대차,측면직각충돌,안전운전불이행,특별광역시도,삼성화재영등포사옥앞,37.5358333,126.8986111,영등포구,
2018,11,2,금요일,20,부상사고,0,0,0,2,36,남,15년이상,,승용,비사업용,승용,기타사고,맑음,출퇴근,차대차,차대차-기타,교차로운행방법위반,특별광역시도,삼성화재영등포사옥앞,37.5358333,126.8986111,영등포구,
2018,11,9,금요일,23,중상사고,0,1,0,0,61,남,15년이상,,승용,사업용,이륜,진입회전사고,맑음,심야,차대차,차대차-기타,신호위반,특별광역시도,삼성화재영등포사옥앞,37.5358333,126.8986111,영등포구,
2018,11,29,목요일,23,경상사고,0,0,1,0,71,남,15년이상,,승용,사업용,이륜,진입회전사고,맑음,심야,차대차,측면직각충돌,신호위반,특별광역시도,삼성화재영등포사옥앞,37.5358333,126.8986111,영등포구,
2018,12,8,토요일,0,경상사고,0,0,1,0,38,남,15년이상,0,승용,비사업용,승용,진입회전사고,맑음,심야,차대차,측면직각충돌,안전거리미확보,특별광역시도,삼성화재영등포사옥앞,37.5358333,126.8986111,영등포구,
2018,12,19,수요일,21,경상사고,0,0,1,0,70,남,15년이상,,승용,사업용,승용,진입회전사고,맑음,심야,차대차,측면직각충돌,교차로운행방법위반,특별광역시도,삼성화재영등포사옥앞,37.5358333,126.8986111,영등포구,
2019,1,17,목요일,16,경상사고,0,0,1,0,51,여,15년이상,,승용,비사업용,승용,진입회전사고,맑음,주간,차대차,측면직각충돌,안전운전불이행,특별광역시도,삼성화재영등포사옥앞,37.5358333,126.8986111,영등포구,
2019,2,26,화요일,10,경상사고,0,0,1,0,54,남,15년이상,,승합,사업용,승합,일직선사고,맑음,주간,차대차,추돌(진행중),안전운전불이행,특별광역시도,삼성화재영등포사옥앞,37.5358333,126.8986111,영등포구,
2019,2,18,월요일,13,경상사고,0,0,1,1,47,남,15년이상,,승합,사업용,이륜,진입회전사고,맑음,주간,차대차,측면직각충돌,안전거리미확보,특별광역시도,삼성화재영등포사옥앞,37.5358333,126.8986111,영등포구,
2019,2,24,일요일,23,중상사고,0,1,1,0,60,남,15년이상,,승용,사업용,이륜,기타사고,맑음,심야,차대차,차대차-기타,기타,특별광역시도,삼성화재영등포사옥앞,37.5358333,126.8986111,영등포구,
2019,3,13,수요일,6,경상사고,0,0,3,0,44,남,15년이상,0,승용,사업용,승용,기타사고,맑음,새벽,차대차,차대차-기타,안전운전불이행,특별광역시도,삼성화재영등포사옥앞,37.5358333,126.8986111,영등포구,
2019,3,28,목요일,19,경상사고,0,0,1,0,56,남,15년이상,,화물,비사업용,화물,진입회전사고,맑음,출퇴근,차대차,측면직각충돌,교차로운행방법위반,특별광역시도,삼성화재영등포사옥앞,37.5358333,126.8986111,영등포구,
2019,3,26,화요일,21,중상사고,0,1,0,0,52,남,15년이상,,승합,사업용,승합,진입회전사고,맑음,심야,차대차,측면직각충돌,안전운전불이행,특별광역시도,삼성화재영등포사옥앞,37.5358333,126.8986111,영등포구,
2019,4,30,화요일,19,경상사고,0,0,1,0,40,여,15년미만,,승용,비사업용,이륜,진입회전사고,맑음,출퇴근,차대차,측면직각충돌,안전운전불이행,특별광역시도,삼성화재영등포사옥앞,37.5358333,126.8986111,영등포구,
2019,5,11,토요일,23,경상사고,0,0,1,0,38,여,15년이상,,승용,비사업용,승용,진입회전사고,맑음,심야,차대차,측면직각충돌,안전운전불이행,특별광역시도,삼성화재영등포사옥앞,37.5358333,126.8986111,영등포구,
2019,6,2,일요일,18,경상사고,0,0,1,0,56,남,15년이상,,승합,사업용,보행자,기타사고,맑음,출퇴근,차대사람,차대사람-기타,보행자보호의무위반,특별광역시도,삼성화재영등포사옥앞,37.5358333,126.8986111,영등포구,
2019,6,16,일요일,21,경상사고,0,0,1,0,29,남,15년미만,,승용,비사업용,보행자,기타사고,맑음,심야,차대사람,차대사람-기타,안전운전불이행,기타,삼성화재영등포사옥앞,37.5358333,126.8986111,영등포구,
2019,6,29,토요일,23,경상사고,0,0,1,0,72,남,15년이상,,승용,사업용,이륜,진입회전사고,맑음,심야,차대차,측면직각충돌,안전운전불이행,특별광역시도,삼성화재영등포사옥앞,37.5358333,126.8986111,영등포구,
2019,6,28,금요일,23,중상사고,0,1,0,0,54,남,15년이상,,승합,사업용,보행자,보행횡단사고,맑음,심야,차대사람,보도통행중,보행자보호의무위반,특별광역시도,삼성화재영등포사옥앞,37.5358333,126.8986111,영등포구,
2019,7,2,화요일,19,중상사고,0,1,0,0,54,남,15년미만,,승합,사업용,승합,진입회전사고,맑음,출퇴근,차대차,측면직각충돌,교차로운행방법위반,특별광역시도,삼성화재영등포사옥앞,37.5358333,126.8986111,영등포구,
2019,8,7,수요일,5,중상사고,0,1,0,0,57,남,15년이상,,승용,비사업용,자전거,진입회전사고,맑음,새벽,차대차,측면직각충돌,안전운전불이행,특별광역시도,삼성화재영등포사옥앞,37.5358333,126.8986111,영등포구,
2019,8,9,금요일,5,경상사고,0,0,1,0,64,남,15년이상,,승용,사업용,승용,진입회전사고,맑음,새벽,차대차,측면직각충돌,안전거리미확보,특별광역시도,삼성화재영등포사옥앞,37.5358333,126.8986111,영등포구,
2019,8,31,토요일,9,경상사고,0,0,2,0,40,남,15년이상,,승용,비사업용,승용,진입회전사고,맑음,주간,차대차,차대차-기타,신호위반,특별광역시도,삼성화재영등포사옥앞,37.5358333,126.8986111,영등포구,
2019,8,3,토요일,12,경상사고,0,0,1,0,52,여,15년이상,,승용,비사업용,승용,진입회전사고,맑음,주간,차대차,측면직각충돌,차로위반,특별광역시도,삼성화재영등포사옥앞,37.5358333,126.8986111,영등포구,
2019,8,23,금요일,22,부상사고,0,0,0,1,49,여,15년이상,,승합,사업용,승합,진입회전사고,맑음,심야,차대차,측면직각충돌,교차로운행방법위반,특별광역시도,삼성화재영등포사옥앞,37.5358333,126.8986111,영등포구,
2019,9,17,화요일,0,경상사고,0,0,2,0,64,남,15년이상,,승용,사업용,승용,진입회전사고,맑음,심야,차대차,측면직각충돌,안전운전불이행,특별광역시도,삼성화재영등포사옥앞,37.5358333,126.8986111,영등포구,
2019,9,21,토요일,3,경상사고,0,0,1,0,65,남,15년이상,,승용,사업용,승용,진입회전사고,맑음,심야,차대차,측면직각충돌,신호위반,특별광역시도,삼성화재영등포사옥앞,37.5358333,126.8986111,영등포구,
2019,9,9,월요일,7,중상사고,0,1,0,0,27,남,4년미만,,승용,비사업용,승용,진입회전사고,흐림,출퇴근,차대차,측면직각충돌,신호위반,특별광역시도,삼성화재영등포사옥앞,37.5358333,126.8986111,영등포구,
2019,9,28,토요일,14,경상사고,0,0,1,0,47,남,10년미만,,승용,비사업용,승합,진입회전사고,맑음,주간,차대차,측면직각충돌,안전운전불이행,특별광역시도,삼성화재영등포사옥앞,37.5358333,126.8986111,영등포구,
2019,10,8,화요일,1,경상사고,0,0,1,0,40,남,15년이상,,승용,비사업용,승용,기타사고,맑음,심야,차대차,차대차-기타,안전운전불이행,특별광역시도,삼성화재영등포사옥앞,37.5358333,126.8986111,영등포구,
2019,10,12,토요일,16,부상사고,0,0,0,1,60,남,15년이상,,승합,사업용,기타,기타사고,맑음,주간,차량단독,차량단독-기타,안전운전불이행,특별광역시도,삼성화재영등포사옥앞,37.5358333,126.8986111,영등포구,
2019,10,16,수요일,22,경상사고,0,0,2,0,62,남,15년이상,,승용,사업용,승용,일직선사고,맑음,심야,차대차,추돌(진행중),안전운전불이행,특별광역시도,삼성화재영등포사옥앞,37.5358333,126.8986111,영등포구,
2019,11,15,금요일,10,경상사고,0,0,1,0,40,남,4년미만,,승용,비사업용,승용,일직선사고,맑음,주간,차대차,추돌(진행중),안전거리미확보,특별광역시도,삼성화재영등포사옥앞,37.5358333,126.8986111,영등포구,
2019,11,17,일요일,19,경상사고,0,0,1,0,63,남,15년이상,,승용,비사업용,보행자,기타사고,비,출퇴근,차대사람,차대사람-기타,안전운전불이행,특별광역시도,삼성화재영등포사옥앞,37.5358333,126.8986111,영등포구,
2019,11,23,토요일,22,경상사고,0,0,4,1,57,남,15년이상,,승합,사업용,승합,기타사고,맑음,심야,차대차,차대차-기타,안전운전불이행,특별광역시도,삼성화재영등포사옥앞,37.5358333,126.8986111,영등포구,
2019,12,31,화요일,3,경상사고,0,0,1,0,48,남,15년이상,0,승용,비사업용,승용,일직선사고,맑음,심야,차대차,추돌(진행중),안전운전불이행,특별광역시도,삼성화재영등포사옥앞,37.5358333,126.8986111,영등포구,
2019,12,17,화요일,15,부상사고,0,0,0,1,67,남,15년이상,,승용,사업용,승용,기타사고,맑음,주간,차대차,차대차-기타,안전운전불이행,특별광역시도,삼성화재영등포사옥앞,37.5358333,126.8986111,영등포구,
2019,12,25,수요일,16,경상사고,0,0,6,0,60,남,15년이상,,승합,사업용,승합,일직선사고,맑음,주간,차대차,추돌(진행중),안전거리미확보,특별광역시도,삼성화재영등포사옥앞,37.5358333,126.8986111,영등포구,
2019,12,16,월요일,18,경상사고,0,0,2,0,51,남,15년이상,,승용,비사업용,승용,진입회전사고,맑음,출퇴근,차대차,측면직각충돌,교차로운행방법위반,특별광역시도,삼성화재영등포사옥앞,37.5358333,126.8986111,영등포구,
2017,1,13,금요일,1,경상사고,0,0,2,0,53,남,15년이상,,승용,사업용,승합,일직선사고,맑음,심야,차대차,정면충돌,교차로운행방법위반,특별광역시도,서울교동단,37.52065,126.915949,영등포구,
2017,2,18,토요일,0,경상사고,0,0,1,0,52,남,15년이상,,승용,사업용,승용,일직선사고,맑음,심야,차대차,추돌(진행중),안전운전불이행,특별광역시도,서울교동단,37.52065,126.915949,영등포구,
2017,2,27,월요일,1,경상사고,0,0,2,0,60,남,15년이상,,승용,사업용,승용,일직선사고,맑음,심야,차대차,정면충돌,안전운전불이행,특별광역시도,서울교동단,37.52065,126.915949,영등포구,
2017,3,19,일요일,3,부상사고,0,0,0,1,52,여,15년이상,,승용,비사업용,승용,진입회전사고,맑음,심야,차대차,측면직각충돌,안전운전불이행,특별광역시도,서울교동단,37.52065,126.915949,영등포구,
2017,3,30,목요일,4,부상사고,0,0,0,1,58,남,15년이상,,승용,사업용,승용,기타사고,맑음,심야,차대차,차대차-기타,안전거리미확보,특별광역시도,서울교동단,37.52065,126.915949,영등포구,
2017,3,17,금요일,10,중상사고,0,1,0,0,66,남,15년이상,,화물,사업용,이륜,진입회전사고,맑음,주간,차대차,정면충돌,신호위반,특별광역시도,서울교동단,37.52065,126.915949,영등포구,
2017,3,8,수요일,22,중상사고,0,3,0,0,60,여,15년이상,,승합,사업용,승합,진입회전사고,맑음,심야,차대차,차대차-기타,신호위반,특별광역시도,서울교동단,37.52065,126.915949,영등포구,
2017,4,16,일요일,1,중상사고,0,1,0,0,19,남,1년미만,,이륜,기타,기타,일직선사고,맑음,심야,차대차,정면충돌,안전운전불이행,특별광역시도,서울교동단,37.52065,126.915949,영등포구,
2017,5,9,화요일,18,경상사고,0,0,1,0,65,여,10년미만,,승용,비사업용,승용,기타사고,비,출퇴근,차대차,차대차-기타,안전운전불이행,특별광역시도,서울교동단,37.52065,126.915949,영등포구,
2017,6,13,화요일,18,경상사고,0,0,1,0,37,남,3년미만,,승합,사업용,승합,일직선사고,맑음,출퇴근,차대차,추돌(진행중),안전거리미확보,특별광역시도,서울교동단,37.52065,126.915949,영등포구,
2017,6,18,일요일,19,경상사고,0,0,3,0,27,남,2년미만,,승용,비사업용,승용,진입회전사고,맑음,출퇴근,차대차,정면충돌,신호위반,특별광역시도,서울교동단,37.52065,126.915949,영등포구,
2017,7,24,월요일,10,경상사고,0,0,2,0,59,남,2년미만,,승용,비사업용,승용,진입회전사고,맑음,주간,차대차,정면충돌,신호위반,특별광역시도,서울교동단,37.52065,126.915949,영등포구,
2017,7,5,수요일,13,경상사고,0,0,1,0,80,남,15년이상,,화물,비사업용,이륜,진입회전사고,맑음,주간,차대차,정면충돌,신호위반,특별광역시도,서울교동단,37.52065,126.915949,영등포구,
2017,9,20,수요일,17,중상사고,0,1,0,0,55,여,15년이상,,승용,비사업용,승용,진입회전사고,맑음,주간,차대차,측면직각충돌,신호위반,특별광역시도,서울교동단,37.52065,126.915949,영등포구,
2017,10,2,월요일,1,경상사고,0,0,1,0,62,남,10년미만,,승용,사업용,승용,진입회전사고,비,심야,차대차,측면직각충돌,차로위반,특별광역시도,서울교동단,37.52065,126.915949,영등포구,
2017,12,17,일요일,7,경상사고,0,0,2,0,74,남,15년이상,,승용,사업용,승용,진입회전사고,맑음,출퇴근,차대차,측면직각충돌,신호위반,특별광역시도,서울교동단,37.52065,126.915949,영등포구,
2018,2,28,수요일,12,중상사고,0,1,0,0,64,남,15년이상,,승용,사업용,이륜,기타사고,맑음,주간,차대차,차대차-기타,안전운전불이행,특별광역시도,서울교동단,37.52065,126.915949,영등포구,
2018,2,4,일요일,20,중상사고,0,1,3,0,42,남,2년미만,,승합,비사업용,승합,일직선사고,맑음,출퇴근,차대차,추돌(진행중),안전운전불이행,특별광역시도,서울교동단,37.52065,126.915949,영등포구,
2018,4,14,토요일,2,경상사고,0,0,2,0,55,남,15년이상,,승용,사업용,승용,일직선사고,맑음,심야,차대차,추돌(진행중),안전거리미확보,특별광역시도,서울교동단,37.52065,126.915949,영등포구,
2018,4,27,금요일,8,경상사고,0,0,1,0,74,남,15년이상,,승용,사업용,자전거,기타사고,맑음,출퇴근,차대차,차대차-기타,기타,특별광역시도,서울교동단,37.52065,126.915949,영등포구,
2018,4,14,토요일,17,부상사고,0,0,0,1,53,남,데이터오류,,자전거,기타,자전거,기타사고,맑음,주간,차대차,차대차-기타,안전운전불이행,특별광역시도,서울교동단,37.52065,126.915949,영등포구,
2018,7,23,월요일,18,부상사고,0,0,0,1,58,남,15년이상,,승용,비사업용,승용,진입회전사고,맑음,출퇴근,차대차,측면직각충돌,안전거리미확보,특별광역시도,서울교동단,37.52065,126.915949,영등포구,
2018,8,13,월요일,3,중상사고,0,1,0,0,76,남,15년이상,,승용,사업용,기타,단독사고,맑음,심야,차량단독,공작물추돌,안전운전불이행,특별광역시도,서울교동단,37.52065,126.915949,영등포구,
2018,8,20,월요일,22,경상사고,0,0,1,0,36,여,10년미만,,승용,비사업용,이륜,진입회전사고,맑음,심야,차대차,측면직각충돌,안전운전불이행,특별광역시도,서울교동단,37.52065,126.915949,영등포구,
2018,8,8,수요일,23,경상사고,0,0,2,0,23,여,10년미만,,승용,사업용,승용,진입회전사고,맑음,심야,차대차,측면직각충돌,안전운전불이행,특별광역시도,서울교동단,37.52065,126.915949,영등포구,
2018,9,5,수요일,1,경상사고,0,0,1,0,71,남,15년이상,,승용,사업용,승합,일직선사고,맑음,심야,차대차,추돌(진행중),안전운전불이행,특별광역시도,서울교동단,37.52065,126.915949,영등포구,
2018,9,13,목요일,1,경상사고,0,0,1,0,62,남,10년미만,,화물,비사업용,화물,진입회전사고,맑음,심야,차대차,측면직각충돌,안전거리미확보,특별광역시도,서울교동단,37.52065,126.915949,영등포구,
2018,10,17,수요일,8,부상사고,0,0,0,1,47,남,10년미만,,승용,비사업용,자전거,진입회전사고,맑음,출퇴근,차대차,측면직각충돌,신호위반,특별광역시도,서울교동단,37.52065,126.915949,영등포구,
2018,11,19,월요일,10,경상사고,0,0,1,0,67,남,15년이상,,승용,사업용,이륜,진입회전사고,맑음,주간,차대차,차대차-기타,신호위반,특별광역시도,서울교동단,37.52065,126.915949,영등포구,
2018,12,4,화요일,6,경상사고,0,0,1,0,36,남,15년이상,,승용,비사업용,승합,기타사고,맑음,새벽,차대차,차대차-기타,안전운전불이행,특별광역시도,서울교동단,37.52065,126.915949,영등포구,
2018,12,7,금요일,16,부상사고,0,0,0,1,57,남,15년이상,,승용,비사업용,승용,진입회전사고,맑음,주간,차대차,측면직각충돌,안전운전불이행,특별광역시도,서울교동단,37.52065,126.915949,영등포구,
2019,1,2,수요일,13,경상사고,0,0,1,0,49,남,15년이상,,승용,비사업용,자전거,진입회전사고,맑음,주간,차대차,측면직각충돌,안전운전불이행,특별광역시도,서울교동단,37.52065,126.915949,영등포구,
2019,1,16,수요일,14,경상사고,0,0,1,0,51,남,15년이상,,승용,비사업용,원동기,진입회전사고,맑음,주간,차대차,측면직각충돌,기타,특별광역시도,서울교동단,37.52065,126.915949,영등포구,
2019,3,19,화요일,8,경상사고,0,0,1,0,61,남,15년이상,,승용,사업용,승용,일직선사고,맑음,출퇴근,차대차,추돌(진행중),안전거리미확보,특별광역시도,서울교동단,37.52065,126.915949,영등포구,
2019,4,12,금요일,12,경상사고,0,0,1,0,64,남,15년이상,,승용,비사업용,화물,일직선사고,맑음,주간,차대차,추돌(진행중),안전운전불이행,특별광역시도,서울교동단,37.52065,126.915949,영등포구,
2019,4,1,월요일,20,경상사고,0,0,1,0,70,남,15년이상,,화물,사업용,화물,진입회전사고,맑음,출퇴근,차대차,측면직각충돌,교차로운행방법위반,특별광역시도,서울교동단,37.52065,126.915949,영등포구,
2019,5,4,토요일,13,경상사고,0,0,1,0,61,여,15년이상,,승용,비사업용,이륜,진입회전사고,맑음,주간,차대차,측면직각충돌,신호위반,특별광역시도,서울교동단,37.52065,126.915949,영등포구,
2019,7,4,목요일,8,경상사고,0,0,1,0,66,남,15년이상,,승합,비사업용,기타,기타사고,맑음,출퇴근,차량단독,차량단독-기타,안전운전불이행,특별광역시도,서울교동단,37.52065,126.915949,영등포구,
2019,7,30,화요일,16,경상사고,0,0,1,0,51,여,15년이상,,승용,비사업용,승합,진입회전사고,맑음,주간,차대차,측면직각충돌,차로위반,특별광역시도,서울교동단,37.52065,126.915949,영등포구,
2019,8,13,화요일,9,경상사고,0,0,1,0,78,남,15년이상,,승용,사업용,승용,진입회전사고,맑음,주간,차대차,측면직각충돌,안전운전불이행,특별광역시도,서울교동단,37.52065,126.915949,영등포구,
2019,8,8,목요일,18,중상사고,0,1,1,0,42,남,15년이상,,승합,사업용,승합,기타사고,맑음,출퇴근,차대차,차대차-기타,안전운전불이행,특별광역시도,서울교동단,37.52065,126.915949,영등포구,
2019,9,18,수요일,17,경상사고,0,0,5,0,39,남,15년이상,,승합,사업용,화물,기타사고,맑음,주간,차대차,차대차-기타,안전운전불이행,특별광역시도,서울교동단,37.52065,126.915949,영등포구,
2019,9,30,월요일,17,중상사고,0,2,0,0,36,남,15년이상,,승용,비사업용,이륜,기타사고,맑음,주간,차대차,차대차-기타,안전운전불이행,특별광역시도,서울교동단,37.52065,126.915949,영등포구,
2019,9,4,수요일,19,경상사고,0,0,2,0,24,남,2년미만,,승용,비사업용,승용,일직선사고,비,출퇴근,차대차,추돌(진행중),안전운전불이행,특별광역시도,서울교동단,37.52065,126.915949,영등포구,
2019,12,21,토요일,9,경상사고,0,0,2,0,27,남,10년미만,,승용,비사업용,이륜,기타사고,맑음,주간,차대차,차대차-기타,안전운전불이행,특별광역시도,서울교동단,37.52065,126.915949,영등포구,
2017,1,10,화요일,3,경상사고,0,0,1,0,41,남,15년이상,0,승용,비사업용,승용,일직선사고,맑음,심야,차대차,추돌(진행중),안전운전불이행,특별광역시도,신정교사거리,37.5165947,126.8800916,영등포구,
2017,1,18,수요일,5,경상사고,0,0,3,0,47,남,15년이상,,화물,비사업용,화물,진입회전사고,맑음,새벽,차대차,정면충돌,신호위반,특별광역시도,신정교사거리,37.5165947,126.8800916,영등포구,
2017,2,16,목요일,5,경상사고,0,0,1,0,34,남,5년미만,,승용,비사업용,승용,일직선사고,맑음,새벽,차대차,정면충돌,중앙선침범,특별광역시도,신정교사거리,37.5165947,126.8800916,영등포구,
2017,3,14,화요일,5,경상사고,0,0,1,0,43,남,1년미만,,승용,비사업용,승용,일직선사고,맑음,새벽,차대차,정면충돌,안전운전불이행,특별광역시도,신정교사거리,37.5165947,126.8800916,영등포구,
2017,4,12,수요일,1,경상사고,0,0,1,0,46,남,15년이상,,화물,비사업용,화물,기타사고,맑음,심야,차대차,차대차-기타,안전운전불이행,특별광역시도,신정교사거리,37.5165947,126.8800916,영등포구,
2017,7,16,일요일,4,중상사고,0,2,1,0,61,남,15년이상,,승용,사업용,승용,일직선사고,비,심야,차대차,정면충돌,직진우회전진행방해,특별광역시도,신정교사거리,37.5165947,126.8800916,영등포구,
2017,9,28,목요일,11,경상사고,0,0,2,0,55,남,15년이상,,승용,사업용,승용,일직선사고,맑음,주간,차대차,추돌(진행중),안전운전불이행,특별광역시도,신정교사거리,37.5165947,126.8800916,영등포구,
2017,9,15,금요일,15,부상사고,0,0,0,1,65,남,15년이상,,화물,비사업용,화물,진입회전사고,맑음,주간,차대차,측면직각충돌,신호위반,특별광역시도,신정교사거리,37.5165947,126.8800916,영등포구,
2017,10,5,목요일,13,경상사고,0,0,3,0,27,여,10년미만,,승용,비사업용,승용,기타사고,맑음,주간,차대차,차대차-기타,안전운전불이행,특별광역시도,신정교사거리,37.5165947,126.8800916,영등포구,
2018,1,19,금요일,0,경상사고,0,0,1,0,23,남,4년미만,,승용,사업용,승용,진입회전사고,맑음,심야,차대차,측면직각충돌,신호위반,특별광역시도,신정교사거리,37.5165947,126.8800916,영등포구,
2018,1,27,토요일,22,부상사고,0,0,0,1,52,남,15년이상,,승용,비사업용,기타,기타사고,맑음,심야,차대차,차대차-기타,안전운전불이행,특별광역시도,신정교사거리,37.5165947,126.8800916,영등포구,
2018,2,17,토요일,3,중상사고,0,1,0,0,68,남,15년이상,,승용,비사업용,승용,진입회전사고,맑음,심야,차대차,측면직각충돌,신호위반,특별광역시도,신정교사거리,37.5165947,126.8800916,영등포구,
2018,3,8,목요일,5,경상사고,0,0,1,0,62,남,15년이상,,승합,사업용,승합,진입회전사고,비,새벽,차대차,측면직각충돌,안전운전불이행,특별광역시도,신정교사거리,37.5165947,126.8800916,영등포구,
2018,6,25,월요일,17,경상사고,0,0,2,0,52,여,15년이상,,승용,비사업용,승용,기타사고,맑음,주간,차대차,차대차-기타,안전거리미확보,특별광역시도,신정교사거리,37.5165947,126.8800916,영등포구,
2018,6,26,화요일,22,경상사고,0,0,1,0,58,남,15년이상,,승용,사업용,승용,진입회전사고,맑음,심야,차대차,측면직각충돌,안전거리미확보,특별광역시도,신정교사거리,37.5165947,126.8800916,영등포구,
2018,8,7,화요일,0,경상사고,0,0,3,0,59,남,15년이상,,승용,사업용,승용,진입회전사고,맑음,심야,차대차,정면충돌,신호위반,특별광역시도,신정교사거리,37.5165947,126.8800916,영등포구,
2018,8,29,수요일,5,경상사고,0,0,1,0,61,남,15년이상,,화물,비사업용,기타,진입회전사고,맑음,새벽,차대차,측면직각충돌,안전운전불이행,특별광역시도,신정교사거리,37.5165947,126.8800916,영등포구,
2018,8,26,일요일,11,경상사고,0,0,1,0,75,여,15년이상,,화물,비사업용,화물,진입회전사고,맑음,주간,차대차,측면직각충돌,안전거리미확보,특별광역시도,신정교사거리,37.5165947,126.8800916,영등포구,
2018,8,17,금요일,18,중상사고,0,1,0,0,23,남,10년미만,,이륜,기타,이륜,진입회전사고,맑음,출퇴근,차대차,측면직각충돌,안전운전불이행,특별광역시도,신정교사거리,37.5165947,126.8800916,영등포구,
2018,9,12,수요일,18,경상사고,0,0,1,0,51,남,15년이상,,승용,비사업용,승합,진입회전사고,맑음,출퇴근,차대차,측면직각충돌,안전거리미확보,특별광역시도,신정교사거리,37.5165947,126.8800916,영등포구,
2018,9,9,일요일,19,경상사고,0,0,1,0,62,남,15년이상,,자전거,기타,자전거,진입회전사고,맑음,출퇴근,차대차,측면직각충돌,안전운전불이행,특별광역시도,신정교사거리,37.5165947,126.8800916,영등포구,
2018,11,11,일요일,14,경상사고,0,0,1,0,62,남,15년이상,,승용,사업용,승용,진입회전사고,흐림,주간,차대차,정면충돌,신호위반,특별광역시도,신정교사거리,37.5165947,126.8800916,영등포구,
2018,12,7,금요일,14,경상사고,0,0,1,0,52,남,15년이상,,화물,비사업용,화물,진입회전사고,맑음,주간,차대차,측면직각충돌,안전운전불이행,특별광역시도,신정교사거리,37.5165947,126.8800916,영등포구,
2019,1,25,금요일,19,경상사고,0,0,1,0,60,남,15년이상,,화물,사업용,화물,진입회전사고,맑음,출퇴근,차대차,측면직각충돌,안전운전불이행,특별광역시도,신정교사거리,37.5165947,126.8800916,영등포구,
2019,3,29,금요일,15,경상사고,0,0,1,0,55,여,15년이상,,승용,비사업용,화물,기타사고,맑음,주간,차대차,차대차-기타,안전운전불이행,특별광역시도,신정교사거리,37.5165947,126.8800916,영등포구,
2019,4,14,일요일,0,경상사고,0,0,1,0,30,남,10년미만,,승용,비사업용,승용,진입회전사고,맑음,심야,차대차,측면직각충돌,신호위반,특별광역시도,신정교사거리,37.5165947,126.8800916,영등포구,
2019,4,27,토요일,13,경상사고,0,0,1,0,44,남,15년이상,,승용,비사업용,이륜,진입회전사고,맑음,주간,차대차,측면직각충돌,안전운전불이행,특별광역시도,신정교사거리,37.5165947,126.8800916,영등포구,
2019,5,13,월요일,23,경상사고,0,0,1,0,43,남,15년미만,,화물,비사업용,화물,진입회전사고,맑음,심야,차대차,측면직각충돌,차로위반,특별광역시도,신정교사거리,37.5165947,126.8800916,영등포구,
2019,6,25,화요일,20,경상사고,0,0,1,0,39,여,2년미만,,승용,비사업용,승용,진입회전사고,맑음,출퇴근,차대차,측면직각충돌,안전운전불이행,특별광역시도,신정교사거리,37.5165947,126.8800916,영등포구,
2019,9,30,월요일,15,경상사고,0,0,1,0,63,남,15년이상,,승용,비사업용,승용,진입회전사고,맑음,주간,차대차,측면직각충돌,안전운전불이행,특별광역시도,신정교사거리,37.5165947,126.8800916,영등포구,
2019,10,1,화요일,18,경상사고,0,0,2,0,44,남,15년이상,,자전거,데이터오류,자전거,진입회전사고,맑음,출퇴근,차대차,측면직각충돌,안전운전불이행,특별광역시도,신정교사거리,37.5165947,126.8800916,영등포구,
2019,10,12,토요일,22,부상사고,0,0,0,1,69,남,15년이상,,승용,사업용,이륜,진입회전사고,맑음,심야,차대차,차대차-기타,신호위반,특별광역시도,신정교사거리,37.5165947,126.8800916,영등포구,
2019,11,9,토요일,15,경상사고,0,0,1,0,49,남,15년이상,,승용,비사업용,승용,기타사고,맑음,주간,차대차,차대차-기타,안전운전불이행,특별광역시도,신정교사거리,37.5165947,126.8800916,영등포구,
2017,1,24,화요일,18,경상사고,0,0,2,0,30,여,4년미만,,승용,비사업용,승용,기타사고,맑음,출퇴근,차대차,차대차-기타,안전운전불이행,특별광역시도,신풍역3번출구,37.50004,126.90814,영등포구,
2017,2,5,일요일,1,중상사고,0,1,0,0,64,남,15년이상,,승용,사업용,승용,진입회전사고,맑음,심야,차대차,측면직각충돌,중앙선침범,특별광역시도,신풍역3번출구,37.50004,126.90814,영등포구,
2017,2,20,월요일,15,경상사고,0,0,1,0,50,남,4년미만,,승용,비사업용,승합,기타사고,맑음,주간,차대차,차대차-기타,안전운전불이행,특별광역시도,신풍역3번출구,37.50004,126.90814,영등포구,