년도,월,일,요일,시각,사고등급,사망자수,중상자수,경상자수,부상자수,연령,성별,경력,음주,종별,용도,관련자2,사고형태,기상상태,일광상태,사고유형1,사고유형2,법규위반,도로종류,지점명,위도,경도,자치구,
2018,11,6,화요일,1,중상사고,0,1,0,0,37,남,15년이상,,승용,사업용,승용,진입회전사고,맑음,심야,차대차,차대차-기타,신호위반,특별광역시도,여의교교차로,37.5159431,126.9277969,영등포구,
2018,11,1,목요일,13,경상사고,0,0,1,0,54,남,15년이상,,승용,사업용,기타,일직선사고,맑음,주간,차대차,추돌(진행중),안전거리미확보,특별광역시도,여의교교차로,37.5159431,126.9277969,영등포구,
2018,11,22,목요일,16,경상사고,0,0,1,0,73,남,15년이상,,화물,사업용,화물,진입회전사고,맑음,주간,차대차,정면충돌,신호위반,특별광역시도,여의교교차로,37.5159431,126.9277969,영등포구,
2018,12,5,수요일,6,중상사고,0,1,0,0,57,남,15년이상,,화물,사업용,화물,진입회전사고,맑음,새벽,차대차,측면직각충돌,안전운전불이행,특별광역시도,여의교교차로,37.5159431,126.9277969,영등포구,
2019,1,13,일요일,2,경상사고,0,0,1,0,36,남,15년이상,0,승용,비사업용,승용,일직선사고,맑음,심야,차대차,추돌(진행중),안전운전불이행,특별광역시도,여의교교차로,37.5159431,126.9277969,영등포구,
2019,1,19,토요일,2,중상사고,0,2,1,0,50,남,15년미만,,승용,비사업용,승용,진입회전사고,맑음,심야,차대차,정면충돌,신호위반,특별광역시도,여의교교차로,37.5159431,126.9277969,영등포구,
2019,1,30,수요일,17,경상사고,0,0,1,0,50,남,15년이상,,승용,사업용,승용,진입회전사고,맑음,주간,차대차,차대차-기타,신호위반,특별광역시도,여의교교차로,37.5159431,126.9277969,영등포구,
2019,1,2,수요일,18,중상사고,0,1,0,0,50,남,10년미만,,승용,비사업용,이륜,진입회전사고,맑음,출퇴근,차대차,측면직각충돌,신호위반,특별광역시도,여의교교차로,37.5159431,126.9277969,영등포구,
2019,5,16,목요일,1,중상사고,0,3,2,0,55,남,15년이상,,승용,비사업용,승용,진입회전사고,맑음,심야,차대차,정면충돌,신호위반,특별광역시도,여의교교차로,37.5159431,126.9277969,영등포구,
2019,5,11,토요일,6,경상사고,0,0,2,0,27,남,10년미만,,승용,비사업용,승합,진입회전사고,맑음,새벽,차대차,측면직각충돌,안전거리미확보,특별광역시도,여의교교차로,37.5159431,126.9277969,영등포구,
2019,6,2,일요일,14,경상사고,0,0,1,0,81,남,15년이상,,승용,비사업용,화물,진입회전사고,맑음,주간,차대차,측면직각충돌,안전운전불이행,특별광역시도,여의교교차로,37.5159431,126.9277969,영등포구,
2019,6,25,화요일,23,경상사고,0,0,1,3,39,여,15년이상,,승용,비사업용,승용,진입회전사고,맑음,심야,차대차,정면충돌,신호위반,특별광역시도,여의교교차로,37.5159431,126.9277969,영등포구,
2019,7,21,일요일,3,경상사고,0,0,2,0,27,여,10년미만,,승용,비사업용,승용,일직선사고,비,심야,차대차,추돌(진행중),안전운전불이행,특별광역시도,여의교교차로,37.5159431,126.9277969,영등포구,
2019,7,17,수요일,10,부상사고,0,0,0,1,60,남,15년이상,,승용,사업용,승용,기타사고,맑음,주간,차대차,차대차-기타,안전운전불이행,특별광역시도,여의교교차로,37.5159431,126.9277969,영등포구,
2019,7,17,수요일,11,경상사고,0,0,1,0,24,여,10년미만,,승용,비사업용,기타,진입회전사고,맑음,주간,차대차,측면직각충돌,신호위반,특별광역시도,여의교교차로,37.5159431,126.9277969,영등포구,
2019,7,19,금요일,14,경상사고,0,0,1,0,57,여,15년이상,,승용,비사업용,승합,기타사고,맑음,주간,차대차,차대차-기타,안전운전불이행,특별광역시도,여의교교차로,37.5159431,126.9277969,영등포구,
2019,7,1,월요일,19,경상사고,0,0,1,0,42,남,4년미만,,화물,비사업용,화물,진입회전사고,맑음,출퇴근,차대차,측면직각충돌,안전운전불이행,특별광역시도,여의교교차로,37.5159431,126.9277969,영등포구,
2019,8,7,수요일,22,경상사고,0,0,1,0,51,여,15년이상,,승용,비사업용,이륜,진입회전사고,맑음,심야,차대차,측면직각충돌,신호위반,특별광역시도,여의교교차로,37.5159431,126.9277969,영등포구,
2019,10,8,화요일,4,경상사고,0,0,2,0,71,남,15년이상,,승용,비사업용,승용,진입회전사고,맑음,심야,차대차,차대차-기타,신호위반,특별광역시도,여의교교차로,37.5159431,126.9277969,영등포구,
2019,10,8,화요일,14,경상사고,0,0,1,0,68,남,15년이상,,승용,사업용,승용,일직선사고,맑음,주간,차대차,추돌(진행중),안전운전불이행,특별광역시도,여의교교차로,37.5159431,126.9277969,영등포구,
2019,10,24,목요일,15,중상사고,0,1,0,1,38,남,15년미만,,이륜,데이터오류,보행자,기타사고,맑음,주간,차대사람,차도통행중,안전운전불이행,특별광역시도,여의교교차로,37.5159431,126.9277969,영등포구,
2019,10,10,목요일,20,부상사고,0,0,0,1,66,남,15년이상,,화물,사업용,이륜,진입회전사고,맑음,출퇴근,차대차,측면직각충돌,안전운전불이행,특별광역시도,여의교교차로,37.5159431,126.9277969,영등포구,
2019,11,13,수요일,18,경상사고,0,0,1,0,27,여,10년미만,,승용,사업용,승합,기타사고,맑음,출퇴근,차대차,차대차-기타,안전거리미확보,특별광역시도,여의교교차로,37.5159431,126.9277969,영등포구,
2019,11,5,화요일,21,경상사고,0,0,1,0,63,여,15년이상,,승용,비사업용,이륜,진입회전사고,맑음,심야,차대차,차대차-기타,신호위반,특별광역시도,여의교교차로,37.5159431,126.9277969,영등포구,
2019,12,11,수요일,22,경상사고,0,0,1,0,32,남,10년미만,,승용,비사업용,이륜,일직선사고,맑음,심야,차대차,추돌(진행중),안전운전불이행,특별광역시도,여의교교차로,37.5159431,126.9277969,영등포구,
2017,1,14,토요일,23,경상사고,0,0,1,1,44,여,15년이상,,승용,비사업용,승용,기타사고,맑음,심야,차대차,차대차-기타,안전거리미확보,특별광역시도,영등포구청앞사거리,37.525469,126.896564,영등포구,
2017,3,29,수요일,7,경상사고,0,0,1,0,46,여,15년이상,,승용,비사업용,승용,일직선사고,맑음,출퇴근,차대차,추돌(진행중),안전운전불이행,특별광역시도,영등포구청앞사거리,37.525469,126.896564,영등포구,
2017,3,17,금요일,18,중상사고,0,1,0,0,53,남,15년이상,,승합,사업용,보행자,기타사고,맑음,출퇴근,차대사람,차대사람-기타,안전운전불이행,특별광역시도,영등포구청앞사거리,37.525469,126.896564,영등포구,
2017,4,15,토요일,17,경상사고,0,0,1,0,60,남,15년이상,,승합,비사업용,원동기,일직선사고,맑음,주간,차대차,정면충돌,안전운전불이행,특별광역시도,영등포구청앞사거리,37.525469,126.896564,영등포구,
2017,4,28,금요일,18,경상사고,0,0,2,0,39,남,10년미만,,승용,비사업용,이륜,진입회전사고,맑음,출퇴근,차대차,차대차-기타,신호위반,특별광역시도,영등포구청앞사거리,37.525469,126.896564,영등포구,
2017,5,25,목요일,8,중상사고,0,1,1,0,67,남,15년이상,,승용,사업용,보행자,보행횡단사고,맑음,출퇴근,차대사람,횡단중,보행자보호의무위반,특별광역시도,영등포구청앞사거리,37.525469,126.896564,영등포구,
2017,6,27,화요일,22,경상사고,0,0,1,0,57,남,15년이상,,승용,사업용,승용,진입회전사고,맑음,심야,차대차,차대차-기타,신호위반,특별광역시도,영등포구청앞사거리,37.525469,126.896564,영등포구,
2017,7,10,월요일,2,경상사고,0,0,1,0,27,남,1년미만,0,승용,비사업용,승용,일직선사고,비,심야,차대차,정면충돌,중앙선침범,특별광역시도,영등포구청앞사거리,37.525469,126.896564,영등포구,
2017,8,8,화요일,10,경상사고,0,0,1,0,66,남,2년미만,,화물,비사업용,화물,진입회전사고,맑음,주간,차대차,추돌(진행중),신호위반,특별광역시도,영등포구청앞사거리,37.525469,126.896564,영등포구,
2017,8,31,목요일,14,경상사고,0,0,1,0,44,남,15년이상,,승용,비사업용,보행자,보행횡단사고,맑음,주간,차대사람,횡단중,안전운전불이행,특별광역시도,영등포구청앞사거리,37.525469,126.896564,영등포구,
2017,8,21,월요일,19,중상사고,0,1,0,0,67,남,15년미만,,승용,사업용,보행자,보행횡단사고,맑음,출퇴근,차대사람,횡단중,보행자보호의무위반,특별광역시도,영등포구청앞사거리,37.525469,126.896564,영등포구,
2017,8,14,월요일,22,경상사고,0,0,4,0,23,남,15년이상,,승용,사업용,승용,일직선사고,비,심야,차대차,정면충돌,안전운전불이행,특별광역시도,영등포구청앞사거리,37.525469,126.896564,영등포구,
2017,9,24,일요일,21,중상사고,0,1,0,0,27,남,10년미만,,승용,사업용,이륜,진입회전사고,맑음,심야,차대차,차대차-기타,신호위반,특별광역시도,영등포구청앞사거리,37.525469,126.896564,영등포구,
2017,11,16,목요일,14,경상사고,0,0,1,0,64,남,15년이상,,승합,사업용,보행자,기타사고,맑음,주간,차대사람,차대사람-기타,안전운전불이행,특별광역시도,영등포구청앞사거리,37.525469,126.896564,영등포구,
2017,11,2,목요일,15,부상사고,0,0,0,1,32,남,10년미만,,승용,사업용,이륜,기타사고,맑음,주간,차대차,차대차-기타,안전운전불이행,특별광역시도,영등포구청앞사거리,37.525469,126.896564,영등포구,
2017,12,23,토요일,1,경상사고,0,0,1,0,불명,불명,데이터오류,,기타,데이터오류,기타,보행횡단사고,맑음,심야,차대사람,횡단중,보행자보호의무위반,특별광역시도,영등포구청앞사거리,37.525469,126.896564,영등포구,
2018,1,31,수요일,18,부상사고,0,0,0,1,불명,불명,데이터오류,,건설기계,비사업용,건설기계,기타사고,맑음,출퇴근,차대차,차대차-기타,안전운전불이행,특별광역시도,영등포구청앞사거리,37.525469,126.896564,영등포구,
2018,2,14,수요일,16,경상사고,0,0,2,0,58,남,15년이상,,승합,사업용,승합,진입회전사고,맑음,주간,차대차,측면직각충돌,안전거리미확보,특별광역시도,영등포구청앞사거리,37.525469,126.896564,영등포구,
2018,4,13,금요일,3,부상사고,0,0,0,1,27,남,4년미만,,이륜,기타,자전거,일직선사고,맑음,심야,차대차,추돌(진행중),안전운전불이행,특별광역시도,영등포구청앞사거리,37.525469,126.896564,영등포구,
2018,5,3,목요일,1,중상사고,0,1,2,0,50,남,15년이상,,화물,사업용,화물,진입회전사고,흐림,심야,차대차,측면직각충돌,신호위반,특별광역시도,영등포구청앞사거리,37.525469,126.896564,영등포구,
2018,6,22,금요일,22,중상사고,0,1,0,0,26,남,10년미만,,승용,비사업용,이륜,진입회전사고,맑음,심야,차대차,측면직각충돌,신호위반,특별광역시도,영등포구청앞사거리,37.525469,126.896564,영등포구,
2018,7,3,화요일,17,경상사고,0,0,1,0,67,남,15년이상,,승용,사업용,승용,일직선사고,맑음,주간,차대차,추돌(진행중),안전거리미확보,특별광역시도,영등포구청앞사거리,37.525469,126.896564,영등포구,
2018,7,17,화요일,17,경상사고,0,0,1,0,64,남,15년이상,,화물,사업용,화물,일직선사고,맑음,주간,차대차,추돌(진행중),안전운전불이행,특별광역시도,영등포구청앞사거리,37.525469,126.896564,영등포구,
2018,10,24,수요일,0,경상사고,0,0,1,0,53,남,10년미만,,승용,사업용,승용,일직선사고,맑음,심야,차대차,추돌(진행중),안전운전불이행,특별광역시도,영등포구청앞사거리,37.525469,126.896564,영등포구,
2018,10,23,화요일,8,경상사고,0,0,1,0,26,남,1년미만,,승용,비사업용,승용,기타사고,비,출퇴근,차대차,차대차-기타,안전운전불이행,특별광역시도,영등포구청앞사거리,37.525469,126.896564,영등포구,
2019,1,31,목요일,15,경상사고,0,0,1,0,40,여,10년미만,,승용,비사업용,보행자,보행횡단사고,맑음,주간,차대사람,횡단중,보행자보호의무위반,특별광역시도,영등포구청앞사거리,37.525469,126.896564,영등포구,
2019,1,15,화요일,20,중상사고,0,1,0,0,27,남,5년미만,,화물,비사업용,이륜,진입회전사고,맑음,출퇴근,차대차,측면직각충돌,안전운전불이행,특별광역시도,영등포구청앞사거리,37.525469,126.896564,영등포구,
2019,3,24,일요일,12,경상사고,0,0,1,0,59,남,15년이상,,승용,비사업용,승용,일직선사고,맑음,주간,차대차,추돌(진행중),안전운전불이행,특별광역시도,영등포구청앞사거리,37.525469,126.896564,영등포구,
2019,3,25,월요일,17,중상사고,0,1,0,0,48,남,15년이상,,이륜,데이터오류,보행자,진입회전사고,맑음,주간,차대사람,횡단중,신호위반,특별광역시도,영등포구청앞사거리,37.525469,126.896564,영등포구,
2019,4,20,토요일,10,중상사고,0,1,3,0,51,남,15년이상,,화물,비사업용,화물,진입회전사고,맑음,주간,차대차,추돌(진행중),신호위반,특별광역시도,영등포구청앞사거리,37.525469,126.896564,영등포구,
2019,6,2,일요일,13,부상사고,0,0,0,1,61,남,15년이상,,승용,사업용,자전거,진입회전사고,맑음,주간,차대차,측면직각충돌,중앙선침범,특별광역시도,영등포구청앞사거리,37.525469,126.896564,영등포구,
2019,7,20,토요일,22,경상사고,0,0,1,0,68,남,15년이상,,승용,사업용,승용,진입회전사고,맑음,심야,차대차,측면직각충돌,안전운전불이행,특별광역시도,영등포구청앞사거리,37.525469,126.896564,영등포구,
2019,8,6,화요일,14,부상사고,0,0,0,1,58,남,15년이상,,승용,사업용,이륜,진입회전사고,맑음,주간,차대차,측면직각충돌,안전운전불이행,특별광역시도,영등포구청앞사거리,37.525469,126.896564,영등포구,
2019,11,7,목요일,10,경상사고,0,0,1,0,37,여,15년이상,,승용,비사업용,승용,기타사고,맑음,주간,차대차,차대차-기타,안전운전불이행,특별광역시도,영등포구청앞사거리,37.525469,126.896564,영등포구,
2019,11,11,월요일,16,경상사고,0,0,1,0,40,남,15년이상,,승용,사업용,특수,진입회전사고,맑음,주간,차대차,차대차-기타,신호위반,특별광역시도,영등포구청앞사거리,37.525469,126.896564,영등포구,
2019,12,26,목요일,22,중상사고,0,1,1,0,70,남,15년이상,,승용,사업용,보행자,기타사고,맑음,심야,차대사람,차대사람-기타,안전운전불이행,특별광역시도,영등포구청앞사거리,37.525469,126.896564,영등포구,
2017,1,4,수요일,12,경상사고,0,0,1,0,62,남,15년이상,,승용,사업용,승용,일직선사고,맑음,주간,차대차,추돌(진행중),안전운전불이행,특별광역시도,영등포로타리,37.5184006,126.9122551,영등포구,
2017,2,1,수요일,8,경상사고,0,0,1,0,51,남,15년이상,,승합,사업용,승합,일직선사고,맑음,출퇴근,차대차,정면충돌,안전운전불이행,특별광역시도,영등포로타리,37.5184006,126.9122551,영등포구,
2017,2,25,토요일,8,중상사고,0,1,0,0,68,남,15년이상,,승용,사업용,자전거,일직선사고,맑음,출퇴근,차대차,정면충돌,안전운전불이행,특별광역시도,영등포로타리,37.5184006,126.9122551,영등포구,
2017,7,10,월요일,1,경상사고,0,0,2,0,53,남,15년이상,,승용,사업용,승용,진입회전사고,맑음,심야,차대차,측면직각충돌,신호위반,특별광역시도,영등포로타리,37.5184006,126.9122551,영등포구,
2017,8,5,토요일,14,중상사고,0,2,4,0,51,남,15년이상,,승합,사업용,승합,진입회전사고,맑음,주간,차대차,측면직각충돌,안전운전불이행,특별광역시도,영등포로타리,37.5184006,126.9122551,영등포구,
2017,9,30,토요일,2,경상사고,0,0,1,0,63,남,15년이상,,승용,사업용,승용,진입회전사고,맑음,심야,차대차,측면직각충돌,신호위반,특별광역시도,영등포로타리,37.5184006,126.9122551,영등포구,
2017,12,29,금요일,22,경상사고,0,0,1,0,31,남,데이터오류,,승용,비사업용,승용,일직선사고,맑음,심야,차대차,추돌(진행중),안전운전불이행,특별광역시도,영등포로타리,37.5184006,126.9122551,영등포구,
2018,1,23,화요일,6,중상사고,0,1,0,0,56,남,15년이상,,승용,사업용,보행자,보행횡단사고,맑음,새벽,차대사람,횡단중,보행자보호의무위반,특별광역시도,영등포로타리,37.5184006,126.9122551,영등포구,
2018,2,5,월요일,1,중상사고,0,1,2,0,60,남,15년이상,,승용,사업용,승용,진입회전사고,맑음,심야,차대차,측면직각충돌,신호위반,특별광역시도,영등포로타리,37.5184006,126.9122551,영등포구,
2018,2,24,토요일,8,경상사고,0,0,1,0,59,남,15년이상,,승합,사업용,승합,진입회전사고,맑음,출퇴근,차대차,측면직각충돌,안전운전불이행,특별광역시도,영등포로타리,37.5184006,126.9122551,영등포구,
2018,2,24,토요일,21,경상사고,0,0,1,0,33,남,15년이상,,승용,비사업용,승용,진입회전사고,맑음,심야,차대차,측면직각충돌,신호위반,특별광역시도,영등포로타리,37.5184006,126.9122551,영등포구,
2018,6,6,수요일,23,경상사고,0,0,2,0,58,남,15년이상,,승용,비사업용,승용,진입회전사고,맑음,심야,차대차,측면직각충돌,신호위반,특별광역시도,영등포로타리,37.5184006,126.9122551,영등포구,
2018,7,11,수요일,7,경상사고,0,0,1,0,51,남,10년미만,,승용,비사업용,승용,진입회전사고,맑음,출퇴근,차대차,측면직각충돌,신호위반,특별광역시도,영등포로타리,37.5184006,126.9122551,영등포구,
2018,7,20,금요일,21,중상사고,0,1,0,0,19,남,2년미만,,승용,사업용,보행자,보행횡단사고,흐림,심야,차대사람,횡단중,안전운전불이행,특별광역시도,영등포로타리,37.5184006,126.9122551,영등포구,
2018,7,23,월요일,23,중상사고,0,1,0,0,77,남,15년이상,,승용,사업용,자전거,진입회전사고,맑음,심야,차대차,측면직각충돌,안전운전불이행,특별광역시도,영등포로타리,37.5184006,126.9122551,영등포구,
2018,10,6,토요일,11,경상사고,0,0,1,0,57,남,15년이상,,화물,비사업용,화물,진입회전사고,맑음,주간,차대차,측면직각충돌,안전운전불이행,특별광역시도,영등포로타리,37.5184006,126.9122551,영등포구,
2018,11,26,월요일,1,중상사고,0,1,0,0,75,남,15년이상,,승용,사업용,자전거,진입회전사고,맑음,심야,차대차,측면직각충돌,신호위반,특별광역시도,영등포로타리,37.5184006,126.9122551,영등포구,
2018,11,10,토요일,10,경상사고,0,0,1,1,33,남,15년미만,,승용,비사업용,승용,진입회전사고,맑음,주간,차대차,측면직각충돌,안전거리미확보,특별광역시도,영등포로타리,37.5184006,126.9122551,영등포구,
2019,4,7,일요일,5,경상사고,0,0,1,0,32,남,15년이상,0,승용,사업용,승용,일직선사고,맑음,새벽,차대차,추돌(진행중),안전운전불이행,특별광역시도,영등포로타리,37.5184006,126.9122551,영등포구,
2019,4,12,금요일,13,경상사고,0,0,2,0,49,남,15년이상,,승합,사업용,승합,기타사고,맑음,주간,차대차,차대차-기타,안전운전불이행,특별광역시도,영등포로타리,37.5184006,126.9122551,영등포구,
2019,5,6,월요일,12,경상사고,0,0,1,0,51,여,15년이상,,승합,사업용,승합,일직선사고,맑음,주간,차대차,추돌(진행중),안전운전불이행,특별광역시도,영등포로타리,37.5184006,126.9122551,영등포구,
2019,5,16,목요일,21,중상사고,0,1,0,0,51,남,15년이상,,화물,사업용,화물,기타사고,맑음,심야,차대차,차대차-기타,안전운전불이행,특별광역시도,영등포로타리,37.5184006,126.9122551,영등포구,
2019,6,7,금요일,19,경상사고,0,0,2,0,39,남,15년이상,,승용,사업용,승용,기타사고,맑음,출퇴근,차대차,차대차-기타,안전운전불이행,특별광역시도,영등포로타리,37.5184006,126.9122551,영등포구,
2019,7,4,목요일,19,경상사고,0,0,1,0,65,남,15년이상,,승합,사업용,기타,기타사고,맑음,출퇴근,차량단독,차량단독-기타,안전운전불이행,특별광역시도,영등포로타리,37.5184006,126.9122551,영등포구,
2019,8,3,토요일,23,경상사고,0,0,1,0,58,여,15년이상,,승용,사업용,보행자,보행횡단사고,맑음,심야,차대사람,횡단중,보행자보호의무위반,특별광역시도,영등포로타리,37.5184006,126.9122551,영등포구,
2019,10,21,월요일,2,중상사고,0,1,2,0,61,남,15년이상,,화물,사업용,화물,일직선사고,맑음,심야,차대차,추돌(진행중),안전운전불이행,특별광역시도,영등포로타리,37.5184006,126.9122551,영등포구,
2019,10,4,금요일,6,경상사고,0,0,1,0,61,남,15년이상,,승용,사업용,이륜,일직선사고,맑음,새벽,차대차,추돌(진행중),안전운전불이행,특별광역시도,영등포로타리,37.5184006,126.9122551,영등포구,
2017,2,11,토요일,11,경상사고,0,0,2,0,61,남,15년이상,,승용,사업용,승용,기타사고,맑음,주간,차대차,차대차-기타,안전운전불이행,특별광역시도,영등포로타리,37.5184006,126.9122551,영등포구,
2017,3,14,화요일,22,중상사고,0,1,0,0,불명,불명,데이터오류,,기타,데이터오류,기타,진입회전사고,맑음,심야,차대차,측면직각충돌,안전운전불이행,특별광역시도,영등포로타리,37.5184006,126.9122551,영등포구,
2017,4,6,목요일,3,경상사고,0,0,1,1,27,남,15년미만,0,승용,사업용,승용,진입회전사고,비,심야,차대차,정면충돌,신호위반,특별광역시도,영등포로타리,37.5184006,126.9122551,영등포구,
2017,5,28,일요일,5,경상사고,0,0,3,0,34,남,10년미만,0,승용,비사업용,승용,기타사고,맑음,새벽,차대차,차대차-기타,안전운전불이행,특별광역시도,영등포로타리,37.5184006,126.9122551,영등포구,
2017,5,2,화요일,7,경상사고,0,0,1,1,51,남,15년이상,,승용,비사업용,승용,진입회전사고,맑음,출퇴근,차대차,측면직각충돌,차로위반,특별광역시도,영등포로타리,37.5184006,126.9122551,영등포구,
2017,5,30,화요일,20,경상사고,0,0,1,0,57,남,15년이상,,승용,비사업용,자전거,일직선사고,맑음,출퇴근,차대차,정면충돌,안전거리미확보,특별광역시도,영등포로타리,37.5184006,126.9122551,영등포구,
2017,6,6,화요일,13,중상사고,0,1,1,0,37,남,15년이상,,승용,비사업용,이륜,일직선사고,맑음,주간,차대차,정면충돌,안전운전불이행,특별광역시도,영등포로타리,37.5184006,126.9122551,영등포구,
2017,7,11,화요일,1,중상사고,0,1,0,2,72,남,15년이상,,승용,사업용,승용,진입회전사고,비,심야,차대차,측면직각충돌,신호위반,특별광역시도,영등포로타리,37.5184006,126.9122551,영등포구,
2017,7,1,토요일,6,경상사고,0,0,1,0,79,남,15년이상,,승용,사업용,승용,진입회전사고,맑음,새벽,차대차,측면직각충돌,신호위반,특별광역시도,영등포로타리,37.5184006,126.9122551,영등포구,
2017,7,30,일요일,9,경상사고,0,0,7,1,34,남,15년미만,,승용,비사업용,승합,진입회전사고,맑음,주간,차대차,측면직각충돌,교차로운행방법위반,특별광역시도,영등포로타리,37.5184006,126.9122551,영등포구,
2017,7,24,월요일,18,경상사고,0,0,1,0,59,남,15년이상,,승합,비사업용,승합,진입회전사고,맑음,출퇴근,차대차,측면직각충돌,교차로운행방법위반,특별광역시도,영등포로타리,37.5184006,126.9122551,영등포구,
2017,7,24,월요일,23,경상사고,0,0,1,0,46,남,15년이상,,승용,사업용,이륜,일직선사고,맑음,심야,차대차,정면충돌,안전운전불이행,특별광역시도,영등포로타리,37.5184006,126.9122551,영등포구,
2017,8,21,월요일,4,중상사고,0,1,1,0,56,남,5년미만,0,승용,비사업용,승용,진입회전사고,비,심야,차대차,측면직각충돌,신호위반,특별광역시도,영등포로타리,37.5184006,126.9122551,영등포구,
2017,8,11,금요일,20,경상사고,0,0,1,0,38,남,2년미만,,승용,비사업용,승용,진입회전사고,맑음,출퇴근,차대차,측면직각충돌,안전거리미확보,특별광역시도,영등포로타리,37.5184006,126.9122551,영등포구,
2017,9,17,일요일,17,경상사고,0,0,2,0,74,남,15년이상,,승용,비사업용,승용,기타사고,맑음,주간,차대차,차대차-기타,안전거리미확보,특별광역시도,영등포로타리,37.5184006,126.9122551,영등포구,
2017,9,19,화요일,23,중상사고,0,1,3,0,62,남,15년이상,,승용,사업용,승용,진입회전사고,맑음,심야,차대차,측면직각충돌,안전운전불이행,특별광역시도,영등포로타리,37.5184006,126.9122551,영등포구,
2017,10,20,금요일,8,경상사고,0,0,1,0,56,남,15년이상,,화물,비사업용,화물,진입회전사고,맑음,출퇴근,차대차,측면직각충돌,안전거리미확보,특별광역시도,영등포로타리,37.5184006,126.9122551,영등포구,
2017,10,13,금요일,9,경상사고,0,0,3,0,69,남,15년이상,,승용,사업용,건설기계,진입회전사고,맑음,주간,차대차,측면직각충돌,안전운전불이행,특별광역시도,영등포로타리,37.5184006,126.9122551,영등포구,
2017,11,25,토요일,1,중상사고,0,1,0,0,72,남,15년이상,,승용,사업용,승용,진입회전사고,맑음,심야,차대차,측면직각충돌,신호위반,특별광역시도,영등포로타리,37.5184006,126.9122551,영등포구,
2017,12,26,화요일,6,중상사고,0,1,0,0,32,남,15년이상,0,승용,비사업용,승용,일직선사고,맑음,새벽,차대차,추돌(진행중),안전운전불이행,특별광역시도,영등포로타리,37.5184006,126.9122551,영등포구,
2017,12,2,토요일,16,부상사고,0,0,0,1,46,남,5년미만,,이륜,기타,기타,기타사고,맑음,주간,차량단독,전도전복,안전운전불이행,특별광역시도,영등포로타리,37.5184006,126.9122551,영등포구,
2018,2,26,월요일,3,경상사고,0,0,1,0,63,남,15년이상,,승용,사업용,승용,진입회전사고,맑음,심야,차대차,측면직각충돌,안전운전불이행,특별광역시도,영등포로타리,37.5184006,126.9122551,영등포구,
2018,2,12,월요일,18,경상사고,0,0,1,0,45,남,10년미만,,승용,사업용,승용,기타사고,맑음,출퇴근,차대차,차대차-기타,안전운전불이행,특별광역시도,영등포로타리,37.5184006,126.9122551,영등포구,
2018,2,6,화요일,22,경상사고,0,0,1,0,46,남,15년이상,,승용,비사업용,승용,일직선사고,맑음,심야,차대차,추돌(진행중),안전운전불이행,특별광역시도,영등포로타리,37.5184006,126.9122551,영등포구,
2018,2,14,수요일,22,경상사고,0,0,1,0,25,여,1년미만,,승용,비사업용,승용,진입회전사고,맑음,심야,차대차,측면직각충돌,안전거리미확보,특별광역시도,영등포로타리,37.5184006,126.9122551,영등포구,
2018,2,19,월요일,23,경상사고,0,0,1,0,40,남,15년이상,,승용,비사업용,원동기,기타사고,맑음,심야,차대차,차대차-기타,안전운전불이행,특별광역시도,영등포로타리,37.5184006,126.9122551,영등포구,
2018,3,23,금요일,23,부상사고,0,0,0,1,39,남,15년이상,,승용,사업용,승용,진입회전사고,맑음,심야,차대차,측면직각충돌,차로위반,특별광역시도,영등포로타리,37.5184006,126.9122551,영등포구,
2018,4,1,일요일,5,중상사고,0,1,1,0,43,남,15년이상,,승용,사업용,승용,진입회전사고,맑음,새벽,차대차,측면직각충돌,신호위반,특별광역시도,영등포로타리,37.5184006,126.9122551,영등포구,
2018,5,15,화요일,3,경상사고,0,0,1,0,57,남,15년이상,,승용,사업용,보행자,보행횡단사고,맑음,심야,차대사람,횡단중,안전운전불이행,특별광역시도,영등포로타리,37.5184006,126.9122551,영등포구,
2018,5,12,토요일,10,경상사고,0,0,1,0,67,남,15년이상,,승용,사업용,기타,진입회전사고,맑음,주간,차대차,측면직각충돌,안전거리미확보,특별광역시도,영등포로타리,37.5184006,126.9122551,영등포구,
2018,5,25,금요일,13,경상사고,0,0,4,0,59,남,15년미만,,승용,사업용,승용,일직선사고,맑음,주간,차대차,추돌(진행중),안전운전불이행,특별광역시도,영등포로타리,37.5184006,126.9122551,영등포구,
2018,5,1,화요일,16,경상사고,0,0,1,0,58,남,10년미만,,승용,사업용,승용,진입회전사고,맑음,주간,차대차,측면직각충돌,안전운전불이행,특별광역시도,영등포로타리,37.5184006,126.9122551,영등포구,
2018,6,8,금요일,0,경상사고,0,0,2,0,50,남,15년이상,,승용,사업용,승용,일직선사고,맑음,심야,차대차,정면충돌,안전운전불이행,특별광역시도,영등포로타리,37.5184006,126.9122551,영등포구,
2018,6,27,수요일,0,경상사고,0,0,1,0,53,남,15년이상,,승용,사업용,승용,기타사고,맑음,심야,차대차,차대차-기타,안전운전불이행,특별광역시도,영등포로타리,37.5184006,126.9122551,영등포구,