년도,월,일,요일,시각,사고등급,사망자수,중상자수,경상자수,부상자수,연령,성별,경력,음주,종별,용도,관련자2,사고형태,기상상태,일광상태,사고유형1,사고유형2,법규위반,도로종류,지점명,위도,경도,자치구,
2019,4,23,화요일,14,경상사고,0,0,1,0,29,남,15년이상,,화물,비사업용,보행자,기타사고,맑음,주간,차대사람,차도통행중,안전운전불이행,특별광역시도,영등포역앞삼거리,37.5136513,126.918699,영등포구,
2019,6,21,금요일,14,중상사고,0,1,0,0,56,남,15년이상,,승합,사업용,보행자,기타사고,맑음,주간,차대사람,차대사람-기타,안전운전불이행,특별광역시도,영등포역앞삼거리,37.5136513,126.918699,영등포구,
2019,8,28,수요일,9,경상사고,0,0,1,0,67,남,15년이상,,승용,사업용,승합,기타사고,맑음,주간,차대차,차대차-기타,안전거리미확보,특별광역시도,영등포역앞삼거리,37.5136513,126.918699,영등포구,
2019,8,9,금요일,17,중상사고,0,1,0,0,59,남,15년이상,,화물,사업용,보행자,보행횡단사고,맑음,주간,차대사람,횡단중,안전운전불이행,특별광역시도,영등포역앞삼거리,37.5136513,126.918699,영등포구,
2019,11,7,목요일,10,중상사고,0,1,1,0,57,남,15년이상,,승용,비사업용,승용,일직선사고,맑음,주간,차대차,추돌(진행중),안전거리미확보,특별광역시도,영등포역앞삼거리,37.5136513,126.918699,영등포구,
2019,12,25,수요일,14,경상사고,0,0,2,0,57,남,15년이상,,승용,사업용,승용,일직선사고,맑음,주간,차대차,추돌(진행중),안전거리미확보,특별광역시도,영등포역앞삼거리,37.5136513,126.918699,영등포구,
2017,1,10,화요일,15,경상사고,0,0,1,0,71,남,15년이상,,승용,비사업용,보행자,기타사고,맑음,주간,차대사람,차대사람-기타,안전운전불이행,특별광역시도,영등포역앞삼거리,37.5136513,126.918699,영등포구,
2017,2,25,토요일,18,부상사고,0,0,0,1,30,남,10년미만,,승용,비사업용,보행자,보행횡단사고,맑음,출퇴근,차대사람,횡단중,안전운전불이행,특별광역시도,영등포역앞삼거리,37.5136513,126.918699,영등포구,
2017,2,20,월요일,19,경상사고,0,0,1,0,35,남,15년이상,,승용,비사업용,보행자,보행횡단사고,맑음,출퇴근,차대사람,횡단중,안전운전불이행,특별광역시도,영등포역앞삼거리,37.5136513,126.918699,영등포구,
2017,2,4,토요일,22,중상사고,0,1,0,0,41,남,15년이상,,승용,비사업용,보행자,보행횡단사고,맑음,심야,차대사람,횡단중,안전운전불이행,특별광역시도,영등포역앞삼거리,37.5136513,126.918699,영등포구,
2017,3,1,수요일,1,경상사고,0,0,1,0,50,남,15년이상,,승용,사업용,보행자,기타사고,맑음,심야,차대사람,차대사람-기타,안전운전불이행,특별광역시도,영등포역앞삼거리,37.5136513,126.918699,영등포구,
2017,3,3,금요일,17,경상사고,0,0,1,0,56,남,15년이상,,승용,비사업용,승합,진입회전사고,맑음,주간,차대차,측면직각충돌,안전운전불이행,특별광역시도,영등포역앞삼거리,37.5136513,126.918699,영등포구,
2017,3,19,일요일,17,경상사고,0,0,2,0,40,남,15년미만,,화물,비사업용,화물,일직선사고,맑음,주간,차대차,추돌(진행중),안전운전불이행,특별광역시도,영등포역앞삼거리,37.5136513,126.918699,영등포구,
2017,4,11,화요일,18,중상사고,0,1,0,0,70,남,15년이상,,승합,사업용,승합,기타사고,맑음,출퇴근,차대차,차대차-기타,안전운전불이행,특별광역시도,영등포역앞삼거리,37.5136513,126.918699,영등포구,
2017,5,14,일요일,16,부상사고,0,0,0,1,29,남,10년미만,,승용,비사업용,자전거,진입회전사고,맑음,주간,차대차,측면직각충돌,신호위반,특별광역시도,영등포역앞삼거리,37.5136513,126.918699,영등포구,
2017,6,4,일요일,10,경상사고,0,0,2,0,58,남,15년이상,,승용,사업용,승용,일직선사고,맑음,주간,차대차,추돌(진행중),안전운전불이행,특별광역시도,영등포역앞삼거리,37.5136513,126.918699,영등포구,
2017,6,12,월요일,11,경상사고,0,0,1,0,46,남,15년이상,,승합,사업용,기타,기타사고,맑음,주간,차량단독,차량단독-기타,데이터없음,특별광역시도,영등포역앞삼거리,37.5136513,126.918699,영등포구,
2017,7,5,수요일,18,경상사고,0,0,1,0,27,남,10년미만,,승용,비사업용,승용,일직선사고,맑음,출퇴근,차대차,추돌(진행중),안전운전불이행,특별광역시도,영등포역앞삼거리,37.5136513,126.918699,영등포구,
2017,8,18,금요일,12,경상사고,0,0,1,0,28,남,10년미만,,화물,비사업용,보행자,기타사고,맑음,주간,차대사람,차대사람-기타,안전운전불이행,특별광역시도,영등포역앞삼거리,37.5136513,126.918699,영등포구,
2017,8,11,금요일,18,경상사고,0,0,1,0,51,남,15년이상,,승용,사업용,이륜,진입회전사고,맑음,출퇴근,차대차,측면직각충돌,중앙선침범,특별광역시도,영등포역앞삼거리,37.5136513,126.918699,영등포구,
2017,8,26,토요일,21,경상사고,0,0,1,0,51,남,15년이상,,승용,사업용,이륜,진입회전사고,맑음,심야,차대차,측면직각충돌,데이터없음,특별광역시도,영등포역앞삼거리,37.5136513,126.918699,영등포구,
2017,9,15,금요일,9,부상사고,0,0,0,1,67,남,15년이상,,승용,사업용,보행자,보행횡단사고,맑음,주간,차대사람,보도통행중,안전운전불이행,특별광역시도,영등포역앞삼거리,37.5136513,126.918699,영등포구,
2017,9,26,화요일,22,중상사고,0,1,0,0,28,남,1년미만,,승용,비사업용,보행자,보행횡단사고,맑음,심야,차대사람,횡단중,안전운전불이행,특별광역시도,영등포역앞삼거리,37.5136513,126.918699,영등포구,
2017,10,19,목요일,4,부상사고,0,0,0,1,59,남,15년미만,,승용,사업용,자전거,일직선사고,맑음,심야,차대차,추돌(진행중),안전운전불이행,특별광역시도,영등포역앞삼거리,37.5136513,126.918699,영등포구,
2017,11,20,월요일,4,부상사고,0,0,0,1,불명,불명,데이터오류,,기타,데이터오류,기타,보행횡단사고,맑음,심야,차대사람,횡단중,안전운전불이행,특별광역시도,영등포역앞삼거리,37.5136513,126.918699,영등포구,
2017,11,21,화요일,9,경상사고,0,0,1,0,43,여,15년이상,,이륜,기타,보행자,진입회전사고,맑음,주간,차대사람,횡단중,신호위반,특별광역시도,영등포역앞삼거리,37.5136513,126.918699,영등포구,
2017,12,16,토요일,2,경상사고,0,0,1,0,66,남,15년이상,,승용,사업용,기타,기타사고,맑음,심야,차량단독,차량단독-기타,안전운전불이행,특별광역시도,영등포역앞삼거리,37.5136513,126.918699,영등포구,
2018,1,18,목요일,4,부상사고,0,0,0,1,37,남,3년미만,,승용,비사업용,기타,일직선사고,맑음,심야,차대차,추돌(진행중),안전운전불이행,특별광역시도,영등포역앞삼거리,37.5136513,126.918699,영등포구,
2018,1,19,금요일,6,경상사고,0,0,2,0,60,남,15년이상,,승용,사업용,승용,진입회전사고,맑음,새벽,차대차,측면직각충돌,안전거리미확보,특별광역시도,영등포역앞삼거리,37.5136513,126.918699,영등포구,
2018,1,6,토요일,17,경상사고,0,0,1,0,62,남,15년미만,,승용,사업용,보행자,기타사고,맑음,주간,차대사람,길가장자리구역통행중,안전운전불이행,특별광역시도,영등포역앞삼거리,37.5136513,126.918699,영등포구,
2018,5,22,화요일,7,경상사고,0,0,2,0,50,남,15년이상,,승합,사업용,승합,진입회전사고,맑음,출퇴근,차대차,측면직각충돌,안전거리미확보,특별광역시도,영등포역앞삼거리,37.5136513,126.918699,영등포구,
2018,5,14,월요일,23,경상사고,0,0,1,0,69,남,15년이상,,승용,사업용,보행자,기타사고,맑음,심야,차대사람,차대사람-기타,안전운전불이행,특별광역시도,영등포역앞삼거리,37.5136513,126.918699,영등포구,
2018,7,19,목요일,17,중상사고,0,2,1,1,61,남,15년이상,,승용,사업용,승용,진입회전사고,맑음,주간,차대차,측면직각충돌,차로위반,특별광역시도,영등포역앞삼거리,37.5136513,126.918699,영등포구,
2018,7,18,수요일,22,경상사고,0,0,2,0,52,여,15년이상,,승용,비사업용,이륜,진입회전사고,맑음,심야,차대차,측면직각충돌,안전운전불이행,특별광역시도,영등포역앞삼거리,37.5136513,126.918699,영등포구,
2018,8,31,금요일,4,중상사고,0,1,2,0,63,남,15년이상,,승용,사업용,승용,진입회전사고,맑음,심야,차대차,차대차-기타,신호위반,특별광역시도,영등포역앞삼거리,37.5136513,126.918699,영등포구,
2018,8,4,토요일,12,경상사고,0,0,1,0,57,남,15년이상,,승용,비사업용,승용,진입회전사고,맑음,주간,차대차,측면직각충돌,교차로운행방법위반,특별광역시도,영등포역앞삼거리,37.5136513,126.918699,영등포구,
2018,8,31,금요일,12,경상사고,0,0,6,0,48,남,데이터오류,,승합,비사업용,승합,진입회전사고,맑음,주간,차대차,측면직각충돌,안전운전불이행,특별광역시도,영등포역앞삼거리,37.5136513,126.918699,영등포구,
2018,9,8,토요일,11,경상사고,0,0,1,0,72,남,15년이상,,승용,사업용,이륜,진입회전사고,맑음,주간,차대차,측면직각충돌,기타,특별광역시도,영등포역앞삼거리,37.5136513,126.918699,영등포구,
2018,10,18,목요일,16,경상사고,0,0,2,0,23,남,3년미만,,승용,비사업용,승용,진입회전사고,맑음,주간,차대차,측면직각충돌,안전운전불이행,특별광역시도,영등포역앞삼거리,37.5136513,126.918699,영등포구,
2018,11,28,수요일,15,경상사고,0,0,1,0,29,남,10년미만,,승용,비사업용,승용,일직선사고,맑음,주간,차대차,추돌(진행중),안전운전불이행,특별광역시도,영등포역앞삼거리,37.5136513,126.918699,영등포구,
2018,12,13,목요일,0,경상사고,0,0,1,0,61,남,15년이상,,승용,사업용,승용,일직선사고,맑음,심야,차대차,추돌(진행중),안전운전불이행,특별광역시도,영등포역앞삼거리,37.5136513,126.918699,영등포구,
2018,12,17,월요일,9,부상사고,0,0,0,1,61,남,15년미만,,승용,사업용,승용,일직선사고,맑음,주간,차대차,추돌(진행중),안전운전불이행,특별광역시도,영등포역앞삼거리,37.5136513,126.918699,영등포구,
2018,12,5,수요일,11,경상사고,0,0,2,0,63,남,15년이상,,승용,비사업용,승용,기타사고,맑음,주간,차대차,차대차-기타,안전운전불이행,특별광역시도,영등포역앞삼거리,37.5136513,126.918699,영등포구,
2019,1,4,금요일,19,중상사고,0,1,0,0,62,남,15년이상,,승합,사업용,보행자,보행횡단사고,맑음,출퇴근,차대사람,보도통행중,안전운전불이행,특별광역시도,영등포역앞삼거리,37.5136513,126.918699,영등포구,
2019,2,22,금요일,14,경상사고,0,0,5,0,38,남,15년이상,,승용,비사업용,승용,일직선사고,맑음,주간,차대차,추돌(진행중),안전운전불이행,특별광역시도,영등포역앞삼거리,37.5136513,126.918699,영등포구,
2019,2,19,화요일,19,경상사고,0,0,2,0,62,남,15년미만,,승용,사업용,승용,일직선사고,맑음,출퇴근,차대차,추돌(진행중),안전운전불이행,특별광역시도,영등포역앞삼거리,37.5136513,126.918699,영등포구,
2019,3,2,토요일,19,경상사고,0,0,1,0,71,남,15년이상,,승용,사업용,보행자,기타사고,맑음,출퇴근,차대사람,차대사람-기타,안전운전불이행,특별광역시도,영등포역앞삼거리,37.5136513,126.918699,영등포구,
2019,4,4,목요일,23,중상사고,0,1,0,0,69,남,15년이상,,승용,사업용,보행자,진입회전사고,맑음,심야,차대사람,횡단중,신호위반,특별광역시도,영등포역앞삼거리,37.5136513,126.918699,영등포구,
2019,5,5,일요일,23,경상사고,0,0,1,0,55,남,15년이상,,승용,사업용,보행자,기타사고,맑음,심야,차대사람,차대사람-기타,안전운전불이행,특별광역시도,영등포역앞삼거리,37.5136513,126.918699,영등포구,
2019,6,1,토요일,0,경상사고,0,0,1,0,64,남,15년이상,,승용,사업용,이륜,진입회전사고,맑음,심야,차대차,차대차-기타,신호위반,특별광역시도,영등포역앞삼거리,37.5136513,126.918699,영등포구,
2019,6,27,목요일,4,사망사고,1,0,0,0,52,남,15년이상,,승용,사업용,보행자,보행횡단사고,비,심야,차대사람,횡단중,안전운전불이행,특별광역시도,영등포역앞삼거리,37.5136513,126.918699,영등포구,
2019,6,21,금요일,13,경상사고,0,0,2,0,41,남,15년이상,,승용,비사업용,기타,진입회전사고,맑음,주간,차대차,측면직각충돌,안전운전불이행,특별광역시도,영등포역앞삼거리,37.5136513,126.918699,영등포구,
2019,6,3,월요일,16,부상사고,0,0,0,1,52,남,15년이상,,승용,비사업용,이륜,기타사고,맑음,주간,차대차,차대차-기타,안전운전불이행,특별광역시도,영등포역앞삼거리,37.5136513,126.918699,영등포구,
2019,7,13,토요일,4,경상사고,0,0,1,0,59,남,15년이상,,승합,사업용,기타,기타사고,맑음,심야,차량단독,차량단독-기타,기타,특별광역시도,영등포역앞삼거리,37.5136513,126.918699,영등포구,
2019,7,29,월요일,5,경상사고,0,0,1,0,71,남,15년이상,,승용,사업용,승용,일직선사고,맑음,새벽,차대차,차대차-기타,중앙선침범,특별광역시도,영등포역앞삼거리,37.5136513,126.918699,영등포구,
2019,8,24,토요일,19,중상사고,0,1,0,0,47,남,15년이상,,승합,사업용,보행자,기타사고,맑음,출퇴근,차대사람,차대사람-기타,안전운전불이행,특별광역시도,영등포역앞삼거리,37.5136513,126.918699,영등포구,
2019,9,17,화요일,9,경상사고,0,0,1,0,59,남,15년이상,,화물,비사업용,화물,진입회전사고,맑음,주간,차대차,측면직각충돌,안전운전불이행,특별광역시도,영등포역앞삼거리,37.5136513,126.918699,영등포구,
2019,11,10,일요일,2,경상사고,0,0,3,0,64,남,15년이상,,승용,사업용,승용,진입회전사고,맑음,심야,차대차,측면직각충돌,차로위반,특별광역시도,영등포역앞삼거리,37.5136513,126.918699,영등포구,
2019,12,29,일요일,2,중상사고,0,1,2,0,27,남,15년미만,0,승용,비사업용,자전거,진입회전사고,맑음,심야,차대차,측면직각충돌,데이터없음,특별광역시도,영등포역앞삼거리,37.5136513,126.918699,영등포구,
2019,12,19,목요일,12,중상사고,0,1,0,0,70,남,15년이상,,승용,사업용,승용,진입회전사고,맑음,주간,차대차,측면직각충돌,안전운전불이행,특별광역시도,영등포역앞삼거리,37.5136513,126.918699,영등포구,
2019,12,20,금요일,17,경상사고,0,0,1,0,28,남,10년미만,,승용,비사업용,승용,일직선사고,맑음,주간,차대차,추돌(진행중),안전운전불이행,특별광역시도,영등포역앞삼거리,37.5136513,126.918699,영등포구,
2017,3,9,목요일,15,경상사고,0,0,1,0,54,남,10년미만,,승용,사업용,이륜,기타사고,맑음,주간,차대차,차대차-기타,데이터없음,특별광역시도,영등포역앞삼거리,37.5136513,126.918699,영등포구,
2017,4,5,수요일,17,경상사고,0,0,1,0,46,남,15년이상,,승용,비사업용,승용,주정차사고,비,주간,차대차,추돌(주정차중),안전운전불이행,특별광역시도,영등포역앞삼거리,37.5136513,126.918699,영등포구,
2017,9,9,토요일,0,경상사고,0,0,2,0,56,남,10년미만,,승용,사업용,보행자,기타사고,맑음,심야,차대사람,차대사람-기타,안전운전불이행,특별광역시도,영등포역앞삼거리,37.5136513,126.918699,영등포구,
2017,10,20,금요일,22,중상사고,0,1,0,0,32,남,3년미만,,이륜,기타,보행자,기타사고,맑음,심야,차대사람,차대사람-기타,안전운전불이행,특별광역시도,영등포역앞삼거리,37.5136513,126.918699,영등포구,
2017,12,5,화요일,1,경상사고,0,0,4,0,47,남,15년이상,,승용,비사업용,승용,진입회전사고,맑음,심야,차대차,측면직각충돌,안전거리미확보,특별광역시도,영등포역앞삼거리,37.5136513,126.918699,영등포구,
2018,1,13,토요일,7,경상사고,0,0,1,0,30,남,10년미만,0,승용,비사업용,화물,일직선사고,눈,출퇴근,차대차,추돌(진행중),안전운전불이행,특별광역시도,영등포역앞삼거리,37.5136513,126.918699,영등포구,
2018,1,6,토요일,16,경상사고,0,0,2,0,59,남,15년이상,,승용,사업용,이륜,기타사고,맑음,주간,차대차,차대차-기타,기타,특별광역시도,영등포역앞삼거리,37.5136513,126.918699,영등포구,
2018,2,3,토요일,18,경상사고,0,0,1,0,45,여,15년이상,,승용,비사업용,승용,기타사고,맑음,출퇴근,차대차,차대차-기타,안전운전불이행,특별광역시도,영등포역앞삼거리,37.5136513,126.918699,영등포구,
2018,5,12,토요일,16,경상사고,0,0,1,0,66,남,15년이상,,승용,사업용,이륜,기타사고,비,주간,차대차,차대차-기타,기타,특별광역시도,영등포역앞삼거리,37.5136513,126.918699,영등포구,
2018,5,29,화요일,22,중상사고,0,1,0,0,34,남,15년이상,,승용,비사업용,승용,기타사고,맑음,심야,차대차,차대차-기타,안전운전불이행,특별광역시도,영등포역앞삼거리,37.5136513,126.918699,영등포구,
2018,6,8,금요일,11,경상사고,0,0,1,0,60,남,15년이상,,승합,사업용,기타,기타사고,맑음,주간,차량단독,차량단독-기타,안전운전불이행,특별광역시도,영등포역앞삼거리,37.5136513,126.918699,영등포구,
2018,6,6,수요일,15,부상사고,0,0,0,1,69,남,15년이상,,승용,비사업용,이륜,진입회전사고,맑음,주간,차대차,측면직각충돌,기타,특별광역시도,영등포역앞삼거리,37.5136513,126.918699,영등포구,
2018,7,6,금요일,23,경상사고,0,0,1,1,45,남,15년이상,0,승용,비사업용,화물,일직선사고,맑음,심야,차대차,추돌(진행중),안전운전불이행,특별광역시도,영등포역앞삼거리,37.5136513,126.918699,영등포구,
2018,11,20,화요일,8,경상사고,0,0,1,0,55,남,15년이상,,승합,사업용,보행자,기타사고,맑음,출퇴근,차대사람,차대사람-기타,안전운전불이행,특별광역시도,영등포역앞삼거리,37.5136513,126.918699,영등포구,
2018,11,17,토요일,15,경상사고,0,0,1,0,25,남,10년미만,,이륜,기타,이륜,일직선사고,맑음,주간,차대차,추돌(진행중),안전운전불이행,특별광역시도,영등포역앞삼거리,37.5136513,126.918699,영등포구,
2019,6,19,수요일,16,부상사고,0,0,0,1,61,남,15년이상,,승용,비사업용,승용,진입회전사고,맑음,주간,차대차,측면직각충돌,안전운전불이행,특별광역시도,영등포역앞삼거리,37.5136513,126.918699,영등포구,
2019,8,2,금요일,14,경상사고,0,0,1,0,71,남,15년이상,,승용,사업용,이륜,진입회전사고,맑음,주간,차대차,측면직각충돌,기타,특별광역시도,영등포역앞삼거리,37.5136513,126.918699,영등포구,
2019,9,28,토요일,19,경상사고,0,0,1,0,30,여,4년미만,,승용,비사업용,승용,진입회전사고,맑음,출퇴근,차대차,측면직각충돌,신호위반,특별광역시도,영등포역앞삼거리,37.5136513,126.918699,영등포구,
2019,12,28,토요일,22,경상사고,0,0,1,0,59,남,15년이상,,승용,사업용,이륜,기타사고,맑음,심야,차대차,차대차-기타,기타,특별광역시도,영등포역앞삼거리,37.5136513,126.918699,영등포구,
2017,1,21,토요일,0,경상사고,0,0,1,0,50,남,15년이상,,이륜,기타,보행자,기타사고,맑음,심야,차대사람,차대사람-기타,안전운전불이행,특별광역시도,영등포유통상가,37.5222594,126.8942028,영등포구,
2017,1,24,화요일,23,경상사고,0,0,1,0,47,남,15년이상,,승용,사업용,승용,진입회전사고,맑음,심야,차대차,정면충돌,신호위반,특별광역시도,영등포유통상가,37.5222594,126.8942028,영등포구,
2017,3,15,수요일,19,경상사고,0,0,7,1,62,남,15년이상,,승합,사업용,이륜,진입회전사고,맑음,출퇴근,차대차,정면충돌,신호위반,특별광역시도,영등포유통상가,37.5222594,126.8942028,영등포구,
2017,3,10,금요일,23,경상사고,0,0,1,0,50,남,10년미만,0,승용,사업용,원동기,일직선사고,맑음,심야,차대차,정면충돌,중앙선침범,특별광역시도,영등포유통상가,37.5222594,126.8942028,영등포구,
2017,4,5,수요일,19,부상사고,0,0,0,1,49,남,15년이상,,승용,사업용,이륜,일직선사고,비,출퇴근,차대차,정면충돌,안전운전불이행,특별광역시도,영등포유통상가,37.5222594,126.8942028,영등포구,
2017,5,28,일요일,14,중상사고,0,1,0,0,27,여,5년미만,,승용,비사업용,이륜,일직선사고,맑음,주간,차대차,추돌(진행중),안전운전불이행,특별광역시도,영등포유통상가,37.5222594,126.8942028,영등포구,
2017,6,29,목요일,5,중상사고,0,1,1,0,39,남,15년미만,0,승용,비사업용,보행자,기타사고,맑음,새벽,차대사람,차도통행중,안전운전불이행,특별광역시도,영등포유통상가,37.5222594,126.8942028,영등포구,
2017,6,7,수요일,11,중상사고,0,1,0,0,56,남,15년이상,,화물,사업용,보행자,기타사고,맑음,주간,차대사람,차도통행중,안전운전불이행,특별광역시도,영등포유통상가,37.5222594,126.8942028,영등포구,
2017,7,24,월요일,15,경상사고,0,0,1,1,69,남,15년이상,,승합,사업용,승합,일직선사고,맑음,주간,차대차,정면충돌,안전운전불이행,특별광역시도,영등포유통상가,37.5222594,126.8942028,영등포구,
2017,9,7,목요일,4,경상사고,0,0,2,2,50,남,15년이상,,승용,사업용,승용,일직선사고,맑음,심야,차대차,정면충돌,안전운전불이행,특별광역시도,영등포유통상가,37.5222594,126.8942028,영등포구,
2017,10,29,일요일,1,중상사고,0,1,2,0,60,남,15년이상,,승용,사업용,보행자,기타사고,맑음,심야,차대사람,차대사람-기타,안전운전불이행,특별광역시도,영등포유통상가,37.5222594,126.8942028,영등포구,
2017,10,18,수요일,1,중상사고,0,1,1,0,49,남,데이터오류,0,승용,비사업용,승용,일직선사고,맑음,심야,차대차,추돌(진행중),안전운전불이행,특별광역시도,영등포유통상가,37.5222594,126.8942028,영등포구,
2017,10,30,월요일,20,경상사고,0,0,1,0,64,남,15년이상,,승용,사업용,이륜,진입회전사고,맑음,출퇴근,차대차,측면직각충돌,중앙선침범,특별광역시도,영등포유통상가,37.5222594,126.8942028,영등포구,
2017,10,30,월요일,20,중상사고,0,1,1,0,27,남,10년미만,,승합,비사업용,승합,진입회전사고,맑음,출퇴근,차대차,측면직각충돌,신호위반,특별광역시도,영등포유통상가,37.5222594,126.8942028,영등포구,
2017,11,15,수요일,7,경상사고,0,0,1,0,24,남,10년미만,,화물,비사업용,화물,일직선사고,맑음,출퇴근,차대차,추돌(진행중),안전운전불이행,특별광역시도,영등포유통상가,37.5222594,126.8942028,영등포구,
2017,11,4,토요일,18,경상사고,0,0,1,0,54,남,15년이상,,승용,비사업용,보행자,보행횡단사고,맑음,출퇴근,차대사람,횡단중,안전운전불이행,특별광역시도,영등포유통상가,37.5222594,126.8942028,영등포구,
2017,11,18,토요일,21,경상사고,0,0,1,0,67,남,15년이상,,화물,비사업용,화물,기타사고,맑음,심야,차대차,차대차-기타,안전운전불이행,특별광역시도,영등포유통상가,37.5222594,126.8942028,영등포구,
2017,12,2,토요일,3,부상사고,0,0,0,2,34,남,15년미만,,승용,비사업용,승용,일직선사고,맑음,심야,차대차,추돌(진행중),안전운전불이행,특별광역시도,영등포유통상가,37.5222594,126.8942028,영등포구,
2017,12,19,화요일,23,중상사고,0,1,0,0,58,남,15년이상,,승용,사업용,보행자,보행횡단사고,맑음,심야,차대사람,횡단중,안전운전불이행,특별광역시도,영등포유통상가,37.5222594,126.8942028,영등포구,
2018,1,13,토요일,9,경상사고,0,0,1,0,49,남,15년이상,,승합,사업용,보행자,보행횡단사고,맑음,주간,차대사람,횡단중,안전운전불이행,특별광역시도,영등포유통상가,37.5222594,126.8942028,영등포구,
2018,1,13,토요일,17,경상사고,0,0,2,0,30,남,15년미만,,승용,비사업용,승용,기타사고,맑음,주간,차대차,차대차-기타,차로위반,특별광역시도,영등포유통상가,37.5222594,126.8942028,영등포구,
2018,1,20,토요일,22,경상사고,0,0,1,0,45,여,10년미만,,승용,비사업용,이륜,진입회전사고,맑음,심야,차대차,측면직각충돌,안전운전불이행,특별광역시도,영등포유통상가,37.5222594,126.8942028,영등포구,
2018,2,28,수요일,16,경상사고,0,0,2,0,42,남,10년미만,,화물,사업용,화물,일직선사고,비,주간,차대차,추돌(진행중),안전운전불이행,특별광역시도,영등포유통상가,37.5222594,126.8942028,영등포구,
2018,2,12,월요일,21,경상사고,0,0,1,1,55,남,15년이상,,승용,비사업용,이륜,진입회전사고,맑음,심야,차대차,측면직각충돌,신호위반,특별광역시도,영등포유통상가,37.5222594,126.8942028,영등포구,
2018,4,8,일요일,4,중상사고,0,1,1,0,66,남,15년미만,,승용,사업용,승용,기타사고,맑음,심야,차대차,차대차-기타,안전운전불이행,특별광역시도,영등포유통상가,37.5222594,126.8942028,영등포구,
2018,6,28,목요일,22,경상사고,0,0,1,0,30,남,10년미만,,승용,비사업용,이륜,진입회전사고,맑음,심야,차대차,측면직각충돌,신호위반,특별광역시도,영등포유통상가,37.5222594,126.8942028,영등포구,
2018,7,21,토요일,2,중상사고,0,1,0,0,70,남,15년이상,,승용,사업용,이륜,진입회전사고,맑음,심야,차대차,측면직각충돌,신호위반,특별광역시도,영등포유통상가,37.5222594,126.8942028,영등포구,
2018,9,12,수요일,6,중상사고,0,1,0,0,61,남,15년이상,,승용,비사업용,이륜,진입회전사고,맑음,새벽,차대차,차대차-기타,신호위반,특별광역시도,영등포유통상가,37.5222594,126.8942028,영등포구,
2018,9,8,토요일,7,중상사고,0,1,0,0,59,남,15년이상,,승용,비사업용,자전거,진입회전사고,맑음,출퇴근,차대차,측면직각충돌,안전운전불이행,특별광역시도,영등포유통상가,37.5222594,126.8942028,영등포구,
2018,9,22,토요일,8,경상사고,0,0,2,0,63,남,15년이상,,승용,사업용,화물,진입회전사고,맑음,출퇴근,차대차,측면직각충돌,신호위반,특별광역시도,영등포유통상가,37.5222594,126.8942028,영등포구,
2018,12,17,월요일,11,경상사고,0,0,1,0,69,남,15년이상,,화물,비사업용,이륜,기타사고,맑음,주간,차대차,차대차-기타,안전운전불이행,특별광역시도,영등포유통상가,37.5222594,126.8942028,영등포구,
2018,12,7,금요일,11,중상사고,0,1,0,0,24,남,10년미만,,승용,비사업용,이륜,진입회전사고,맑음,주간,차대차,측면직각충돌,안전거리미확보,특별광역시도,영등포유통상가,37.5222594,126.8942028,영등포구,
2018,12,22,토요일,17,경상사고,0,0,1,1,57,남,15년이상,,승용,비사업용,이륜,진입회전사고,맑음,주간,차대차,측면직각충돌,차로위반,특별광역시도,영등포유통상가,37.5222594,126.8942028,영등포구,
2018,12,14,금요일,19,경상사고,0,0,2,0,64,남,15년이상,,승용,비사업용,승용,진입회전사고,맑음,출퇴근,차대차,측면직각충돌,안전운전불이행,특별광역시도,영등포유통상가,37.5222594,126.8942028,영등포구,
2019,1,11,금요일,17,경상사고,0,0,1,0,53,남,15년이상,,승용,비사업용,이륜,기타사고,맑음,주간,차대차,차대차-기타,교차로운행방법위반,특별광역시도,영등포유통상가,37.5222594,126.8942028,영등포구,
2019,2,13,수요일,11,경상사고,0,0,1,0,71,남,15년이상,,승용,사업용,이륜,일직선사고,맑음,주간,차대차,추돌(진행중),안전운전불이행,특별광역시도,영등포유통상가,37.5222594,126.8942028,영등포구,
2019,3,23,토요일,3,경상사고,0,0,1,0,34,남,3년미만,,화물,비사업용,화물,진입회전사고,맑음,심야,차대차,측면직각충돌,안전운전불이행,특별광역시도,영등포유통상가,37.5222594,126.8942028,영등포구,
2019,3,14,목요일,9,중상사고,0,1,0,0,61,남,10년미만,,승합,사업용,자전거,진입회전사고,맑음,주간,차대차,측면직각충돌,안전운전불이행,특별광역시도,영등포유통상가,37.5222594,126.8942028,영등포구,
2019,4,22,월요일,15,중상사고,0,1,0,0,70,남,15년이상,,승용,사업용,승용,진입회전사고,맑음,주간,차대차,차대차-기타,신호위반,특별광역시도,영등포유통상가,37.5222594,126.8942028,영등포구,
2019,5,30,목요일,22,중상사고,0,1,2,0,60,남,15년이상,,승용,사업용,승용,진입회전사고,맑음,심야,차대차,측면직각충돌,신호위반,특별광역시도,영등포유통상가,37.5222594,126.8942028,영등포구,
2019,10,23,수요일,15,경상사고,0,0,1,0,48,남,15년이상,,화물,비사업용,보행자,보행횡단사고,맑음,주간,차대사람,횡단중,안전운전불이행,특별광역시도,영등포유통상가,37.5222594,126.8942028,영등포구,
2019,11,19,화요일,8,경상사고,0,0,1,0,31,여,데이터오류,,승용,비사업용,승용,일직선사고,맑음,출퇴근,차대차,추돌(진행중),안전운전불이행,특별광역시도,영등포유통상가,37.5222594,126.8942028,영등포구,