년도,월,일,요일,시각,사고등급,사망자수,중상자수,경상자수,부상자수,연령,성별,경력,음주,종별,용도,관련자2,사고형태,기상상태,일광상태,사고유형1,사고유형2,법규위반,도로종류,지점명,위도,경도,자치구,
2019,2,17,일요일,1,경상사고,0,0,1,0,63,남,15년이상,,승용,사업용,승용,기타사고,흐림,심야,차대차,차대차-기타,교차로운행방법위반,특별광역시도,남영역사거리,37.540597,126.971171,용산구,
2019,2,5,화요일,19,경상사고,0,0,2,0,63,남,15년이상,,승용,비사업용,승용,일직선사고,맑음,출퇴근,차대차,추돌(진행중),안전운전불이행,특별광역시도,남영역사거리,37.540597,126.971171,용산구,
2019,5,14,화요일,12,경상사고,0,0,1,0,23,남,10년미만,,이륜,데이터오류,이륜,기타사고,맑음,주간,차대차,차대차-기타,안전운전불이행,특별광역시도,남영역사거리,37.540597,126.971171,용산구,
2019,5,29,수요일,22,중상사고,0,1,0,0,46,남,15년이상,,승용,비사업용,승용,일직선사고,맑음,심야,차대차,추돌(진행중),안전운전불이행,특별광역시도,남영역사거리,37.540597,126.971171,용산구,
2019,7,6,토요일,21,경상사고,0,0,1,0,44,남,15년이상,,승용,비사업용,이륜,기타사고,맑음,심야,차대차,차대차-기타,안전운전불이행,특별광역시도,남영역사거리,37.540597,126.971171,용산구,
2019,8,6,화요일,15,중상사고,0,1,0,0,37,남,15년미만,,승용,사업용,화물,진입회전사고,맑음,주간,차대차,측면직각충돌,교차로운행방법위반,특별광역시도,남영역사거리,37.540597,126.971171,용산구,
2019,8,21,수요일,18,경상사고,0,0,1,0,불명,불명,데이터오류,,기타,데이터오류,기타,기타사고,맑음,출퇴근,차대차,차대차-기타,안전거리미확보,특별광역시도,남영역사거리,37.540597,126.971171,용산구,
2019,9,12,목요일,20,경상사고,0,0,1,0,61,남,15년이상,,승용,사업용,승용,진입회전사고,비,출퇴근,차대차,측면직각충돌,안전운전불이행,특별광역시도,남영역사거리,37.540597,126.971171,용산구,
2019,10,22,화요일,16,경상사고,0,0,1,0,55,남,15년이상,,승용,사업용,화물,기타사고,맑음,주간,차대차,차대차-기타,안전운전불이행,특별광역시도,남영역사거리,37.540597,126.971171,용산구,
2019,11,5,화요일,15,중상사고,0,1,1,0,42,남,15년이상,,승용,사업용,이륜,진입회전사고,맑음,주간,차대차,측면직각충돌,신호위반,특별광역시도,남영역사거리,37.540597,126.971171,용산구,
2017,1,15,일요일,0,경상사고,0,0,2,0,37,여,15년이상,0,승용,비사업용,승용,일직선사고,맑음,심야,차대차,추돌(진행중),안전운전불이행,특별광역시도,녹사평역,37.534945,126.9853515,용산구,
2017,11,21,화요일,2,중상사고,0,1,1,0,30,남,4년미만,0,승용,비사업용,승용,진입회전사고,맑음,심야,차대차,측면직각충돌,신호위반,특별광역시도,녹사평역,37.534945,126.9853515,용산구,
2017,11,11,토요일,8,경상사고,0,0,1,0,73,남,15년이상,,승용,사업용,승용,진입회전사고,맑음,출퇴근,차대차,측면직각충돌,안전운전불이행,특별광역시도,녹사평역,37.534945,126.9853515,용산구,
2018,1,6,토요일,20,경상사고,0,0,1,0,53,남,15년이상,,승용,사업용,승용,일직선사고,맑음,출퇴근,차대차,추돌(진행중),안전운전불이행,특별광역시도,녹사평역,37.534945,126.9853515,용산구,
2018,6,5,화요일,0,경상사고,0,0,1,0,58,남,15년이상,,승용,사업용,기타,기타사고,맑음,심야,차량단독,차량단독-기타,안전운전불이행,특별광역시도,녹사평역,37.534945,126.9853515,용산구,
2018,9,1,토요일,3,경상사고,0,0,2,0,59,남,15년이상,,승용,사업용,승용,진입회전사고,맑음,심야,차대차,측면직각충돌,안전거리미확보,특별광역시도,녹사평역,37.534945,126.9853515,용산구,
2018,9,8,토요일,4,경상사고,0,0,1,0,72,남,15년이상,,승용,사업용,보행자,기타사고,맑음,심야,차대사람,차도통행중,안전운전불이행,특별광역시도,녹사평역,37.534945,126.9853515,용산구,
2019,9,28,토요일,13,경상사고,0,0,1,0,60,남,데이터오류,,화물,비사업용,보행자,기타사고,맑음,주간,차대사람,길가장자리구역통행중,안전운전불이행,특별광역시도,녹사평역,37.534945,126.9853515,용산구,
2019,11,15,금요일,18,경상사고,0,0,1,0,43,남,10년미만,,승용,비사업용,승용,기타사고,비,출퇴근,차대차,차대차-기타,안전거리미확보,특별광역시도,녹사평역,37.534945,126.9853515,용산구,
2019,12,1,일요일,5,경상사고,0,0,1,0,27,남,10년미만,,이륜,데이터오류,보행자,기타사고,맑음,새벽,차대사람,차대사람-기타,안전운전불이행,특별광역시도,녹사평역,37.534945,126.9853515,용산구,
2017,1,24,화요일,14,경상사고,0,0,1,0,22,남,1년미만,,승용,사업용,이륜,일직선사고,맑음,주간,차대차,정면충돌,중앙선침범,특별광역시도,녹사평역,37.534945,126.9853515,용산구,
2017,2,4,토요일,4,경상사고,0,0,1,0,58,남,15년이상,,승용,사업용,승용,일직선사고,맑음,심야,차대차,추돌(진행중),안전운전불이행,특별광역시도,녹사평역,37.534945,126.9853515,용산구,
2017,2,23,목요일,14,경상사고,0,0,2,0,61,남,15년미만,,승용,사업용,승용,일직선사고,맑음,주간,차대차,정면충돌,안전운전불이행,특별광역시도,녹사평역,37.534945,126.9853515,용산구,
2017,4,23,일요일,13,경상사고,0,0,1,0,72,남,15년이상,,승용,사업용,기타,일직선사고,맑음,주간,차대차,추돌(진행중),안전운전불이행,특별광역시도,녹사평역,37.534945,126.9853515,용산구,
2017,4,19,수요일,21,경상사고,0,0,1,0,73,남,15년이상,,승용,사업용,원동기,기타사고,맑음,심야,차대차,차대차-기타,안전운전불이행,특별광역시도,녹사평역,37.534945,126.9853515,용산구,
2017,4,25,화요일,22,경상사고,0,0,2,0,62,남,15년미만,,승용,사업용,승용,일직선사고,맑음,심야,차대차,추돌(진행중),안전운전불이행,특별광역시도,녹사평역,37.534945,126.9853515,용산구,
2017,5,6,토요일,4,중상사고,0,1,1,0,34,남,15년미만,,승용,비사업용,승용,일직선사고,맑음,심야,차대차,추돌(진행중),안전거리미확보,특별광역시도,녹사평역,37.534945,126.9853515,용산구,
2017,5,12,금요일,20,경상사고,0,0,1,0,60,남,15년이상,,승용,사업용,이륜,진입회전사고,맑음,출퇴근,차대차,측면직각충돌,안전운전불이행,특별광역시도,녹사평역,37.534945,126.9853515,용산구,
2017,7,1,토요일,4,경상사고,0,0,1,0,30,남,15년미만,,승용,비사업용,이륜,진입회전사고,맑음,심야,차대차,측면직각충돌,중앙선침범,특별광역시도,녹사평역,37.534945,126.9853515,용산구,
2017,7,24,월요일,12,부상사고,0,0,0,1,48,남,15년이상,,화물,비사업용,보행자,보행횡단사고,맑음,주간,차대사람,횡단중,안전운전불이행,특별광역시도,녹사평역,37.534945,126.9853515,용산구,
2017,7,22,토요일,18,경상사고,0,0,3,0,57,남,15년이상,,승용,사업용,승용,진입회전사고,맑음,출퇴근,차대차,측면직각충돌,중앙선침범,특별광역시도,녹사평역,37.534945,126.9853515,용산구,
2017,8,10,목요일,1,경상사고,0,0,1,0,42,남,3년미만,,승용,사업용,보행자,기타사고,비,심야,차대사람,차대사람-기타,불법유턴,특별광역시도,녹사평역,37.534945,126.9853515,용산구,
2017,9,10,일요일,19,경상사고,0,0,4,0,71,남,15년이상,,승용,비사업용,승용,기타사고,맑음,출퇴근,차대차,차대차-기타,불법유턴,특별광역시도,녹사평역,37.534945,126.9853515,용산구,
2017,10,9,월요일,4,경상사고,0,0,1,3,44,남,15년이상,,승용,사업용,승용,일직선사고,맑음,심야,차대차,추돌(진행중),안전거리미확보,특별광역시도,녹사평역,37.534945,126.9853515,용산구,
2017,10,28,토요일,22,중상사고,0,1,0,1,22,남,데이터오류,,승용,비사업용,보행자,보행횡단사고,맑음,심야,차대사람,보도통행중,보행자보호의무위반,특별광역시도,녹사평역,37.534945,126.9853515,용산구,
2018,1,6,토요일,5,사망사고,1,0,0,0,59,남,15년이상,,승용,비사업용,보행자,보행횡단사고,맑음,새벽,차대사람,횡단중,안전운전불이행,특별광역시도,녹사평역,37.534945,126.9853515,용산구,
2018,2,14,수요일,0,중상사고,0,1,2,0,45,남,데이터오류,0,승용,비사업용,승용,일직선사고,맑음,심야,차대차,추돌(진행중),안전운전불이행,특별광역시도,녹사평역,37.534945,126.9853515,용산구,
2018,2,11,일요일,2,경상사고,0,0,4,0,68,남,15년이상,,승용,사업용,승용,일직선사고,맑음,심야,차대차,정면충돌,중앙선침범,특별광역시도,녹사평역,37.534945,126.9853515,용산구,
2018,2,14,수요일,4,경상사고,0,0,2,0,23,남,10년미만,,승용,비사업용,승용,일직선사고,맑음,심야,차대차,추돌(진행중),안전운전불이행,특별광역시도,녹사평역,37.534945,126.9853515,용산구,
2018,3,11,일요일,6,경상사고,0,0,1,0,57,남,15년이상,,승용,사업용,승용,일직선사고,맑음,새벽,차대차,추돌(진행중),안전운전불이행,특별광역시도,녹사평역,37.534945,126.9853515,용산구,
2018,4,1,일요일,11,중상사고,0,1,0,0,19,남,4년미만,,이륜,기타,보행자,진입회전사고,맑음,주간,차대사람,차대사람-기타,신호위반,특별광역시도,녹사평역,37.534945,126.9853515,용산구,
2018,4,1,일요일,11,경상사고,0,0,1,0,55,남,데이터오류,,승용,비사업용,자전거,진입회전사고,맑음,주간,차대차,측면직각충돌,불법유턴,특별광역시도,녹사평역,37.534945,126.9853515,용산구,
2018,5,9,수요일,13,경상사고,0,0,1,0,55,남,15년이상,,승용,사업용,승용,진입회전사고,맑음,주간,차대차,측면직각충돌,안전거리미확보,특별광역시도,녹사평역,37.534945,126.9853515,용산구,
2019,1,27,일요일,3,경상사고,0,0,3,0,25,여,10년미만,,승용,비사업용,승용,일직선사고,맑음,심야,차대차,추돌(진행중),안전운전불이행,특별광역시도,녹사평역,37.534945,126.9853515,용산구,
2019,1,20,일요일,4,경상사고,0,0,3,0,70,남,15년이상,,승용,사업용,승용,일직선사고,맑음,심야,차대차,추돌(진행중),안전운전불이행,특별광역시도,녹사평역,37.534945,126.9853515,용산구,
2019,1,31,목요일,18,경상사고,0,0,1,0,60,남,15년이상,,승용,사업용,이륜,기타사고,맑음,출퇴근,차대차,차대차-기타,안전거리미확보,특별광역시도,녹사평역,37.534945,126.9853515,용산구,
2019,2,9,토요일,21,중상사고,0,1,0,0,26,여,5년미만,,승용,비사업용,이륜,진입회전사고,맑음,심야,차대차,측면직각충돌,안전거리미확보,특별광역시도,녹사평역,37.534945,126.9853515,용산구,
2019,3,30,토요일,0,경상사고,0,0,3,0,34,남,15년이상,,승용,비사업용,승용,기타사고,비,심야,차대차,차대차-기타,안전운전불이행,특별광역시도,녹사평역,37.534945,126.9853515,용산구,
2019,3,27,수요일,20,경상사고,0,0,1,0,60,남,15년이상,,승용,사업용,승용,진입회전사고,맑음,출퇴근,차대차,측면직각충돌,안전운전불이행,특별광역시도,녹사평역,37.534945,126.9853515,용산구,
2019,4,7,일요일,18,경상사고,0,0,2,0,55,여,15년이상,,승용,비사업용,이륜,진입회전사고,맑음,출퇴근,차대차,측면직각충돌,중앙선침범,특별광역시도,녹사평역,37.534945,126.9853515,용산구,
2019,6,7,금요일,18,중상사고,0,1,0,0,65,남,15년이상,,승합,비사업용,보행자,기타사고,맑음,출퇴근,차대사람,차대사람-기타,보행자보호의무위반,특별광역시도,녹사평역,37.534945,126.9853515,용산구,
2019,6,22,토요일,22,경상사고,0,0,1,0,31,남,데이터오류,,승용,사업용,승용,일직선사고,맑음,심야,차대차,추돌(진행중),안전운전불이행,특별광역시도,녹사평역,37.534945,126.9853515,용산구,
2019,8,21,수요일,6,경상사고,0,0,1,0,62,남,15년이상,,승용,사업용,화물,진입회전사고,맑음,새벽,차대차,측면직각충돌,안전거리미확보,특별광역시도,녹사평역,37.534945,126.9853515,용산구,
2019,9,24,화요일,16,경상사고,0,0,1,0,37,여,10년미만,,승용,비사업용,승용,기타사고,맑음,주간,차대차,차대차-기타,안전운전불이행,특별광역시도,녹사평역,37.534945,126.9853515,용산구,
2019,10,25,금요일,5,경상사고,0,0,8,0,26,남,데이터오류,,승용,비사업용,승용,일직선사고,맑음,새벽,차대차,추돌(진행중),안전운전불이행,특별광역시도,녹사평역,37.534945,126.9853515,용산구,
2019,12,16,월요일,13,중상사고,0,3,0,0,61,남,15년이상,,승용,사업용,승용,일직선사고,맑음,주간,차대차,추돌(진행중),안전거리미확보,특별광역시도,녹사평역,37.534945,126.9853515,용산구,
2017,7,18,화요일,18,중상사고,0,1,0,0,23,남,15년이상,0,이륜,기타,기타,기타사고,맑음,출퇴근,차량단독,전도전복,안전운전불이행,특별광역시도,녹사평역,37.534945,126.9853515,용산구,
2017,9,30,토요일,20,중상사고,0,1,0,0,57,남,15년이상,,승용,사업용,보행자,진입회전사고,맑음,출퇴근,차대사람,횡단중,신호위반,특별광역시도,녹사평역,37.534945,126.9853515,용산구,
2017,10,4,수요일,14,경상사고,0,0,1,0,52,남,15년이상,,승용,비사업용,보행자,보행횡단사고,맑음,주간,차대사람,횡단중,보행자보호의무위반,특별광역시도,녹사평역,37.534945,126.9853515,용산구,
2017,10,3,화요일,23,중상사고,0,2,0,0,22,남,15년이상,,이륜,기타,기타,기타사고,맑음,심야,차량단독,차량단독-기타,안전운전불이행,특별광역시도,녹사평역,37.534945,126.9853515,용산구,
2017,11,5,일요일,20,중상사고,0,1,0,0,33,여,데이터오류,,승용,비사업용,보행자,보행횡단사고,맑음,출퇴근,차대사람,횡단중,안전운전불이행,특별광역시도,녹사평역,37.534945,126.9853515,용산구,
2017,12,12,화요일,15,경상사고,0,0,1,0,56,남,15년이상,,승용,사업용,승용,일직선사고,맑음,주간,차대차,추돌(진행중),안전거리미확보,특별광역시도,녹사평역,37.534945,126.9853515,용산구,
2018,2,23,금요일,22,경상사고,0,0,1,0,21,남,3년미만,,이륜,기타,보행자,진입회전사고,흐림,심야,차대사람,횡단중,신호위반,특별광역시도,녹사평역,37.534945,126.9853515,용산구,
2018,7,10,화요일,14,경상사고,0,0,1,0,59,남,15년이상,,화물,비사업용,화물,일직선사고,맑음,주간,차대차,추돌(진행중),안전운전불이행,특별광역시도,녹사평역,37.534945,126.9853515,용산구,
2018,9,5,수요일,5,중상사고,0,2,1,0,38,남,15년이상,,승용,비사업용,이륜,진입회전사고,맑음,새벽,차대차,측면직각충돌,신호위반,특별광역시도,녹사평역,37.534945,126.9853515,용산구,
2018,9,13,목요일,15,경상사고,0,0,1,0,48,남,2년미만,,승용,사업용,기타,기타사고,맑음,주간,차대차,차대차-기타,안전운전불이행,특별광역시도,녹사평역,37.534945,126.9853515,용산구,
2018,10,13,토요일,21,중상사고,0,1,0,0,61,남,15년이상,,승용,사업용,이륜,기타사고,맑음,심야,차대차,차대차-기타,기타,특별광역시도,녹사평역,37.534945,126.9853515,용산구,
2019,1,11,금요일,5,중상사고,0,1,0,0,19,남,1년미만,,승용,사업용,승용,진입회전사고,맑음,새벽,차대차,측면직각충돌,안전운전불이행,특별광역시도,녹사평역,37.534945,126.9853515,용산구,
2019,1,31,목요일,9,경상사고,0,0,1,0,66,남,15년미만,,승용,사업용,승용,일직선사고,맑음,주간,차대차,추돌(진행중),안전운전불이행,특별광역시도,녹사평역,37.534945,126.9853515,용산구,
2019,2,14,목요일,13,경상사고,0,0,1,0,68,남,15년이상,,승용,비사업용,이륜,일직선사고,맑음,주간,차대차,추돌(진행중),안전운전불이행,특별광역시도,녹사평역,37.534945,126.9853515,용산구,
2019,3,16,토요일,4,중상사고,0,1,0,0,55,남,10년미만,,승용,사업용,자전거,진입회전사고,흐림,심야,차대차,측면직각충돌,신호위반,특별광역시도,녹사평역,37.534945,126.9853515,용산구,
2019,3,15,금요일,21,경상사고,0,0,1,0,44,남,15년이상,,승용,사업용,승용,일직선사고,비,심야,차대차,추돌(진행중),안전운전불이행,특별광역시도,녹사평역,37.534945,126.9853515,용산구,
2019,6,26,수요일,5,경상사고,0,0,1,0,56,남,15년이상,,특수,사업용,특수,기타사고,맑음,새벽,차대차,차대차-기타,차로위반,특별광역시도,녹사평역,37.534945,126.9853515,용산구,
2019,7,14,일요일,5,경상사고,0,0,2,0,28,여,10년미만,0,승용,사업용,승용,일직선사고,맑음,새벽,차대차,추돌(진행중),안전운전불이행,특별광역시도,녹사평역,37.534945,126.9853515,용산구,
2019,8,30,금요일,13,경상사고,0,0,1,0,49,남,15년이상,,화물,비사업용,화물,기타사고,맑음,주간,차대차,차대차-기타,안전운전불이행,특별광역시도,녹사평역,37.534945,126.9853515,용산구,
2017,2,27,월요일,9,중상사고,0,1,0,0,46,남,15년미만,,승용,사업용,보행자,보행횡단사고,맑음,주간,차대사람,횡단중,안전운전불이행,특별광역시도,보광동주민센터사거리,37.5262623,127.000163,용산구,
2017,2,18,토요일,23,경상사고,0,0,1,0,59,남,15년이상,,승용,사업용,승용,진입회전사고,맑음,심야,차대차,측면직각충돌,직진우회전진행방해,특별광역시도,보광동주민센터사거리,37.5262623,127.000163,용산구,
2017,4,11,화요일,8,경상사고,0,0,1,0,34,남,데이터오류,,자전거,기타,보행자,보행횡단사고,맑음,출퇴근,차대사람,횡단중,안전운전불이행,특별광역시도,보광동주민센터사거리,37.5262623,127.000163,용산구,
2017,6,24,토요일,19,중상사고,0,1,0,0,26,남,5년미만,,이륜,기타,이륜,일직선사고,맑음,출퇴근,차대차,정면충돌,안전운전불이행,특별광역시도,보광동주민센터사거리,37.5262623,127.000163,용산구,
2017,8,27,일요일,4,경상사고,0,0,3,0,44,여,15년미만,0,승용,비사업용,승용,일직선사고,맑음,심야,차대차,정면충돌,안전운전불이행,특별광역시도,보광동주민센터사거리,37.5262623,127.000163,용산구,
2017,8,8,화요일,17,경상사고,0,0,1,0,76,여,15년이상,,승용,비사업용,승용,진입회전사고,맑음,주간,차대차,측면직각충돌,안전운전불이행,특별광역시도,보광동주민센터사거리,37.5262623,127.000163,용산구,
2018,4,9,월요일,15,경상사고,0,0,1,0,33,남,15년이상,,승용,사업용,보행자,기타사고,맑음,주간,차대사람,차대사람-기타,안전운전불이행,특별광역시도,보광동주민센터사거리,37.5262623,127.000163,용산구,
2018,5,26,토요일,2,중상사고,0,1,0,0,61,남,15년이상,,승용,사업용,보행자,기타사고,맑음,심야,차대사람,차도통행중,안전운전불이행,특별광역시도,보광동주민센터사거리,37.5262623,127.000163,용산구,
2018,5,13,일요일,4,중상사고,0,1,1,0,52,남,15년이상,,승용,사업용,승용,진입회전사고,흐림,심야,차대차,측면직각충돌,안전운전불이행,특별광역시도,보광동주민센터사거리,37.5262623,127.000163,용산구,
2018,7,28,토요일,19,경상사고,0,0,1,0,67,남,4년미만,,승용,비사업용,이륜,기타사고,흐림,출퇴근,차대차,차대차-기타,안전운전불이행,특별광역시도,보광동주민센터사거리,37.5262623,127.000163,용산구,
2018,8,21,화요일,6,경상사고,0,0,1,0,69,남,15년이상,,승용,사업용,보행자,보행횡단사고,비,새벽,차대사람,횡단중,안전운전불이행,특별광역시도,보광동주민센터사거리,37.5262623,127.000163,용산구,
2018,8,31,금요일,16,중상사고,0,1,0,0,75,남,15년이상,,승용,비사업용,보행자,보행횡단사고,맑음,주간,차대사람,횡단중,보행자보호의무위반,특별광역시도,보광동주민센터사거리,37.5262623,127.000163,용산구,
2018,10,5,금요일,18,중상사고,0,1,0,0,57,남,15년이상,,승용,비사업용,보행자,기타사고,비,출퇴근,차대사람,차도통행중,안전운전불이행,특별광역시도,보광동주민센터사거리,37.5262623,127.000163,용산구,
2018,12,19,수요일,13,경상사고,0,0,1,0,27,남,10년미만,,승용,비사업용,승용,진입회전사고,맑음,주간,차대차,측면직각충돌,안전운전불이행,특별광역시도,보광동주민센터사거리,37.5262623,127.000163,용산구,
2019,1,21,월요일,23,경상사고,0,0,1,0,56,남,15년이상,,승용,사업용,보행자,보행횡단사고,맑음,심야,차대사람,횡단중,보행자보호의무위반,특별광역시도,보광동주민센터사거리,37.5262623,127.000163,용산구,
2019,2,22,금요일,1,경상사고,0,0,1,0,67,남,15년이상,,승용,사업용,보행자,보행횡단사고,맑음,심야,차대사람,횡단중,안전운전불이행,특별광역시도,보광동주민센터사거리,37.5262623,127.000163,용산구,
2019,4,17,수요일,17,경상사고,0,0,1,0,45,여,15년이상,,승용,비사업용,승용,진입회전사고,맑음,주간,차대차,측면직각충돌,안전운전불이행,특별광역시도,보광동주민센터사거리,37.5262623,127.000163,용산구,
2019,5,19,일요일,21,경상사고,0,0,1,0,61,여,15년이상,,승용,비사업용,보행자,보행횡단사고,비,심야,차대사람,횡단중,보행자보호의무위반,특별광역시도,보광동주민센터사거리,37.5262623,127.000163,용산구,
2019,7,25,목요일,8,경상사고,0,0,1,0,68,남,15년이상,,승용,사업용,승용,진입회전사고,흐림,출퇴근,차대차,측면직각충돌,안전운전불이행,특별광역시도,보광동주민센터사거리,37.5262623,127.000163,용산구,
2019,10,25,금요일,14,경상사고,0,0,2,0,64,남,15년이상,,승용,사업용,승용,기타사고,맑음,주간,차대차,차대차-기타,안전운전불이행,특별광역시도,보광동주민센터사거리,37.5262623,127.000163,용산구,
2019,10,12,토요일,15,경상사고,0,0,4,0,44,여,15년이상,,승용,사업용,승용,진입회전사고,맑음,주간,차대차,측면직각충돌,안전운전불이행,특별광역시도,보광동주민센터사거리,37.5262623,127.000163,용산구,
2019,12,2,월요일,13,경상사고,0,0,1,0,52,남,15년이상,,승용,비사업용,이륜,기타사고,맑음,주간,차대차,차대차-기타,안전운전불이행,특별광역시도,보광동주민센터사거리,37.5262623,127.000163,용산구,
2017,9,20,수요일,5,부상사고,0,0,0,1,25,남,15년이상,0,이륜,기타,기타,기타사고,맑음,새벽,차량단독,차량단독-기타,안전운전불이행,특별광역시도,삼각지역사거리,37.5350315,126.9734515,용산구,
2017,9,21,목요일,9,중상사고,0,1,0,0,44,여,15년이상,,승용,비사업용,이륜,진입회전사고,맑음,주간,차대차,차대차-기타,신호위반,특별광역시도,삼각지역사거리,37.5350315,126.9734515,용산구,
2017,11,6,월요일,22,경상사고,0,0,1,0,58,남,15년이상,0,승용,비사업용,승용,진입회전사고,맑음,심야,차대차,측면직각충돌,안전거리미확보,특별광역시도,삼각지역사거리,37.5350315,126.9734515,용산구,
2017,11,14,화요일,23,경상사고,0,0,1,0,27,남,2년미만,,승용,비사업용,승용,기타사고,맑음,심야,차대차,차대차-기타,안전운전불이행,특별광역시도,삼각지역사거리,37.5350315,126.9734515,용산구,
2018,3,10,토요일,1,경상사고,0,0,3,0,48,남,15년이상,,승용,비사업용,승용,일직선사고,맑음,심야,차대차,추돌(진행중),안전운전불이행,특별광역시도,삼각지역사거리,37.5350315,126.9734515,용산구,
2018,6,20,수요일,2,부상사고,0,0,0,1,19,남,2년미만,,승용,비사업용,이륜,기타사고,맑음,심야,차대차,차대차-기타,안전운전불이행,특별광역시도,삼각지역사거리,37.5350315,126.9734515,용산구,
2018,7,2,월요일,19,경상사고,0,0,1,0,30,여,1년미만,,승용,비사업용,화물,진입회전사고,맑음,출퇴근,차대차,측면직각충돌,안전거리미확보,특별광역시도,삼각지역사거리,37.5350315,126.9734515,용산구,
2018,8,29,수요일,19,중상사고,0,1,0,0,20,남,1년미만,,이륜,기타,보행자,진입회전사고,비,출퇴근,차대사람,횡단중,신호위반,특별광역시도,삼각지역사거리,37.5350315,126.9734515,용산구,
2018,10,9,화요일,1,경상사고,0,0,2,0,28,여,15년이상,0,승용,사업용,승용,일직선사고,맑음,심야,차대차,추돌(진행중),안전운전불이행,특별광역시도,삼각지역사거리,37.5350315,126.9734515,용산구,
2018,10,23,화요일,11,경상사고,0,0,2,0,50,남,데이터오류,,승용,비사업용,승용,일직선사고,비,주간,차대차,추돌(진행중),안전운전불이행,특별광역시도,삼각지역사거리,37.5350315,126.9734515,용산구,
2018,10,28,일요일,20,경상사고,0,0,1,0,71,남,15년이상,,승용,사업용,승용,진입회전사고,맑음,출퇴근,차대차,측면직각충돌,안전거리미확보,특별광역시도,삼각지역사거리,37.5350315,126.9734515,용산구,
2019,1,14,월요일,21,경상사고,0,0,1,0,58,남,15년이상,,승용,사업용,승용,일직선사고,맑음,심야,차대차,추돌(진행중),안전거리미확보,특별광역시도,삼각지역사거리,37.5350315,126.9734515,용산구,
2019,2,4,월요일,16,중상사고,0,1,0,0,51,남,10년미만,,승용,사업용,이륜,진입회전사고,맑음,주간,차대차,측면직각충돌,신호위반,특별광역시도,삼각지역사거리,37.5350315,126.9734515,용산구,
2019,5,8,수요일,19,중상사고,0,1,0,0,27,남,1년미만,,이륜,데이터오류,자전거,진입회전사고,맑음,출퇴근,차대차,차대차-기타,신호위반,특별광역시도,삼각지역사거리,37.5350315,126.9734515,용산구,
2019,9,11,수요일,14,중상사고,0,1,0,0,39,남,3년미만,,승합,비사업용,이륜,진입회전사고,맑음,주간,차대차,측면직각충돌,안전운전불이행,특별광역시도,삼각지역사거리,37.5350315,126.9734515,용산구,
2019,10,27,일요일,3,경상사고,0,0,6,0,30,남,15년미만,0,승용,비사업용,승용,일직선사고,맑음,심야,차대차,추돌(진행중),안전운전불이행,특별광역시도,삼각지역사거리,37.5350315,126.9734515,용산구,
2019,11,30,토요일,11,경상사고,0,0,6,0,62,남,15년이상,,승용,사업용,승용,일직선사고,흐림,주간,차대차,추돌(진행중),안전거리미확보,특별광역시도,삼각지역사거리,37.5350315,126.9734515,용산구,
2019,12,5,목요일,3,경상사고,0,0,1,0,31,남,15년이상,,화물,사업용,화물,진입회전사고,맑음,심야,차대차,측면직각충돌,신호위반,특별광역시도,삼각지역사거리,37.5350315,126.9734515,용산구,
2019,12,21,토요일,7,경상사고,0,0,2,0,29,남,15년미만,0,승용,비사업용,이륜,기타사고,맑음,출퇴근,차대차,차대차-기타,안전운전불이행,특별광역시도,삼각지역사거리,37.5350315,126.9734515,용산구,
2017,1,26,목요일,12,경상사고,0,0,1,0,71,남,15년이상,,승용,비사업용,승용,기타사고,맑음,주간,차대차,차대차-기타,안전운전불이행,특별광역시도,서빙고동주민센터앞교차로,37.520449,126.990012,용산구,
2017,2,20,월요일,19,경상사고,0,0,1,0,40,남,15년이상,,승용,비사업용,보행자,보행횡단사고,맑음,출퇴근,차대사람,횡단중,중앙선침범,특별광역시도,서빙고동주민센터앞교차로,37.520449,126.990012,용산구,
2017,3,10,금요일,12,경상사고,0,0,1,0,62,남,15년이상,,승용,사업용,원동기,진입회전사고,맑음,주간,차대차,측면직각충돌,안전운전불이행,특별광역시도,서빙고동주민센터앞교차로,37.520449,126.990012,용산구,
2017,4,19,수요일,9,경상사고,0,0,1,0,46,남,15년이상,,승용,사업용,이륜,일직선사고,맑음,주간,차대차,추돌(진행중),안전거리미확보,특별광역시도,서빙고동주민센터앞교차로,37.520449,126.990012,용산구,
2017,5,27,토요일,19,경상사고,0,0,2,0,23,여,10년미만,,승용,비사업용,승용,일직선사고,맑음,출퇴근,차대차,추돌(진행중),안전운전불이행,특별광역시도,서빙고동주민센터앞교차로,37.520449,126.990012,용산구,
2017,5,3,수요일,22,부상사고,0,0,0,1,44,남,15년이상,,승용,비사업용,승용,일직선사고,맑음,심야,차대차,정면충돌,안전운전불이행,특별광역시도,서빙고동주민센터앞교차로,37.520449,126.990012,용산구,
2017,7,22,토요일,13,경상사고,0,0,4,0,33,여,2년미만,,승용,비사업용,승용,일직선사고,맑음,주간,차대차,정면충돌,안전운전불이행,특별광역시도,서빙고동주민센터앞교차로,37.520449,126.990012,용산구,
2017,10,22,일요일,9,중상사고,0,1,0,0,50,남,15년이상,,승용,사업용,이륜,진입회전사고,맑음,주간,차대차,측면직각충돌,신호위반,특별광역시도,서빙고동주민센터앞교차로,37.520449,126.990012,용산구,