년도,월,일,요일,시각,사고등급,사망자수,중상자수,경상자수,부상자수,연령,성별,경력,음주,종별,용도,관련자2,사고형태,기상상태,일광상태,사고유형1,사고유형2,법규위반,도로종류,지점명,위도,경도,자치구,
2017,10,20,금요일,17,경상사고,0,0,1,0,불명,불명,데이터오류,,승용,비사업용,승용,진입회전사고,맑음,주간,차대차,측면직각충돌,안전거리미확보,특별광역시도,서빙고동주민센터앞교차로,37.520449,126.990012,용산구,
2017,10,2,월요일,22,중상사고,0,1,2,0,27,남,10년미만,,승용,비사업용,승용,기타사고,맑음,심야,차대차,차대차-기타,안전거리미확보,특별광역시도,서빙고동주민센터앞교차로,37.520449,126.990012,용산구,
2017,11,2,목요일,23,중상사고,0,1,0,0,17,남,데이터오류,,원동기,기타,자전거,진입회전사고,맑음,심야,차대차,측면직각충돌,중앙선침범,특별광역시도,서빙고동주민센터앞교차로,37.520449,126.990012,용산구,
2018,1,26,금요일,9,경상사고,0,0,2,0,64,남,15년이상,,승용,사업용,승용,일직선사고,맑음,주간,차대차,추돌(진행중),안전운전불이행,특별광역시도,서빙고동주민센터앞교차로,37.520449,126.990012,용산구,
2018,3,24,토요일,21,경상사고,0,0,1,0,63,여,15년이상,,승용,비사업용,승용,진입회전사고,맑음,심야,차대차,측면직각충돌,안전거리미확보,특별광역시도,서빙고동주민센터앞교차로,37.520449,126.990012,용산구,
2018,5,25,금요일,0,경상사고,0,0,1,0,69,남,15년이상,,승용,비사업용,이륜,진입회전사고,맑음,심야,차대차,측면직각충돌,안전운전불이행,특별광역시도,서빙고동주민센터앞교차로,37.520449,126.990012,용산구,
2018,6,16,토요일,4,중상사고,0,1,2,0,53,남,15년이상,,화물,비사업용,화물,진입회전사고,맑음,심야,차대차,정면충돌,신호위반,특별광역시도,서빙고동주민센터앞교차로,37.520449,126.990012,용산구,
2018,6,23,토요일,12,경상사고,0,0,2,0,63,남,15년이상,,승용,사업용,승용,일직선사고,맑음,주간,차대차,추돌(진행중),안전운전불이행,특별광역시도,서빙고동주민센터앞교차로,37.520449,126.990012,용산구,
2019,2,18,월요일,17,중상사고,0,1,0,0,34,여,3년미만,,승용,비사업용,승용,기타사고,맑음,주간,차대차,차대차-기타,안전거리미확보,특별광역시도,서빙고동주민센터앞교차로,37.520449,126.990012,용산구,
2019,3,4,월요일,9,경상사고,0,0,1,0,60,남,3년미만,,승용,사업용,승용,진입회전사고,맑음,주간,차대차,측면직각충돌,안전운전불이행,특별광역시도,서빙고동주민센터앞교차로,37.520449,126.990012,용산구,
2019,5,6,월요일,10,중상사고,0,1,0,1,41,여,15년이상,,승용,비사업용,승용,진입회전사고,맑음,주간,차대차,측면직각충돌,신호위반,특별광역시도,서빙고동주민센터앞교차로,37.520449,126.990012,용산구,
2019,6,24,월요일,1,경상사고,0,0,1,0,69,남,15년이상,,승용,사업용,승용,진입회전사고,맑음,심야,차대차,측면직각충돌,안전운전불이행,특별광역시도,서빙고동주민센터앞교차로,37.520449,126.990012,용산구,
2019,7,24,수요일,1,경상사고,0,0,1,0,23,남,15년이상,,승용,비사업용,자전거,진입회전사고,맑음,심야,차대차,측면직각충돌,과속,특별광역시도,서빙고동주민센터앞교차로,37.520449,126.990012,용산구,
2019,11,3,일요일,9,경상사고,0,0,2,0,62,남,15년이상,,승용,사업용,승용,기타사고,맑음,주간,차대차,차대차-기타,안전거리미확보,특별광역시도,서빙고동주민센터앞교차로,37.520449,126.990012,용산구,
2019,11,15,금요일,13,경상사고,0,0,1,0,61,남,15년이상,,화물,사업용,이륜,일직선사고,맑음,주간,차대차,추돌(진행중),안전운전불이행,특별광역시도,서빙고동주민센터앞교차로,37.520449,126.990012,용산구,
2019,12,20,금요일,21,경상사고,0,0,1,0,54,남,15년이상,,승용,사업용,이륜,진입회전사고,맑음,심야,차대차,측면직각충돌,교차로운행방법위반,특별광역시도,서빙고동주민센터앞교차로,37.520449,126.990012,용산구,
2017,3,14,화요일,19,중상사고,0,1,0,0,57,남,15년이상,,승합,사업용,기타,기타사고,맑음,출퇴근,차량단독,차량단독-기타,안전운전불이행,특별광역시도,숙대입구역삼거리,37.545097,126.971987,용산구,
2017,4,16,일요일,5,중상사고,0,2,0,0,49,남,15년이상,,승합,사업용,이륜,진입회전사고,맑음,새벽,차대차,측면직각충돌,데이터없음,특별광역시도,숙대입구역삼거리,37.545097,126.971987,용산구,
2017,5,8,월요일,14,경상사고,0,0,1,0,58,남,4년미만,,승용,사업용,승용,일직선사고,맑음,주간,차대차,추돌(진행중),안전운전불이행,특별광역시도,숙대입구역삼거리,37.545097,126.971987,용산구,
2017,9,15,금요일,5,중상사고,0,1,0,0,56,남,15년이상,,승합,사업용,이륜,진입회전사고,맑음,새벽,차대차,측면직각충돌,신호위반,특별광역시도,숙대입구역삼거리,37.545097,126.971987,용산구,
2017,9,3,일요일,10,경상사고,0,0,1,0,불명,불명,데이터오류,,기타,데이터오류,기타,보행횡단사고,맑음,주간,차대사람,횡단중,보행자보호의무위반,특별광역시도,숙대입구역삼거리,37.545097,126.971987,용산구,
2017,12,15,금요일,11,중상사고,0,1,0,0,49,남,15년이상,,승합,사업용,기타,기타사고,맑음,주간,차량단독,차량단독-기타,데이터없음,특별광역시도,숙대입구역삼거리,37.545097,126.971987,용산구,
2017,12,1,금요일,17,경상사고,0,0,2,0,74,여,15년이상,,승합,비사업용,승합,진입회전사고,맑음,주간,차대차,측면직각충돌,안전운전불이행,특별광역시도,숙대입구역삼거리,37.545097,126.971987,용산구,
2017,12,16,토요일,20,중상사고,0,1,0,0,60,남,15년이상,,승합,사업용,보행자,보행횡단사고,맑음,출퇴근,차대사람,횡단중,보행자보호의무위반,특별광역시도,숙대입구역삼거리,37.545097,126.971987,용산구,
2018,1,6,토요일,10,경상사고,0,0,1,0,34,남,15년미만,,화물,비사업용,보행자,진입회전사고,맑음,주간,차대사람,횡단중,신호위반,특별광역시도,숙대입구역삼거리,37.545097,126.971987,용산구,
2018,1,20,토요일,13,경상사고,0,0,1,0,55,남,15년이상,,승용,사업용,승용,일직선사고,맑음,주간,차대차,추돌(진행중),안전거리미확보,특별광역시도,숙대입구역삼거리,37.545097,126.971987,용산구,
2018,5,13,일요일,23,중상사고,0,1,0,0,73,남,15년이상,,승용,사업용,승용,진입회전사고,맑음,심야,차대차,측면직각충돌,안전거리미확보,특별광역시도,숙대입구역삼거리,37.545097,126.971987,용산구,
2018,6,17,일요일,8,경상사고,0,0,1,0,56,남,15년이상,,승용,사업용,자전거,진입회전사고,맑음,출퇴근,차대차,측면직각충돌,신호위반,특별광역시도,숙대입구역삼거리,37.545097,126.971987,용산구,
2018,6,1,금요일,10,경상사고,0,0,1,0,69,남,15년이상,,승용,사업용,보행자,진입회전사고,맑음,주간,차대사람,횡단중,신호위반,특별광역시도,숙대입구역삼거리,37.545097,126.971987,용산구,
2018,7,5,목요일,14,경상사고,0,0,1,0,60,남,15년이상,,승용,사업용,이륜,진입회전사고,맑음,주간,차대차,측면직각충돌,안전운전불이행,특별광역시도,숙대입구역삼거리,37.545097,126.971987,용산구,
2018,7,1,일요일,18,경상사고,0,0,1,0,66,남,15년이상,,승합,사업용,기타,기타사고,비,출퇴근,차량단독,차량단독-기타,안전운전불이행,특별광역시도,숙대입구역삼거리,37.545097,126.971987,용산구,
2018,8,10,금요일,23,경상사고,0,0,1,0,59,남,15년이상,,승용,사업용,승용,일직선사고,기타,심야,차대차,추돌(진행중),안전운전불이행,특별광역시도,숙대입구역삼거리,37.545097,126.971987,용산구,
2018,9,8,토요일,21,부상사고,0,0,0,1,50,남,15년이상,,승용,사업용,승합,일직선사고,맑음,심야,차대차,추돌(진행중),안전운전불이행,특별광역시도,숙대입구역삼거리,37.545097,126.971987,용산구,
2018,12,25,화요일,18,경상사고,0,0,1,0,불명,불명,데이터오류,,기타,기타,기타,진입회전사고,맑음,출퇴근,차대차,차대차-기타,신호위반,특별광역시도,숙대입구역삼거리,37.545097,126.971987,용산구,
2019,3,13,수요일,19,경상사고,0,0,1,0,62,남,15년이상,,승합,사업용,이륜,진입회전사고,맑음,출퇴근,차대차,측면직각충돌,신호위반,특별광역시도,숙대입구역삼거리,37.545097,126.971987,용산구,
2019,6,4,화요일,18,경상사고,0,0,1,0,29,남,10년미만,,화물,비사업용,화물,일직선사고,맑음,출퇴근,차대차,추돌(진행중),안전운전불이행,특별광역시도,숙대입구역삼거리,37.545097,126.971987,용산구,
2019,6,15,토요일,19,경상사고,0,0,1,0,불명,불명,데이터오류,,기타,데이터오류,기타,기타사고,비,출퇴근,차대차,차대차-기타,안전운전불이행,특별광역시도,숙대입구역삼거리,37.545097,126.971987,용산구,
2019,8,31,토요일,1,경상사고,0,0,1,0,69,남,15년이상,,승용,사업용,승용,일직선사고,맑음,심야,차대차,추돌(진행중),안전운전불이행,기타,숙대입구역삼거리,37.545097,126.971987,용산구,
2019,8,15,목요일,8,경상사고,0,0,2,0,65,여,15년이상,,승용,사업용,승용,일직선사고,맑음,출퇴근,차대차,추돌(진행중),안전운전불이행,특별광역시도,숙대입구역삼거리,37.545097,126.971987,용산구,
2019,11,29,금요일,16,경상사고,0,0,1,0,40,남,15년이상,,승합,사업용,이륜,진입회전사고,맑음,주간,차대차,차대차-기타,신호위반,특별광역시도,숙대입구역삼거리,37.545097,126.971987,용산구,
2017,2,19,일요일,15,경상사고,0,0,1,0,53,남,15년이상,,승합,비사업용,보행자,보행횡단사고,맑음,주간,차대사람,횡단중,보행자보호의무위반,특별광역시도,순천향대서울병원부근,37.5339355,127.0043336,용산구,
2017,3,13,월요일,21,경상사고,0,0,1,0,66,남,15년이상,,승용,사업용,이륜,일직선사고,맑음,심야,차대차,정면충돌,데이터없음,특별광역시도,순천향대서울병원부근,37.5339355,127.0043336,용산구,
2017,5,8,월요일,8,경상사고,0,0,2,0,51,남,10년미만,,승용,사업용,보행자,보행횡단사고,맑음,출퇴근,차대사람,횡단중,보행자보호의무위반,특별광역시도,순천향대서울병원부근,37.5339355,127.0043336,용산구,
2017,5,19,금요일,14,중상사고,0,1,0,0,32,남,15년미만,,화물,비사업용,보행자,보행횡단사고,맑음,주간,차대사람,횡단중,보행자보호의무위반,특별광역시도,순천향대서울병원부근,37.5339355,127.0043336,용산구,
2017,7,27,목요일,3,경상사고,0,0,1,0,65,남,15년이상,,승용,사업용,승용,일직선사고,맑음,심야,차대차,추돌(진행중),안전거리미확보,특별광역시도,순천향대서울병원부근,37.5339355,127.0043336,용산구,
2017,8,18,금요일,15,중상사고,0,1,0,0,44,남,15년이상,,화물,비사업용,보행자,보행횡단사고,맑음,주간,차대사람,횡단중,보행자보호의무위반,특별광역시도,순천향대서울병원부근,37.5339355,127.0043336,용산구,
2017,10,5,목요일,2,경상사고,0,0,2,0,77,남,15년이상,,승용,사업용,승용,진입회전사고,맑음,심야,차대차,측면직각충돌,신호위반,특별광역시도,순천향대서울병원부근,37.5339355,127.0043336,용산구,
2017,11,4,토요일,23,경상사고,0,0,3,0,46,남,10년미만,,승용,사업용,승용,진입회전사고,맑음,심야,차대차,측면직각충돌,신호위반,특별광역시도,순천향대서울병원부근,37.5339355,127.0043336,용산구,
2018,1,14,일요일,5,경상사고,0,0,1,0,65,남,15년이상,,승용,사업용,보행자,보행횡단사고,맑음,새벽,차대사람,횡단중,보행자보호의무위반,특별광역시도,순천향대서울병원부근,37.5339355,127.0043336,용산구,
2018,2,27,화요일,8,경상사고,0,0,1,0,59,남,15년이상,,승용,사업용,승용,진입회전사고,맑음,출퇴근,차대차,측면직각충돌,중앙선침범,특별광역시도,순천향대서울병원부근,37.5339355,127.0043336,용산구,
2018,3,5,월요일,15,중상사고,0,1,0,0,50,남,15년이상,,승용,비사업용,보행자,보행횡단사고,맑음,주간,차대사람,횡단중,안전운전불이행,특별광역시도,순천향대서울병원부근,37.5339355,127.0043336,용산구,
2018,3,7,수요일,22,경상사고,0,0,1,0,66,남,15년이상,,승용,사업용,승용,진입회전사고,맑음,심야,차대차,측면직각충돌,안전운전불이행,특별광역시도,순천향대서울병원부근,37.5339355,127.0043336,용산구,
2018,5,10,목요일,15,경상사고,0,0,1,0,71,남,15년이상,,승용,사업용,보행자,기타사고,맑음,주간,차대사람,길가장자리구역통행중,안전운전불이행,특별광역시도,순천향대서울병원부근,37.5339355,127.0043336,용산구,
2018,8,7,화요일,11,경상사고,0,0,1,0,67,남,15년이상,,승합,사업용,승합,진입회전사고,맑음,주간,차대차,측면직각충돌,직진우회전진행방해,특별광역시도,순천향대서울병원부근,37.5339355,127.0043336,용산구,
2018,8,19,일요일,23,경상사고,0,0,1,0,66,남,15년이상,,승용,사업용,보행자,진입회전사고,맑음,심야,차대사람,횡단중,신호위반,특별광역시도,순천향대서울병원부근,37.5339355,127.0043336,용산구,
2018,10,4,목요일,13,중상사고,0,1,0,0,64,남,15년이상,,승용,사업용,보행자,보행횡단사고,맑음,주간,차대사람,횡단중,안전운전불이행,특별광역시도,순천향대서울병원부근,37.5339355,127.0043336,용산구,
2019,3,29,금요일,13,경상사고,0,0,1,0,57,남,15년이상,,승용,비사업용,보행자,기타사고,맑음,주간,차대사람,길가장자리구역통행중,안전운전불이행,특별광역시도,순천향대서울병원부근,37.5339355,127.0043336,용산구,
2019,4,10,수요일,11,경상사고,0,0,2,0,54,남,15년이상,,승용,사업용,이륜,진입회전사고,비,주간,차대차,측면직각충돌,안전운전불이행,특별광역시도,순천향대서울병원부근,37.5339355,127.0043336,용산구,
2019,5,11,토요일,19,중상사고,0,1,0,0,20,남,5년미만,,이륜,데이터오류,보행자,보행횡단사고,맑음,출퇴근,차대사람,횡단중,보행자보호의무위반,특별광역시도,순천향대서울병원부근,37.5339355,127.0043336,용산구,
2019,6,9,일요일,5,경상사고,0,0,2,0,67,남,15년이상,,승용,사업용,승용,진입회전사고,맑음,새벽,차대차,측면직각충돌,신호위반,특별광역시도,순천향대서울병원부근,37.5339355,127.0043336,용산구,
2019,9,19,목요일,12,경상사고,0,0,1,0,39,여,15년이상,,승용,비사업용,보행자,기타사고,맑음,주간,차대사람,길가장자리구역통행중,안전운전불이행,특별광역시도,순천향대서울병원부근,37.5339355,127.0043336,용산구,
2019,9,24,화요일,15,경상사고,0,0,1,0,47,남,15년이상,,승용,비사업용,보행자,보행횡단사고,맑음,주간,차대사람,횡단중,안전운전불이행,특별광역시도,순천향대서울병원부근,37.5339355,127.0043336,용산구,
2019,10,8,화요일,8,경상사고,0,0,1,0,29,남,15년미만,,승용,비사업용,보행자,보행횡단사고,맑음,출퇴근,차대사람,횡단중,안전운전불이행,특별광역시도,순천향대서울병원부근,37.5339355,127.0043336,용산구,
2019,10,12,토요일,23,중상사고,0,1,0,0,59,남,15년이상,,승용,사업용,보행자,기타사고,맑음,심야,차대사람,차대사람-기타,안전운전불이행,특별광역시도,순천향대서울병원부근,37.5339355,127.0043336,용산구,
2017,1,2,월요일,9,경상사고,0,0,1,0,76,남,15년이상,,승용,사업용,보행자,보행횡단사고,맑음,주간,차대사람,횡단중,보행자보호의무위반,특별광역시도,용산감자탕거리교차로,37.5306287,126.970051,용산구,
2017,3,31,금요일,9,경상사고,0,0,2,0,63,남,15년이상,,승용,사업용,승용,일직선사고,맑음,주간,차대차,정면충돌,안전거리미확보,특별광역시도,용산감자탕거리교차로,37.5306287,126.970051,용산구,
2017,4,17,월요일,4,중상사고,0,1,1,0,48,남,15년이상,,승용,사업용,승용,진입회전사고,맑음,심야,차대차,측면직각충돌,안전운전불이행,특별광역시도,용산감자탕거리교차로,37.5306287,126.970051,용산구,
2017,5,4,목요일,11,경상사고,0,0,1,0,29,여,3년미만,,승용,비사업용,원동기,일직선사고,맑음,주간,차대차,추돌(진행중),안전거리미확보,특별광역시도,용산감자탕거리교차로,37.5306287,126.970051,용산구,
2017,6,7,수요일,6,중상사고,0,1,0,0,62,여,15년이상,,승용,비사업용,보행자,보행횡단사고,맑음,새벽,차대사람,횡단중,중앙선침범,특별광역시도,용산감자탕거리교차로,37.5306287,126.970051,용산구,
2017,6,13,화요일,8,경상사고,0,0,2,0,49,남,15년이상,,승용,사업용,승용,진입회전사고,맑음,출퇴근,차대차,측면직각충돌,안전거리미확보,특별광역시도,용산감자탕거리교차로,37.5306287,126.970051,용산구,
2017,6,28,수요일,14,경상사고,0,0,2,0,33,여,15년이상,,승용,비사업용,승용,진입회전사고,맑음,주간,차대차,측면직각충돌,안전운전불이행,특별광역시도,용산감자탕거리교차로,37.5306287,126.970051,용산구,
2017,11,25,토요일,11,경상사고,0,0,1,0,67,남,15년이상,,승용,사업용,보행자,보행횡단사고,맑음,주간,차대사람,횡단중,보행자보호의무위반,특별광역시도,용산감자탕거리교차로,37.5306287,126.970051,용산구,
2018,2,23,금요일,3,중상사고,0,1,1,0,26,남,3년미만,,승용,비사업용,승용,진입회전사고,맑음,심야,차대차,차대차-기타,신호위반,특별광역시도,용산감자탕거리교차로,37.5306287,126.970051,용산구,
2018,4,15,일요일,11,중상사고,0,1,0,0,49,남,15년이상,,승합,사업용,기타,기타사고,맑음,주간,차량단독,차량단독-기타,안전운전불이행,특별광역시도,용산감자탕거리교차로,37.5306287,126.970051,용산구,
2018,5,22,화요일,2,경상사고,0,0,1,0,58,남,15년이상,,승용,사업용,이륜,진입회전사고,맑음,심야,차대차,측면직각충돌,교차로운행방법위반,특별광역시도,용산감자탕거리교차로,37.5306287,126.970051,용산구,
2018,6,21,목요일,9,경상사고,0,0,1,0,76,남,15년이상,,승용,사업용,승용,진입회전사고,맑음,주간,차대차,측면직각충돌,안전거리미확보,특별광역시도,용산감자탕거리교차로,37.5306287,126.970051,용산구,
2018,10,2,화요일,9,경상사고,0,0,1,0,52,여,15년이상,,승용,비사업용,승합,기타사고,맑음,주간,차대차,차대차-기타,안전운전불이행,특별광역시도,용산감자탕거리교차로,37.5306287,126.970051,용산구,
2018,10,4,목요일,9,경상사고,0,0,1,0,57,남,15년이상,,승용,비사업용,승용,진입회전사고,맑음,주간,차대차,측면직각충돌,안전거리미확보,특별광역시도,용산감자탕거리교차로,37.5306287,126.970051,용산구,
2018,10,5,금요일,23,경상사고,0,0,1,0,44,여,15년이상,,승용,비사업용,보행자,보행횡단사고,비,심야,차대사람,횡단중,안전운전불이행,특별광역시도,용산감자탕거리교차로,37.5306287,126.970051,용산구,
2019,1,17,목요일,21,경상사고,0,0,2,0,50,남,15년이상,,승합,비사업용,승합,일직선사고,맑음,심야,차대차,추돌(진행중),안전운전불이행,특별광역시도,용산감자탕거리교차로,37.5306287,126.970051,용산구,
2019,2,22,금요일,9,경상사고,0,0,1,0,62,남,15년이상,,승용,사업용,승용,일직선사고,맑음,주간,차대차,추돌(진행중),안전운전불이행,특별광역시도,용산감자탕거리교차로,37.5306287,126.970051,용산구,
2019,4,19,금요일,14,중상사고,0,1,0,0,38,남,1년미만,,승용,사업용,화물,진입회전사고,맑음,주간,차대차,측면직각충돌,교차로운행방법위반,특별광역시도,용산감자탕거리교차로,37.5306287,126.970051,용산구,
2019,7,24,수요일,7,경상사고,0,0,1,0,60,남,15년이상,,승합,사업용,기타,기타사고,비,출퇴근,차량단독,차량단독-기타,기타,특별광역시도,용산감자탕거리교차로,37.5306287,126.970051,용산구,
2019,10,14,월요일,16,경상사고,0,0,1,0,54,남,15년이상,,승용,사업용,이륜,기타사고,맑음,주간,차대차,차대차-기타,안전운전불이행,특별광역시도,용산감자탕거리교차로,37.5306287,126.970051,용산구,
2019,12,19,목요일,13,경상사고,0,0,3,0,55,남,15년이상,,승용,사업용,승용,진입회전사고,맑음,주간,차대차,측면직각충돌,안전운전불이행,특별광역시도,용산감자탕거리교차로,37.5306287,126.970051,용산구,
2017,1,29,일요일,8,경상사고,0,0,1,0,66,남,15년이상,,승용,사업용,승용,일직선사고,맑음,출퇴근,차대차,정면충돌,안전거리미확보,특별광역시도,용산역앞사거리,37.546865,126.978102,용산구,
2017,5,16,화요일,9,경상사고,0,0,1,0,63,남,15년이상,,승용,비사업용,승용,일직선사고,맑음,주간,차대차,정면충돌,교차로운행방법위반,특별광역시도,용산역앞사거리,37.546865,126.978102,용산구,
2017,6,18,일요일,15,중상사고,0,1,0,0,56,여,15년이상,,승용,비사업용,승용,일직선사고,맑음,주간,차대차,정면충돌,안전운전불이행,특별광역시도,용산역앞사거리,37.546865,126.978102,용산구,
2017,8,1,화요일,22,경상사고,0,0,1,0,31,여,10년미만,,승용,비사업용,승용,진입회전사고,맑음,심야,차대차,측면직각충돌,신호위반,특별광역시도,용산역앞사거리,37.546865,126.978102,용산구,
2017,9,7,목요일,9,경상사고,0,0,1,0,65,남,15년이상,,승용,사업용,자전거,일직선사고,맑음,주간,차대차,정면충돌,안전운전불이행,특별광역시도,용산역앞사거리,37.546865,126.978102,용산구,
2017,9,18,월요일,21,경상사고,0,0,2,0,64,남,15년이상,,승용,사업용,승용,일직선사고,맑음,심야,차대차,추돌(진행중),안전운전불이행,특별광역시도,용산역앞사거리,37.546865,126.978102,용산구,
2017,11,19,일요일,15,경상사고,0,0,4,0,41,남,15년이상,,승용,사업용,승합,진입회전사고,맑음,주간,차대차,측면직각충돌,차로위반,특별광역시도,용산역앞사거리,37.546865,126.978102,용산구,
2017,11,7,화요일,19,경상사고,0,0,1,0,59,남,15년이상,,승용,사업용,승용,진입회전사고,맑음,출퇴근,차대차,측면직각충돌,안전운전불이행,특별광역시도,용산역앞사거리,37.546865,126.978102,용산구,
2017,12,17,일요일,0,경상사고,0,0,1,0,47,남,15년이상,,승용,비사업용,승용,진입회전사고,맑음,심야,차대차,측면직각충돌,신호위반,특별광역시도,용산역앞사거리,37.546865,126.978102,용산구,
2017,12,2,토요일,0,경상사고,0,0,1,0,65,남,15년이상,,승용,사업용,보행자,기타사고,맑음,심야,차대사람,차대사람-기타,안전운전불이행,특별광역시도,용산역앞사거리,37.546865,126.978102,용산구,
2017,12,7,목요일,21,경상사고,0,0,1,0,39,남,15년이상,,승용,비사업용,승용,진입회전사고,맑음,심야,차대차,측면직각충돌,안전운전불이행,특별광역시도,용산역앞사거리,37.546865,126.978102,용산구,
2018,2,3,토요일,3,경상사고,0,0,1,0,32,남,15년미만,0,승용,비사업용,승용,일직선사고,맑음,심야,차대차,추돌(진행중),안전운전불이행,특별광역시도,용산역앞사거리,37.546865,126.978102,용산구,
2018,2,28,수요일,5,중상사고,0,1,1,0,63,남,15년이상,,승용,사업용,승용,일직선사고,맑음,새벽,차대차,추돌(진행중),안전운전불이행,특별광역시도,용산역앞사거리,37.546865,126.978102,용산구,
2018,2,28,수요일,12,중상사고,0,1,0,0,62,남,15년이상,,승합,사업용,이륜,진입회전사고,맑음,주간,차대차,측면직각충돌,신호위반,특별광역시도,용산역앞사거리,37.546865,126.978102,용산구,
2018,3,26,월요일,17,중상사고,0,1,0,0,34,남,15년이상,,화물,비사업용,이륜,진입회전사고,맑음,주간,차대차,측면직각충돌,안전운전불이행,특별광역시도,용산역앞사거리,37.546865,126.978102,용산구,
2018,4,7,토요일,1,경상사고,0,0,2,0,40,남,15년미만,0,승용,비사업용,승용,일직선사고,흐림,심야,차대차,추돌(진행중),안전운전불이행,특별광역시도,용산역앞사거리,37.546865,126.978102,용산구,
2018,5,17,목요일,18,경상사고,0,0,1,0,36,여,3년미만,,승용,비사업용,보행자,진입회전사고,비,출퇴근,차대사람,횡단중,신호위반,특별광역시도,용산역앞사거리,37.546865,126.978102,용산구,
2018,5,13,일요일,23,경상사고,0,0,1,0,59,남,15년이상,0,승용,비사업용,승용,기타사고,맑음,심야,차대차,차대차-기타,안전운전불이행,특별광역시도,용산역앞사거리,37.546865,126.978102,용산구,
2018,6,15,금요일,8,경상사고,0,0,1,0,37,여,데이터오류,,승용,비사업용,화물,기타사고,맑음,출퇴근,차대차,차대차-기타,안전거리미확보,특별광역시도,용산역앞사거리,37.546865,126.978102,용산구,
2018,7,31,화요일,19,경상사고,0,0,1,0,53,남,15년이상,,승용,사업용,승용,일직선사고,맑음,출퇴근,차대차,추돌(진행중),안전운전불이행,특별광역시도,용산역앞사거리,37.546865,126.978102,용산구,
2018,8,11,토요일,0,부상사고,0,0,0,1,불명,불명,데이터오류,,기타,기타,기타,진입회전사고,맑음,심야,차대차,측면직각충돌,안전운전불이행,특별광역시도,용산역앞사거리,37.546865,126.978102,용산구,
2018,8,14,화요일,7,부상사고,0,0,0,1,33,남,15년미만,,이륜,기타,기타,기타사고,맑음,출퇴근,차량단독,차량단독-기타,기타,특별광역시도,용산역앞사거리,37.546865,126.978102,용산구,
2018,9,28,금요일,22,경상사고,0,0,2,0,25,여,10년미만,,승용,비사업용,기타,일직선사고,맑음,심야,차대차,추돌(진행중),안전운전불이행,특별광역시도,용산역앞사거리,37.546865,126.978102,용산구,
2018,11,7,수요일,12,중상사고,0,2,0,0,62,남,15년이상,,승합,사업용,이륜,진입회전사고,맑음,주간,차대차,측면직각충돌,신호위반,특별광역시도,용산역앞사거리,37.546865,126.978102,용산구,
2019,3,8,금요일,19,경상사고,0,0,1,0,49,여,15년이상,,승용,비사업용,승용,일직선사고,맑음,출퇴근,차대차,추돌(진행중),안전운전불이행,특별광역시도,용산역앞사거리,37.546865,126.978102,용산구,
2019,4,26,금요일,22,경상사고,0,0,1,0,51,남,15년이상,,승용,사업용,승용,진입회전사고,맑음,심야,차대차,차대차-기타,신호위반,특별광역시도,용산역앞사거리,37.546865,126.978102,용산구,
2019,5,8,수요일,8,경상사고,0,0,1,0,73,남,15년이상,,승용,사업용,이륜,진입회전사고,맑음,출퇴근,차대차,측면직각충돌,안전거리미확보,특별광역시도,용산역앞사거리,37.546865,126.978102,용산구,
2019,5,11,토요일,16,경상사고,0,0,2,0,62,여,15년이상,,승용,비사업용,승용,기타사고,맑음,주간,차대차,차대차-기타,안전거리미확보,특별광역시도,용산역앞사거리,37.546865,126.978102,용산구,
2019,5,16,목요일,16,중상사고,0,1,3,0,29,남,15년이상,,승용,비사업용,자전거,진입회전사고,맑음,주간,차대차,측면직각충돌,신호위반,특별광역시도,용산역앞사거리,37.546865,126.978102,용산구,
2019,7,19,금요일,20,경상사고,0,0,1,1,71,남,15년이상,,승용,비사업용,승용,진입회전사고,맑음,출퇴근,차대차,측면직각충돌,신호위반,특별광역시도,용산역앞사거리,37.546865,126.978102,용산구,
2019,10,14,월요일,21,중상사고,0,1,1,0,38,남,15년이상,,승합,비사업용,승합,진입회전사고,맑음,심야,차대차,차대차-기타,신호위반,특별광역시도,용산역앞사거리,37.546865,126.978102,용산구,
2019,11,12,화요일,4,경상사고,0,0,2,0,71,남,15년이상,,승용,사업용,승용,진입회전사고,맑음,심야,차대차,측면직각충돌,신호위반,특별광역시도,용산역앞사거리,37.546865,126.978102,용산구,
2019,11,23,토요일,13,경상사고,0,0,1,0,66,남,15년이상,,승용,비사업용,승용,진입회전사고,맑음,주간,차대차,측면직각충돌,신호위반,특별광역시도,용산역앞사거리,37.546865,126.978102,용산구,
2019,12,6,금요일,12,중상사고,0,1,0,0,44,여,15년미만,,승용,비사업용,승용,진입회전사고,맑음,주간,차대차,차대차-기타,신호위반,특별광역시도,용산역앞사거리,37.546865,126.978102,용산구,
2019,12,22,일요일,14,경상사고,0,0,1,0,63,남,15년이상,,승용,사업용,보행자,보행횡단사고,맑음,주간,차대사람,횡단중,보행자보호의무위반,특별광역시도,용산역앞사거리,37.546865,126.978102,용산구,
2019,12,24,화요일,14,경상사고,0,0,1,0,60,남,15년이상,,승용,사업용,승용,일직선사고,맑음,주간,차대차,추돌(진행중),안전운전불이행,특별광역시도,용산역앞사거리,37.546865,126.978102,용산구,
2017,12,9,토요일,4,경상사고,0,0,1,0,63,남,15년이상,,승용,사업용,승용,일직선사고,맑음,심야,차대차,추돌(진행중),안전운전불이행,특별광역시도,이태원119안전센터앞사거리,37.534681,126.996864,용산구,