년도,월,일,요일,시각,사고등급,사망자수,중상자수,경상자수,부상자수,연령,성별,경력,음주,종별,용도,관련자2,사고형태,기상상태,일광상태,사고유형1,사고유형2,법규위반,도로종류,지점명,위도,경도,자치구,
2017,7,26,수요일,6,중상사고,0,1,0,0,49,남,15년이상,,승용,사업용,보행자,보행횡단사고,맑음,새벽,차대사람,횡단중,안전운전불이행,특별광역시도,이태원역부근삼거리,37.534542,126.994596,용산구,
2017,7,27,목요일,8,경상사고,0,0,1,0,65,남,5년미만,,승용,사업용,이륜,기타사고,맑음,출퇴근,차대차,차대차-기타,데이터없음,특별광역시도,이태원역부근삼거리,37.534542,126.994596,용산구,
2017,8,12,토요일,2,경상사고,0,0,3,0,26,남,10년미만,,승용,비사업용,승용,기타사고,흐림,심야,차대차,차대차-기타,안전운전불이행,특별광역시도,이태원역부근삼거리,37.534542,126.994596,용산구,
2018,5,18,금요일,2,경상사고,0,0,2,0,70,남,15년이상,,승용,사업용,보행자,기타사고,비,심야,차대사람,차도통행중,안전운전불이행,특별광역시도,이태원역부근삼거리,37.534542,126.994596,용산구,
2018,11,4,일요일,16,중상사고,0,1,0,0,23,남,1년미만,,이륜,기타,이륜,진입회전사고,맑음,주간,차대차,측면직각충돌,중앙선침범,특별광역시도,이태원역부근삼거리,37.534542,126.994596,용산구,
2019,4,24,수요일,1,경상사고,0,0,1,0,62,남,15년이상,,승용,사업용,승용,진입회전사고,비,심야,차대차,측면직각충돌,안전거리미확보,특별광역시도,이태원역부근삼거리,37.534542,126.994596,용산구,
2019,4,26,금요일,21,경상사고,0,0,2,0,61,남,15년이상,,승용,사업용,승용,진입회전사고,맑음,심야,차대차,측면직각충돌,안전거리미확보,특별광역시도,이태원역부근삼거리,37.534542,126.994596,용산구,
2019,5,8,수요일,16,경상사고,0,0,1,0,65,남,15년이상,,이륜,데이터오류,보행자,보행횡단사고,맑음,주간,차대사람,횡단중,중앙선침범,특별광역시도,이태원역부근삼거리,37.534542,126.994596,용산구,
2019,6,5,수요일,2,경상사고,0,0,1,0,39,남,1년미만,0,승용,비사업용,승용,기타사고,맑음,심야,차대차,차대차-기타,안전운전불이행,특별광역시도,이태원역부근삼거리,37.534542,126.994596,용산구,
2019,7,12,금요일,23,경상사고,0,0,1,0,64,남,15년이상,,승용,사업용,보행자,보행횡단사고,맑음,심야,차대사람,횡단중,안전운전불이행,특별광역시도,이태원역부근삼거리,37.534542,126.994596,용산구,
2019,10,20,일요일,1,경상사고,0,0,2,0,30,남,5년미만,,승용,비사업용,기타,단독사고,맑음,심야,차량단독,공작물추돌,안전운전불이행,특별광역시도,이태원역부근삼거리,37.534542,126.994596,용산구,
2017,5,2,화요일,16,경상사고,0,0,1,0,불명,불명,데이터오류,,기타,데이터오류,기타,기타사고,맑음,주간,차대사람,차대사람-기타,안전운전불이행,기타,이태원역삼거리,37.534542,126.994596,용산구,
2017,5,27,토요일,18,경상사고,0,0,1,0,불명,불명,데이터오류,,기타,데이터오류,기타,기타사고,맑음,출퇴근,차대사람,차대사람-기타,안전운전불이행,기타,이태원역삼거리,37.534542,126.994596,용산구,
2019,1,27,일요일,4,경상사고,0,0,1,0,24,남,2년미만,,승용,비사업용,보행자,보행횡단사고,맑음,심야,차대사람,횡단중,안전운전불이행,특별광역시도,이태원역삼거리,37.534542,126.994596,용산구,
2019,5,1,수요일,5,경상사고,0,0,1,0,28,남,10년미만,,승용,비사업용,보행자,기타사고,맑음,새벽,차대사람,길가장자리구역통행중,안전운전불이행,특별광역시도,이태원역삼거리,37.534542,126.994596,용산구,
2019,7,31,수요일,18,경상사고,0,0,1,0,60,남,15년이상,,승용,사업용,보행자,기타사고,맑음,출퇴근,차대사람,차대사람-기타,안전운전불이행,특별광역시도,이태원역삼거리,37.534542,126.994596,용산구,
2019,8,17,토요일,23,경상사고,0,0,2,0,27,남,10년미만,,승용,비사업용,보행자,보행횡단사고,맑음,심야,차대사람,횡단중,안전운전불이행,특별광역시도,이태원역삼거리,37.534542,126.994596,용산구,
2017,2,11,토요일,23,경상사고,0,0,1,0,63,남,15년이상,,승용,사업용,보행자,기타사고,맑음,심야,차대사람,차대사람-기타,안전운전불이행,특별광역시도,이태원역삼거리,37.534542,126.994596,용산구,
2017,3,11,토요일,2,경상사고,0,0,1,0,72,남,15년이상,,승용,사업용,보행자,보행횡단사고,맑음,심야,차대사람,횡단중,안전운전불이행,특별광역시도,이태원역삼거리,37.534542,126.994596,용산구,
2017,3,5,일요일,3,경상사고,0,0,1,0,57,여,15년이상,,승용,사업용,이륜,일직선사고,맑음,심야,차대차,정면충돌,안전운전불이행,특별광역시도,이태원역삼거리,37.534542,126.994596,용산구,
2017,3,14,화요일,20,경상사고,0,0,1,0,41,남,15년이상,,승용,비사업용,승용,일직선사고,맑음,출퇴근,차대차,정면충돌,차로위반,특별광역시도,이태원역삼거리,37.534542,126.994596,용산구,
2017,3,27,월요일,21,중상사고,0,1,0,0,24,남,2년미만,,승용,비사업용,이륜,기타사고,맑음,심야,차대차,차대차-기타,안전운전불이행,특별광역시도,이태원역삼거리,37.534542,126.994596,용산구,
2017,4,9,일요일,1,부상사고,0,0,0,1,59,남,15년이상,,승용,사업용,보행자,보행횡단사고,맑음,심야,차대사람,횡단중,안전운전불이행,특별광역시도,이태원역삼거리,37.534542,126.994596,용산구,
2017,5,11,목요일,3,경상사고,0,0,1,1,29,남,15년이상,,승용,비사업용,승용,진입회전사고,맑음,심야,차대차,측면직각충돌,안전거리미확보,특별광역시도,이태원역삼거리,37.534542,126.994596,용산구,
2017,5,11,목요일,14,중상사고,0,2,0,0,60,여,4년미만,,승용,비사업용,승용,일직선사고,맑음,주간,차대차,정면충돌,안전운전불이행,특별광역시도,이태원역삼거리,37.534542,126.994596,용산구,
2017,7,18,화요일,6,경상사고,0,0,1,0,38,남,1년미만,,승용,비사업용,승용,일직선사고,맑음,새벽,차대차,추돌(진행중),안전거리미확보,특별광역시도,이태원역삼거리,37.534542,126.994596,용산구,
2017,7,22,토요일,23,경상사고,0,0,1,0,54,남,15년이상,,승용,사업용,보행자,기타사고,맑음,심야,차대사람,차대사람-기타,데이터없음,특별광역시도,이태원역삼거리,37.534542,126.994596,용산구,
2017,10,11,수요일,18,경상사고,0,0,1,0,30,여,15년이상,,승용,비사업용,승용,진입회전사고,맑음,출퇴근,차대차,측면직각충돌,교차로운행방법위반,특별광역시도,이태원역삼거리,37.534542,126.994596,용산구,
2017,12,25,월요일,3,경상사고,0,0,1,0,58,남,15년이상,,승용,사업용,보행자,기타사고,맑음,심야,차대사람,길가장자리구역통행중,안전운전불이행,특별광역시도,이태원역삼거리,37.534542,126.994596,용산구,
2017,12,24,일요일,4,부상사고,0,0,0,1,46,남,10년미만,0,승용,비사업용,보행자,보행횡단사고,맑음,심야,차대사람,보도통행중,안전운전불이행,특별광역시도,이태원역삼거리,37.534542,126.994596,용산구,
2018,1,1,월요일,0,경상사고,0,0,2,0,35,남,15년이상,,승용,비사업용,승용,진입회전사고,흐림,심야,차대차,측면직각충돌,안전운전불이행,특별광역시도,이태원역삼거리,37.534542,126.994596,용산구,
2018,2,16,금요일,9,중상사고,0,1,1,0,38,남,15년이상,,승용,비사업용,승용,일직선사고,맑음,주간,차대차,추돌(진행중),안전운전불이행,특별광역시도,이태원역삼거리,37.534542,126.994596,용산구,
2018,6,17,일요일,6,경상사고,0,0,1,0,32,남,15년이상,0,승용,비사업용,건설기계,기타사고,맑음,새벽,차대차,차대차-기타,안전운전불이행,특별광역시도,이태원역삼거리,37.534542,126.994596,용산구,
2018,6,17,일요일,19,경상사고,0,0,1,0,70,남,15년이상,,승용,사업용,승용,기타사고,맑음,출퇴근,차대차,차대차-기타,안전거리미확보,특별광역시도,이태원역삼거리,37.534542,126.994596,용산구,
2018,7,29,일요일,6,경상사고,0,0,1,0,39,남,15년이상,,승용,사업용,승용,기타사고,맑음,새벽,차대차,차대차-기타,안전거리미확보,특별광역시도,이태원역삼거리,37.534542,126.994596,용산구,
2018,7,31,화요일,19,경상사고,0,0,1,0,61,남,15년이상,,승합,사업용,기타,기타사고,맑음,출퇴근,차대차,차대차-기타,안전운전불이행,특별광역시도,이태원역삼거리,37.534542,126.994596,용산구,
2018,8,4,토요일,5,경상사고,0,0,1,0,56,남,10년미만,,승용,사업용,보행자,기타사고,맑음,새벽,차대사람,차대사람-기타,안전운전불이행,특별광역시도,이태원역삼거리,37.534542,126.994596,용산구,
2018,8,5,일요일,14,중상사고,0,2,0,0,61,남,15년이상,,승용,사업용,이륜,기타사고,맑음,주간,차대차,차대차-기타,기타,특별광역시도,이태원역삼거리,37.534542,126.994596,용산구,
2018,10,30,화요일,5,중상사고,0,1,1,0,70,남,15년이상,,승용,사업용,보행자,진입회전사고,맑음,새벽,차대사람,차대사람-기타,신호위반,특별광역시도,이태원역삼거리,37.534542,126.994596,용산구,
2018,10,9,화요일,5,경상사고,0,0,1,0,65,남,15년이상,,승용,사업용,보행자,기타사고,맑음,새벽,차대사람,차대사람-기타,안전운전불이행,특별광역시도,이태원역삼거리,37.534542,126.994596,용산구,
2018,10,11,목요일,20,중상사고,0,1,0,0,44,남,15년미만,,승용,비사업용,보행자,기타사고,맑음,출퇴근,차대사람,차대사람-기타,안전운전불이행,특별광역시도,이태원역삼거리,37.534542,126.994596,용산구,
2018,12,15,토요일,18,중상사고,0,2,0,0,66,여,15년이상,,승용,비사업용,보행자,기타사고,맑음,출퇴근,차대사람,차대사람-기타,안전운전불이행,특별광역시도,이태원역삼거리,37.534542,126.994596,용산구,
2019,1,26,토요일,2,경상사고,0,0,1,0,61,남,15년이상,,승용,사업용,보행자,기타사고,맑음,심야,차대사람,차대사람-기타,안전운전불이행,특별광역시도,이태원역삼거리,37.534542,126.994596,용산구,
2019,1,26,토요일,4,경상사고,0,0,1,0,33,남,3년미만,,승용,비사업용,승용,기타사고,맑음,심야,차대차,차대차-기타,안전운전불이행,특별광역시도,이태원역삼거리,37.534542,126.994596,용산구,
2019,1,5,토요일,9,중상사고,0,2,0,0,53,남,15년이상,,승용,사업용,이륜,진입회전사고,맑음,주간,차대차,측면직각충돌,안전운전불이행,특별광역시도,이태원역삼거리,37.534542,126.994596,용산구,
2019,2,7,목요일,0,경상사고,0,0,1,0,54,남,15년이상,,승용,사업용,보행자,보행횡단사고,맑음,심야,차대사람,횡단중,안전운전불이행,특별광역시도,이태원역삼거리,37.534542,126.994596,용산구,
2019,2,3,일요일,4,경상사고,0,0,1,0,58,남,15년이상,,승용,사업용,승용,진입회전사고,비,심야,차대차,측면직각충돌,신호위반,특별광역시도,이태원역삼거리,37.534542,126.994596,용산구,
2019,2,19,화요일,19,중상사고,0,1,0,0,41,여,15년미만,,승용,비사업용,이륜,기타사고,맑음,출퇴근,차대차,차대차-기타,기타,특별광역시도,이태원역삼거리,37.534542,126.994596,용산구,
2019,3,9,토요일,1,부상사고,0,0,0,1,불명,불명,데이터오류,,기타,데이터오류,기타,기타사고,맑음,심야,차대사람,차대사람-기타,안전운전불이행,특별광역시도,이태원역삼거리,37.534542,126.994596,용산구,
2019,3,24,일요일,5,경상사고,0,0,1,0,31,남,15년미만,0,승용,비사업용,승용,일직선사고,맑음,새벽,차대차,추돌(진행중),안전운전불이행,특별광역시도,이태원역삼거리,37.534542,126.994596,용산구,
2019,4,9,화요일,0,경상사고,0,0,1,0,28,여,10년미만,,승용,비사업용,이륜,일직선사고,맑음,심야,차대차,차대차-기타,중앙선침범,특별광역시도,이태원역삼거리,37.534542,126.994596,용산구,
2019,4,21,일요일,5,중상사고,0,1,0,0,51,남,15년이상,,승용,사업용,보행자,기타사고,맑음,새벽,차대사람,차대사람-기타,불법유턴,특별광역시도,이태원역삼거리,37.534542,126.994596,용산구,
2019,4,24,수요일,19,중상사고,0,1,0,0,46,남,15년이상,,이륜,데이터오류,이륜,일직선사고,맑음,출퇴근,차대차,차대차-기타,중앙선침범,특별광역시도,이태원역삼거리,37.534542,126.994596,용산구,
2019,4,11,목요일,21,경상사고,0,0,1,0,63,남,15년이상,,승용,사업용,승용,일직선사고,맑음,심야,차대차,추돌(진행중),안전운전불이행,특별광역시도,이태원역삼거리,37.534542,126.994596,용산구,
2019,6,20,목요일,12,경상사고,0,0,1,0,71,남,15년이상,,승용,사업용,보행자,기타사고,맑음,주간,차대사람,차대사람-기타,안전운전불이행,특별광역시도,이태원역삼거리,37.534542,126.994596,용산구,
2019,6,22,토요일,15,경상사고,0,0,1,0,54,남,15년이상,,승용,비사업용,승용,일직선사고,맑음,주간,차대차,추돌(진행중),안전운전불이행,특별광역시도,이태원역삼거리,37.534542,126.994596,용산구,
2019,7,20,토요일,4,경상사고,0,0,1,0,65,남,15년이상,,승용,사업용,보행자,보행횡단사고,맑음,심야,차대사람,횡단중,안전운전불이행,특별광역시도,이태원역삼거리,37.534542,126.994596,용산구,
2019,8,31,토요일,20,경상사고,0,0,1,0,75,남,15년이상,,승용,사업용,이륜,기타사고,맑음,출퇴근,차대차,차대차-기타,안전운전불이행,특별광역시도,이태원역삼거리,37.534542,126.994596,용산구,
2019,9,11,수요일,3,경상사고,0,0,2,0,21,남,데이터오류,,승용,비사업용,승용,일직선사고,비,심야,차대차,추돌(진행중),안전운전불이행,특별광역시도,이태원역삼거리,37.534542,126.994596,용산구,
2019,10,24,목요일,1,경상사고,0,0,2,0,59,남,15년이상,,승용,사업용,이륜,기타사고,맑음,심야,차대차,차대차-기타,기타,특별광역시도,이태원역삼거리,37.534542,126.994596,용산구,
2019,10,5,토요일,5,경상사고,0,0,1,0,53,남,15년이상,,승용,사업용,보행자,기타사고,맑음,새벽,차대사람,차대사람-기타,안전운전불이행,특별광역시도,이태원역삼거리,37.534542,126.994596,용산구,
2019,10,3,목요일,13,경상사고,0,0,1,0,45,남,15년이상,,승용,사업용,이륜,일직선사고,맑음,주간,차대차,추돌(진행중),안전운전불이행,특별광역시도,이태원역삼거리,37.534542,126.994596,용산구,
2019,12,18,수요일,1,경상사고,0,0,2,0,56,남,15년이상,,승용,사업용,승용,기타사고,맑음,심야,차대차,차대차-기타,안전운전불이행,특별광역시도,이태원역삼거리,37.534542,126.994596,용산구,
2019,12,25,수요일,3,경상사고,0,0,2,0,55,남,15년이상,,승용,사업용,보행자,진입회전사고,맑음,심야,차대차,측면직각충돌,신호위반,특별광역시도,이태원역삼거리,37.534542,126.994596,용산구,
2019,12,29,일요일,6,중상사고,0,1,0,0,55,남,15년이상,,승용,사업용,보행자,기타사고,맑음,새벽,차대사람,차대사람-기타,안전운전불이행,특별광역시도,이태원역삼거리,37.534542,126.994596,용산구,
2017,1,21,토요일,20,경상사고,0,0,1,0,62,남,15년이상,,승용,사업용,승용,진입회전사고,흐림,출퇴근,차대차,측면직각충돌,안전거리미확보,특별광역시도,이태원역삼거리,37.534542,126.994596,용산구,
2017,2,26,일요일,5,중상사고,0,1,1,0,43,남,15년이상,0,승용,비사업용,보행자,기타사고,맑음,새벽,차대차,차대차-기타,안전운전불이행,특별광역시도,이태원역삼거리,37.534542,126.994596,용산구,
2017,3,4,토요일,0,경상사고,0,0,2,0,48,남,10년미만,,승용,사업용,승용,일직선사고,맑음,심야,차대차,추돌(진행중),안전운전불이행,특별광역시도,이태원역삼거리,37.534542,126.994596,용산구,
2017,6,17,토요일,23,경상사고,0,0,1,0,32,남,15년미만,,승용,비사업용,승용,일직선사고,맑음,심야,차대차,추돌(진행중),안전거리미확보,특별광역시도,이태원역삼거리,37.534542,126.994596,용산구,
2017,8,12,토요일,12,경상사고,0,0,1,0,불명,불명,데이터오류,,기타,데이터오류,기타,기타사고,맑음,주간,차대사람,차대사람-기타,안전운전불이행,특별광역시도,이태원역삼거리,37.534542,126.994596,용산구,
2017,9,9,토요일,4,경상사고,0,0,1,0,57,남,15년이상,,승용,사업용,이륜,기타사고,맑음,심야,차대차,차대차-기타,안전운전불이행,특별광역시도,이태원역삼거리,37.534542,126.994596,용산구,
2017,9,28,목요일,10,중상사고,0,1,0,0,40,남,15년미만,,승용,비사업용,보행자,보행횡단사고,맑음,주간,차대사람,횡단중,데이터없음,특별광역시도,이태원역삼거리,37.534542,126.994596,용산구,
2018,1,23,화요일,20,경상사고,0,0,1,0,61,남,15년이상,,승용,사업용,승용,진입회전사고,맑음,출퇴근,차대차,측면직각충돌,안전거리미확보,특별광역시도,이태원역삼거리,37.534542,126.994596,용산구,
2018,4,15,일요일,0,경상사고,0,0,1,0,58,남,15년이상,,승용,사업용,보행자,기타사고,맑음,심야,차대사람,차대사람-기타,안전운전불이행,특별광역시도,이태원역삼거리,37.534542,126.994596,용산구,
2018,4,29,일요일,14,경상사고,0,0,1,0,42,남,2년미만,,승용,사업용,특수,진입회전사고,맑음,주간,차대차,측면직각충돌,신호위반,특별광역시도,이태원역삼거리,37.534542,126.994596,용산구,
2019,1,12,토요일,0,경상사고,0,0,2,0,27,남,10년미만,0,승용,비사업용,보행자,기타사고,맑음,심야,차대사람,차대사람-기타,안전운전불이행,특별광역시도,이태원역삼거리,37.534542,126.994596,용산구,
2019,4,28,일요일,5,부상사고,0,0,0,2,57,남,15년이상,,승용,사업용,보행자,기타사고,맑음,새벽,차대사람,차대사람-기타,안전운전불이행,특별광역시도,이태원역삼거리,37.534542,126.994596,용산구,
2019,9,29,일요일,5,경상사고,0,0,1,0,49,남,15년이상,,승용,비사업용,승용,일직선사고,맑음,새벽,차대차,추돌(진행중),안전운전불이행,특별광역시도,이태원역삼거리,37.534542,126.994596,용산구,
2019,11,8,금요일,3,부상사고,0,0,0,1,40,남,15년이상,,승용,비사업용,보행자,기타사고,맑음,심야,차대사람,길가장자리구역통행중,안전운전불이행,특별광역시도,이태원역삼거리,37.534542,126.994596,용산구,
2019,12,29,일요일,3,중상사고,0,2,1,0,62,남,15년미만,,승용,사업용,승용,일직선사고,맑음,심야,차대차,추돌(진행중),안전운전불이행,특별광역시도,이태원역삼거리,37.534542,126.994596,용산구,
2017,1,1,일요일,3,경상사고,0,0,1,0,69,남,15년이상,,승용,사업용,보행자,기타사고,맑음,심야,차대사람,차대사람-기타,안전운전불이행,특별광역시도,이태원역삼거리,37.534542,126.994596,용산구,
2017,4,8,토요일,15,중상사고,0,1,0,0,34,남,15년미만,,이륜,기타,이륜,진입회전사고,맑음,주간,차대차,측면직각충돌,중앙선침범,특별광역시도,이태원역삼거리,37.534542,126.994596,용산구,
2017,7,27,목요일,1,경상사고,0,0,2,0,65,남,15년이상,,승용,사업용,승용,일직선사고,맑음,심야,차대차,추돌(진행중),안전거리미확보,특별광역시도,이태원역삼거리,37.534542,126.994596,용산구,
2017,7,15,토요일,3,경상사고,0,0,2,0,29,남,10년미만,,승용,비사업용,승용,일직선사고,비,심야,차대차,추돌(진행중),안전운전불이행,특별광역시도,이태원역삼거리,37.534542,126.994596,용산구,
2017,10,2,월요일,21,경상사고,0,0,1,0,61,남,15년이상,,승용,사업용,이륜,기타사고,맑음,심야,차대차,차대차-기타,안전운전불이행,특별광역시도,이태원역삼거리,37.534542,126.994596,용산구,
2018,2,15,목요일,0,경상사고,0,0,2,0,24,여,1년미만,,승용,비사업용,승용,진입회전사고,맑음,심야,차대차,측면직각충돌,안전거리미확보,특별광역시도,이태원역삼거리,37.534542,126.994596,용산구,
2018,7,27,금요일,21,중상사고,0,1,0,0,62,남,15년이상,,승용,사업용,이륜,기타사고,맑음,심야,차대차,차대차-기타,기타,특별광역시도,이태원역삼거리,37.534542,126.994596,용산구,
2018,9,3,월요일,2,부상사고,0,0,0,1,불명,불명,데이터오류,,기타,기타,기타,기타사고,맑음,심야,차대사람,차대사람-기타,안전운전불이행,특별광역시도,이태원역삼거리,37.534542,126.994596,용산구,
2018,12,30,일요일,18,경상사고,0,0,1,0,34,남,10년미만,,승용,사업용,보행자,기타사고,맑음,출퇴근,차대사람,차대사람-기타,안전운전불이행,특별광역시도,이태원역삼거리,37.534542,126.994596,용산구,
2019,3,24,일요일,15,경상사고,0,0,1,0,불명,불명,데이터오류,,기타,데이터오류,기타,기타사고,맑음,주간,차대사람,차대사람-기타,기타,특별광역시도,이태원역삼거리,37.534542,126.994596,용산구,
2019,7,12,금요일,2,중상사고,0,1,0,0,60,남,데이터오류,,승용,사업용,보행자,보행횡단사고,맑음,심야,차대사람,횡단중,안전운전불이행,특별광역시도,이태원역삼거리,37.534542,126.994596,용산구,
2019,8,15,목요일,2,경상사고,0,0,1,0,19,남,1년미만,0,승용,비사업용,보행자,기타사고,맑음,심야,차대사람,차대사람-기타,안전운전불이행,특별광역시도,이태원역삼거리,37.534542,126.994596,용산구,
2019,11,19,화요일,2,경상사고,0,0,1,0,40,남,15년이상,0,승용,비사업용,승용,일직선사고,맑음,심야,차대차,추돌(진행중),안전운전불이행,특별광역시도,이태원역삼거리,37.534542,126.994596,용산구,
2019,12,28,토요일,6,경상사고,0,0,1,0,41,남,15년이상,,화물,비사업용,보행자,기타사고,맑음,새벽,차대사람,차대사람-기타,안전운전불이행,특별광역시도,이태원역삼거리,37.534542,126.994596,용산구,
2019,12,30,월요일,18,경상사고,0,0,1,0,66,남,15년이상,,승용,사업용,보행자,기타사고,맑음,출퇴근,차대사람,차대사람-기타,안전운전불이행,특별광역시도,이태원역삼거리,37.534542,126.994596,용산구,
2017,2,24,금요일,17,중상사고,0,1,0,0,31,여,15년미만,,승용,비사업용,화물,진입회전사고,맑음,주간,차대차,측면직각충돌,안전운전불이행,특별광역시도,이태원역삼거리,37.534542,126.994596,용산구,
2017,8,17,목요일,16,중상사고,0,1,0,0,45,남,15년이상,,승용,사업용,보행자,보행횡단사고,비,주간,차대사람,횡단중,안전운전불이행,특별광역시도,이태원역삼거리,37.534542,126.994596,용산구,
2017,8,29,화요일,17,경상사고,0,0,1,0,33,남,15년미만,,승용,비사업용,보행자,보행횡단사고,맑음,주간,차대사람,보도통행중,데이터없음,특별광역시도,이태원역삼거리,37.534542,126.994596,용산구,
2018,10,30,화요일,18,경상사고,0,0,1,0,32,남,15년미만,,승용,비사업용,승용,진입회전사고,맑음,출퇴근,차대차,측면직각충돌,교차로운행방법위반,특별광역시도,이태원역삼거리,37.534542,126.994596,용산구,
2019,6,15,토요일,2,경상사고,0,0,1,0,56,남,15년이상,,승용,사업용,승용,기타사고,맑음,심야,차대차,차대차-기타,안전거리미확보,특별광역시도,이태원역삼거리,37.534542,126.994596,용산구,
2019,6,5,수요일,9,경상사고,0,0,1,0,30,남,15년이상,,승용,비사업용,승용,일직선사고,흐림,주간,차대차,차대차-기타,중앙선침범,특별광역시도,이태원역삼거리,37.534542,126.994596,용산구,
2019,7,15,월요일,11,경상사고,0,0,1,0,36,여,15년이상,,승용,비사업용,이륜,진입회전사고,맑음,주간,차대차,측면직각충돌,신호위반,특별광역시도,이태원역삼거리,37.534542,126.994596,용산구,
2019,8,2,금요일,8,중상사고,0,1,0,0,51,남,15년이상,,승용,비사업용,승용,진입회전사고,맑음,출퇴근,차대차,측면직각충돌,안전운전불이행,특별광역시도,이태원역삼거리,37.534542,126.994596,용산구,
2017,4,30,일요일,1,경상사고,0,0,1,0,68,남,15년이상,,승용,사업용,승용,진입회전사고,맑음,심야,차대차,측면직각충돌,안전거리미확보,특별광역시도,전쟁기념관삼거리,37.5366059,126.9771397,용산구,
2017,4,16,일요일,10,경상사고,0,0,2,0,35,남,데이터오류,,승용,비사업용,승용,일직선사고,맑음,주간,차대차,정면충돌,안전운전불이행,특별광역시도,전쟁기념관삼거리,37.5366059,126.9771397,용산구,
2017,4,12,수요일,23,경상사고,0,0,2,0,52,남,15년이상,,승용,사업용,승용,일직선사고,맑음,심야,차대차,추돌(진행중),안전거리미확보,기타,전쟁기념관삼거리,37.5366059,126.9771397,용산구,
2017,6,5,월요일,21,경상사고,0,0,2,0,63,남,15년이상,,승용,사업용,승용,일직선사고,맑음,심야,차대차,추돌(진행중),안전운전불이행,특별광역시도,전쟁기념관삼거리,37.5366059,126.9771397,용산구,
2017,9,17,일요일,1,중상사고,0,1,1,0,58,남,15년이상,,승용,사업용,이륜,일직선사고,맑음,심야,차대차,추돌(진행중),안전거리미확보,특별광역시도,전쟁기념관삼거리,37.5366059,126.9771397,용산구,
2017,12,1,금요일,9,경상사고,0,0,1,0,28,남,5년미만,,화물,비사업용,화물,기타사고,맑음,주간,차대차,차대차-기타,차로위반,특별광역시도,전쟁기념관삼거리,37.5366059,126.9771397,용산구,
2018,2,2,금요일,1,중상사고,0,1,0,0,59,남,15년이상,,승용,사업용,기타,기타사고,맑음,심야,차량단독,차량단독-기타,안전운전불이행,특별광역시도,전쟁기념관삼거리,37.5366059,126.9771397,용산구,
2018,4,27,금요일,19,중상사고,0,1,0,0,64,남,15년이상,,승용,사업용,승용,진입회전사고,맑음,출퇴근,차대차,측면직각충돌,안전거리미확보,특별광역시도,전쟁기념관삼거리,37.5366059,126.9771397,용산구,
2018,5,18,금요일,0,경상사고,0,0,1,0,71,남,4년미만,,승용,사업용,승용,일직선사고,맑음,심야,차대차,추돌(진행중),안전운전불이행,특별광역시도,전쟁기념관삼거리,37.5366059,126.9771397,용산구,
2018,5,4,금요일,14,경상사고,0,0,1,0,50,남,15년이상,0,승용,비사업용,승용,진입회전사고,맑음,주간,차대차,측면직각충돌,안전운전불이행,특별광역시도,전쟁기념관삼거리,37.5366059,126.9771397,용산구,
2018,5,24,목요일,20,경상사고,0,0,4,0,23,남,10년미만,,승용,비사업용,이륜,기타사고,맑음,출퇴근,차대차,차대차-기타,안전거리미확보,특별광역시도,전쟁기념관삼거리,37.5366059,126.9771397,용산구,
2018,6,5,화요일,17,경상사고,0,0,1,0,59,남,15년이상,,승합,비사업용,승합,진입회전사고,맑음,주간,차대차,측면직각충돌,안전운전불이행,특별광역시도,전쟁기념관삼거리,37.5366059,126.9771397,용산구,
2018,8,8,수요일,20,경상사고,0,0,1,0,56,남,15년이상,,승용,사업용,승용,진입회전사고,맑음,출퇴근,차대차,측면직각충돌,안전거리미확보,특별광역시도,전쟁기념관삼거리,37.5366059,126.9771397,용산구,
2018,9,14,금요일,10,경상사고,0,0,2,0,61,남,10년미만,,승용,사업용,승용,일직선사고,맑음,주간,차대차,추돌(진행중),안전운전불이행,특별광역시도,전쟁기념관삼거리,37.5366059,126.9771397,용산구,
2018,9,15,토요일,23,경상사고,0,0,1,0,30,남,15년이상,,승용,비사업용,이륜,일직선사고,맑음,심야,차대차,정면충돌,중앙선침범,특별광역시도,전쟁기념관삼거리,37.5366059,126.9771397,용산구,
2018,10,20,토요일,10,경상사고,0,0,1,0,30,남,10년미만,,승용,비사업용,이륜,일직선사고,맑음,주간,차대차,추돌(진행중),안전운전불이행,특별광역시도,전쟁기념관삼거리,37.5366059,126.9771397,용산구,
2018,11,7,수요일,23,경상사고,0,0,1,0,76,남,15년이상,,승용,사업용,이륜,진입회전사고,맑음,심야,차대차,측면직각충돌,차로위반,특별광역시도,전쟁기념관삼거리,37.5366059,126.9771397,용산구,
2019,7,10,수요일,19,경상사고,0,0,2,0,52,남,10년미만,,승용,사업용,승용,진입회전사고,비,출퇴근,차대차,측면직각충돌,안전운전불이행,특별광역시도,전쟁기념관삼거리,37.5366059,126.9771397,용산구,
2019,8,18,일요일,1,경상사고,0,0,2,0,59,남,15년이상,,승용,사업용,승용,진입회전사고,맑음,심야,차대차,측면직각충돌,안전거리미확보,특별광역시도,전쟁기념관삼거리,37.5366059,126.9771397,용산구,
2019,8,20,화요일,10,경상사고,0,0,1,0,39,남,15년미만,,승용,사업용,승용,기타사고,맑음,주간,차대차,차대차-기타,안전거리미확보,특별광역시도,전쟁기념관삼거리,37.5366059,126.9771397,용산구,
2019,10,10,목요일,8,경상사고,0,0,1,0,61,남,15년이상,,승용,비사업용,승용,진입회전사고,맑음,출퇴근,차대차,측면직각충돌,안전거리미확보,특별광역시도,전쟁기념관삼거리,37.5366059,126.9771397,용산구,