년도,월,일,요일,시각,사고등급,사망자수,중상자수,경상자수,부상자수,연령,성별,경력,음주,종별,용도,관련자2,사고형태,기상상태,일광상태,사고유형1,사고유형2,법규위반,도로종류,지점명,위도,경도,자치구,
2019,3,31,일요일,2,경상사고,0,0,1,0,29,남,10년미만,0,승용,사업용,보행자,기타사고,맑음,심야,차대차,차대차-기타,안전운전불이행,특별광역시도,현대리버티하우스,37.5334838,127.008523,용산구,
2019,3,17,일요일,5,중상사고,0,1,0,0,54,남,15년이상,,승용,사업용,보행자,기타사고,맑음,새벽,차대사람,차대사람-기타,안전운전불이행,특별광역시도,현대리버티하우스,37.5334838,127.008523,용산구,
2017,1,1,일요일,0,경상사고,0,0,5,0,58,남,15년이상,,승용,사업용,승용,진입회전사고,맑음,심야,차대차,측면직각충돌,안전운전불이행,특별광역시도,현대리버티하우스,37.5334838,127.008523,용산구,
2017,1,27,금요일,0,경상사고,0,0,3,0,46,남,15년미만,,승용,사업용,승용,기타사고,흐림,심야,차대차,차대차-기타,안전운전불이행,특별광역시도,현대리버티하우스,37.5334838,127.008523,용산구,
2017,1,1,일요일,1,경상사고,0,0,2,0,51,남,15년이상,,승용,사업용,승용,일직선사고,맑음,심야,차대차,정면충돌,안전거리미확보,특별광역시도,현대리버티하우스,37.5334838,127.008523,용산구,
2017,1,7,토요일,1,중상사고,0,1,0,0,45,남,15년이상,0,승용,비사업용,보행자,진입회전사고,맑음,심야,차대사람,횡단중,신호위반,특별광역시도,현대리버티하우스,37.5334838,127.008523,용산구,
2017,1,24,화요일,10,중상사고,0,1,0,0,59,남,15년이상,,승용,비사업용,이륜,진입회전사고,맑음,주간,차대차,정면충돌,신호위반,특별광역시도,현대리버티하우스,37.5334838,127.008523,용산구,
2017,1,30,월요일,12,경상사고,0,0,2,0,62,남,15년이상,,승용,사업용,승용,일직선사고,맑음,주간,차대차,정면충돌,안전운전불이행,특별광역시도,현대리버티하우스,37.5334838,127.008523,용산구,
2017,2,27,월요일,1,중상사고,0,1,0,0,25,남,15년이상,,승용,사업용,승용,일직선사고,맑음,심야,차대차,정면충돌,안전거리미확보,특별광역시도,현대리버티하우스,37.5334838,127.008523,용산구,
2017,2,3,금요일,16,경상사고,0,0,1,0,35,남,15년이상,,승용,비사업용,승용,진입회전사고,맑음,주간,차대차,측면직각충돌,안전거리미확보,특별광역시도,현대리버티하우스,37.5334838,127.008523,용산구,
2017,3,25,토요일,18,경상사고,0,0,1,0,55,남,15년이상,,승용,사업용,승용,일직선사고,맑음,출퇴근,차대차,추돌(진행중),안전거리미확보,특별광역시도,현대리버티하우스,37.5334838,127.008523,용산구,
2017,4,27,목요일,17,중상사고,0,1,0,0,56,남,15년이상,,승용,비사업용,이륜,일직선사고,맑음,주간,차대차,정면충돌,교차로운행방법위반,특별광역시도,현대리버티하우스,37.5334838,127.008523,용산구,
2017,5,4,목요일,7,중상사고,0,1,0,0,33,여,15년미만,,승용,비사업용,승용,진입회전사고,맑음,출퇴근,차대차,측면직각충돌,신호위반,특별광역시도,현대리버티하우스,37.5334838,127.008523,용산구,
2017,5,23,화요일,11,중상사고,0,2,1,0,59,남,15년이상,,승용,비사업용,승용,일직선사고,맑음,주간,차대차,추돌(진행중),안전운전불이행,특별광역시도,현대리버티하우스,37.5334838,127.008523,용산구,
2017,6,18,일요일,3,경상사고,0,0,1,0,64,남,10년미만,,승용,사업용,승용,진입회전사고,맑음,심야,차대차,측면직각충돌,중앙선침범,특별광역시도,현대리버티하우스,37.5334838,127.008523,용산구,
2017,7,3,월요일,17,중상사고,0,1,0,0,64,남,15년이상,,승용,사업용,원동기,진입회전사고,맑음,주간,차대차,측면직각충돌,안전운전불이행,특별광역시도,현대리버티하우스,37.5334838,127.008523,용산구,
2017,7,26,수요일,22,경상사고,0,0,1,0,57,남,15년이상,,승용,사업용,이륜,진입회전사고,흐림,심야,차대차,측면직각충돌,신호위반,특별광역시도,현대리버티하우스,37.5334838,127.008523,용산구,
2017,9,28,목요일,22,경상사고,0,0,1,0,58,남,15년이상,,승합,사업용,승합,일직선사고,맑음,심야,차대차,추돌(진행중),안전운전불이행,특별광역시도,현대리버티하우스,37.5334838,127.008523,용산구,
2018,3,24,토요일,18,경상사고,0,0,1,0,46,남,15년이상,,승용,사업용,이륜,기타사고,맑음,출퇴근,차대차,차대차-기타,안전거리미확보,특별광역시도,현대리버티하우스,37.5334838,127.008523,용산구,
2018,4,1,일요일,10,경상사고,0,0,2,2,36,남,15년이상,0,승용,비사업용,승합,기타사고,맑음,주간,차대차,차대차-기타,안전운전불이행,특별광역시도,현대리버티하우스,37.5334838,127.008523,용산구,
2018,4,8,일요일,20,경상사고,0,0,1,0,64,여,15년이상,,승용,비사업용,승용,진입회전사고,비,출퇴근,차대차,측면직각충돌,안전운전불이행,특별광역시도,현대리버티하우스,37.5334838,127.008523,용산구,
2018,5,1,화요일,3,경상사고,0,0,1,0,45,남,15년이상,,승용,사업용,승용,진입회전사고,맑음,심야,차대차,측면직각충돌,안전거리미확보,특별광역시도,현대리버티하우스,37.5334838,127.008523,용산구,
2018,5,26,토요일,5,중상사고,0,1,1,0,26,남,3년미만,0,승용,비사업용,승용,진입회전사고,맑음,새벽,차대차,측면직각충돌,신호위반,특별광역시도,현대리버티하우스,37.5334838,127.008523,용산구,
2018,5,26,토요일,22,경상사고,0,0,3,0,61,남,15년이상,,승용,사업용,승용,기타사고,맑음,심야,차대차,차대차-기타,안전거리미확보,특별광역시도,현대리버티하우스,37.5334838,127.008523,용산구,
2018,7,10,화요일,10,경상사고,0,0,1,0,37,여,15년이상,,승용,비사업용,건설기계,진입회전사고,맑음,주간,차대차,측면직각충돌,안전운전불이행,특별광역시도,현대리버티하우스,37.5334838,127.008523,용산구,
2018,7,14,토요일,15,중상사고,0,1,0,0,63,여,15년이상,,승용,비사업용,보행자,보행횡단사고,맑음,주간,차대사람,횡단중,안전운전불이행,특별광역시도,현대리버티하우스,37.5334838,127.008523,용산구,
2018,11,9,금요일,9,경상사고,0,0,1,0,49,여,15년이상,,승용,비사업용,승용,기타사고,맑음,주간,차대차,차대차-기타,안전운전불이행,특별광역시도,현대리버티하우스,37.5334838,127.008523,용산구,
2018,11,28,수요일,16,경상사고,0,0,2,0,38,남,3년미만,,승용,비사업용,승용,일직선사고,맑음,주간,차대차,추돌(진행중),안전운전불이행,특별광역시도,현대리버티하우스,37.5334838,127.008523,용산구,
2018,11,19,월요일,17,중상사고,0,1,0,0,28,남,2년미만,,승용,비사업용,승용,진입회전사고,맑음,주간,차대차,측면직각충돌,안전거리미확보,특별광역시도,현대리버티하우스,37.5334838,127.008523,용산구,
2018,12,12,수요일,8,경상사고,0,0,1,0,41,남,15년미만,,승용,비사업용,승용,진입회전사고,맑음,출퇴근,차대차,측면직각충돌,안전거리미확보,특별광역시도,현대리버티하우스,37.5334838,127.008523,용산구,
2018,12,7,금요일,20,부상사고,0,0,0,1,52,여,15년이상,,승용,비사업용,승용,진입회전사고,맑음,출퇴근,차대차,측면직각충돌,신호위반,특별광역시도,현대리버티하우스,37.5334838,127.008523,용산구,
2019,1,16,수요일,12,경상사고,0,0,1,0,54,남,15년이상,,승용,사업용,승용,일직선사고,맑음,주간,차대차,추돌(진행중),안전운전불이행,특별광역시도,현대리버티하우스,37.5334838,127.008523,용산구,
2019,5,10,금요일,7,경상사고,0,0,1,0,72,남,15년이상,,승용,사업용,승용,진입회전사고,맑음,출퇴근,차대차,측면직각충돌,안전거리미확보,특별광역시도,현대리버티하우스,37.5334838,127.008523,용산구,
2019,5,6,월요일,12,경상사고,0,0,1,0,49,여,15년이상,,승용,비사업용,승용,기타사고,맑음,주간,차대차,차대차-기타,교차로운행방법위반,특별광역시도,현대리버티하우스,37.5334838,127.008523,용산구,
2019,6,16,일요일,4,중상사고,0,2,1,0,58,남,15년이상,,승용,사업용,승용,진입회전사고,맑음,심야,차대차,측면직각충돌,신호위반,특별광역시도,현대리버티하우스,37.5334838,127.008523,용산구,
2019,6,2,일요일,11,경상사고,0,0,1,0,38,남,15년이상,,승용,비사업용,이륜,진입회전사고,맑음,주간,차대차,측면직각충돌,신호위반,특별광역시도,현대리버티하우스,37.5334838,127.008523,용산구,
2019,6,14,금요일,18,경상사고,0,0,1,0,65,남,15년이상,,이륜,데이터오류,보행자,기타사고,맑음,출퇴근,차대사람,차대사람-기타,기타,특별광역시도,현대리버티하우스,37.5334838,127.008523,용산구,
2019,7,8,월요일,14,부상사고,0,0,0,1,불명,불명,데이터오류,,기타,데이터오류,기타,기타사고,맑음,주간,차대사람,차도통행중,안전운전불이행,특별광역시도,현대리버티하우스,37.5334838,127.008523,용산구,
2019,7,29,월요일,18,경상사고,0,0,1,0,38,남,10년미만,,승용,비사업용,승용,기타사고,맑음,출퇴근,차대차,차대차-기타,안전운전불이행,특별광역시도,현대리버티하우스,37.5334838,127.008523,용산구,
2019,7,22,월요일,21,경상사고,0,0,2,0,65,남,15년이상,,승용,사업용,승용,일직선사고,맑음,심야,차대차,추돌(진행중),안전운전불이행,특별광역시도,현대리버티하우스,37.5334838,127.008523,용산구,
2019,8,6,화요일,10,경상사고,0,0,1,0,26,여,3년미만,,승용,비사업용,승합,진입회전사고,맑음,주간,차대차,측면직각충돌,안전운전불이행,특별광역시도,현대리버티하우스,37.5334838,127.008523,용산구,
2019,9,1,일요일,0,경상사고,0,0,2,0,34,남,15년미만,,승용,비사업용,승용,진입회전사고,맑음,심야,차대차,측면직각충돌,신호위반,특별광역시도,현대리버티하우스,37.5334838,127.008523,용산구,
2019,10,31,목요일,4,경상사고,0,0,1,0,22,남,3년미만,,승용,비사업용,승용,진입회전사고,맑음,심야,차대차,측면직각충돌,신호위반,특별광역시도,현대리버티하우스,37.5334838,127.008523,용산구,
2019,11,4,월요일,20,경상사고,0,0,1,0,49,여,15년이상,,승용,비사업용,승합,기타사고,맑음,출퇴근,차대차,차대차-기타,안전운전불이행,특별광역시도,현대리버티하우스,37.5334838,127.008523,용산구,
2017,1,10,화요일,1,중상사고,0,1,1,0,56,남,15년이상,,승용,사업용,승용,진입회전사고,맑음,심야,차대차,정면충돌,신호위반,특별광역시도,현대안성타워아파트,37.5351344,126.997901,용산구,
2017,1,6,금요일,22,경상사고,0,0,1,0,56,남,15년이상,,승용,사업용,승용,기타사고,맑음,심야,차대차,차대차-기타,안전운전불이행,특별광역시도,현대안성타워아파트,37.5351344,126.997901,용산구,
2017,3,26,일요일,6,경상사고,0,0,2,0,23,남,15년이상,0,승용,비사업용,승용,일직선사고,맑음,새벽,차대차,추돌(진행중),안전운전불이행,특별광역시도,현대안성타워아파트,37.5351344,126.997901,용산구,
2017,4,8,토요일,11,경상사고,0,0,1,0,59,남,15년이상,,승용,사업용,이륜,일직선사고,맑음,주간,차대차,정면충돌,데이터없음,기타,현대안성타워아파트,37.5351344,126.997901,용산구,
2017,6,18,일요일,6,경상사고,0,0,2,0,62,남,15년이상,,승용,사업용,승용,일직선사고,맑음,새벽,차대차,정면충돌,중앙선침범,특별광역시도,현대안성타워아파트,37.5351344,126.997901,용산구,
2017,6,30,금요일,23,중상사고,0,1,0,0,30,남,15년미만,0,승용,비사업용,승용,진입회전사고,맑음,심야,차대차,측면직각충돌,신호위반,특별광역시도,현대안성타워아파트,37.5351344,126.997901,용산구,
2017,7,2,일요일,2,경상사고,0,0,2,0,34,남,15년이상,0,승용,비사업용,승용,일직선사고,맑음,심야,차대차,정면충돌,안전운전불이행,특별광역시도,현대안성타워아파트,37.5351344,126.997901,용산구,
2017,8,5,토요일,4,경상사고,0,0,1,0,46,남,10년미만,,승용,사업용,승용,일직선사고,맑음,심야,차대차,추돌(진행중),안전거리미확보,특별광역시도,현대안성타워아파트,37.5351344,126.997901,용산구,
2017,9,30,토요일,22,경상사고,0,0,2,0,33,남,15년이상,,승용,비사업용,승용,진입회전사고,맑음,심야,차대차,측면직각충돌,교차로운행방법위반,특별광역시도,현대안성타워아파트,37.5351344,126.997901,용산구,
2017,10,7,토요일,1,경상사고,0,0,1,0,37,남,15년이상,,승용,사업용,보행자,기타사고,맑음,심야,차대사람,차대사람-기타,안전운전불이행,특별광역시도,현대안성타워아파트,37.5351344,126.997901,용산구,
2017,10,6,금요일,19,중상사고,0,1,0,0,59,남,15년이상,,승용,비사업용,보행자,진입회전사고,맑음,출퇴근,차대사람,횡단중,신호위반,특별광역시도,현대안성타워아파트,37.5351344,126.997901,용산구,
2017,11,21,화요일,14,중상사고,0,1,1,0,75,남,15년이상,,승용,사업용,승합,진입회전사고,맑음,주간,차대차,측면직각충돌,신호위반,특별광역시도,현대안성타워아파트,37.5351344,126.997901,용산구,
2017,12,17,일요일,6,경상사고,0,0,1,0,26,남,10년미만,,승용,비사업용,보행자,기타사고,맑음,새벽,차대사람,차대사람-기타,안전운전불이행,특별광역시도,현대안성타워아파트,37.5351344,126.997901,용산구,
2018,1,14,일요일,18,경상사고,0,0,1,0,49,남,10년미만,,승용,사업용,승용,일직선사고,맑음,출퇴근,차대차,추돌(진행중),안전거리미확보,특별광역시도,현대안성타워아파트,37.5351344,126.997901,용산구,
2018,2,28,수요일,13,경상사고,0,0,1,0,65,남,15년이상,,승용,사업용,승용,진입회전사고,맑음,주간,차대차,측면직각충돌,안전운전불이행,특별광역시도,현대안성타워아파트,37.5351344,126.997901,용산구,
2018,3,26,월요일,12,경상사고,0,0,1,0,49,남,5년미만,,승용,사업용,승용,진입회전사고,맑음,주간,차대차,측면직각충돌,안전거리미확보,특별광역시도,현대안성타워아파트,37.5351344,126.997901,용산구,
2018,3,14,수요일,13,경상사고,0,0,1,0,불명,불명,데이터오류,,기타,기타,기타,기타사고,맑음,주간,차대사람,차대사람-기타,안전운전불이행,특별광역시도,현대안성타워아파트,37.5351344,126.997901,용산구,
2018,4,3,화요일,4,부상사고,0,0,0,1,65,남,15년이상,,승용,사업용,승용,일직선사고,맑음,심야,차대차,추돌(진행중),안전거리미확보,특별광역시도,현대안성타워아파트,37.5351344,126.997901,용산구,
2018,5,26,토요일,2,경상사고,0,0,3,0,31,여,10년미만,0,승용,비사업용,승용,기타사고,맑음,심야,차대차,차대차-기타,안전운전불이행,특별광역시도,현대안성타워아파트,37.5351344,126.997901,용산구,
2018,6,15,금요일,15,경상사고,0,0,1,0,26,남,10년미만,,승용,비사업용,이륜,일직선사고,맑음,주간,차대차,추돌(진행중),안전운전불이행,특별광역시도,현대안성타워아파트,37.5351344,126.997901,용산구,
2018,8,26,일요일,1,중상사고,0,1,1,0,25,남,10년미만,,승용,비사업용,승용,일직선사고,맑음,심야,차대차,추돌(진행중),안전운전불이행,특별광역시도,현대안성타워아파트,37.5351344,126.997901,용산구,
2018,8,12,일요일,2,경상사고,0,0,1,0,53,남,15년이상,,승용,사업용,보행자,기타사고,맑음,심야,차대사람,차대사람-기타,안전운전불이행,특별광역시도,현대안성타워아파트,37.5351344,126.997901,용산구,
2018,10,19,금요일,12,중상사고,0,1,0,0,56,남,15년미만,,승용,사업용,보행자,기타사고,맑음,주간,차대사람,차대사람-기타,안전운전불이행,특별광역시도,현대안성타워아파트,37.5351344,126.997901,용산구,
2018,12,9,일요일,4,경상사고,0,0,1,0,59,남,4년미만,,승용,사업용,승용,일직선사고,맑음,심야,차대차,추돌(진행중),안전운전불이행,특별광역시도,현대안성타워아파트,37.5351344,126.997901,용산구,
2019,1,15,화요일,23,경상사고,0,0,1,0,18,남,3년미만,,승용,비사업용,보행자,기타사고,맑음,심야,차대사람,차대사람-기타,보행자보호의무위반,특별광역시도,현대안성타워아파트,37.5351344,126.997901,용산구,
2019,2,3,일요일,5,경상사고,0,0,1,0,26,여,15년이상,,승용,비사업용,승용,일직선사고,비,새벽,차대차,추돌(진행중),안전운전불이행,특별광역시도,현대안성타워아파트,37.5351344,126.997901,용산구,
2019,4,17,수요일,11,경상사고,0,0,1,0,44,남,15년이상,,화물,비사업용,이륜,기타사고,맑음,주간,차대차,차대차-기타,교차로운행방법위반,특별광역시도,현대안성타워아파트,37.5351344,126.997901,용산구,
2019,4,3,수요일,15,중상사고,0,1,0,0,62,남,15년이상,,승용,사업용,승용,기타사고,맑음,주간,차대차,차대차-기타,안전운전불이행,특별광역시도,현대안성타워아파트,37.5351344,126.997901,용산구,
2019,7,12,금요일,14,경상사고,0,0,1,0,43,남,1년미만,,승용,사업용,보행자,기타사고,맑음,주간,차대사람,길가장자리구역통행중,안전운전불이행,특별광역시도,현대안성타워아파트,37.5351344,126.997901,용산구,
2019,10,6,일요일,2,중상사고,0,1,1,0,54,남,15년이상,,승용,사업용,승용,일직선사고,맑음,심야,차대차,추돌(진행중),안전운전불이행,특별광역시도,현대안성타워아파트,37.5351344,126.997901,용산구,
2019,10,6,일요일,6,경상사고,0,0,1,0,24,남,15년이상,,승용,사업용,승용,일직선사고,맑음,새벽,차대차,추돌(진행중),안전운전불이행,특별광역시도,현대안성타워아파트,37.5351344,126.997901,용산구,
2019,10,10,목요일,21,경상사고,0,0,1,0,56,남,15년이상,,승용,사업용,이륜,기타사고,맑음,심야,차대차,차대차-기타,안전운전불이행,특별광역시도,현대안성타워아파트,37.5351344,126.997901,용산구,
2019,11,24,일요일,3,경상사고,0,0,3,0,61,남,15년이상,,승용,사업용,승용,일직선사고,맑음,심야,차대차,추돌(진행중),안전운전불이행,특별광역시도,현대안성타워아파트,37.5351344,126.997901,용산구,
2019,11,8,금요일,17,경상사고,0,0,1,0,28,여,3년미만,,승용,비사업용,보행자,기타사고,맑음,주간,차대사람,길가장자리구역통행중,안전운전불이행,특별광역시도,현대안성타워아파트,37.5351344,126.997901,용산구,
2019,12,26,목요일,1,부상사고,0,0,0,1,53,남,15년이상,,승용,사업용,이륜,진입회전사고,맑음,심야,차대차,차대차-기타,신호위반,특별광역시도,현대안성타워아파트,37.5351344,126.997901,용산구,
2019,12,21,토요일,7,경상사고,0,0,1,0,70,남,15년이상,,승용,사업용,승용,진입회전사고,맑음,출퇴근,차대차,측면직각충돌,안전거리미확보,특별광역시도,현대안성타워아파트,37.5351344,126.997901,용산구,
2017,1,29,일요일,1,부상사고,0,0,0,1,45,남,15년이상,,승용,비사업용,보행자,기타사고,비,심야,차대사람,차도통행중,안전운전불이행,특별광역시도,갈현동439-10번지,37.6197387,126.9195545,은평구,
2017,1,21,토요일,6,경상사고,0,0,1,0,35,남,10년미만,,승용,비사업용,보행자,기타사고,맑음,새벽,차대사람,차도통행중,안전운전불이행,특별광역시도,갈현동439-10번지,37.6197387,126.9195545,은평구,
2017,2,3,금요일,10,부상사고,0,0,0,1,44,남,15년이상,,승용,비사업용,보행자,기타사고,맑음,주간,차대사람,차대사람-기타,안전운전불이행,특별광역시도,갈현동439-10번지,37.6197387,126.9195545,은평구,
2017,2,12,일요일,19,경상사고,0,0,1,0,45,남,15년이상,,승용,비사업용,보행자,기타사고,맑음,출퇴근,차대사람,차대사람-기타,안전운전불이행,기타,갈현동439-10번지,37.6197387,126.9195545,은평구,
2017,3,16,목요일,2,중상사고,0,1,0,0,50,남,15년이상,,승용,사업용,보행자,기타사고,맑음,심야,차대사람,차대사람-기타,안전운전불이행,특별광역시도,갈현동439-10번지,37.6197387,126.9195545,은평구,
2017,4,16,일요일,19,경상사고,0,0,1,0,62,남,15년이상,,승용,비사업용,보행자,기타사고,흐림,출퇴근,차대사람,차도통행중,안전운전불이행,특별광역시도,갈현동439-10번지,37.6197387,126.9195545,은평구,
2017,4,25,화요일,21,부상사고,0,0,0,1,48,남,15년이상,,승용,비사업용,보행자,기타사고,흐림,심야,차대사람,차대사람-기타,안전운전불이행,기타,갈현동439-10번지,37.6197387,126.9195545,은평구,
2017,4,8,토요일,23,경상사고,0,0,1,0,37,남,15년미만,0,승용,비사업용,보행자,진입회전사고,비,심야,차대차,측면직각충돌,안전운전불이행,특별광역시도,갈현동439-10번지,37.6197387,126.9195545,은평구,
2017,9,7,목요일,7,경상사고,0,0,1,0,61,남,15년미만,,승용,비사업용,보행자,기타사고,맑음,출퇴근,차대사람,차대사람-기타,안전운전불이행,특별광역시도,갈현동439-10번지,37.6197387,126.9195545,은평구,
2017,11,3,금요일,0,경상사고,0,0,1,0,46,남,15년이상,,승용,사업용,보행자,기타사고,맑음,심야,차대사람,차대사람-기타,안전운전불이행,특별광역시도,갈현동439-10번지,37.6197387,126.9195545,은평구,
2018,2,2,금요일,15,경상사고,0,0,1,0,불명,불명,데이터오류,,기타,기타,기타,기타사고,맑음,주간,차대사람,길가장자리구역통행중,안전운전불이행,특별광역시도,갈현동439-10번지,37.6197387,126.9195545,은평구,
2018,3,10,토요일,2,중상사고,0,1,0,0,32,여,15년미만,0,승용,비사업용,보행자,기타사고,맑음,심야,차대사람,차도통행중,안전운전불이행,특별광역시도,갈현동439-10번지,37.6197387,126.9195545,은평구,
2018,3,14,수요일,15,경상사고,0,0,2,0,42,남,15년이상,,이륜,기타,이륜,진입회전사고,맑음,주간,차대차,측면직각충돌,안전운전불이행,특별광역시도,갈현동439-10번지,37.6197387,126.9195545,은평구,
2018,5,28,월요일,4,부상사고,0,0,0,1,75,남,15년이상,,승용,사업용,보행자,기타사고,맑음,심야,차대사람,차대사람-기타,안전운전불이행,특별광역시도,갈현동439-10번지,37.6197387,126.9195545,은평구,
2018,6,26,화요일,5,경상사고,0,0,1,0,27,남,15년이상,,자전거,기타,보행자,기타사고,비,새벽,차대사람,차도통행중,안전운전불이행,특별광역시도,갈현동439-10번지,37.6197387,126.9195545,은평구,
2018,11,2,금요일,22,중상사고,0,1,0,0,27,남,15년미만,,승용,비사업용,보행자,기타사고,맑음,심야,차대사람,차대사람-기타,안전운전불이행,특별광역시도,갈현동439-10번지,37.6197387,126.9195545,은평구,
2018,12,25,화요일,1,경상사고,0,0,1,0,42,남,15년이상,,승합,비사업용,보행자,기타사고,맑음,심야,차대사람,차도통행중,안전운전불이행,특별광역시도,갈현동439-10번지,37.6197387,126.9195545,은평구,
2018,12,22,토요일,22,중상사고,0,1,0,0,70,남,15년이상,,승용,사업용,보행자,기타사고,맑음,심야,차대사람,차도통행중,안전운전불이행,특별광역시도,갈현동439-10번지,37.6197387,126.9195545,은평구,
2019,1,27,일요일,0,경상사고,0,0,1,0,62,남,15년이상,,승용,사업용,보행자,기타사고,맑음,심야,차대사람,차대사람-기타,안전운전불이행,특별광역시도,갈현동439-10번지,37.6197387,126.9195545,은평구,
2019,1,5,토요일,18,경상사고,0,0,1,0,50,남,15년이상,,승용,비사업용,보행자,기타사고,맑음,출퇴근,차대사람,차대사람-기타,안전운전불이행,특별광역시도,갈현동439-10번지,37.6197387,126.9195545,은평구,
2019,2,19,화요일,0,중상사고,0,1,0,0,76,남,15년이상,,승용,사업용,보행자,기타사고,맑음,심야,차대사람,차도통행중,안전운전불이행,특별광역시도,갈현동439-10번지,37.6197387,126.9195545,은평구,
2019,6,22,토요일,13,경상사고,0,0,1,0,65,남,15년이상,,승용,사업용,보행자,기타사고,맑음,주간,차대사람,차대사람-기타,안전운전불이행,특별광역시도,갈현동439-10번지,37.6197387,126.9195545,은평구,
2019,8,17,토요일,8,부상사고,0,0,0,1,38,여,15년이상,,승용,비사업용,보행자,기타사고,흐림,출퇴근,차대사람,차대사람-기타,안전운전불이행,기타,갈현동439-10번지,37.6197387,126.9195545,은평구,
2019,9,23,월요일,3,경상사고,0,0,1,0,69,남,15년이상,,승용,사업용,보행자,기타사고,맑음,심야,차대사람,차대사람-기타,안전운전불이행,특별광역시도,갈현동439-10번지,37.6197387,126.9195545,은평구,
2019,10,24,목요일,14,경상사고,0,0,1,0,48,남,15년이상,,이륜,데이터오류,보행자,보행횡단사고,맑음,주간,차대사람,보도통행중,보행자보호의무위반,특별광역시도,갈현동439-10번지,37.6197387,126.9195545,은평구,
2019,11,26,화요일,12,경상사고,0,0,1,0,28,남,10년미만,,승용,사업용,보행자,기타사고,맑음,주간,차대사람,길가장자리구역통행중,안전운전불이행,기타,갈현동439-10번지,37.6197387,126.9195545,은평구,
2017,8,10,목요일,21,부상사고,0,0,0,1,68,남,15년이상,,승용,비사업용,이륜,진입회전사고,비,심야,차대차,측면직각충돌,신호위반,특별광역시도,갈현동439-10번지,37.6197387,126.9195545,은평구,
2017,9,29,금요일,8,중상사고,0,1,0,0,53,여,15년이상,,화물,비사업용,자전거,진입회전사고,맑음,출퇴근,차대차,측면직각충돌,불법유턴,특별광역시도,갈현동439-10번지,37.6197387,126.9195545,은평구,
2017,10,11,수요일,5,부상사고,0,0,0,1,53,남,15년이상,,승합,사업용,보행자,기타사고,비,새벽,차대사람,차대사람-기타,안전운전불이행,특별광역시도,갈현동439-10번지,37.6197387,126.9195545,은평구,
2017,10,16,월요일,21,사망사고,1,0,0,0,32,남,15년이상,,승용,비사업용,원동기,진입회전사고,맑음,심야,차대차,측면직각충돌,신호위반,특별광역시도,갈현동439-10번지,37.6197387,126.9195545,은평구,
2017,12,3,일요일,7,경상사고,0,0,1,0,52,남,15년이상,,승용,비사업용,보행자,보행횡단사고,흐림,출퇴근,차대사람,횡단중,보행자보호의무위반,특별광역시도,갈현동439-10번지,37.6197387,126.9195545,은평구,
2018,2,27,화요일,11,경상사고,0,0,1,0,66,여,15년이상,,승용,비사업용,승용,기타사고,맑음,주간,차대차,차대차-기타,안전운전불이행,특별광역시도,갈현동439-10번지,37.6197387,126.9195545,은평구,
2018,3,9,금요일,19,경상사고,0,0,1,0,58,남,15년이상,,승용,비사업용,이륜,일직선사고,맑음,출퇴근,차대차,정면충돌,안전운전불이행,특별광역시도,갈현동439-10번지,37.6197387,126.9195545,은평구,
2018,4,1,일요일,0,경상사고,0,0,2,0,48,남,10년미만,,이륜,기타,이륜,진입회전사고,기타,심야,차대차,측면직각충돌,신호위반,특별광역시도,갈현동439-10번지,37.6197387,126.9195545,은평구,
2018,5,24,목요일,8,경상사고,0,0,1,0,57,남,15년이상,,승합,사업용,승합,진입회전사고,맑음,출퇴근,차대차,측면직각충돌,신호위반,특별광역시도,갈현동439-10번지,37.6197387,126.9195545,은평구,
2018,10,24,수요일,18,중상사고,0,1,0,0,불명,불명,데이터오류,,기타,기타,기타,기타사고,맑음,출퇴근,차대차,차대차-기타,불법유턴,특별광역시도,갈현동439-10번지,37.6197387,126.9195545,은평구,
2018,11,25,일요일,13,경상사고,0,0,1,0,76,남,15년이상,,승용,비사업용,승용,기타사고,맑음,주간,차대차,차대차-기타,안전운전불이행,특별광역시도,갈현동439-10번지,37.6197387,126.9195545,은평구,
2018,12,19,수요일,8,경상사고,0,0,1,0,46,남,15년이상,,승용,비사업용,이륜,기타사고,맑음,출퇴근,차대차,차대차-기타,안전운전불이행,특별광역시도,갈현동439-10번지,37.6197387,126.9195545,은평구,
2019,1,7,월요일,13,경상사고,0,0,1,1,30,남,10년미만,,승용,비사업용,승용,진입회전사고,맑음,주간,차대차,측면직각충돌,교차로운행방법위반,특별광역시도,갈현동439-10번지,37.6197387,126.9195545,은평구,
2019,3,18,월요일,5,중상사고,0,1,0,0,62,남,15년이상,,승용,비사업용,이륜,진입회전사고,맑음,새벽,차대차,측면직각충돌,중앙선침범,특별광역시도,갈현동439-10번지,37.6197387,126.9195545,은평구,
2019,4,23,화요일,10,중상사고,0,1,0,0,79,남,15년이상,,승용,비사업용,자전거,진입회전사고,맑음,주간,차대차,측면직각충돌,안전운전불이행,특별광역시도,갈현동439-10번지,37.6197387,126.9195545,은평구,