년도,월,일,요일,시각,사고등급,사망자수,중상자수,경상자수,부상자수,연령,성별,경력,음주,종별,용도,관련자2,사고형태,기상상태,일광상태,사고유형1,사고유형2,법규위반,도로종류,지점명,위도,경도,자치구,
2017,2,28,화요일,16,경상사고,0,0,2,0,53,남,10년미만,,승용,비사업용,승용,진입회전사고,맑음,주간,차대차,측면직각충돌,안전거리미확보,특별광역시도,덕원아파트부근삼거리,37.578782,126.9035598,은평구,
2017,3,31,금요일,17,경상사고,0,0,1,0,45,여,15년이상,,승용,비사업용,이륜,진입회전사고,흐림,주간,차대차,측면직각충돌,중앙선침범,특별광역시도,덕원아파트부근삼거리,37.578782,126.9035598,은평구,
2017,5,10,수요일,12,경상사고,0,0,1,0,67,여,15년이상,,승용,비사업용,승용,주정차사고,맑음,주간,차대차,추돌(주정차중),안전운전불이행,특별광역시도,덕원아파트부근삼거리,37.578782,126.9035598,은평구,
2017,5,28,일요일,20,경상사고,0,0,1,0,61,남,15년이상,,승합,사업용,자전거,진입회전사고,맑음,출퇴근,차대차,측면직각충돌,불법유턴,특별광역시도,덕원아파트부근삼거리,37.578782,126.9035598,은평구,
2017,6,12,월요일,14,경상사고,0,0,1,0,52,남,15년이상,,승용,비사업용,이륜,진입회전사고,맑음,주간,차대차,측면직각충돌,중앙선침범,특별광역시도,덕원아파트부근삼거리,37.578782,126.9035598,은평구,
2017,8,23,수요일,12,중상사고,0,1,0,0,67,여,15년이상,,승용,비사업용,이륜,진입회전사고,비,주간,차대차,측면직각충돌,안전운전불이행,특별광역시도,덕원아파트부근삼거리,37.578782,126.9035598,은평구,
2018,2,23,금요일,9,경상사고,0,0,1,0,65,남,15년이상,,승용,사업용,기타,일직선사고,맑음,주간,차대차,추돌(진행중),안전운전불이행,특별광역시도,덕원아파트부근삼거리,37.578782,126.9035598,은평구,
2018,3,28,수요일,12,중상사고,0,1,0,0,49,여,15년이상,,승용,비사업용,승용,진입회전사고,맑음,주간,차대차,측면직각충돌,안전운전불이행,특별광역시도,덕원아파트부근삼거리,37.578782,126.9035598,은평구,
2018,4,5,목요일,23,중상사고,0,1,1,0,61,여,15년이상,,승용,비사업용,승용,진입회전사고,비,심야,차대차,정면충돌,신호위반,특별광역시도,덕원아파트부근삼거리,37.578782,126.9035598,은평구,
2018,6,3,일요일,6,중상사고,0,3,0,0,37,남,15년미만,,승용,비사업용,승합,진입회전사고,맑음,새벽,차대차,측면직각충돌,신호위반,특별광역시도,덕원아파트부근삼거리,37.578782,126.9035598,은평구,
2018,10,13,토요일,1,경상사고,0,0,3,0,65,남,15년이상,,승용,사업용,승용,진입회전사고,맑음,심야,차대차,측면직각충돌,차로위반,특별광역시도,덕원아파트부근삼거리,37.578782,126.9035598,은평구,
2018,12,1,토요일,13,경상사고,0,0,1,0,52,남,15년이상,,화물,비사업용,원동기,진입회전사고,맑음,주간,차대차,측면직각충돌,교차로운행방법위반,특별광역시도,덕원아파트부근삼거리,37.578782,126.9035598,은평구,
2019,5,5,일요일,4,중상사고,0,1,2,0,29,남,15년이상,,승용,비사업용,이륜,진입회전사고,맑음,심야,차대차,측면직각충돌,신호위반,특별광역시도,덕원아파트부근삼거리,37.578782,126.9035598,은평구,
2019,6,13,목요일,22,중상사고,0,1,0,0,56,남,15년이상,0,자전거,데이터오류,보행자,보행횡단사고,맑음,심야,차대사람,보도통행중,기타,특별광역시도,덕원아파트부근삼거리,37.578782,126.9035598,은평구,
2019,7,23,화요일,18,부상사고,0,0,0,1,65,남,15년이상,,승용,비사업용,자전거,진입회전사고,맑음,출퇴근,차대차,측면직각충돌,안전운전불이행,특별광역시도,덕원아파트부근삼거리,37.578782,126.9035598,은평구,
2019,8,31,토요일,19,중상사고,0,2,0,0,58,여,15년이상,,승용,비사업용,원동기,진입회전사고,맑음,출퇴근,차대차,측면직각충돌,안전운전불이행,특별광역시도,덕원아파트부근삼거리,37.578782,126.9035598,은평구,
2019,11,13,수요일,14,경상사고,0,0,1,0,46,남,15년이상,,승용,사업용,화물,일직선사고,흐림,주간,차대차,추돌(진행중),안전운전불이행,특별광역시도,덕원아파트부근삼거리,37.578782,126.9035598,은평구,
2017,1,6,금요일,19,중상사고,0,1,0,0,55,남,15년이상,,승용,비사업용,원동기,기타사고,맑음,출퇴근,차대차,차대차-기타,데이터없음,특별광역시도,메가박스삼거리,36.8323515,127.1479648,은평구,
2017,5,7,일요일,2,경상사고,0,0,6,0,68,남,15년이상,,승용,비사업용,승합,진입회전사고,맑음,심야,차대차,측면직각충돌,신호위반,특별광역시도,메가박스삼거리,36.8323515,127.1479648,은평구,
2017,11,4,토요일,22,부상사고,0,0,0,1,54,남,15년이상,,승합,사업용,이륜,진입회전사고,맑음,심야,차대차,차대차-기타,신호위반,특별광역시도,메가박스삼거리,36.8323515,127.1479648,은평구,
2017,12,31,일요일,8,경상사고,0,0,3,0,30,남,10년미만,0,승용,비사업용,승용,일직선사고,맑음,출퇴근,차대차,추돌(진행중),안전거리미확보,특별광역시도,메가박스삼거리,36.8323515,127.1479648,은평구,
2018,3,4,일요일,23,경상사고,0,0,3,0,65,남,15년이상,,승용,비사업용,승합,진입회전사고,맑음,심야,차대차,측면직각충돌,신호위반,특별광역시도,메가박스삼거리,36.8323515,127.1479648,은평구,
2018,5,12,토요일,6,경상사고,0,0,2,0,75,남,15년이상,,승용,비사업용,승합,진입회전사고,비,새벽,차대차,측면직각충돌,신호위반,특별광역시도,메가박스삼거리,36.8323515,127.1479648,은평구,
2018,5,16,수요일,11,경상사고,0,0,4,0,53,여,15년이상,,승용,비사업용,승합,진입회전사고,비,주간,차대차,측면직각충돌,신호위반,특별광역시도,메가박스삼거리,36.8323515,127.1479648,은평구,
2018,5,22,화요일,15,중상사고,0,1,0,0,73,남,15년이상,,승용,사업용,원동기,기타사고,맑음,주간,차대차,차대차-기타,기타,특별광역시도,메가박스삼거리,36.8323515,127.1479648,은평구,
2018,9,26,수요일,8,중상사고,0,1,0,0,45,남,15년이상,,승용,비사업용,승합,진입회전사고,맑음,출퇴근,차대차,측면직각충돌,신호위반,특별광역시도,메가박스삼거리,36.8323515,127.1479648,은평구,
2018,10,9,화요일,13,사망사고,1,0,0,0,44,남,15년이상,,승합,사업용,이륜,진입회전사고,맑음,주간,차대차,차대차-기타,신호위반,특별광역시도,메가박스삼거리,36.8323515,127.1479648,은평구,
2018,11,21,수요일,4,경상사고,0,0,1,0,75,남,15년이상,,승용,사업용,승합,진입회전사고,맑음,심야,차대차,측면직각충돌,신호위반,특별광역시도,메가박스삼거리,36.8323515,127.1479648,은평구,
2018,11,20,화요일,11,경상사고,0,0,2,0,57,여,15년이상,,승용,비사업용,승합,진입회전사고,맑음,주간,차대차,측면직각충돌,신호위반,특별광역시도,메가박스삼거리,36.8323515,127.1479648,은평구,
2018,12,1,토요일,13,중상사고,0,5,3,0,26,남,15년이상,,승용,비사업용,승합,진입회전사고,맑음,주간,차대차,측면직각충돌,신호위반,특별광역시도,메가박스삼거리,36.8323515,127.1479648,은평구,
2019,4,10,수요일,23,중상사고,0,2,4,2,39,남,15년이상,,승용,비사업용,승합,진입회전사고,맑음,심야,차대차,측면직각충돌,신호위반,기타,메가박스삼거리,36.8323515,127.1479648,은평구,
2019,6,16,일요일,22,경상사고,0,0,2,0,60,남,15년이상,,승합,사업용,이륜,진입회전사고,맑음,심야,차대차,측면직각충돌,신호위반,특별광역시도,메가박스삼거리,36.8323515,127.1479648,은평구,
2019,9,27,금요일,20,중상사고,0,1,3,1,42,남,15년이상,,승합,사업용,이륜,진입회전사고,맑음,출퇴근,차대차,측면직각충돌,신호위반,특별광역시도,메가박스삼거리,36.8323515,127.1479648,은평구,
2019,11,13,수요일,11,경상사고,0,0,1,0,70,남,15년이상,,승용,사업용,이륜,진입회전사고,맑음,주간,차대차,측면직각충돌,기타,특별광역시도,메가박스삼거리,36.8323515,127.1479648,은평구,
2017,6,1,목요일,11,중상사고,0,1,0,0,41,남,15년이상,,승용,비사업용,보행자,진입회전사고,맑음,주간,차대사람,횡단중,신호위반,특별광역시도,박석고개교차로,37.917381,126.835587,은평구,
2017,7,16,일요일,17,경상사고,0,0,2,0,35,여,10년미만,,승용,비사업용,승용,기타사고,맑음,주간,차대차,차대차-기타,안전운전불이행,특별광역시도,박석고개교차로,37.917381,126.835587,은평구,
2017,11,16,목요일,18,경상사고,0,0,1,0,불명,불명,데이터오류,,기타,데이터오류,기타,기타사고,맑음,출퇴근,차대차,차대차-기타,안전운전불이행,기타,박석고개교차로,37.917381,126.835587,은평구,
2018,2,21,수요일,15,중상사고,0,2,1,0,57,남,15년이상,,승용,비사업용,이륜,진입회전사고,맑음,주간,차대차,측면직각충돌,신호위반,특별광역시도,박석고개교차로,37.917381,126.835587,은평구,
2018,4,22,일요일,17,경상사고,0,0,3,0,54,남,15년이상,0,승용,사업용,승용,진입회전사고,비,주간,차대차,측면직각충돌,안전운전불이행,특별광역시도,박석고개교차로,37.917381,126.835587,은평구,
2018,5,13,일요일,3,경상사고,0,0,1,0,57,남,15년이상,,승용,사업용,승용,일직선사고,맑음,심야,차대차,추돌(진행중),안전거리미확보,특별광역시도,박석고개교차로,37.917381,126.835587,은평구,
2018,6,2,토요일,18,중상사고,0,1,0,0,49,여,10년미만,,승용,비사업용,보행자,진입회전사고,맑음,출퇴근,차대사람,횡단중,신호위반,특별광역시도,박석고개교차로,37.917381,126.835587,은평구,
2018,7,20,금요일,21,경상사고,0,0,2,0,65,남,15년이상,,승용,사업용,승용,진입회전사고,맑음,심야,차대차,측면직각충돌,안전운전불이행,특별광역시도,박석고개교차로,37.917381,126.835587,은평구,
2018,8,29,수요일,8,경상사고,0,0,1,0,불명,불명,데이터오류,,기타,기타,기타,진입회전사고,흐림,출퇴근,차대차,측면직각충돌,안전운전불이행,특별광역시도,박석고개교차로,37.917381,126.835587,은평구,
2018,11,7,수요일,3,중상사고,0,1,0,1,24,남,4년미만,,이륜,기타,기타,기타사고,비,심야,차량단독,차량단독-기타,안전운전불이행,특별광역시도,박석고개교차로,37.917381,126.835587,은평구,
2018,12,10,월요일,7,경상사고,0,0,2,0,57,남,15년이상,,승합,사업용,승합,진입회전사고,맑음,출퇴근,차대차,측면직각충돌,신호위반,특별광역시도,박석고개교차로,37.917381,126.835587,은평구,
2019,1,23,수요일,0,경상사고,0,0,1,0,56,여,15년미만,,승합,사업용,기타,기타사고,맑음,심야,차량단독,차량단독-기타,안전운전불이행,특별광역시도,박석고개교차로,37.917381,126.835587,은평구,
2019,1,16,수요일,8,중상사고,0,1,0,0,54,남,15년이상,,승합,사업용,기타,기타사고,맑음,출퇴근,차량단독,차량단독-기타,기타,특별광역시도,박석고개교차로,37.917381,126.835587,은평구,
2019,2,2,토요일,21,중상사고,0,1,0,0,22,남,10년미만,,이륜,데이터오류,보행자,진입회전사고,맑음,심야,차대사람,보도통행중,신호위반,특별광역시도,박석고개교차로,37.917381,126.835587,은평구,
2019,5,16,목요일,15,중상사고,0,1,0,0,45,남,15년이상,,승용,비사업용,이륜,진입회전사고,맑음,주간,차대차,차대차-기타,신호위반,특별광역시도,박석고개교차로,37.917381,126.835587,은평구,
2019,8,27,화요일,3,중상사고,0,1,0,0,50,남,15년이상,,승용,비사업용,기타,기타사고,비,심야,차량단독,차량단독-기타,안전운전불이행,기타,박석고개교차로,37.917381,126.835587,은평구,
2019,8,30,금요일,13,경상사고,0,0,1,0,47,남,15년이상,,승합,사업용,승합,진입회전사고,맑음,주간,차대차,측면직각충돌,교차로운행방법위반,특별광역시도,박석고개교차로,37.917381,126.835587,은평구,
2019,8,11,일요일,16,경상사고,0,0,2,0,38,남,15년이상,,승용,비사업용,이륜,진입회전사고,맑음,주간,차대차,측면직각충돌,안전운전불이행,특별광역시도,박석고개교차로,37.917381,126.835587,은평구,
2019,11,11,월요일,13,경상사고,0,0,1,0,42,여,15년이상,,승용,비사업용,이륜,진입회전사고,맑음,주간,차대차,측면직각충돌,안전운전불이행,기타,박석고개교차로,37.917381,126.835587,은평구,
2019,11,20,수요일,22,경상사고,0,0,1,0,62,남,15년이상,,승합,사업용,보행자,기타사고,맑음,심야,차대사람,차대사람-기타,기타,특별광역시도,박석고개교차로,37.917381,126.835587,은평구,
2017,5,12,금요일,13,경상사고,0,0,1,0,62,남,15년이상,,승용,사업용,이륜,기타사고,맑음,주간,차대차,차대차-기타,안전운전불이행,특별광역시도,불광역사거리,37.6109729,126.929473,은평구,
2017,7,6,목요일,7,경상사고,0,0,1,0,59,남,15년이상,,화물,사업용,보행자,기타사고,맑음,출퇴근,차대사람,차대사람-기타,안전운전불이행,특별광역시도,불광역사거리,37.6109729,126.929473,은평구,
2017,10,30,월요일,22,경상사고,0,0,1,0,53,남,15년이상,,승합,사업용,보행자,기타사고,맑음,심야,차대사람,차대사람-기타,안전운전불이행,특별광역시도,불광역사거리,37.6109729,126.929473,은평구,
2018,1,9,화요일,23,경상사고,0,0,1,0,61,남,10년미만,,승용,사업용,원동기,기타사고,맑음,심야,차대차,차대차-기타,안전운전불이행,특별광역시도,불광역사거리,37.6109729,126.929473,은평구,
2018,4,10,화요일,17,경상사고,0,0,1,0,39,남,10년미만,,승용,비사업용,보행자,기타사고,맑음,주간,차대사람,차도통행중,안전운전불이행,특별광역시도,불광역사거리,37.6109729,126.929473,은평구,
2019,2,9,토요일,8,경상사고,0,0,1,0,46,남,15년이상,,원동기,데이터오류,보행자,보행횡단사고,맑음,출퇴근,차대사람,횡단중,안전운전불이행,특별광역시도,불광역사거리,37.6109729,126.929473,은평구,
2019,10,6,일요일,1,경상사고,0,0,1,0,73,남,15년이상,,승용,사업용,보행자,보행횡단사고,맑음,심야,차대사람,횡단중,안전운전불이행,특별광역시도,불광역사거리,37.6109729,126.929473,은평구,
2017,1,14,토요일,1,중상사고,0,1,0,0,57,남,15년이상,,승용,사업용,승용,진입회전사고,맑음,심야,차대차,측면직각충돌,신호위반,특별광역시도,불광역사거리,37.6109729,126.929473,은평구,
2017,1,17,화요일,12,중상사고,0,1,0,0,36,남,15년이상,,승용,비사업용,자전거,기타사고,맑음,주간,차대차,차대차-기타,안전운전불이행,특별광역시도,불광역사거리,37.6109729,126.929473,은평구,
2017,3,18,토요일,10,경상사고,0,0,1,0,54,남,15년이상,,승용,사업용,자전거,진입회전사고,맑음,주간,차대차,측면직각충돌,데이터없음,특별광역시도,불광역사거리,37.6109729,126.929473,은평구,
2017,3,5,일요일,14,중상사고,0,1,0,0,70,남,15년이상,,승합,비사업용,기타,기타사고,맑음,주간,차량단독,차량단독-기타,안전운전불이행,특별광역시도,불광역사거리,37.6109729,126.929473,은평구,
2017,4,23,일요일,11,중상사고,0,1,0,1,21,남,15년이상,,이륜,기타,자전거,진입회전사고,맑음,주간,차대차,측면직각충돌,신호위반,특별광역시도,불광역사거리,37.6109729,126.929473,은평구,
2017,4,11,화요일,16,중상사고,0,1,0,0,63,남,15년이상,,화물,비사업용,자전거,진입회전사고,맑음,주간,차대차,측면직각충돌,신호위반,특별광역시도,불광역사거리,37.6109729,126.929473,은평구,
2017,7,11,화요일,14,경상사고,0,0,1,0,불명,불명,데이터오류,,기타,데이터오류,기타,보행횡단사고,맑음,주간,차대사람,횡단중,보행자보호의무위반,특별광역시도,불광역사거리,37.6109729,126.929473,은평구,
2017,8,26,토요일,4,경상사고,0,0,1,0,52,남,15년이상,,승용,사업용,이륜,일직선사고,흐림,심야,차대차,추돌(진행중),안전운전불이행,특별광역시도,불광역사거리,37.6109729,126.929473,은평구,
2017,10,4,수요일,0,중상사고,0,2,4,0,71,남,15년이상,,승용,사업용,승합,진입회전사고,맑음,심야,차대차,차대차-기타,신호위반,특별광역시도,불광역사거리,37.6109729,126.929473,은평구,
2017,10,11,수요일,9,부상사고,0,0,0,1,불명,불명,데이터오류,,기타,데이터오류,기타,진입회전사고,비,주간,차대차,차대차-기타,신호위반,특별광역시도,불광역사거리,37.6109729,126.929473,은평구,
2017,12,16,토요일,23,중상사고,0,1,0,1,26,남,15년이상,,원동기,기타,보행자,기타사고,맑음,심야,차대사람,차도통행중,안전운전불이행,특별광역시도,불광역사거리,37.6109729,126.929473,은평구,
2018,1,23,화요일,21,부상사고,0,0,0,1,20,남,2년미만,,이륜,기타,이륜,진입회전사고,맑음,심야,차대차,차대차-기타,신호위반,특별광역시도,불광역사거리,37.6109729,126.929473,은평구,
2018,3,2,금요일,0,경상사고,0,0,2,0,39,여,15년이상,,승용,사업용,승용,진입회전사고,맑음,심야,차대차,측면직각충돌,신호위반,특별광역시도,불광역사거리,37.6109729,126.929473,은평구,
2018,3,30,금요일,0,경상사고,0,0,1,0,77,남,15년이상,,승용,사업용,보행자,보행횡단사고,맑음,심야,차대사람,횡단중,안전운전불이행,특별광역시도,불광역사거리,37.6109729,126.929473,은평구,
2018,4,16,월요일,1,경상사고,0,0,2,0,47,남,15년이상,,승용,사업용,승용,일직선사고,맑음,심야,차대차,추돌(진행중),안전운전불이행,특별광역시도,불광역사거리,37.6109729,126.929473,은평구,
2018,4,8,일요일,1,중상사고,0,1,0,0,불명,불명,데이터오류,,기타,기타,기타,보행횡단사고,맑음,심야,차대사람,횡단중,안전운전불이행,특별광역시도,불광역사거리,37.6109729,126.929473,은평구,
2018,5,9,수요일,18,경상사고,0,0,2,0,70,남,15년이상,,승용,사업용,승용,기타사고,맑음,출퇴근,차대차,차대차-기타,차로위반,특별광역시도,불광역사거리,37.6109729,126.929473,은평구,
2018,6,3,일요일,5,중상사고,0,1,1,1,70,남,15년이상,,승용,사업용,승합,진입회전사고,맑음,새벽,차대차,측면직각충돌,신호위반,특별광역시도,불광역사거리,37.6109729,126.929473,은평구,
2018,8,25,토요일,0,경상사고,0,0,1,0,66,남,15년미만,,화물,비사업용,보행자,기타사고,맑음,심야,차대사람,차도통행중,안전운전불이행,특별광역시도,불광역사거리,37.6109729,126.929473,은평구,
2018,8,5,일요일,10,부상사고,0,0,0,1,49,여,15년이상,,승용,비사업용,이륜,기타사고,맑음,주간,차대차,차대차-기타,안전운전불이행,특별광역시도,불광역사거리,37.6109729,126.929473,은평구,
2018,12,15,토요일,14,부상사고,0,0,0,1,24,남,15년이상,,승용,비사업용,이륜,진입회전사고,맑음,주간,차대차,측면직각충돌,안전운전불이행,특별광역시도,불광역사거리,37.6109729,126.929473,은평구,
2019,2,8,금요일,0,경상사고,0,0,1,0,50,여,1년미만,,승용,비사업용,승용,일직선사고,맑음,심야,차대차,추돌(진행중),불법유턴,특별광역시도,불광역사거리,37.6109729,126.929473,은평구,
2019,2,28,목요일,18,경상사고,0,0,1,0,45,남,15년이상,,이륜,데이터오류,이륜,진입회전사고,맑음,출퇴근,차대차,측면직각충돌,안전운전불이행,기타,불광역사거리,37.6109729,126.929473,은평구,
2019,5,4,토요일,11,중상사고,0,1,0,0,67,남,15년이상,,승용,사업용,보행자,진입회전사고,맑음,주간,차대사람,횡단중,신호위반,특별광역시도,불광역사거리,37.6109729,126.929473,은평구,
2019,5,26,일요일,19,부상사고,0,0,0,1,59,남,15년이상,,승합,사업용,기타,기타사고,맑음,출퇴근,차량단독,차량단독-기타,안전운전불이행,특별광역시도,불광역사거리,37.6109729,126.929473,은평구,
2019,8,2,금요일,15,경상사고,0,0,2,0,75,남,15년이상,,승용,비사업용,승용,진입회전사고,맑음,주간,차대차,측면직각충돌,차로위반,특별광역시도,불광역사거리,37.6109729,126.929473,은평구,
2019,8,12,월요일,20,경상사고,0,0,1,0,50,남,15년이상,,자전거,데이터오류,보행자,보행횡단사고,비,출퇴근,차대사람,보도통행중,중앙선침범,특별광역시도,불광역사거리,37.6109729,126.929473,은평구,
2019,9,26,목요일,2,경상사고,0,0,2,0,20,남,15년이상,0,이륜,데이터오류,기타,기타사고,맑음,심야,차량단독,차량단독-기타,안전운전불이행,특별광역시도,불광역사거리,37.6109729,126.929473,은평구,
2019,9,11,수요일,5,경상사고,0,0,1,0,54,남,15년이상,,승용,사업용,승용,일직선사고,비,새벽,차대차,추돌(진행중),안전운전불이행,기타,불광역사거리,37.6109729,126.929473,은평구,
2019,9,11,수요일,9,중상사고,0,1,0,0,63,남,15년이상,,승용,비사업용,승용,진입회전사고,맑음,주간,차대차,측면직각충돌,신호위반,기타,불광역사거리,37.6109729,126.929473,은평구,
2019,10,17,목요일,23,중상사고,0,2,0,2,51,남,15년이상,0,승용,비사업용,승용,일직선사고,맑음,심야,차대차,추돌(진행중),안전거리미확보,특별광역시도,불광역사거리,37.6109729,126.929473,은평구,
2019,12,21,토요일,13,경상사고,0,0,2,0,70,남,15년이상,,승용,사업용,승용,일직선사고,흐림,주간,차대차,추돌(진행중),차로위반,특별광역시도,불광역사거리,37.6109729,126.929473,은평구,
2017,3,2,목요일,14,경상사고,0,0,2,0,79,남,15년이상,,승용,비사업용,승용,진입회전사고,맑음,주간,차대차,측면직각충돌,신호위반,특별광역시도,서울은평경찰서불광지구대앞,37.6213883,126.9265841,은평구,
2017,6,16,금요일,7,경상사고,0,0,1,0,51,여,15년이상,,승용,비사업용,보행자,보행횡단사고,맑음,출퇴근,차대사람,횡단중,보행자보호의무위반,특별광역시도,서울은평경찰서불광지구대앞,37.6213883,126.9265841,은평구,
2017,6,9,금요일,21,부상사고,0,0,0,3,27,남,10년미만,,승용,사업용,승용,기타사고,맑음,심야,차대차,차대차-기타,안전거리미확보,특별광역시도,서울은평경찰서불광지구대앞,37.6213883,126.9265841,은평구,
2017,9,12,화요일,17,경상사고,0,0,1,0,불명,불명,데이터오류,,기타,데이터오류,기타,기타사고,맑음,주간,차대사람,차대사람-기타,안전운전불이행,특별광역시도,서울은평경찰서불광지구대앞,37.6213883,126.9265841,은평구,
2017,11,15,수요일,14,경상사고,0,0,1,0,49,남,15년이상,,승용,비사업용,보행자,기타사고,맑음,주간,차대사람,차대사람-기타,안전운전불이행,특별광역시도,서울은평경찰서불광지구대앞,37.6213883,126.9265841,은평구,
2017,11,29,수요일,14,중상사고,0,1,0,0,51,남,15년이상,,화물,비사업용,자전거,일직선사고,맑음,주간,차대차,추돌(진행중),데이터없음,특별광역시도,서울은평경찰서불광지구대앞,37.6213883,126.9265841,은평구,
2018,2,6,화요일,8,경상사고,0,0,1,0,66,남,15년이상,,승용,사업용,보행자,기타사고,맑음,출퇴근,차대사람,길가장자리구역통행중,안전운전불이행,특별광역시도,서울은평경찰서불광지구대앞,37.6213883,126.9265841,은평구,
2018,2,12,월요일,19,경상사고,0,0,1,0,불명,불명,데이터오류,,자전거,기타,보행자,기타사고,맑음,출퇴근,차대사람,차대사람-기타,안전운전불이행,기타,서울은평경찰서불광지구대앞,37.6213883,126.9265841,은평구,
2018,4,7,토요일,8,경상사고,0,0,1,0,34,남,15년이상,,승용,비사업용,보행자,기타사고,맑음,출퇴근,차대사람,차대사람-기타,안전운전불이행,특별광역시도,서울은평경찰서불광지구대앞,37.6213883,126.9265841,은평구,
2018,7,9,월요일,12,경상사고,0,0,2,1,30,남,10년미만,,승용,비사업용,화물,기타사고,맑음,주간,차대차,차대차-기타,안전운전불이행,특별광역시도,서울은평경찰서불광지구대앞,37.6213883,126.9265841,은평구,
2018,7,31,화요일,19,경상사고,0,0,2,0,46,남,15년이상,,승용,비사업용,승용,진입회전사고,맑음,출퇴근,차대차,측면직각충돌,안전운전불이행,특별광역시도,서울은평경찰서불광지구대앞,37.6213883,126.9265841,은평구,
2018,9,9,일요일,17,경상사고,0,0,3,0,32,여,15년이상,,승용,비사업용,승용,진입회전사고,맑음,주간,차대차,측면직각충돌,신호위반,특별광역시도,서울은평경찰서불광지구대앞,37.6213883,126.9265841,은평구,
2018,9,7,금요일,19,경상사고,0,0,1,0,35,남,15년이상,,승용,비사업용,이륜,진입회전사고,맑음,출퇴근,차대차,측면직각충돌,교차로운행방법위반,특별광역시도,서울은평경찰서불광지구대앞,37.6213883,126.9265841,은평구,
2019,1,17,목요일,9,경상사고,0,0,1,0,61,남,15년이상,,승용,사업용,승용,진입회전사고,맑음,주간,차대차,측면직각충돌,신호위반,특별광역시도,서울은평경찰서불광지구대앞,37.6213883,126.9265841,은평구,
2019,3,19,화요일,12,경상사고,0,0,1,0,59,남,15년이상,,승용,비사업용,이륜,진입회전사고,맑음,주간,차대차,측면직각충돌,안전운전불이행,특별광역시도,서울은평경찰서불광지구대앞,37.6213883,126.9265841,은평구,
2019,4,26,금요일,19,경상사고,0,0,1,0,58,남,3년미만,,화물,비사업용,이륜,기타사고,맑음,출퇴근,차대차,차대차-기타,교차로운행방법위반,특별광역시도,서울은평경찰서불광지구대앞,37.6213883,126.9265841,은평구,
2019,7,6,토요일,11,부상사고,0,0,0,3,75,남,15년이상,,승용,비사업용,승용,진입회전사고,맑음,주간,차대차,측면직각충돌,안전운전불이행,기타,서울은평경찰서불광지구대앞,37.6213883,126.9265841,은평구,
2019,7,24,수요일,13,중상사고,0,1,0,0,54,남,15년이상,,승합,사업용,기타,기타사고,맑음,주간,차량단독,차량단독-기타,기타,특별광역시도,서울은평경찰서불광지구대앞,37.6213883,126.9265841,은평구,
2019,7,8,월요일,20,경상사고,0,0,1,0,56,남,15년이상,,화물,사업용,이륜,진입회전사고,맑음,출퇴근,차대차,측면직각충돌,안전운전불이행,특별광역시도,서울은평경찰서불광지구대앞,37.6213883,126.9265841,은평구,
2019,7,14,일요일,20,경상사고,0,0,1,0,49,남,15년이상,,승용,비사업용,보행자,기타사고,맑음,출퇴근,차대사람,차도통행중,보행자보호의무위반,특별광역시도,서울은평경찰서불광지구대앞,37.6213883,126.9265841,은평구,
2019,9,5,목요일,19,경상사고,0,0,1,0,61,남,15년이상,,승용,사업용,이륜,진입회전사고,비,출퇴근,차대차,측면직각충돌,차로위반,특별광역시도,서울은평경찰서불광지구대앞,37.6213883,126.9265841,은평구,
2019,11,26,화요일,13,경상사고,0,0,1,0,55,남,15년이상,,승용,비사업용,이륜,기타사고,맑음,주간,차대차,차대차-기타,안전운전불이행,특별광역시도,서울은평경찰서불광지구대앞,37.6213883,126.9265841,은평구,
2019,12,3,화요일,15,경상사고,0,0,1,0,33,여,15년미만,,승용,비사업용,승용,일직선사고,맑음,주간,차대차,추돌(진행중),안전운전불이행,특별광역시도,서울은평경찰서불광지구대앞,37.6213883,126.9265841,은평구,
2019,12,20,금요일,15,중상사고,0,1,0,0,66,남,15년이상,,화물,비사업용,보행자,기타사고,맑음,주간,차대사람,차대사람-기타,안전운전불이행,특별광역시도,서울은평경찰서불광지구대앞,37.6213883,126.9265841,은평구,
2017,1,14,토요일,13,경상사고,0,0,1,0,49,남,데이터오류,,승용,비사업용,승합,진입회전사고,맑음,주간,차대차,측면직각충돌,신호위반,특별광역시도,수색교북단삼거리,37.586945,126.886998,은평구,
2017,1,29,일요일,22,경상사고,0,0,1,0,23,남,10년미만,,원동기,기타,보행자,진입회전사고,눈,심야,차대사람,횡단중,신호위반,특별광역시도,수색교북단삼거리,37.586945,126.886998,은평구,
2017,3,3,금요일,17,경상사고,0,0,1,0,74,남,15년이상,,승용,비사업용,승용,진입회전사고,맑음,주간,차대차,측면직각충돌,안전운전불이행,특별광역시도,수색교북단삼거리,37.586945,126.886998,은평구,
2017,5,31,수요일,13,경상사고,0,0,1,0,57,남,15년이상,,승용,사업용,화물,일직선사고,맑음,주간,차대차,추돌(진행중),안전운전불이행,특별광역시도,수색교북단삼거리,37.586945,126.886998,은평구,
2017,7,23,일요일,1,경상사고,0,0,1,0,60,여,15년이상,,승용,비사업용,화물,진입회전사고,맑음,심야,차대차,측면직각충돌,안전운전불이행,특별광역시도,수색교북단삼거리,37.586945,126.886998,은평구,
2017,7,25,화요일,16,경상사고,0,0,1,0,70,남,15년이상,,승용,비사업용,보행자,기타사고,맑음,주간,차대사람,차도통행중,안전운전불이행,특별광역시도,수색교북단삼거리,37.586945,126.886998,은평구,