년도,월,일,요일,시각,사고등급,사망자수,중상자수,경상자수,부상자수,연령,성별,경력,음주,종별,용도,관련자2,사고형태,기상상태,일광상태,사고유형1,사고유형2,법규위반,도로종류,지점명,위도,경도,자치구,
2017,10,23,월요일,13,경상사고,0,0,2,0,34,여,10년미만,,승용,비사업용,승용,일직선사고,맑음,주간,차대차,추돌(진행중),안전운전불이행,특별광역시도,질병관리본부부근사거리,32.9364706,-96.8228911,은평구,
2017,12,14,목요일,17,중상사고,0,2,0,0,32,여,15년미만,,승용,사업용,승용,일직선사고,맑음,주간,차대차,추돌(진행중),안전거리미확보,특별광역시도,질병관리본부부근사거리,32.9364706,-96.8228911,은평구,
2017,12,4,월요일,23,경상사고,0,0,1,0,29,남,15년이상,,승용,비사업용,보행자,보행횡단사고,맑음,심야,차대사람,횡단중,보행자보호의무위반,특별광역시도,질병관리본부부근사거리,32.9364706,-96.8228911,은평구,
2017,12,23,토요일,23,중상사고,0,1,0,0,52,남,15년이상,,승용,사업용,보행자,보행횡단사고,맑음,심야,차대사람,횡단중,안전운전불이행,특별광역시도,질병관리본부부근사거리,32.9364706,-96.8228911,은평구,
2018,1,3,수요일,13,경상사고,0,0,1,0,77,남,15년이상,,승용,비사업용,승용,일직선사고,맑음,주간,차대차,추돌(진행중),안전운전불이행,특별광역시도,질병관리본부부근사거리,32.9364706,-96.8228911,은평구,
2018,2,13,화요일,7,경상사고,0,0,1,0,65,남,15년이상,,승합,사업용,보행자,기타사고,맑음,출퇴근,차대사람,차대사람-기타,안전운전불이행,특별광역시도,질병관리본부부근사거리,32.9364706,-96.8228911,은평구,
2018,4,11,수요일,16,경상사고,0,0,1,0,53,남,15년미만,,승용,비사업용,이륜,진입회전사고,맑음,주간,차대차,측면직각충돌,안전운전불이행,특별광역시도,질병관리본부부근사거리,32.9364706,-96.8228911,은평구,
2018,5,18,금요일,18,경상사고,0,0,2,0,59,남,15년이상,,승용,사업용,승용,진입회전사고,맑음,출퇴근,차대차,측면직각충돌,안전운전불이행,특별광역시도,질병관리본부부근사거리,32.9364706,-96.8228911,은평구,
2018,6,8,금요일,7,경상사고,0,0,1,0,39,여,15년이상,,승용,비사업용,보행자,기타사고,맑음,출퇴근,차대사람,차도통행중,안전운전불이행,특별광역시도,질병관리본부부근사거리,32.9364706,-96.8228911,은평구,
2018,6,15,금요일,15,중상사고,0,1,0,0,불명,불명,데이터오류,,기타,기타,기타,진입회전사고,맑음,주간,차대차,측면직각충돌,안전운전불이행,특별광역시도,질병관리본부부근사거리,32.9364706,-96.8228911,은평구,
2018,7,5,목요일,23,경상사고,0,0,1,0,56,남,10년미만,,승용,사업용,승용,일직선사고,맑음,심야,차대차,추돌(진행중),안전운전불이행,특별광역시도,질병관리본부부근사거리,32.9364706,-96.8228911,은평구,
2018,8,17,금요일,12,경상사고,0,0,1,2,23,남,10년미만,,승용,사업용,건설기계,진입회전사고,맑음,주간,차대차,측면직각충돌,차로위반,특별광역시도,질병관리본부부근사거리,32.9364706,-96.8228911,은평구,
2018,10,1,월요일,20,경상사고,0,0,1,0,20,여,3년미만,,승용,사업용,승용,진입회전사고,맑음,출퇴근,차대차,측면직각충돌,교차로운행방법위반,특별광역시도,질병관리본부부근사거리,32.9364706,-96.8228911,은평구,
2018,11,25,일요일,0,중상사고,0,2,0,0,69,남,15년이상,,승용,사업용,기타,단독사고,맑음,심야,차량단독,공작물추돌,안전운전불이행,특별광역시도,질병관리본부부근사거리,32.9364706,-96.8228911,은평구,
2019,2,21,목요일,14,중상사고,0,1,0,0,70,남,15년이상,,화물,비사업용,이륜,진입회전사고,맑음,주간,차대차,측면직각충돌,안전거리미확보,특별광역시도,질병관리본부부근사거리,32.9364706,-96.8228911,은평구,
2019,3,19,화요일,4,경상사고,0,0,2,0,28,남,5년미만,,승용,사업용,승용,일직선사고,맑음,심야,차대차,추돌(진행중),안전거리미확보,특별광역시도,질병관리본부부근사거리,32.9364706,-96.8228911,은평구,
2019,5,18,토요일,15,경상사고,0,0,2,0,42,남,15년이상,,승용,비사업용,승용,진입회전사고,맑음,주간,차대차,측면직각충돌,신호위반,특별광역시도,질병관리본부부근사거리,32.9364706,-96.8228911,은평구,
2019,8,15,목요일,12,경상사고,0,0,2,0,30,남,15년이상,0,승용,비사업용,승용,진입회전사고,비,주간,차대차,측면직각충돌,교차로운행방법위반,특별광역시도,질병관리본부부근사거리,32.9364706,-96.8228911,은평구,
2019,9,12,목요일,19,중상사고,0,1,0,0,48,남,15년이상,,승용,비사업용,보행자,보행횡단사고,비,출퇴근,차대사람,횡단중,안전운전불이행,특별광역시도,질병관리본부부근사거리,32.9364706,-96.8228911,은평구,
2019,10,6,일요일,12,경상사고,0,0,2,0,58,여,15년이상,,승용,비사업용,자전거,진입회전사고,맑음,주간,차대차,측면직각충돌,불법유턴,특별광역시도,질병관리본부부근사거리,32.9364706,-96.8228911,은평구,
2019,11,23,토요일,23,경상사고,0,0,2,0,60,남,10년미만,,화물,비사업용,화물,진입회전사고,맑음,심야,차대차,측면직각충돌,안전운전불이행,기타,질병관리본부부근사거리,32.9364706,-96.8228911,은평구,
2019,12,26,목요일,21,경상사고,0,0,1,0,45,남,15년이상,,승용,비사업용,승용,일직선사고,맑음,심야,차대차,추돌(진행중),안전운전불이행,기타,질병관리본부부근사거리,32.9364706,-96.8228911,은평구,
2017,1,20,금요일,21,경상사고,0,0,2,0,63,남,15년이상,,승용,비사업용,승합,진입회전사고,맑음,심야,차대차,측면직각충돌,신호위반,특별광역시도,청구성심병원앞삼거리,37.6208604,126.9193904,은평구,
2017,4,18,화요일,18,경상사고,0,0,3,5,43,여,4년미만,,승용,비사업용,승합,진입회전사고,맑음,출퇴근,차대차,차대차-기타,신호위반,특별광역시도,청구성심병원앞삼거리,37.6208604,126.9193904,은평구,
2017,5,27,토요일,10,부상사고,0,0,0,1,불명,불명,데이터오류,,기타,데이터오류,기타,기타사고,맑음,주간,차대사람,차대사람-기타,안전운전불이행,특별광역시도,청구성심병원앞삼거리,37.6208604,126.9193904,은평구,
2017,5,14,일요일,19,경상사고,0,0,1,0,60,남,15년미만,,승용,사업용,보행자,기타사고,맑음,출퇴근,차대사람,차대사람-기타,안전운전불이행,특별광역시도,청구성심병원앞삼거리,37.6208604,126.9193904,은평구,
2017,6,17,토요일,13,경상사고,0,0,1,0,43,여,15년이상,,승용,비사업용,자전거,진입회전사고,맑음,주간,차대차,측면직각충돌,신호위반,특별광역시도,청구성심병원앞삼거리,37.6208604,126.9193904,은평구,
2017,6,22,목요일,20,중상사고,0,2,0,0,60,남,15년이상,,승용,사업용,원동기,진입회전사고,맑음,출퇴근,차대차,측면직각충돌,데이터없음,특별광역시도,청구성심병원앞삼거리,37.6208604,126.9193904,은평구,
2017,6,8,목요일,22,경상사고,0,0,12,0,32,남,15년이상,,승용,비사업용,승합,진입회전사고,맑음,심야,차대차,측면직각충돌,신호위반,특별광역시도,청구성심병원앞삼거리,37.6208604,126.9193904,은평구,
2017,8,15,화요일,3,중상사고,0,1,0,0,51,남,10년미만,,승용,사업용,이륜,진입회전사고,비,심야,차대차,측면직각충돌,신호위반,특별광역시도,청구성심병원앞삼거리,37.6208604,126.9193904,은평구,
2017,10,21,토요일,18,부상사고,0,0,0,1,36,남,15년미만,,승용,비사업용,원동기,진입회전사고,맑음,출퇴근,차대차,측면직각충돌,신호위반,특별광역시도,청구성심병원앞삼거리,37.6208604,126.9193904,은평구,
2017,10,24,화요일,21,경상사고,0,0,5,2,26,남,15년이상,,승용,사업용,승합,진입회전사고,맑음,심야,차대차,측면직각충돌,신호위반,특별광역시도,청구성심병원앞삼거리,37.6208604,126.9193904,은평구,
2017,11,21,화요일,1,중상사고,0,1,0,0,31,남,10년미만,0,승용,사업용,승용,일직선사고,맑음,심야,차대차,추돌(진행중),안전거리미확보,특별광역시도,청구성심병원앞삼거리,37.6208604,126.9193904,은평구,
2017,11,6,월요일,2,부상사고,0,0,0,1,19,남,15년이상,,승용,비사업용,화물,진입회전사고,맑음,심야,차대차,측면직각충돌,신호위반,특별광역시도,청구성심병원앞삼거리,37.6208604,126.9193904,은평구,
2017,11,7,화요일,3,경상사고,0,0,2,0,53,남,15년이상,,승용,사업용,승합,진입회전사고,흐림,심야,차대차,차대차-기타,신호위반,특별광역시도,청구성심병원앞삼거리,37.6208604,126.9193904,은평구,
2017,11,20,월요일,5,경상사고,0,0,2,0,22,여,15년이상,0,승용,비사업용,승용,일직선사고,맑음,새벽,차대차,추돌(진행중),안전운전불이행,특별광역시도,청구성심병원앞삼거리,37.6208604,126.9193904,은평구,
2017,11,29,수요일,9,경상사고,0,0,1,0,37,남,10년미만,,승용,비사업용,보행자,기타사고,맑음,주간,차대사람,차도통행중,안전운전불이행,특별광역시도,청구성심병원앞삼거리,37.6208604,126.9193904,은평구,
2017,11,28,화요일,11,경상사고,0,0,2,0,36,남,15년미만,,승용,비사업용,화물,일직선사고,맑음,주간,차대차,정면충돌,중앙선침범,특별광역시도,청구성심병원앞삼거리,37.6208604,126.9193904,은평구,
2017,12,1,금요일,8,중상사고,0,1,0,0,56,남,15년이상,,승합,사업용,보행자,기타사고,맑음,출퇴근,차대사람,길가장자리구역통행중,안전운전불이행,특별광역시도,청구성심병원앞삼거리,37.6208604,126.9193904,은평구,
2018,1,26,금요일,0,경상사고,0,0,1,0,55,남,15년이상,,승용,사업용,보행자,기타사고,맑음,심야,차대사람,차도통행중,안전운전불이행,특별광역시도,청구성심병원앞삼거리,37.6208604,126.9193904,은평구,
2018,1,17,수요일,6,중상사고,0,1,2,0,38,남,15년이상,0,승용,비사업용,승합,일직선사고,맑음,새벽,차대차,추돌(진행중),안전운전불이행,특별광역시도,청구성심병원앞삼거리,37.6208604,126.9193904,은평구,
2018,1,1,월요일,6,경상사고,0,0,1,0,61,여,15년이상,,승용,비사업용,보행자,기타사고,맑음,새벽,차대사람,차도통행중,안전운전불이행,특별광역시도,청구성심병원앞삼거리,37.6208604,126.9193904,은평구,
2018,2,6,화요일,1,중상사고,0,1,0,0,55,남,15년이상,,승용,사업용,보행자,기타사고,맑음,심야,차대사람,차대사람-기타,안전운전불이행,특별광역시도,청구성심병원앞삼거리,37.6208604,126.9193904,은평구,
2018,2,11,일요일,4,경상사고,0,0,2,0,40,남,15년이상,0,승용,비사업용,승용,일직선사고,흐림,심야,차대차,추돌(진행중),안전운전불이행,특별광역시도,청구성심병원앞삼거리,37.6208604,126.9193904,은평구,
2018,2,21,수요일,18,경상사고,0,0,1,0,70,남,15년이상,,승용,사업용,보행자,진입회전사고,맑음,출퇴근,차대사람,횡단중,신호위반,특별광역시도,청구성심병원앞삼거리,37.6208604,126.9193904,은평구,
2018,2,20,화요일,21,경상사고,0,0,5,2,55,남,15년미만,,승용,사업용,승합,진입회전사고,맑음,심야,차대차,차대차-기타,신호위반,특별광역시도,청구성심병원앞삼거리,37.6208604,126.9193904,은평구,
2018,3,20,화요일,16,중상사고,0,1,4,1,22,남,15년이상,,승용,사업용,승합,진입회전사고,맑음,주간,차대차,측면직각충돌,차로위반,특별광역시도,청구성심병원앞삼거리,37.6208604,126.9193904,은평구,
2018,3,26,월요일,19,부상사고,0,0,0,1,57,여,15년이상,,승용,비사업용,이륜,진입회전사고,맑음,출퇴근,차대차,측면직각충돌,신호위반,특별광역시도,청구성심병원앞삼거리,37.6208604,126.9193904,은평구,
2018,5,19,토요일,20,중상사고,0,1,0,0,43,여,15년이상,,승용,비사업용,원동기,일직선사고,맑음,출퇴근,차대차,추돌(진행중),안전거리미확보,특별광역시도,청구성심병원앞삼거리,37.6208604,126.9193904,은평구,
2018,6,20,수요일,21,경상사고,0,0,2,0,57,남,15년이상,,승용,비사업용,승합,진입회전사고,맑음,심야,차대차,차대차-기타,신호위반,특별광역시도,청구성심병원앞삼거리,37.6208604,126.9193904,은평구,
2018,8,17,금요일,21,경상사고,0,0,3,1,53,남,15년이상,,승용,사업용,승합,진입회전사고,맑음,심야,차대차,측면직각충돌,신호위반,특별광역시도,청구성심병원앞삼거리,37.6208604,126.9193904,은평구,
2018,12,28,금요일,19,중상사고,0,1,3,2,61,남,15년이상,,승합,사업용,이륜,진입회전사고,맑음,출퇴근,차대차,측면직각충돌,신호위반,특별광역시도,청구성심병원앞삼거리,37.6208604,126.9193904,은평구,
2019,1,16,수요일,22,경상사고,0,0,1,0,41,남,15년이상,0,승용,비사업용,승용,일직선사고,눈,심야,차대차,추돌(진행중),안전운전불이행,특별광역시도,청구성심병원앞삼거리,37.6208604,126.9193904,은평구,
2019,3,2,토요일,5,경상사고,0,0,4,0,73,남,15년이상,,승용,사업용,승합,진입회전사고,맑음,새벽,차대차,차대차-기타,신호위반,특별광역시도,청구성심병원앞삼거리,37.6208604,126.9193904,은평구,
2019,4,27,토요일,22,중상사고,0,1,0,0,33,남,15년이상,,승용,사업용,보행자,기타사고,맑음,심야,차대사람,차대사람-기타,보행자보호의무위반,기타,청구성심병원앞삼거리,37.6208604,126.9193904,은평구,
2019,7,26,금요일,23,경상사고,0,0,2,0,60,남,15년이상,,승용,비사업용,승합,진입회전사고,맑음,심야,차대차,측면직각충돌,신호위반,특별광역시도,청구성심병원앞삼거리,37.6208604,126.9193904,은평구,
2019,9,3,화요일,20,경상사고,0,0,2,1,52,남,15년이상,,승용,사업용,승합,진입회전사고,맑음,출퇴근,차대차,차대차-기타,신호위반,특별광역시도,청구성심병원앞삼거리,37.6208604,126.9193904,은평구,
2019,10,16,수요일,21,경상사고,0,0,1,0,55,여,15년이상,,승용,비사업용,승용,진입회전사고,맑음,심야,차대차,측면직각충돌,신호위반,특별광역시도,청구성심병원앞삼거리,37.6208604,126.9193904,은평구,
2019,10,27,일요일,22,경상사고,0,0,2,0,41,남,15년이상,,승용,비사업용,승합,진입회전사고,맑음,심야,차대차,측면직각충돌,안전운전불이행,특별광역시도,청구성심병원앞삼거리,37.6208604,126.9193904,은평구,
2019,11,10,일요일,23,경상사고,0,0,6,0,37,남,15년이상,,승용,비사업용,승합,진입회전사고,비,심야,차대차,측면직각충돌,신호위반,특별광역시도,청구성심병원앞삼거리,37.6208604,126.9193904,은평구,
2019,12,29,일요일,3,중상사고,0,1,0,0,56,남,15년이상,0,승용,비사업용,승용,일직선사고,맑음,심야,차대차,추돌(진행중),안전운전불이행,특별광역시도,청구성심병원앞삼거리,37.6208604,126.9193904,은평구,
2017,2,23,목요일,0,중상사고,0,1,1,0,50,남,15년이상,,승합,사업용,화물,진입회전사고,맑음,심야,차대차,정면충돌,신호위반,특별광역시도,현대2차사거리,37.596407,126.909364,은평구,
2017,2,17,금요일,10,중상사고,0,1,0,0,48,남,15년이상,,화물,사업용,보행자,보행횡단사고,맑음,주간,차대사람,횡단중,안전운전불이행,특별광역시도,현대2차사거리,37.596407,126.909364,은평구,
2017,6,16,금요일,17,경상사고,0,0,1,0,38,남,15년이상,,승용,비사업용,원동기,진입회전사고,맑음,주간,차대차,측면직각충돌,안전운전불이행,특별광역시도,현대2차사거리,37.596407,126.909364,은평구,
2017,6,24,토요일,19,경상사고,0,0,1,0,63,남,15년이상,,승합,사업용,이륜,기타사고,비,출퇴근,차대차,차대차-기타,안전운전불이행,특별광역시도,현대2차사거리,37.596407,126.909364,은평구,
2017,9,13,수요일,8,중상사고,0,1,1,0,60,남,15년이상,,원동기,기타,보행자,보행횡단사고,맑음,출퇴근,차대사람,횡단중,안전운전불이행,특별광역시도,현대2차사거리,37.596407,126.909364,은평구,
2017,11,24,금요일,14,중상사고,0,1,0,0,44,남,15년이상,,승합,사업용,원동기,진입회전사고,맑음,주간,차대차,측면직각충돌,신호위반,특별광역시도,현대2차사거리,37.596407,126.909364,은평구,
2018,1,30,화요일,10,경상사고,0,0,1,1,48,남,15년이상,,화물,비사업용,화물,진입회전사고,맑음,주간,차대차,측면직각충돌,신호위반,특별광역시도,현대2차사거리,37.596407,126.909364,은평구,
2018,3,1,목요일,10,중상사고,0,1,0,0,33,남,15년이상,,승용,비사업용,보행자,보행횡단사고,맑음,주간,차대사람,횡단중,안전운전불이행,특별광역시도,현대2차사거리,37.596407,126.909364,은평구,
2018,3,28,수요일,16,중상사고,0,1,0,0,68,남,15년이상,,화물,사업용,보행자,보행횡단사고,맑음,주간,차대사람,횡단중,안전운전불이행,특별광역시도,현대2차사거리,37.596407,126.909364,은평구,
2018,6,28,목요일,9,경상사고,0,0,2,0,58,남,4년미만,,승용,비사업용,승용,진입회전사고,흐림,주간,차대차,측면직각충돌,교차로운행방법위반,특별광역시도,현대2차사거리,37.596407,126.909364,은평구,
2018,6,5,화요일,9,부상사고,0,0,0,1,55,남,15년이상,,화물,비사업용,보행자,보행횡단사고,맑음,주간,차대사람,횡단중,안전운전불이행,특별광역시도,현대2차사거리,37.596407,126.909364,은평구,
2018,7,19,목요일,2,경상사고,0,0,1,1,57,남,15년이상,,승용,사업용,원동기,진입회전사고,맑음,심야,차대차,측면직각충돌,신호위반,특별광역시도,현대2차사거리,37.596407,126.909364,은평구,
2018,8,16,목요일,18,중상사고,0,1,0,0,64,남,15년이상,,승용,비사업용,이륜,진입회전사고,맑음,출퇴근,차대차,측면직각충돌,신호위반,특별광역시도,현대2차사거리,37.596407,126.909364,은평구,
2018,11,3,토요일,23,중상사고,0,1,0,0,불명,불명,데이터오류,,기타,기타,기타,기타사고,맑음,심야,차대사람,차도통행중,안전운전불이행,특별광역시도,현대2차사거리,37.596407,126.909364,은평구,
2019,2,28,목요일,6,경상사고,0,0,1,0,56,남,10년미만,,승용,사업용,이륜,진입회전사고,맑음,새벽,차대차,측면직각충돌,안전운전불이행,특별광역시도,현대2차사거리,37.596407,126.909364,은평구,
2019,3,7,목요일,9,경상사고,0,0,1,0,38,남,10년미만,,승합,사업용,이륜,기타사고,맑음,주간,차대차,차대차-기타,안전운전불이행,특별광역시도,현대2차사거리,37.596407,126.909364,은평구,
2019,5,1,수요일,0,경상사고,0,0,2,0,74,남,15년이상,,승용,사업용,승용,진입회전사고,맑음,심야,차대차,측면직각충돌,신호위반,특별광역시도,현대2차사거리,37.596407,126.909364,은평구,
2019,7,22,월요일,8,경상사고,0,0,1,0,62,남,15년이상,,승용,비사업용,승용,진입회전사고,맑음,출퇴근,차대차,측면직각충돌,안전거리미확보,특별광역시도,현대2차사거리,37.596407,126.909364,은평구,
2019,8,26,월요일,7,중상사고,0,1,0,0,56,남,15년이상,,승합,사업용,이륜,진입회전사고,맑음,출퇴근,차대차,측면직각충돌,신호위반,특별광역시도,현대2차사거리,37.596407,126.909364,은평구,
2017,7,13,목요일,9,부상사고,0,0,0,1,42,남,15년이상,,화물,비사업용,원동기,진입회전사고,맑음,주간,차대차,측면직각충돌,안전거리미확보,특별광역시도,관철동14-1번지사거리,37.570176,126.983197,종로구,
2017,9,1,금요일,3,중상사고,0,1,0,0,57,남,3년미만,,승용,사업용,승합,기타사고,맑음,심야,차대차,차대차-기타,안전운전불이행,특별광역시도,관철동14-1번지사거리,37.570176,126.983197,종로구,
2017,11,24,금요일,1,경상사고,0,0,1,0,56,남,15년이상,,승용,사업용,보행자,진입회전사고,맑음,심야,차대사람,횡단중,신호위반,특별광역시도,관철동14-1번지사거리,37.570176,126.983197,종로구,
2018,3,24,토요일,20,경상사고,0,0,1,1,30,남,2년미만,,원동기,기타,보행자,기타사고,맑음,출퇴근,차대사람,차도통행중,안전운전불이행,특별광역시도,관철동14-1번지사거리,37.570176,126.983197,종로구,
2018,7,28,토요일,18,경상사고,0,0,2,0,56,남,15년이상,,승용,비사업용,승용,기타사고,맑음,출퇴근,차대차,차대차-기타,안전거리미확보,특별광역시도,관철동14-1번지사거리,37.570176,126.983197,종로구,
2018,10,12,금요일,11,부상사고,0,0,0,1,61,남,15년이상,,승합,비사업용,이륜,진입회전사고,맑음,주간,차대차,측면직각충돌,안전운전불이행,특별광역시도,관철동14-1번지사거리,37.570176,126.983197,종로구,
2019,2,21,목요일,1,중상사고,0,1,0,0,34,남,데이터오류,0,승용,비사업용,승용,일직선사고,맑음,심야,차대차,추돌(진행중),안전운전불이행,특별광역시도,관철동14-1번지사거리,37.570176,126.983197,종로구,
2019,7,18,목요일,3,경상사고,0,0,1,0,52,남,15년이상,,승용,사업용,승용,일직선사고,맑음,심야,차대차,추돌(진행중),안전거리미확보,특별광역시도,관철동14-1번지사거리,37.570176,126.983197,종로구,
2017,1,15,일요일,3,경상사고,0,0,2,0,52,남,15년이상,,승용,사업용,승용,진입회전사고,맑음,심야,차대차,측면직각충돌,안전운전불이행,특별광역시도,광하문우체국사거리,37.5698001,126.9780682,종로구,
2017,4,26,수요일,2,경상사고,0,0,2,0,52,남,15년이상,,승용,비사업용,승용,진입회전사고,맑음,심야,차대차,측면직각충돌,신호위반,특별광역시도,광하문우체국사거리,37.5698001,126.9780682,종로구,
2017,5,8,월요일,21,중상사고,0,1,0,0,46,여,15년이상,,승용,비사업용,승합,진입회전사고,맑음,심야,차대차,측면직각충돌,안전운전불이행,특별광역시도,광하문우체국사거리,37.5698001,126.9780682,종로구,
2017,5,23,화요일,22,경상사고,0,0,1,0,57,남,15년미만,,승용,사업용,이륜,기타사고,비,심야,차대차,차대차-기타,안전거리미확보,특별광역시도,광하문우체국사거리,37.5698001,126.9780682,종로구,
2017,8,29,화요일,13,중상사고,0,2,0,0,52,남,15년이상,,승용,사업용,승용,일직선사고,맑음,주간,차대차,추돌(진행중),안전거리미확보,특별광역시도,광하문우체국사거리,37.5698001,126.9780682,종로구,
2017,12,30,토요일,5,경상사고,0,0,2,0,39,남,데이터오류,,승용,사업용,승용,일직선사고,흐림,새벽,차대차,추돌(진행중),안전운전불이행,특별광역시도,광하문우체국사거리,37.5698001,126.9780682,종로구,
2017,12,21,목요일,12,경상사고,0,0,1,0,45,남,15년이상,,승합,사업용,화물,일직선사고,맑음,주간,차대차,추돌(진행중),안전거리미확보,특별광역시도,광하문우체국사거리,37.5698001,126.9780682,종로구,
2018,1,31,수요일,21,경상사고,0,0,1,0,78,남,15년이상,,승용,사업용,승용,진입회전사고,맑음,심야,차대차,측면직각충돌,안전거리미확보,특별광역시도,광하문우체국사거리,37.5698001,126.9780682,종로구,
2018,1,28,일요일,22,경상사고,0,0,1,0,57,남,15년이상,0,승용,비사업용,승용,일직선사고,맑음,심야,차대차,추돌(진행중),안전운전불이행,특별광역시도,광하문우체국사거리,37.5698001,126.9780682,종로구,
2018,2,4,일요일,23,중상사고,0,2,1,0,63,남,15년이상,,승용,사업용,승용,진입회전사고,맑음,심야,차대차,추돌(진행중),신호위반,특별광역시도,광하문우체국사거리,37.5698001,126.9780682,종로구,
2018,4,24,화요일,18,경상사고,0,0,2,0,64,남,15년이상,,승용,사업용,화물,진입회전사고,맑음,출퇴근,차대차,측면직각충돌,교차로운행방법위반,특별광역시도,광하문우체국사거리,37.5698001,126.9780682,종로구,
2018,6,26,화요일,5,경상사고,0,0,1,0,49,남,15년이상,,승용,사업용,승용,진입회전사고,비,새벽,차대차,측면직각충돌,안전운전불이행,특별광역시도,광하문우체국사거리,37.5698001,126.9780682,종로구,
2018,6,23,토요일,9,경상사고,0,0,1,0,36,남,15년미만,,승용,비사업용,승용,진입회전사고,맑음,주간,차대차,측면직각충돌,차로위반,특별광역시도,광하문우체국사거리,37.5698001,126.9780682,종로구,
2018,9,29,토요일,12,경상사고,0,0,1,0,27,남,15년이상,,승합,비사업용,승합,진입회전사고,맑음,주간,차대차,측면직각충돌,신호위반,특별광역시도,광하문우체국사거리,37.5698001,126.9780682,종로구,
2018,9,17,월요일,15,경상사고,0,0,3,0,55,남,15년이상,,승용,사업용,승용,일직선사고,맑음,주간,차대차,추돌(진행중),안전거리미확보,특별광역시도,광하문우체국사거리,37.5698001,126.9780682,종로구,
2018,9,9,일요일,15,경상사고,0,0,3,0,66,남,15년미만,,승용,비사업용,승용,일직선사고,맑음,주간,차대차,추돌(진행중),교차로운행방법위반,특별광역시도,광하문우체국사거리,37.5698001,126.9780682,종로구,
2018,10,5,금요일,10,경상사고,0,0,3,0,56,남,15년이상,,승합,사업용,승합,일직선사고,비,주간,차대차,추돌(진행중),안전운전불이행,특별광역시도,광하문우체국사거리,37.5698001,126.9780682,종로구,
2018,11,19,월요일,21,경상사고,0,0,1,0,34,남,15년이상,,승합,사업용,이륜,진입회전사고,맑음,심야,차대차,측면직각충돌,신호위반,특별광역시도,광하문우체국사거리,37.5698001,126.9780682,종로구,
2018,11,8,목요일,23,경상사고,0,0,2,0,53,남,15년이상,,승용,사업용,승합,진입회전사고,맑음,심야,차대차,측면직각충돌,신호위반,특별광역시도,광하문우체국사거리,37.5698001,126.9780682,종로구,
2018,12,24,월요일,20,경상사고,0,0,1,0,35,여,10년미만,,승용,비사업용,원동기,진입회전사고,맑음,출퇴근,차대차,측면직각충돌,신호위반,특별광역시도,광하문우체국사거리,37.5698001,126.9780682,종로구,
2019,4,20,토요일,14,경상사고,0,0,1,0,58,남,15년이상,,승합,사업용,승합,진입회전사고,맑음,주간,차대차,측면직각충돌,안전운전불이행,특별광역시도,광하문우체국사거리,37.5698001,126.9780682,종로구,
2019,5,2,목요일,5,경상사고,0,0,1,0,30,남,10년미만,,승용,비사업용,승용,진입회전사고,맑음,새벽,차대차,측면직각충돌,안전운전불이행,특별광역시도,광하문우체국사거리,37.5698001,126.9780682,종로구,
2019,5,4,토요일,13,중상사고,0,1,0,0,71,남,15년이상,,승합,사업용,승합,진입회전사고,맑음,주간,차대차,측면직각충돌,안전운전불이행,특별광역시도,광하문우체국사거리,37.5698001,126.9780682,종로구,
2019,5,12,일요일,13,중상사고,0,1,3,1,39,남,15년이상,,승용,비사업용,보행자,보행횡단사고,맑음,주간,차대사람,보도통행중,기타,특별광역시도,광하문우체국사거리,37.5698001,126.9780682,종로구,
2019,7,18,목요일,1,경상사고,0,0,1,0,61,남,15년이상,,승용,사업용,승용,진입회전사고,맑음,심야,차대차,측면직각충돌,안전운전불이행,특별광역시도,광하문우체국사거리,37.5698001,126.9780682,종로구,
2019,8,6,화요일,14,경상사고,0,0,2,0,66,남,15년이상,,승용,비사업용,승용,진입회전사고,맑음,주간,차대차,측면직각충돌,안전운전불이행,특별광역시도,광하문우체국사거리,37.5698001,126.9780682,종로구,
2019,9,13,금요일,11,경상사고,0,0,1,0,70,남,15년이상,,승용,사업용,승용,진입회전사고,맑음,주간,차대차,측면직각충돌,안전거리미확보,특별광역시도,광하문우체국사거리,37.5698001,126.9780682,종로구,
2019,9,6,금요일,17,경상사고,0,0,1,0,60,남,15년미만,,승용,사업용,승용,진입회전사고,맑음,주간,차대차,측면직각충돌,신호위반,특별광역시도,광하문우체국사거리,37.5698001,126.9780682,종로구,
2019,10,3,목요일,19,경상사고,0,0,1,0,39,여,15년이상,,승용,비사업용,보행자,기타사고,맑음,출퇴근,차대사람,차대사람-기타,안전운전불이행,특별광역시도,광하문우체국사거리,37.5698001,126.9780682,종로구,
2017,1,23,월요일,15,경상사고,0,0,2,0,69,남,15년이상,,승합,사업용,화물,일직선사고,맑음,주간,차대차,추돌(진행중),안전거리미확보,특별광역시도,광하문우체국사거리,37.5698001,126.9780682,종로구,
2017,2,25,토요일,19,경상사고,0,0,1,0,58,남,15년이상,,승용,사업용,승용,진입회전사고,맑음,출퇴근,차대차,측면직각충돌,안전거리미확보,특별광역시도,광하문우체국사거리,37.5698001,126.9780682,종로구,
2017,3,8,수요일,14,경상사고,0,0,1,0,64,남,15년이상,,승용,사업용,승합,기타사고,맑음,주간,차대차,차대차-기타,안전거리미확보,특별광역시도,광하문우체국사거리,37.5698001,126.9780682,종로구,
2017,4,14,금요일,2,중상사고,0,1,0,0,69,남,15년이상,,승용,사업용,보행자,보행횡단사고,맑음,심야,차대사람,횡단중,안전운전불이행,특별광역시도,광하문우체국사거리,37.5698001,126.9780682,종로구,