년도,월,일,요일,시각,사고등급,사망자수,중상자수,경상자수,부상자수,연령,성별,경력,음주,종별,용도,관련자2,사고형태,기상상태,일광상태,사고유형1,사고유형2,법규위반,도로종류,지점명,위도,경도,자치구,
2017,5,27,토요일,21,부상사고,0,0,0,1,37,남,1년미만,,승합,비사업용,건설기계,진입회전사고,맑음,심야,차대차,측면직각충돌,안전거리미확보,특별광역시도,광하문우체국사거리,37.5698001,126.9780682,종로구,
2017,6,23,금요일,13,부상사고,0,0,0,1,44,남,15년이상,,승용,사업용,이륜,일직선사고,맑음,주간,차대차,정면충돌,안전운전불이행,특별광역시도,광하문우체국사거리,37.5698001,126.9780682,종로구,
2017,6,16,금요일,14,중상사고,0,1,0,0,49,남,15년이상,,승합,사업용,기타,기타사고,맑음,주간,차량단독,차량단독-기타,안전운전불이행,특별광역시도,광하문우체국사거리,37.5698001,126.9780682,종로구,
2017,7,2,일요일,23,경상사고,0,0,1,0,53,남,10년미만,,승용,사업용,보행자,기타사고,비,심야,차대사람,차대사람-기타,안전운전불이행,특별광역시도,광하문우체국사거리,37.5698001,126.9780682,종로구,
2017,8,4,금요일,0,경상사고,0,0,5,0,49,남,15년이상,,승용,사업용,승용,일직선사고,맑음,심야,차대차,추돌(진행중),안전운전불이행,특별광역시도,광하문우체국사거리,37.5698001,126.9780682,종로구,
2017,8,15,화요일,2,중상사고,0,1,0,0,48,남,15년이상,,승용,사업용,보행자,보행횡단사고,비,심야,차대사람,횡단중,안전운전불이행,특별광역시도,광하문우체국사거리,37.5698001,126.9780682,종로구,
2017,9,8,금요일,3,경상사고,0,0,1,0,45,남,5년미만,0,승용,비사업용,승용,일직선사고,맑음,심야,차대차,추돌(진행중),안전운전불이행,특별광역시도,광하문우체국사거리,37.5698001,126.9780682,종로구,
2017,11,3,금요일,18,사망사고,1,0,0,0,79,남,15년이상,,승용,사업용,기타,일직선사고,맑음,출퇴근,차대차,추돌(진행중),안전운전불이행,특별광역시도,광하문우체국사거리,37.5698001,126.9780682,종로구,
2017,11,20,월요일,21,경상사고,0,0,1,0,61,남,15년이상,0,승용,사업용,보행자,기타사고,맑음,심야,차대사람,차도통행중,안전운전불이행,특별광역시도,광하문우체국사거리,37.5698001,126.9780682,종로구,
2017,12,13,수요일,2,경상사고,0,0,1,1,68,남,3년미만,,승용,사업용,승용,진입회전사고,맑음,심야,차대차,측면직각충돌,신호위반,특별광역시도,광하문우체국사거리,37.5698001,126.9780682,종로구,
2018,3,14,수요일,14,경상사고,0,0,1,0,58,남,15년이상,,승용,비사업용,보행자,기타사고,맑음,주간,차대사람,차도통행중,안전운전불이행,특별광역시도,광하문우체국사거리,37.5698001,126.9780682,종로구,
2018,4,29,일요일,2,경상사고,0,0,1,0,60,남,15년이상,,승용,사업용,승용,일직선사고,맑음,심야,차대차,추돌(진행중),안전거리미확보,특별광역시도,광하문우체국사거리,37.5698001,126.9780682,종로구,
2018,4,9,월요일,23,경상사고,0,0,2,1,37,남,15년이상,0,승용,비사업용,승용,일직선사고,맑음,심야,차대차,추돌(진행중),안전운전불이행,특별광역시도,광하문우체국사거리,37.5698001,126.9780682,종로구,
2018,5,7,월요일,3,경상사고,0,0,2,0,72,남,15년이상,,승용,비사업용,승용,진입회전사고,맑음,심야,차대차,측면직각충돌,신호위반,특별광역시도,광하문우체국사거리,37.5698001,126.9780682,종로구,
2018,6,8,금요일,17,경상사고,0,0,1,0,25,남,10년미만,,승용,비사업용,승용,진입회전사고,맑음,주간,차대차,측면직각충돌,신호위반,특별광역시도,광하문우체국사거리,37.5698001,126.9780682,종로구,
2018,7,26,목요일,14,경상사고,0,0,1,0,61,남,15년이상,,승용,사업용,이륜,진입회전사고,맑음,주간,차대차,측면직각충돌,기타,특별광역시도,광하문우체국사거리,37.5698001,126.9780682,종로구,
2018,9,19,수요일,22,경상사고,0,0,2,0,33,남,10년미만,0,승용,비사업용,승용,진입회전사고,맑음,심야,차대차,측면직각충돌,차로위반,특별광역시도,광하문우체국사거리,37.5698001,126.9780682,종로구,
2018,9,29,토요일,23,경상사고,0,0,1,0,33,남,10년미만,,승용,비사업용,승용,진입회전사고,맑음,심야,차대차,측면직각충돌,불법유턴,특별광역시도,광하문우체국사거리,37.5698001,126.9780682,종로구,
2018,10,18,목요일,22,중상사고,0,1,0,0,42,남,15년이상,0,승용,비사업용,승용,일직선사고,맑음,심야,차대차,추돌(진행중),안전운전불이행,특별광역시도,광하문우체국사거리,37.5698001,126.9780682,종로구,
2018,12,28,금요일,5,경상사고,0,0,1,0,56,남,15년이상,,화물,비사업용,보행자,진입회전사고,맑음,새벽,차대사람,횡단중,신호위반,특별광역시도,광하문우체국사거리,37.5698001,126.9780682,종로구,
2018,12,20,목요일,9,경상사고,0,0,1,0,25,남,10년미만,,이륜,기타,보행자,기타사고,맑음,주간,차대사람,차대사람-기타,안전운전불이행,특별광역시도,광하문우체국사거리,37.5698001,126.9780682,종로구,
2018,12,7,금요일,15,중상사고,0,1,0,0,불명,불명,데이터오류,,기타,기타,기타,보행횡단사고,맑음,주간,차대사람,보도통행중,안전운전불이행,특별광역시도,광하문우체국사거리,37.5698001,126.9780682,종로구,
2019,2,10,일요일,0,부상사고,0,0,0,1,불명,불명,데이터오류,,기타,데이터오류,기타,기타사고,맑음,심야,차대사람,차대사람-기타,안전운전불이행,특별광역시도,광하문우체국사거리,37.5698001,126.9780682,종로구,
2019,3,24,일요일,3,경상사고,0,0,2,0,32,남,15년미만,0,승용,비사업용,승용,일직선사고,맑음,심야,차대차,추돌(진행중),안전운전불이행,특별광역시도,광하문우체국사거리,37.5698001,126.9780682,종로구,
2019,6,27,목요일,5,경상사고,0,0,1,0,24,남,15년이상,,승합,사업용,승합,진입회전사고,맑음,새벽,차대차,측면직각충돌,신호위반,특별광역시도,광하문우체국사거리,37.5698001,126.9780682,종로구,
2019,6,11,화요일,23,중상사고,0,2,2,1,26,남,15년이상,0,승용,비사업용,승용,일직선사고,맑음,심야,차대차,추돌(진행중),안전운전불이행,특별광역시도,광하문우체국사거리,37.5698001,126.9780682,종로구,
2019,8,8,목요일,21,경상사고,0,0,1,0,27,남,10년미만,,승용,비사업용,승용,진입회전사고,맑음,심야,차대차,측면직각충돌,신호위반,특별광역시도,광하문우체국사거리,37.5698001,126.9780682,종로구,
2019,9,9,월요일,1,중상사고,0,1,3,0,28,남,15년이상,0,승용,비사업용,승용,일직선사고,맑음,심야,차대차,추돌(진행중),안전운전불이행,특별광역시도,광하문우체국사거리,37.5698001,126.9780682,종로구,
2019,9,25,수요일,17,중상사고,0,1,8,2,71,남,15년이상,,승합,비사업용,승합,진입회전사고,맑음,주간,차대차,측면직각충돌,신호위반,특별광역시도,광하문우체국사거리,37.5698001,126.9780682,종로구,
2019,9,15,일요일,18,부상사고,0,0,0,1,불명,불명,데이터오류,,기타,데이터오류,기타,진입회전사고,맑음,출퇴근,차대차,측면직각충돌,기타,특별광역시도,광하문우체국사거리,37.5698001,126.9780682,종로구,
2019,11,8,금요일,22,중상사고,0,1,0,0,59,남,15년이상,,승용,사업용,이륜,진입회전사고,맑음,심야,차대차,측면직각충돌,기타,특별광역시도,광하문우체국사거리,37.5698001,126.9780682,종로구,
2017,2,4,토요일,23,경상사고,0,0,2,0,59,남,15년이상,,승용,사업용,승용,진입회전사고,맑음,심야,차대차,측면직각충돌,교차로운행방법위반,특별광역시도,광화문앞삼거리,37.5740339,126.976775,종로구,
2017,3,14,화요일,17,경상사고,0,0,2,0,65,남,15년이상,,승용,사업용,승용,진입회전사고,맑음,주간,차대차,측면직각충돌,신호위반,특별광역시도,광화문앞삼거리,37.5740339,126.976775,종로구,
2017,6,27,화요일,0,경상사고,0,0,2,0,44,남,15년이상,,승용,비사업용,승용,진입회전사고,흐림,심야,차대차,측면직각충돌,신호위반,특별광역시도,광화문앞삼거리,37.5740339,126.976775,종로구,
2017,7,20,목요일,17,중상사고,0,1,0,0,46,남,15년이상,,화물,비사업용,이륜,진입회전사고,맑음,주간,차대차,측면직각충돌,신호위반,특별광역시도,광화문앞삼거리,37.5740339,126.976775,종로구,
2017,8,28,월요일,23,중상사고,0,1,0,0,38,남,15년이상,,승용,비사업용,이륜,일직선사고,맑음,심야,차대차,추돌(진행중),안전운전불이행,특별광역시도,광화문앞삼거리,37.5740339,126.976775,종로구,
2017,9,2,토요일,0,경상사고,0,0,3,1,22,남,15년이상,0,승용,비사업용,승용,일직선사고,맑음,심야,차대차,추돌(진행중),안전운전불이행,특별광역시도,광화문앞삼거리,37.5740339,126.976775,종로구,
2017,9,13,수요일,17,경상사고,0,0,1,0,67,남,15년이상,,승용,사업용,이륜,진입회전사고,맑음,주간,차대차,측면직각충돌,안전운전불이행,특별광역시도,광화문앞삼거리,37.5740339,126.976775,종로구,
2017,10,29,일요일,17,중상사고,0,1,2,1,43,남,15년이상,,승용,사업용,승합,진입회전사고,맑음,주간,차대차,측면직각충돌,안전거리미확보,특별광역시도,광화문앞삼거리,37.5740339,126.976775,종로구,
2017,11,17,금요일,19,경상사고,0,0,1,0,72,남,15년이상,,승용,비사업용,승용,진입회전사고,맑음,출퇴근,차대차,측면직각충돌,안전운전불이행,특별광역시도,광화문앞삼거리,37.5740339,126.976775,종로구,
2017,12,22,금요일,1,경상사고,0,0,1,0,52,남,15년미만,,승용,사업용,승용,일직선사고,맑음,심야,차대차,추돌(진행중),안전거리미확보,특별광역시도,광화문앞삼거리,37.5740339,126.976775,종로구,
2017,12,23,토요일,1,경상사고,0,0,2,0,22,남,4년미만,,승용,비사업용,승용,진입회전사고,맑음,심야,차대차,측면직각충돌,안전거리미확보,특별광역시도,광화문앞삼거리,37.5740339,126.976775,종로구,
2017,12,4,월요일,13,경상사고,0,0,2,0,42,남,15년이상,,승용,비사업용,승용,진입회전사고,맑음,주간,차대차,측면직각충돌,안전거리미확보,특별광역시도,광화문앞삼거리,37.5740339,126.976775,종로구,
2018,1,20,토요일,18,경상사고,0,0,1,0,30,남,15년이상,,승용,비사업용,승용,일직선사고,맑음,출퇴근,차대차,추돌(진행중),안전거리미확보,특별광역시도,광화문앞삼거리,37.5740339,126.976775,종로구,
2018,5,11,금요일,10,경상사고,0,0,1,0,48,남,15년이상,,승용,사업용,이륜,진입회전사고,맑음,주간,차대차,측면직각충돌,차로위반,특별광역시도,광화문앞삼거리,37.5740339,126.976775,종로구,
2018,5,21,월요일,15,경상사고,0,0,1,0,25,남,15년이상,,승용,비사업용,이륜,기타사고,맑음,주간,차대차,차대차-기타,안전운전불이행,특별광역시도,광화문앞삼거리,37.5740339,126.976775,종로구,
2018,5,25,금요일,18,중상사고,0,1,0,0,60,남,15년이상,,승용,사업용,이륜,진입회전사고,맑음,출퇴근,차대차,측면직각충돌,안전운전불이행,특별광역시도,광화문앞삼거리,37.5740339,126.976775,종로구,
2018,6,1,금요일,16,경상사고,0,0,1,0,65,여,15년이상,,승용,비사업용,승용,진입회전사고,맑음,주간,차대차,측면직각충돌,안전운전불이행,특별광역시도,광화문앞삼거리,37.5740339,126.976775,종로구,
2018,8,24,금요일,20,경상사고,0,0,3,0,68,남,15년이상,,승용,사업용,승용,진입회전사고,흐림,출퇴근,차대차,측면직각충돌,신호위반,특별광역시도,광화문앞삼거리,37.5740339,126.976775,종로구,
2018,8,18,토요일,22,경상사고,0,0,1,0,59,남,15년이상,,승용,사업용,자전거,진입회전사고,맑음,심야,차대차,측면직각충돌,기타,특별광역시도,광화문앞삼거리,37.5740339,126.976775,종로구,
2018,9,30,일요일,10,중상사고,0,2,0,0,61,남,15년이상,,승합,사업용,이륜,진입회전사고,맑음,주간,차대차,측면직각충돌,신호위반,특별광역시도,광화문앞삼거리,37.5740339,126.976775,종로구,
2019,1,28,월요일,9,경상사고,0,0,1,0,52,남,10년미만,,승용,비사업용,승용,진입회전사고,맑음,주간,차대차,측면직각충돌,신호위반,특별광역시도,광화문앞삼거리,37.5740339,126.976775,종로구,
2019,3,7,목요일,11,경상사고,0,0,2,0,72,남,15년이상,,승용,사업용,승용,진입회전사고,맑음,주간,차대차,측면직각충돌,중앙선침범,특별광역시도,광화문앞삼거리,37.5740339,126.976775,종로구,
2019,4,12,금요일,23,부상사고,0,0,0,1,64,남,15년이상,,승용,사업용,승용,진입회전사고,맑음,심야,차대차,측면직각충돌,안전거리미확보,특별광역시도,광화문앞삼거리,37.5740339,126.976775,종로구,
2019,5,31,금요일,1,경상사고,0,0,1,0,61,남,15년이상,,승용,사업용,승용,진입회전사고,맑음,심야,차대차,측면직각충돌,안전거리미확보,특별광역시도,광화문앞삼거리,37.5740339,126.976775,종로구,
2019,5,24,금요일,6,경상사고,0,0,2,0,44,남,15년이상,,승용,비사업용,이륜,진입회전사고,맑음,새벽,차대차,측면직각충돌,신호위반,특별광역시도,광화문앞삼거리,37.5740339,126.976775,종로구,
2019,5,24,금요일,11,중상사고,0,1,1,0,28,남,10년미만,,승용,비사업용,승용,기타사고,맑음,주간,차대차,차대차-기타,안전거리미확보,특별광역시도,광화문앞삼거리,37.5740339,126.976775,종로구,
2019,6,25,화요일,7,중상사고,0,1,0,0,46,남,15년이상,,승용,사업용,보행자,진입회전사고,맑음,출퇴근,차대사람,차대사람-기타,신호위반,특별광역시도,광화문앞삼거리,37.5740339,126.976775,종로구,
2019,7,11,목요일,13,중상사고,0,1,0,0,50,여,15년이상,,승용,비사업용,이륜,진입회전사고,맑음,주간,차대차,측면직각충돌,신호위반,특별광역시도,광화문앞삼거리,37.5740339,126.976775,종로구,
2019,7,21,일요일,16,경상사고,0,0,1,0,28,남,10년미만,,승용,비사업용,승용,진입회전사고,맑음,주간,차대차,측면직각충돌,신호위반,특별광역시도,광화문앞삼거리,37.5740339,126.976775,종로구,
2019,8,30,금요일,15,경상사고,0,0,1,0,74,남,15년이상,,승용,사업용,승용,진입회전사고,맑음,주간,차대차,측면직각충돌,안전운전불이행,특별광역시도,광화문앞삼거리,37.5740339,126.976775,종로구,
2019,9,21,토요일,7,경상사고,0,0,1,0,49,여,15년이상,,승용,비사업용,승용,일직선사고,맑음,출퇴근,차대차,추돌(진행중),안전운전불이행,특별광역시도,광화문앞삼거리,37.5740339,126.976775,종로구,
2019,11,27,수요일,18,경상사고,0,0,1,0,54,남,15년이상,,승용,비사업용,승용,진입회전사고,맑음,출퇴근,차대차,측면직각충돌,안전거리미확보,특별광역시도,광화문앞삼거리,37.5740339,126.976775,종로구,
2019,11,18,월요일,19,경상사고,0,0,1,0,26,남,10년미만,,승용,비사업용,승용,진입회전사고,맑음,출퇴근,차대차,측면직각충돌,안전거리미확보,특별광역시도,광화문앞삼거리,37.5740339,126.976775,종로구,
2019,12,23,월요일,16,경상사고,0,0,1,0,39,남,15년이상,,승합,사업용,기타,기타사고,맑음,주간,차량단독,차량단독-기타,안전운전불이행,특별광역시도,광화문앞삼거리,37.5740339,126.976775,종로구,
2017,4,19,수요일,16,경상사고,0,0,1,0,44,여,15년이상,,승용,비사업용,자전거,진입회전사고,맑음,주간,차대차,측면직각충돌,데이터없음,특별광역시도,동대문성곽공원앞사거리,37.5719236,127.0090775,종로구,
2017,9,27,수요일,12,중상사고,0,1,0,0,50,여,15년이상,,승용,비사업용,승용,일직선사고,맑음,주간,차대차,추돌(진행중),안전거리미확보,특별광역시도,동대문성곽공원앞사거리,37.5719236,127.0090775,종로구,
2018,6,27,수요일,23,중상사고,0,1,0,0,62,남,15년이상,,승용,비사업용,이륜,진입회전사고,맑음,심야,차대차,측면직각충돌,안전거리미확보,특별광역시도,동대문성곽공원앞사거리,37.5719236,127.0090775,종로구,
2018,7,17,화요일,13,부상사고,0,0,0,1,30,남,15년이상,,승용,비사업용,원동기,진입회전사고,맑음,주간,차대차,측면직각충돌,안전거리미확보,특별광역시도,동대문성곽공원앞사거리,37.5719236,127.0090775,종로구,
2018,10,13,토요일,8,경상사고,0,0,1,1,53,남,15년이상,,승용,비사업용,승용,진입회전사고,맑음,출퇴근,차대차,측면직각충돌,안전거리미확보,특별광역시도,동대문성곽공원앞사거리,37.5719236,127.0090775,종로구,
2018,12,28,금요일,11,경상사고,0,0,1,0,65,남,15년이상,,승용,사업용,원동기,기타사고,맑음,주간,차대차,차대차-기타,안전운전불이행,특별광역시도,동대문성곽공원앞사거리,37.5719236,127.0090775,종로구,
2019,1,9,수요일,11,경상사고,0,0,1,0,25,남,10년미만,,이륜,데이터오류,이륜,기타사고,맑음,주간,차대차,차대차-기타,안전운전불이행,특별광역시도,동대문성곽공원앞사거리,37.5719236,127.0090775,종로구,
2019,4,12,금요일,18,경상사고,0,0,1,0,26,남,1년미만,,승용,비사업용,승합,기타사고,맑음,출퇴근,차대차,차대차-기타,안전운전불이행,특별광역시도,동대문성곽공원앞사거리,37.5719236,127.0090775,종로구,
2019,6,2,일요일,0,중상사고,0,1,0,0,57,남,15년이상,,승용,사업용,이륜,진입회전사고,맑음,심야,차대차,측면직각충돌,신호위반,특별광역시도,동대문성곽공원앞사거리,37.5719236,127.0090775,종로구,
2019,6,4,화요일,12,부상사고,0,0,0,1,63,남,15년이상,,승용,사업용,이륜,기타사고,맑음,주간,차대차,차대차-기타,안전거리미확보,특별광역시도,동대문성곽공원앞사거리,37.5719236,127.0090775,종로구,
2019,10,29,화요일,23,중상사고,0,1,0,0,52,남,15년이상,,승용,비사업용,이륜,진입회전사고,맑음,심야,차대차,측면직각충돌,중앙선침범,특별광역시도,동대문성곽공원앞사거리,37.5719236,127.0090775,종로구,
2017,1,17,화요일,9,중상사고,0,1,1,0,61,남,15년이상,,화물,사업용,원동기,진입회전사고,맑음,주간,차대차,측면직각충돌,안전운전불이행,특별광역시도,동대문성곽공원앞사거리,37.5719236,127.0090775,종로구,
2017,1,26,목요일,16,중상사고,0,1,0,0,57,남,15년이상,,승합,사업용,원동기,기타사고,맑음,주간,차대차,차대차-기타,안전운전불이행,특별광역시도,동대문성곽공원앞사거리,37.5719236,127.0090775,종로구,
2017,1,3,화요일,19,경상사고,0,0,2,0,49,남,15년이상,,승합,사업용,승합,진입회전사고,맑음,출퇴근,차대차,측면직각충돌,안전거리미확보,특별광역시도,동대문성곽공원앞사거리,37.5719236,127.0090775,종로구,
2017,2,16,목요일,1,부상사고,0,0,0,1,54,남,15년이상,,승용,비사업용,이륜,진입회전사고,맑음,심야,차대차,측면직각충돌,신호위반,특별광역시도,동대문성곽공원앞사거리,37.5719236,127.0090775,종로구,
2017,2,24,금요일,4,중상사고,0,1,1,0,59,남,15년이상,,화물,비사업용,화물,진입회전사고,맑음,심야,차대차,측면직각충돌,신호위반,특별광역시도,동대문성곽공원앞사거리,37.5719236,127.0090775,종로구,
2017,2,20,월요일,12,중상사고,0,1,3,0,44,남,10년미만,,승용,사업용,승용,일직선사고,맑음,주간,차대차,추돌(진행중),안전운전불이행,특별광역시도,동대문성곽공원앞사거리,37.5719236,127.0090775,종로구,
2017,2,23,목요일,15,경상사고,0,0,1,0,58,남,15년이상,,승합,사업용,원동기,진입회전사고,맑음,주간,차대차,차대차-기타,신호위반,특별광역시도,동대문성곽공원앞사거리,37.5719236,127.0090775,종로구,
2017,3,14,화요일,13,중상사고,0,1,0,0,불명,불명,데이터오류,,원동기,기타,원동기,진입회전사고,맑음,주간,차대차,측면직각충돌,신호위반,특별광역시도,동대문성곽공원앞사거리,37.5719236,127.0090775,종로구,
2017,5,15,월요일,3,중상사고,0,1,0,1,36,여,15년이상,,승용,비사업용,승용,진입회전사고,맑음,심야,차대차,측면직각충돌,신호위반,특별광역시도,동대문성곽공원앞사거리,37.5719236,127.0090775,종로구,
2017,5,20,토요일,12,경상사고,0,0,1,0,62,여,15년이상,,승용,사업용,이륜,진입회전사고,맑음,주간,차대차,측면직각충돌,교차로운행방법위반,특별광역시도,동대문성곽공원앞사거리,37.5719236,127.0090775,종로구,
2017,6,29,목요일,14,중상사고,0,1,0,0,46,남,15년이상,,이륜,기타,이륜,진입회전사고,맑음,주간,차대차,차대차-기타,신호위반,특별광역시도,동대문성곽공원앞사거리,37.5719236,127.0090775,종로구,
2017,7,24,월요일,7,부상사고,0,0,0,1,51,남,15년이상,,승용,비사업용,이륜,진입회전사고,맑음,출퇴근,차대차,차대차-기타,신호위반,특별광역시도,동대문성곽공원앞사거리,37.5719236,127.0090775,종로구,
2017,7,20,목요일,15,중상사고,0,1,0,1,51,남,15년이상,,이륜,기타,보행자,진입회전사고,맑음,주간,차대사람,횡단중,신호위반,특별광역시도,동대문성곽공원앞사거리,37.5719236,127.0090775,종로구,
2017,8,2,수요일,14,중상사고,0,1,4,0,47,남,15년이상,,승합,사업용,이륜,기타사고,맑음,주간,차대차,차대차-기타,교차로운행방법위반,특별광역시도,동대문성곽공원앞사거리,37.5719236,127.0090775,종로구,
2017,8,25,금요일,18,경상사고,0,0,1,0,51,남,15년이상,,승용,사업용,이륜,진입회전사고,맑음,출퇴근,차대차,측면직각충돌,안전운전불이행,특별광역시도,동대문성곽공원앞사거리,37.5719236,127.0090775,종로구,
2017,8,14,월요일,22,경상사고,0,0,3,0,54,남,15년이상,,승용,사업용,승용,진입회전사고,맑음,심야,차대차,측면직각충돌,안전거리미확보,특별광역시도,동대문성곽공원앞사거리,37.5719236,127.0090775,종로구,
2017,8,10,목요일,23,경상사고,0,0,3,0,56,남,15년이상,,승용,사업용,이륜,일직선사고,비,심야,차대차,추돌(진행중),안전거리미확보,특별광역시도,동대문성곽공원앞사거리,37.5719236,127.0090775,종로구,
2017,9,6,수요일,19,경상사고,0,0,1,0,66,남,15년이상,,승용,사업용,승용,일직선사고,비,출퇴근,차대차,추돌(진행중),안전운전불이행,특별광역시도,동대문성곽공원앞사거리,37.5719236,127.0090775,종로구,
2017,10,25,수요일,21,경상사고,0,0,1,0,65,남,15년이상,,승용,사업용,승합,진입회전사고,맑음,심야,차대차,측면직각충돌,교차로운행방법위반,특별광역시도,동대문성곽공원앞사거리,37.5719236,127.0090775,종로구,
2017,11,13,월요일,13,중상사고,0,1,0,0,51,남,15년이상,,승용,비사업용,원동기,진입회전사고,맑음,주간,차대차,측면직각충돌,신호위반,특별광역시도,동대문성곽공원앞사거리,37.5719236,127.0090775,종로구,
2017,11,18,토요일,14,경상사고,0,0,1,0,75,남,5년미만,,승용,사업용,보행자,기타사고,맑음,주간,차대사람,차대사람-기타,안전운전불이행,특별광역시도,동대문성곽공원앞사거리,37.5719236,127.0090775,종로구,
2017,12,16,토요일,12,경상사고,0,0,2,0,61,남,15년이상,,승용,사업용,승용,진입회전사고,맑음,주간,차대차,측면직각충돌,안전거리미확보,특별광역시도,동대문성곽공원앞사거리,37.5719236,127.0090775,종로구,
2018,1,18,목요일,10,경상사고,0,0,1,0,35,남,15년미만,,승용,사업용,이륜,진입회전사고,맑음,주간,차대차,측면직각충돌,교차로운행방법위반,특별광역시도,동대문성곽공원앞사거리,37.5719236,127.0090775,종로구,
2018,2,13,화요일,1,경상사고,0,0,2,0,72,남,15년이상,,승용,사업용,승용,일직선사고,맑음,심야,차대차,추돌(진행중),안전거리미확보,특별광역시도,동대문성곽공원앞사거리,37.5719236,127.0090775,종로구,
2018,4,20,금요일,20,경상사고,0,0,1,0,74,남,15년이상,,승용,비사업용,원동기,진입회전사고,맑음,출퇴근,차대차,측면직각충돌,신호위반,특별광역시도,동대문성곽공원앞사거리,37.5719236,127.0090775,종로구,
2018,5,6,일요일,13,경상사고,0,0,1,0,51,남,15년이상,,승합,사업용,기타,기타사고,맑음,주간,차량단독,차량단독-기타,안전운전불이행,특별광역시도,동대문성곽공원앞사거리,37.5719236,127.0090775,종로구,
2018,5,31,목요일,15,경상사고,0,0,2,0,55,남,15년이상,,승용,비사업용,승용,일직선사고,맑음,주간,차대차,추돌(진행중),안전거리미확보,특별광역시도,동대문성곽공원앞사거리,37.5719236,127.0090775,종로구,
2018,7,30,월요일,9,중상사고,0,1,2,0,58,남,15년이상,,승합,사업용,이륜,진입회전사고,맑음,주간,차대차,측면직각충돌,신호위반,특별광역시도,동대문성곽공원앞사거리,37.5719236,127.0090775,종로구,
2018,8,30,목요일,1,경상사고,0,0,2,0,21,남,15년이상,,승용,사업용,승용,기타사고,비,심야,차대차,차대차-기타,안전거리미확보,특별광역시도,동대문성곽공원앞사거리,37.5719236,127.0090775,종로구,
2018,9,17,월요일,23,중상사고,0,1,0,0,72,남,15년이상,,승용,비사업용,보행자,보행횡단사고,맑음,심야,차대사람,횡단중,안전운전불이행,특별광역시도,동대문성곽공원앞사거리,37.5719236,127.0090775,종로구,
2019,2,22,금요일,19,경상사고,0,0,1,0,31,여,3년미만,,승용,비사업용,승용,진입회전사고,맑음,출퇴근,차대차,측면직각충돌,안전거리미확보,특별광역시도,동대문성곽공원앞사거리,37.5719236,127.0090775,종로구,
2019,4,4,목요일,8,경상사고,0,0,1,0,49,남,15년이상,,승합,사업용,기타,기타사고,맑음,출퇴근,차량단독,차량단독-기타,안전운전불이행,특별광역시도,동대문성곽공원앞사거리,37.5719236,127.0090775,종로구,
2019,6,18,화요일,10,중상사고,0,1,1,0,78,남,15년이상,,승용,사업용,승용,진입회전사고,맑음,주간,차대차,측면직각충돌,신호위반,특별광역시도,동대문성곽공원앞사거리,37.5719236,127.0090775,종로구,
2019,12,21,토요일,2,중상사고,0,1,0,0,68,여,15년이상,,승용,사업용,보행자,기타사고,맑음,심야,차대사람,차도통행중,안전운전불이행,특별광역시도,동대문성곽공원앞사거리,37.5719236,127.0090775,종로구,
2019,12,2,월요일,17,중상사고,0,1,1,0,48,남,15년이상,,승용,사업용,자전거,기타사고,맑음,주간,차대차,차대차-기타,안전운전불이행,특별광역시도,동대문성곽공원앞사거리,37.5719236,127.0090775,종로구,
2017,1,2,월요일,21,중상사고,0,1,0,0,68,남,15년이상,,승용,사업용,보행자,기타사고,맑음,심야,차대사람,차대사람-기타,안전운전불이행,특별광역시도,동대문역사거리,37.565682,127.008953,종로구,
2017,4,3,월요일,19,중상사고,0,1,1,0,27,남,10년미만,,승합,비사업용,화물,진입회전사고,맑음,출퇴근,차대차,측면직각충돌,신호위반,특별광역시도,동대문역사거리,37.565682,127.008953,종로구,
2017,5,29,월요일,23,중상사고,0,1,0,1,57,남,3년미만,,승용,사업용,보행자,보행횡단사고,맑음,심야,차대사람,보도통행중,보행자보호의무위반,특별광역시도,동대문역사거리,37.565682,127.008953,종로구,
2017,6,27,화요일,23,경상사고,0,0,2,0,40,여,15년이상,,승용,비사업용,보행자,진입회전사고,맑음,심야,차대차,측면직각충돌,신호위반,특별광역시도,동대문역사거리,37.565682,127.008953,종로구,
2017,7,27,목요일,13,경상사고,0,0,1,0,62,남,15년이상,,승용,사업용,이륜,진입회전사고,맑음,주간,차대차,측면직각충돌,신호위반,특별광역시도,동대문역사거리,37.565682,127.008953,종로구,
2017,7,31,월요일,19,중상사고,0,1,0,0,36,남,10년미만,,승용,비사업용,승용,진입회전사고,맑음,출퇴근,차대차,측면직각충돌,안전거리미확보,특별광역시도,동대문역사거리,37.565682,127.008953,종로구,
2017,8,1,화요일,20,중상사고,0,1,0,0,56,남,15년이상,,승용,비사업용,이륜,진입회전사고,맑음,출퇴근,차대차,측면직각충돌,안전운전불이행,특별광역시도,동대문역사거리,37.565682,127.008953,종로구,
2017,9,9,토요일,23,경상사고,0,0,2,0,66,남,15년이상,,승용,사업용,승용,일직선사고,맑음,심야,차대차,추돌(진행중),안전운전불이행,특별광역시도,동대문역사거리,37.565682,127.008953,종로구,
2017,10,3,화요일,15,경상사고,0,0,1,0,46,여,15년이상,,승용,비사업용,자전거,기타사고,맑음,주간,차대차,차대차-기타,안전운전불이행,특별광역시도,동대문역사거리,37.565682,127.008953,종로구,
2017,12,17,일요일,1,경상사고,0,0,1,0,63,남,15년이상,,승용,사업용,승용,진입회전사고,맑음,심야,차대차,측면직각충돌,신호위반,특별광역시도,동대문역사거리,37.565682,127.008953,종로구,