년도,월,일,요일,시각,사고등급,사망자수,중상자수,경상자수,부상자수,연령,성별,경력,음주,종별,용도,관련자2,사고형태,기상상태,일광상태,사고유형1,사고유형2,법규위반,도로종류,지점명,위도,경도,자치구,
2019,1,29,화요일,19,부상사고,0,0,0,1,54,남,15년이상,,기타,데이터오류,기타,기타사고,맑음,출퇴근,차대차,차대차-기타,안전운전불이행,특별광역시도,동묘앞역사거리,37.573246,127.016589,종로구,
2019,1,8,화요일,20,중상사고,0,1,0,0,35,남,2년미만,,이륜,데이터오류,이륜,진입회전사고,맑음,출퇴근,차대차,차대차-기타,신호위반,특별광역시도,동묘앞역사거리,37.573246,127.016589,종로구,
2019,1,5,토요일,22,경상사고,0,0,1,0,59,남,15년이상,,승용,사업용,자전거,진입회전사고,맑음,심야,차대차,측면직각충돌,안전운전불이행,특별광역시도,동묘앞역사거리,37.573246,127.016589,종로구,
2019,2,15,금요일,23,중상사고,0,1,0,0,66,남,15년이상,,승용,사업용,화물,일직선사고,맑음,심야,차대차,추돌(진행중),안전거리미확보,특별광역시도,동묘앞역사거리,37.573246,127.016589,종로구,
2019,3,31,일요일,1,중상사고,0,2,1,0,23,남,15년이상,,이륜,데이터오류,이륜,진입회전사고,맑음,심야,차대차,측면직각충돌,신호위반,특별광역시도,동묘앞역사거리,37.573246,127.016589,종로구,
2019,3,25,월요일,5,중상사고,0,1,1,0,47,남,15년이상,,승용,사업용,이륜,진입회전사고,맑음,새벽,차대차,측면직각충돌,안전운전불이행,특별광역시도,동묘앞역사거리,37.573246,127.016589,종로구,
2019,3,26,화요일,18,중상사고,0,1,1,0,41,여,15년이상,,승용,비사업용,이륜,진입회전사고,맑음,출퇴근,차대차,측면직각충돌,교차로운행방법위반,특별광역시도,동묘앞역사거리,37.573246,127.016589,종로구,
2019,4,28,일요일,12,경상사고,0,0,3,0,33,남,15년미만,,승용,비사업용,승용,일직선사고,맑음,주간,차대차,추돌(진행중),안전운전불이행,특별광역시도,동묘앞역사거리,37.573246,127.016589,종로구,
2019,5,9,목요일,13,경상사고,0,0,1,0,21,여,3년미만,,승용,사업용,승용,일직선사고,맑음,주간,차대차,추돌(진행중),안전거리미확보,특별광역시도,동묘앞역사거리,37.573246,127.016589,종로구,
2019,6,9,일요일,2,경상사고,0,0,1,0,66,남,15년이상,,승용,사업용,보행자,보행횡단사고,맑음,심야,차대사람,횡단중,보행자보호의무위반,특별광역시도,동묘앞역사거리,37.573246,127.016589,종로구,
2019,6,10,월요일,8,경상사고,0,0,1,0,49,남,1년미만,,화물,비사업용,화물,진입회전사고,맑음,출퇴근,차대차,측면직각충돌,안전거리미확보,특별광역시도,동묘앞역사거리,37.573246,127.016589,종로구,
2019,6,11,화요일,17,중상사고,0,1,1,0,38,남,15년이상,,승합,사업용,이륜,진입회전사고,맑음,주간,차대차,측면직각충돌,신호위반,특별광역시도,동묘앞역사거리,37.573246,127.016589,종로구,
2019,6,19,수요일,21,중상사고,0,1,0,0,59,남,15년이상,,승합,사업용,원동기,진입회전사고,맑음,심야,차대차,측면직각충돌,신호위반,특별광역시도,동묘앞역사거리,37.573246,127.016589,종로구,
2019,7,7,일요일,8,경상사고,0,0,1,0,61,남,15년이상,,승용,비사업용,이륜,진입회전사고,맑음,출퇴근,차대차,측면직각충돌,신호위반,특별광역시도,동묘앞역사거리,37.573246,127.016589,종로구,
2019,8,29,목요일,17,경상사고,0,0,1,0,59,남,15년이상,,승합,사업용,원동기,진입회전사고,맑음,주간,차대차,측면직각충돌,신호위반,특별광역시도,동묘앞역사거리,37.573246,127.016589,종로구,
2019,9,19,목요일,11,부상사고,0,0,0,1,27,남,10년미만,0,이륜,데이터오류,기타,기타사고,맑음,주간,차량단독,차량단독-기타,안전운전불이행,특별광역시도,동묘앞역사거리,37.573246,127.016589,종로구,
2019,9,22,일요일,19,부상사고,0,0,0,1,64,남,15년이상,,승용,사업용,원동기,진입회전사고,맑음,출퇴근,차대차,측면직각충돌,신호위반,특별광역시도,동묘앞역사거리,37.573246,127.016589,종로구,
2019,10,4,금요일,12,경상사고,0,0,1,0,54,여,15년이상,,승용,비사업용,원동기,진입회전사고,맑음,주간,차대차,측면직각충돌,안전운전불이행,특별광역시도,동묘앞역사거리,37.573246,127.016589,종로구,
2019,10,24,목요일,13,부상사고,0,0,0,1,36,남,15년이상,,승용,사업용,보행자,보행횡단사고,맑음,주간,차대사람,횡단중,보행자보호의무위반,특별광역시도,동묘앞역사거리,37.573246,127.016589,종로구,
2019,10,6,일요일,17,경상사고,0,0,2,0,65,남,15년이상,,승용,사업용,이륜,진입회전사고,맑음,주간,차대차,정면충돌,신호위반,특별광역시도,동묘앞역사거리,37.573246,127.016589,종로구,
2017,1,25,수요일,20,부상사고,0,0,0,1,47,여,15년이상,,승용,비사업용,원동기,진입회전사고,맑음,출퇴근,차대차,측면직각충돌,신호위반,특별광역시도,서울전문학교앞사거리,37.5742844,127.019078,종로구,
2017,9,25,월요일,2,경상사고,0,0,4,0,61,남,15년이상,,승용,사업용,승용,진입회전사고,맑음,심야,차대차,측면직각충돌,신호위반,특별광역시도,서울전문학교앞사거리,37.5742844,127.019078,종로구,
2017,11,10,금요일,22,중상사고,0,1,0,0,25,여,15년이상,,승용,비사업용,보행자,진입회전사고,맑음,심야,차대사람,횡단중,신호위반,특별광역시도,서울전문학교앞사거리,37.5742844,127.019078,종로구,
2018,1,11,목요일,9,중상사고,0,1,0,0,49,남,15년이상,,원동기,기타,보행자,보행횡단사고,맑음,주간,차대사람,횡단중,보행자보호의무위반,특별광역시도,서울전문학교앞사거리,37.5742844,127.019078,종로구,
2018,1,20,토요일,16,중상사고,0,1,0,0,27,남,15년이상,,승용,비사업용,원동기,진입회전사고,맑음,주간,차대차,측면직각충돌,신호위반,특별광역시도,서울전문학교앞사거리,37.5742844,127.019078,종로구,
2018,11,6,화요일,22,부상사고,0,0,0,1,42,남,5년미만,,승용,비사업용,승합,기타사고,맑음,심야,차대차,차대차-기타,안전거리미확보,특별광역시도,서울전문학교앞사거리,37.5742844,127.019078,종로구,
2019,2,23,토요일,19,부상사고,0,0,0,2,40,여,15년이상,,승용,비사업용,승합,기타사고,맑음,출퇴근,차대차,차대차-기타,안전거리미확보,특별광역시도,서울전문학교앞사거리,37.5742844,127.019078,종로구,
2019,8,12,월요일,5,중상사고,0,2,4,1,56,남,15년이상,,승용,사업용,승합,진입회전사고,맑음,새벽,차대차,측면직각충돌,신호위반,특별광역시도,서울전문학교앞사거리,37.5742844,127.019078,종로구,
2017,1,11,수요일,11,경상사고,0,0,1,0,43,남,15년이상,,승합,사업용,승합,일직선사고,맑음,주간,차대차,추돌(진행중),안전거리미확보,특별광역시도,서울전문학교앞사거리,37.5742844,127.019078,종로구,
2017,2,11,토요일,5,경상사고,0,0,1,0,54,남,15년이상,,승합,사업용,이륜,기타사고,맑음,새벽,차대차,차대차-기타,차로위반,특별광역시도,서울전문학교앞사거리,37.5742844,127.019078,종로구,
2017,4,5,수요일,19,경상사고,0,0,1,0,45,남,15년이상,,승합,사업용,보행자,기타사고,비,출퇴근,차대사람,차도통행중,안전운전불이행,특별광역시도,서울전문학교앞사거리,37.5742844,127.019078,종로구,
2017,9,20,수요일,23,경상사고,0,0,2,0,36,남,15년미만,,승용,비사업용,승용,일직선사고,맑음,심야,차대차,추돌(진행중),안전거리미확보,특별광역시도,서울전문학교앞사거리,37.5742844,127.019078,종로구,
2017,10,27,금요일,8,중상사고,0,1,0,1,34,남,15년미만,,화물,비사업용,화물,기타사고,맑음,출퇴근,차대차,차대차-기타,안전거리미확보,특별광역시도,서울전문학교앞사거리,37.5742844,127.019078,종로구,
2017,10,24,화요일,15,경상사고,0,0,1,0,38,남,15년이상,,승용,비사업용,승합,진입회전사고,맑음,주간,차대차,측면직각충돌,안전운전불이행,특별광역시도,서울전문학교앞사거리,37.5742844,127.019078,종로구,
2017,12,22,금요일,4,중상사고,0,1,0,0,64,남,15년이상,,승용,사업용,보행자,보행횡단사고,맑음,심야,차대사람,횡단중,보행자보호의무위반,특별광역시도,서울전문학교앞사거리,37.5742844,127.019078,종로구,
2017,12,22,금요일,6,중상사고,0,1,0,0,38,남,15년이상,,승용,비사업용,보행자,보행횡단사고,흐림,새벽,차대사람,보도통행중,보행자보호의무위반,특별광역시도,서울전문학교앞사거리,37.5742844,127.019078,종로구,
2018,2,23,금요일,16,중상사고,0,1,0,0,38,여,15년이상,,승용,비사업용,이륜,기타사고,맑음,주간,차대차,차대차-기타,안전거리미확보,특별광역시도,서울전문학교앞사거리,37.5742844,127.019078,종로구,
2018,6,5,화요일,1,경상사고,0,0,2,0,57,여,15년이상,,승용,비사업용,승용,일직선사고,맑음,심야,차대차,추돌(진행중),안전거리미확보,특별광역시도,서울전문학교앞사거리,37.5742844,127.019078,종로구,
2018,6,12,화요일,4,경상사고,0,0,2,0,70,남,15년이상,,승용,사업용,승용,진입회전사고,맑음,심야,차대차,측면직각충돌,안전운전불이행,특별광역시도,서울전문학교앞사거리,37.5742844,127.019078,종로구,
2018,6,11,월요일,8,경상사고,0,0,1,0,63,남,15년이상,,승용,사업용,원동기,진입회전사고,맑음,출퇴근,차대차,측면직각충돌,안전거리미확보,특별광역시도,서울전문학교앞사거리,37.5742844,127.019078,종로구,
2018,9,26,수요일,14,경상사고,0,0,1,0,38,남,3년미만,,승용,사업용,승용,진입회전사고,맑음,주간,차대차,측면직각충돌,안전거리미확보,특별광역시도,서울전문학교앞사거리,37.5742844,127.019078,종로구,
2018,10,19,금요일,20,중상사고,0,1,0,0,53,남,15년이상,,이륜,기타,보행자,보행횡단사고,맑음,출퇴근,차대사람,횡단중,보행자보호의무위반,특별광역시도,서울전문학교앞사거리,37.5742844,127.019078,종로구,
2018,11,26,월요일,3,경상사고,0,0,1,0,57,남,15년이상,,승용,사업용,승용,진입회전사고,맑음,심야,차대차,측면직각충돌,신호위반,특별광역시도,서울전문학교앞사거리,37.5742844,127.019078,종로구,
2019,1,12,토요일,3,경상사고,0,0,1,0,74,남,15년이상,,승용,사업용,보행자,기타사고,맑음,심야,차대사람,차대사람-기타,보행자보호의무위반,특별광역시도,서울전문학교앞사거리,37.5742844,127.019078,종로구,
2019,3,2,토요일,5,중상사고,0,1,3,1,55,남,15년이상,,승합,사업용,승합,진입회전사고,맑음,새벽,차대차,측면직각충돌,신호위반,특별광역시도,서울전문학교앞사거리,37.5742844,127.019078,종로구,
2019,3,10,일요일,20,부상사고,0,0,0,1,60,남,15년이상,,승용,비사업용,이륜,일직선사고,맑음,출퇴근,차대차,추돌(진행중),안전운전불이행,특별광역시도,서울전문학교앞사거리,37.5742844,127.019078,종로구,
2019,5,6,월요일,3,경상사고,0,0,2,0,29,남,15년미만,,승용,비사업용,승용,일직선사고,맑음,심야,차대차,추돌(진행중),안전운전불이행,특별광역시도,서울전문학교앞사거리,37.5742844,127.019078,종로구,
2019,6,10,월요일,7,경상사고,0,0,1,0,32,남,15년이상,,승용,비사업용,이륜,일직선사고,맑음,출퇴근,차대차,추돌(진행중),안전운전불이행,특별광역시도,서울전문학교앞사거리,37.5742844,127.019078,종로구,
2019,6,4,화요일,23,경상사고,0,0,2,0,32,남,15년이상,,승용,비사업용,승용,일직선사고,맑음,심야,차대차,추돌(진행중),안전거리미확보,특별광역시도,서울전문학교앞사거리,37.5742844,127.019078,종로구,
2019,9,17,화요일,9,경상사고,0,0,1,0,60,남,15년이상,,승합,사업용,승합,일직선사고,맑음,주간,차대차,추돌(진행중),안전운전불이행,특별광역시도,서울전문학교앞사거리,37.5742844,127.019078,종로구,
2019,9,10,화요일,16,경상사고,0,0,2,0,50,남,15년이상,,승용,비사업용,승용,진입회전사고,흐림,주간,차대차,측면직각충돌,안전거리미확보,특별광역시도,서울전문학교앞사거리,37.5742844,127.019078,종로구,
2019,11,9,토요일,0,중상사고,0,1,0,0,43,남,15년이상,0,원동기,데이터오류,원동기,일직선사고,맑음,심야,차대차,추돌(진행중),안전운전불이행,특별광역시도,서울전문학교앞사거리,37.5742844,127.019078,종로구,
2019,11,9,토요일,1,경상사고,0,0,2,0,66,남,15년이상,,승용,사업용,승용,진입회전사고,맑음,심야,차대차,측면직각충돌,차로위반,특별광역시도,서울전문학교앞사거리,37.5742844,127.019078,종로구,
2017,3,29,수요일,16,경상사고,0,0,1,0,62,남,10년미만,,승용,비사업용,승용,진입회전사고,맑음,주간,차대차,측면직각충돌,신호위반,특별광역시도,서울지방경찰청,37.5748364,126.9719665,종로구,
2017,4,18,화요일,9,경상사고,0,0,1,0,38,여,15년이상,,승용,비사업용,승용,진입회전사고,비,주간,차대차,측면직각충돌,안전거리미확보,특별광역시도,서울지방경찰청,37.5748364,126.9719665,종로구,
2017,4,28,금요일,9,부상사고,0,0,0,1,55,남,15년이상,,승합,사업용,이륜,진입회전사고,맑음,주간,차대차,측면직각충돌,안전운전불이행,특별광역시도,서울지방경찰청,37.5748364,126.9719665,종로구,
2017,4,25,화요일,19,경상사고,0,0,2,0,26,여,10년미만,,승용,비사업용,승용,진입회전사고,맑음,출퇴근,차대차,측면직각충돌,교차로운행방법위반,특별광역시도,서울지방경찰청,37.5748364,126.9719665,종로구,
2017,5,4,목요일,11,중상사고,0,1,0,0,70,여,15년이상,,승용,사업용,보행자,보행횡단사고,맑음,주간,차대사람,횡단중,안전운전불이행,특별광역시도,서울지방경찰청,37.5748364,126.9719665,종로구,
2017,5,27,토요일,17,경상사고,0,0,2,0,65,남,15년이상,,승용,사업용,승용,진입회전사고,맑음,주간,차대차,측면직각충돌,신호위반,특별광역시도,서울지방경찰청,37.5748364,126.9719665,종로구,
2017,6,14,수요일,23,경상사고,0,0,2,0,55,남,데이터오류,0,승용,비사업용,승용,일직선사고,맑음,심야,차대차,추돌(진행중),안전운전불이행,특별광역시도,서울지방경찰청,37.5748364,126.9719665,종로구,
2017,11,2,목요일,19,중상사고,0,1,0,0,49,남,15년이상,,승용,비사업용,이륜,진입회전사고,맑음,출퇴근,차대차,측면직각충돌,안전운전불이행,특별광역시도,서울지방경찰청,37.5748364,126.9719665,종로구,
2018,1,17,수요일,17,경상사고,0,0,1,0,52,남,15년이상,,승용,비사업용,승용,진입회전사고,맑음,주간,차대차,측면직각충돌,안전운전불이행,특별광역시도,서울지방경찰청,37.5748364,126.9719665,종로구,
2018,3,23,금요일,15,경상사고,0,0,1,0,59,남,15년이상,,승용,비사업용,승용,일직선사고,맑음,주간,차대차,추돌(진행중),안전운전불이행,특별광역시도,서울지방경찰청,37.5748364,126.9719665,종로구,
2018,5,9,수요일,15,경상사고,0,0,1,0,31,남,15년미만,,승용,비사업용,이륜,일직선사고,맑음,주간,차대차,추돌(진행중),안전거리미확보,특별광역시도,서울지방경찰청,37.5748364,126.9719665,종로구,
2018,5,27,일요일,21,경상사고,0,0,2,0,67,남,15년이상,,승용,사업용,승용,진입회전사고,맑음,심야,차대차,측면직각충돌,신호위반,특별광역시도,서울지방경찰청,37.5748364,126.9719665,종로구,
2018,7,4,수요일,8,중상사고,0,1,1,1,41,여,15년이상,,승용,비사업용,승용,진입회전사고,맑음,출퇴근,차대차,측면직각충돌,신호위반,특별광역시도,서울지방경찰청,37.5748364,126.9719665,종로구,
2018,9,11,화요일,19,경상사고,0,0,1,0,32,남,15년이상,,승용,비사업용,이륜,진입회전사고,맑음,출퇴근,차대차,측면직각충돌,신호위반,특별광역시도,서울지방경찰청,37.5748364,126.9719665,종로구,
2018,10,12,금요일,1,경상사고,0,0,1,0,52,남,15년이상,0,승용,비사업용,승용,일직선사고,맑음,심야,차대차,추돌(진행중),안전운전불이행,특별광역시도,서울지방경찰청,37.5748364,126.9719665,종로구,
2018,10,20,토요일,13,경상사고,0,0,1,0,불명,불명,데이터오류,,기타,기타,기타,진입회전사고,맑음,주간,차대차,측면직각충돌,안전거리미확보,특별광역시도,서울지방경찰청,37.5748364,126.9719665,종로구,
2018,11,13,화요일,11,경상사고,0,0,2,0,57,남,15년이상,0,승용,비사업용,승합,일직선사고,맑음,주간,차대차,추돌(진행중),안전거리미확보,특별광역시도,서울지방경찰청,37.5748364,126.9719665,종로구,
2018,12,14,금요일,9,경상사고,0,0,1,0,75,남,15년이상,,승용,사업용,승용,일직선사고,맑음,주간,차대차,추돌(진행중),안전거리미확보,특별광역시도,서울지방경찰청,37.5748364,126.9719665,종로구,
2019,2,15,금요일,0,경상사고,0,0,1,0,45,남,15년이상,,승용,사업용,이륜,진입회전사고,맑음,심야,차대차,측면직각충돌,교차로운행방법위반,특별광역시도,서울지방경찰청,37.5748364,126.9719665,종로구,
2019,2,21,목요일,0,경상사고,0,0,2,0,58,남,15년이상,,승용,사업용,승용,일직선사고,맑음,심야,차대차,추돌(진행중),안전운전불이행,특별광역시도,서울지방경찰청,37.5748364,126.9719665,종로구,
2019,3,4,월요일,19,경상사고,0,0,1,0,73,남,15년이상,,승합,사업용,이륜,진입회전사고,맑음,출퇴근,차대차,측면직각충돌,교차로운행방법위반,특별광역시도,서울지방경찰청,37.5748364,126.9719665,종로구,
2019,4,2,화요일,5,중상사고,0,1,0,0,49,남,15년이상,,승합,사업용,기타,기타사고,맑음,새벽,차량단독,차량단독-기타,안전운전불이행,특별광역시도,서울지방경찰청,37.5748364,126.9719665,종로구,
2019,5,27,월요일,6,경상사고,0,0,2,0,33,남,15년미만,,승합,사업용,승합,진입회전사고,비,새벽,차대차,측면직각충돌,교차로운행방법위반,특별광역시도,서울지방경찰청,37.5748364,126.9719665,종로구,
2019,5,8,수요일,18,경상사고,0,0,2,0,50,남,15년이상,,승용,사업용,승용,진입회전사고,맑음,출퇴근,차대차,측면직각충돌,교차로운행방법위반,특별광역시도,서울지방경찰청,37.5748364,126.9719665,종로구,
2019,5,3,금요일,21,경상사고,0,0,3,0,39,남,15년이상,0,승용,비사업용,승용,일직선사고,맑음,심야,차대차,추돌(진행중),안전운전불이행,특별광역시도,서울지방경찰청,37.5748364,126.9719665,종로구,
2019,6,21,금요일,2,경상사고,0,0,1,0,55,남,15년이상,,승용,사업용,이륜,진입회전사고,맑음,심야,차대차,측면직각충돌,안전운전불이행,특별광역시도,서울지방경찰청,37.5748364,126.9719665,종로구,
2019,6,4,화요일,2,경상사고,0,0,1,0,35,여,10년미만,,승용,비사업용,이륜,진입회전사고,맑음,심야,차대차,측면직각충돌,신호위반,특별광역시도,서울지방경찰청,37.5748364,126.9719665,종로구,
2019,6,21,금요일,21,경상사고,0,0,2,0,64,여,15년이상,,승용,사업용,승용,일직선사고,맑음,심야,차대차,추돌(진행중),안전운전불이행,특별광역시도,서울지방경찰청,37.5748364,126.9719665,종로구,
2019,9,25,수요일,0,중상사고,0,1,0,0,59,남,15년이상,,승용,사업용,이륜,진입회전사고,맑음,심야,차대차,차대차-기타,신호위반,특별광역시도,서울지방경찰청,37.5748364,126.9719665,종로구,
2019,9,3,화요일,9,중상사고,0,1,0,0,62,남,15년이상,,승용,사업용,이륜,진입회전사고,맑음,주간,차대차,측면직각충돌,신호위반,특별광역시도,서울지방경찰청,37.5748364,126.9719665,종로구,
2019,9,6,금요일,20,경상사고,0,0,1,0,31,남,10년미만,,승용,사업용,승용,진입회전사고,맑음,출퇴근,차대차,측면직각충돌,차로위반,특별광역시도,서울지방경찰청,37.5748364,126.9719665,종로구,
2019,10,31,목요일,9,경상사고,0,0,1,0,43,남,15년미만,,승합,사업용,승합,일직선사고,맑음,주간,차대차,추돌(진행중),안전운전불이행,특별광역시도,서울지방경찰청,37.5748364,126.9719665,종로구,
2019,11,27,수요일,20,중상사고,0,1,0,0,58,여,15년이상,,승용,비사업용,이륜,진입회전사고,맑음,출퇴근,차대차,측면직각충돌,신호위반,특별광역시도,서울지방경찰청,37.5748364,126.9719665,종로구,
2019,12,13,금요일,13,경상사고,0,0,1,0,59,남,15년이상,,승용,사업용,화물,진입회전사고,맑음,주간,차대차,측면직각충돌,교차로운행방법위반,특별광역시도,서울지방경찰청,37.5748364,126.9719665,종로구,
2019,12,16,월요일,23,중상사고,0,1,0,0,26,남,15년이상,0,승용,비사업용,승용,진입회전사고,맑음,심야,차대차,측면직각충돌,신호위반,특별광역시도,서울지방경찰청,37.5748364,126.9719665,종로구,
2017,4,19,수요일,7,경상사고,0,0,1,0,49,남,15년이상,,승합,사업용,승합,진입회전사고,맑음,출퇴근,차대차,측면직각충돌,안전운전불이행,특별광역시도,신설동역사거리,37.5721057,127.0231122,종로구,
2017,4,22,토요일,23,중상사고,0,1,0,0,37,여,15년이상,,승용,비사업용,승용,진입회전사고,맑음,심야,차대차,측면직각충돌,안전거리미확보,특별광역시도,신설동역사거리,37.5721057,127.0231122,종로구,
2017,9,20,수요일,14,중상사고,0,1,0,0,53,남,15년이상,,승용,비사업용,이륜,진입회전사고,맑음,주간,차대차,측면직각충돌,교차로운행방법위반,특별광역시도,신설동역사거리,37.5721057,127.0231122,종로구,
2017,10,8,일요일,18,중상사고,0,1,0,0,60,남,2년미만,,승용,사업용,이륜,진입회전사고,맑음,출퇴근,차대차,측면직각충돌,데이터없음,특별광역시도,신설동역사거리,37.5721057,127.0231122,종로구,
2017,12,9,토요일,2,경상사고,0,0,1,0,41,남,15년미만,0,승용,비사업용,승용,진입회전사고,맑음,심야,차대차,측면직각충돌,신호위반,특별광역시도,신설동역사거리,37.5721057,127.0231122,종로구,
2018,2,23,금요일,15,경상사고,0,0,1,0,55,남,15년이상,,승용,비사업용,승용,일직선사고,맑음,주간,차대차,추돌(진행중),안전거리미확보,특별광역시도,신설동역사거리,37.5721057,127.0231122,종로구,
2018,2,3,토요일,18,경상사고,0,0,2,0,54,남,15년이상,,승용,사업용,승용,진입회전사고,맑음,출퇴근,차대차,측면직각충돌,안전운전불이행,특별광역시도,신설동역사거리,37.5721057,127.0231122,종로구,
2018,3,6,화요일,4,중상사고,0,1,0,0,불명,불명,데이터오류,,기타,기타,기타,보행횡단사고,맑음,심야,차대사람,횡단중,안전운전불이행,특별광역시도,신설동역사거리,37.5721057,127.0231122,종로구,
2018,4,24,화요일,19,경상사고,0,0,2,0,53,남,15년이상,,승용,사업용,승용,진입회전사고,맑음,출퇴근,차대차,측면직각충돌,안전거리미확보,특별광역시도,신설동역사거리,37.5721057,127.0231122,종로구,
2018,6,11,월요일,15,경상사고,0,0,1,0,53,남,15년이상,,승합,비사업용,자전거,진입회전사고,흐림,주간,차대차,측면직각충돌,신호위반,특별광역시도,신설동역사거리,37.5721057,127.0231122,종로구,
2018,7,14,토요일,4,중상사고,0,1,0,0,53,남,15년이상,,화물,사업용,이륜,진입회전사고,맑음,심야,차대차,측면직각충돌,안전거리미확보,특별광역시도,신설동역사거리,37.5721057,127.0231122,종로구,
2018,7,20,금요일,14,경상사고,0,0,1,0,54,여,15년이상,,승용,비사업용,승용,진입회전사고,맑음,주간,차대차,측면직각충돌,안전운전불이행,특별광역시도,신설동역사거리,37.5721057,127.0231122,종로구,
2018,7,23,월요일,22,경상사고,0,0,1,0,66,남,15년이상,,승용,사업용,보행자,보행횡단사고,맑음,심야,차대사람,횡단중,보행자보호의무위반,특별광역시도,신설동역사거리,37.5721057,127.0231122,종로구,
2018,8,27,월요일,23,중상사고,0,1,0,0,46,여,15년이상,0,승용,비사업용,승용,일직선사고,맑음,심야,차대차,추돌(진행중),안전운전불이행,특별광역시도,신설동역사거리,37.5721057,127.0231122,종로구,
2018,9,15,토요일,5,부상사고,0,0,0,1,26,남,10년미만,,승용,비사업용,승용,일직선사고,흐림,새벽,차대차,추돌(진행중),안전운전불이행,특별광역시도,신설동역사거리,37.5721057,127.0231122,종로구,
2018,9,29,토요일,17,경상사고,0,0,1,0,57,남,15년이상,,승용,사업용,승용,진입회전사고,맑음,주간,차대차,측면직각충돌,안전거리미확보,특별광역시도,신설동역사거리,37.5721057,127.0231122,종로구,
2018,9,10,월요일,22,경상사고,0,0,4,0,69,남,15년이상,,승용,사업용,승용,진입회전사고,맑음,심야,차대차,측면직각충돌,안전운전불이행,특별광역시도,신설동역사거리,37.5721057,127.0231122,종로구,
2018,10,12,금요일,6,경상사고,0,0,1,0,48,남,10년미만,0,승용,비사업용,승용,일직선사고,맑음,새벽,차대차,추돌(진행중),안전운전불이행,특별광역시도,신설동역사거리,37.5721057,127.0231122,종로구,
2018,11,9,금요일,0,경상사고,0,0,1,0,58,남,15년이상,,승용,사업용,승용,일직선사고,비,심야,차대차,추돌(진행중),안전거리미확보,특별광역시도,신설동역사거리,37.5721057,127.0231122,종로구,
2019,4,1,월요일,9,중상사고,0,1,0,0,42,여,15년이상,,승용,비사업용,이륜,진입회전사고,맑음,주간,차대차,측면직각충돌,안전운전불이행,특별광역시도,신설동역사거리,37.5721057,127.0231122,종로구,
2019,5,30,목요일,11,중상사고,0,1,0,1,31,여,15년이상,,이륜,데이터오류,이륜,진입회전사고,맑음,주간,차대차,측면직각충돌,신호위반,특별광역시도,신설동역사거리,37.5721057,127.0231122,종로구,
2019,5,16,목요일,22,경상사고,0,0,2,0,34,여,15년이상,0,승용,비사업용,승용,일직선사고,맑음,심야,차대차,정면충돌,중앙선침범,특별광역시도,신설동역사거리,37.5721057,127.0231122,종로구,
2019,6,2,일요일,22,경상사고,0,0,1,0,65,남,15년이상,,승용,사업용,이륜,진입회전사고,맑음,심야,차대차,측면직각충돌,안전운전불이행,특별광역시도,신설동역사거리,37.5721057,127.0231122,종로구,
2019,11,7,목요일,23,중상사고,0,1,2,0,47,남,15년이상,,승용,사업용,승용,진입회전사고,맑음,심야,차대차,측면직각충돌,신호위반,특별광역시도,신설동역사거리,37.5721057,127.0231122,종로구,
2019,12,12,목요일,21,경상사고,0,0,1,0,44,남,15년이상,0,승용,비사업용,승용,기타사고,맑음,심야,차대차,차대차-기타,안전운전불이행,특별광역시도,신설동역사거리,37.5721057,127.0231122,종로구,
2017,1,4,수요일,5,경상사고,0,0,2,0,67,남,15년이상,,승용,사업용,승용,진입회전사고,맑음,새벽,차대차,측면직각충돌,안전거리미확보,특별광역시도,안국역사거리,37.5768115,126.9861629,종로구,
2017,1,23,월요일,23,경상사고,0,0,1,0,64,남,15년이상,,승용,사업용,원동기,진입회전사고,맑음,심야,차대차,측면직각충돌,안전운전불이행,특별광역시도,안국역사거리,37.5768115,126.9861629,종로구,
2017,2,22,수요일,6,중상사고,0,1,0,0,61,남,15년이상,,원동기,기타,보행자,보행횡단사고,맑음,새벽,차대사람,횡단중,안전운전불이행,특별광역시도,안국역사거리,37.5768115,126.9861629,종로구,
2017,3,6,월요일,13,경상사고,0,0,1,0,58,남,15년이상,,화물,비사업용,화물,일직선사고,맑음,주간,차대차,추돌(진행중),안전운전불이행,특별광역시도,안국역사거리,37.5768115,126.9861629,종로구,
2017,3,17,금요일,20,중상사고,0,1,0,0,33,남,15년이상,,승용,비사업용,원동기,진입회전사고,맑음,출퇴근,차대차,측면직각충돌,중앙선침범,특별광역시도,안국역사거리,37.5768115,126.9861629,종로구,
2017,3,21,화요일,21,부상사고,0,0,0,1,56,남,15년이상,,화물,사업용,원동기,진입회전사고,맑음,심야,차대차,측면직각충돌,신호위반,특별광역시도,안국역사거리,37.5768115,126.9861629,종로구,
2017,5,4,목요일,3,경상사고,0,0,1,0,33,남,15년이상,,승용,비사업용,승용,진입회전사고,맑음,심야,차대차,정면충돌,신호위반,특별광역시도,안국역사거리,37.5768115,126.9861629,종로구,
2017,6,7,수요일,17,중상사고,0,1,1,1,52,남,15년이상,,승합,사업용,보행자,보행횡단사고,맑음,주간,차대사람,횡단중,안전운전불이행,특별광역시도,안국역사거리,37.5768115,126.9861629,종로구,
2017,7,28,금요일,15,경상사고,0,0,1,0,27,남,15년이상,,승용,사업용,보행자,기타사고,맑음,주간,차대사람,차대사람-기타,안전운전불이행,특별광역시도,안국역사거리,37.5768115,126.9861629,종로구,