년도,월,일,요일,시각,사고등급,사망자수,중상자수,경상자수,부상자수,연령,성별,경력,음주,종별,용도,관련자2,사고형태,기상상태,일광상태,사고유형1,사고유형2,법규위반,도로종류,지점명,위도,경도,자치구,
2018,2,9,금요일,2,경상사고,0,0,1,0,50,남,15년이상,0,화물,비사업용,화물,일직선사고,맑음,심야,차대차,추돌(진행중),안전거리미확보,특별광역시도,종로5가역사거리,37.57126,127.00179,종로구,
2018,4,16,월요일,20,경상사고,0,0,1,0,58,남,15년이상,,승용,사업용,원동기,일직선사고,맑음,출퇴근,차대차,추돌(진행중),안전운전불이행,특별광역시도,종로5가역사거리,37.57126,127.00179,종로구,
2018,5,23,수요일,1,경상사고,0,0,1,0,64,남,15년이상,,승용,사업용,기타,일직선사고,맑음,심야,차대차,추돌(진행중),안전운전불이행,특별광역시도,종로5가역사거리,37.57126,127.00179,종로구,
2018,5,5,토요일,4,경상사고,0,0,2,0,62,남,15년이상,0,승용,비사업용,기타,일직선사고,맑음,심야,차대차,추돌(진행중),안전거리미확보,특별광역시도,종로5가역사거리,37.57126,127.00179,종로구,
2018,5,24,목요일,18,경상사고,0,0,1,0,31,남,4년미만,,승용,비사업용,승용,진입회전사고,맑음,출퇴근,차대차,측면직각충돌,신호위반,특별광역시도,종로5가역사거리,37.57126,127.00179,종로구,
2018,6,8,금요일,22,경상사고,0,0,1,0,48,남,15년이상,0,승용,비사업용,승용,일직선사고,맑음,심야,차대차,추돌(진행중),안전운전불이행,특별광역시도,종로5가역사거리,37.57126,127.00179,종로구,
2018,8,16,목요일,5,경상사고,0,0,1,0,56,남,15년이상,,승용,비사업용,승용,일직선사고,맑음,새벽,차대차,정면충돌,안전운전불이행,특별광역시도,종로5가역사거리,37.57126,127.00179,종로구,
2018,8,14,화요일,14,경상사고,0,0,1,0,52,남,15년이상,,승용,사업용,승용,일직선사고,맑음,주간,차대차,추돌(진행중),안전운전불이행,특별광역시도,종로5가역사거리,37.57126,127.00179,종로구,
2018,10,12,금요일,10,경상사고,0,0,2,1,70,남,15년이상,,승용,사업용,이륜,진입회전사고,맑음,주간,차대차,측면직각충돌,차로위반,특별광역시도,종로5가역사거리,37.57126,127.00179,종로구,
2018,10,31,수요일,11,중상사고,0,1,0,0,51,여,15년이상,,승합,사업용,이륜,진입회전사고,맑음,주간,차대차,측면직각충돌,신호위반,특별광역시도,종로5가역사거리,37.57126,127.00179,종로구,
2018,12,12,수요일,18,경상사고,0,0,2,0,65,남,15년이상,,승합,사업용,승합,진입회전사고,맑음,출퇴근,차대차,측면직각충돌,안전거리미확보,특별광역시도,종로5가역사거리,37.57126,127.00179,종로구,
2019,1,22,화요일,21,경상사고,0,0,3,0,28,남,10년미만,,승용,비사업용,승용,진입회전사고,맑음,심야,차대차,측면직각충돌,안전운전불이행,특별광역시도,종로5가역사거리,37.57126,127.00179,종로구,
2019,1,14,월요일,23,경상사고,0,0,2,0,41,남,3년미만,0,승용,비사업용,승용,진입회전사고,맑음,심야,차대차,측면직각충돌,안전운전불이행,특별광역시도,종로5가역사거리,37.57126,127.00179,종로구,
2019,2,1,금요일,10,경상사고,0,0,1,0,51,여,15년이상,,승용,비사업용,승용,진입회전사고,맑음,주간,차대차,측면직각충돌,안전거리미확보,특별광역시도,종로5가역사거리,37.57126,127.00179,종로구,
2019,3,6,수요일,10,경상사고,0,0,2,0,57,남,15년이상,,승합,사업용,기타,기타사고,맑음,주간,차량단독,차량단독-기타,안전운전불이행,특별광역시도,종로5가역사거리,37.57126,127.00179,종로구,
2019,3,3,일요일,12,중상사고,0,1,0,0,30,여,15년이상,,승용,사업용,자전거,진입회전사고,맑음,주간,차대차,측면직각충돌,안전운전불이행,특별광역시도,종로5가역사거리,37.57126,127.00179,종로구,
2019,5,7,화요일,1,경상사고,0,0,1,0,63,남,15년이상,,승용,사업용,승용,진입회전사고,맑음,심야,차대차,정면충돌,신호위반,특별광역시도,종로5가역사거리,37.57126,127.00179,종로구,
2019,5,17,금요일,11,경상사고,0,0,1,0,34,남,15년미만,,승용,비사업용,이륜,기타사고,맑음,주간,차대차,차대차-기타,안전운전불이행,특별광역시도,종로5가역사거리,37.57126,127.00179,종로구,
2019,6,14,금요일,18,중상사고,0,1,0,0,36,여,15년이상,,승용,비사업용,승용,진입회전사고,맑음,출퇴근,차대차,측면직각충돌,신호위반,특별광역시도,종로5가역사거리,37.57126,127.00179,종로구,
2019,6,17,월요일,23,사망사고,1,0,0,0,45,남,15년이상,,승합,사업용,이륜,일직선사고,맑음,심야,차대차,추돌(진행중),안전운전불이행,특별광역시도,종로5가역사거리,37.57126,127.00179,종로구,
2019,7,10,수요일,2,경상사고,0,0,1,1,76,남,15년이상,,승용,비사업용,승용,진입회전사고,맑음,심야,차대차,측면직각충돌,신호위반,특별광역시도,종로5가역사거리,37.57126,127.00179,종로구,
2019,8,5,월요일,3,중상사고,0,1,1,1,71,남,15년이상,,승용,사업용,원동기,진입회전사고,맑음,심야,차대차,측면직각충돌,신호위반,특별광역시도,종로5가역사거리,37.57126,127.00179,종로구,
2019,8,22,목요일,17,부상사고,0,0,0,2,55,남,15년이상,,승용,비사업용,이륜,진입회전사고,맑음,주간,차대차,측면직각충돌,안전운전불이행,특별광역시도,종로5가역사거리,37.57126,127.00179,종로구,
2019,10,20,일요일,17,경상사고,0,0,1,0,31,남,15년이상,0,승용,비사업용,승용,일직선사고,맑음,주간,차대차,추돌(진행중),안전거리미확보,특별광역시도,종로5가역사거리,37.57126,127.00179,종로구,
2019,11,17,일요일,0,중상사고,0,1,0,0,65,남,15년이상,,승용,사업용,승용,진입회전사고,맑음,심야,차대차,측면직각충돌,신호위반,특별광역시도,종로5가역사거리,37.57126,127.00179,종로구,
2019,11,18,월요일,15,중상사고,0,1,5,0,53,남,15년이상,,승합,사업용,승합,진입회전사고,맑음,주간,차대차,정면충돌,신호위반,특별광역시도,종로5가역사거리,37.57126,127.00179,종로구,
2017,1,25,수요일,2,중상사고,0,1,0,0,65,남,15년이상,,승용,사업용,보행자,기타사고,맑음,심야,차대사람,차대사람-기타,안전운전불이행,특별광역시도,종로타워삼거리,37.570176,126.983197,종로구,
2017,1,4,수요일,13,부상사고,0,0,0,1,57,남,15년이상,,승용,사업용,원동기,진입회전사고,맑음,주간,차대차,측면직각충돌,데이터없음,특별광역시도,종로타워삼거리,37.570176,126.983197,종로구,
2017,4,13,목요일,14,부상사고,0,0,0,1,불명,불명,데이터오류,,기타,데이터오류,기타,기타사고,맑음,주간,차대사람,길가장자리구역통행중,안전운전불이행,특별광역시도,종로타워삼거리,37.570176,126.983197,종로구,
2017,5,9,화요일,16,중상사고,0,1,0,0,36,남,15년이상,,승용,비사업용,보행자,기타사고,맑음,주간,차대사람,차대사람-기타,안전운전불이행,특별광역시도,종로타워삼거리,37.570176,126.983197,종로구,
2017,6,29,목요일,18,경상사고,0,0,4,0,61,남,15년이상,,승용,사업용,승용,일직선사고,맑음,출퇴근,차대차,추돌(진행중),안전거리미확보,특별광역시도,종로타워삼거리,37.570176,126.983197,종로구,
2017,11,21,화요일,7,경상사고,0,0,1,0,51,여,15년이상,,승용,비사업용,원동기,진입회전사고,맑음,출퇴근,차대차,측면직각충돌,데이터없음,특별광역시도,종로타워삼거리,37.570176,126.983197,종로구,
2017,11,4,토요일,17,중상사고,0,1,0,0,44,남,15년이상,,승합,사업용,보행자,보행횡단사고,맑음,주간,차대사람,횡단중,안전운전불이행,특별광역시도,종로타워삼거리,37.570176,126.983197,종로구,
2017,11,20,월요일,19,부상사고,0,0,0,1,31,남,15년이상,,화물,비사업용,자전거,진입회전사고,맑음,출퇴근,차대차,측면직각충돌,안전운전불이행,특별광역시도,종로타워삼거리,37.570176,126.983197,종로구,
2017,12,20,수요일,0,경상사고,0,0,2,0,31,남,15년미만,,승용,비사업용,승용,일직선사고,맑음,심야,차대차,추돌(진행중),안전거리미확보,특별광역시도,종로타워삼거리,37.570176,126.983197,종로구,
2017,12,26,화요일,22,중상사고,0,1,0,0,47,남,15년이상,,화물,비사업용,보행자,보행횡단사고,맑음,심야,차대사람,보도통행중,안전운전불이행,특별광역시도,종로타워삼거리,37.570176,126.983197,종로구,
2018,1,8,월요일,17,부상사고,0,0,0,1,61,남,15년이상,,승합,사업용,보행자,기타사고,맑음,주간,차대사람,차도통행중,안전운전불이행,특별광역시도,종로타워삼거리,37.570176,126.983197,종로구,
2018,2,7,수요일,5,경상사고,0,0,1,0,62,남,15년이상,,승용,사업용,승용,일직선사고,맑음,새벽,차대차,추돌(진행중),안전운전불이행,특별광역시도,종로타워삼거리,37.570176,126.983197,종로구,
2018,2,25,일요일,15,경상사고,0,0,1,0,51,남,15년이상,,승용,비사업용,원동기,진입회전사고,맑음,주간,차대차,측면직각충돌,기타,특별광역시도,종로타워삼거리,37.570176,126.983197,종로구,
2018,3,24,토요일,5,부상사고,0,0,0,1,59,남,15년이상,,승용,사업용,자전거,진입회전사고,맑음,새벽,차대차,측면직각충돌,안전운전불이행,특별광역시도,종로타워삼거리,37.570176,126.983197,종로구,
2018,4,15,일요일,3,중상사고,0,1,0,0,66,남,15년이상,,승용,사업용,보행자,기타사고,맑음,심야,차대사람,차도통행중,안전운전불이행,특별광역시도,종로타워삼거리,37.570176,126.983197,종로구,
2018,8,9,목요일,13,경상사고,0,0,2,0,69,남,15년이상,,화물,비사업용,화물,기타사고,맑음,주간,차대차,차대차-기타,차로위반,특별광역시도,종로타워삼거리,37.570176,126.983197,종로구,
2018,10,31,수요일,22,중상사고,0,1,0,0,52,남,15년이상,,화물,사업용,보행자,보행횡단사고,맑음,심야,차대사람,횡단중,안전운전불이행,특별광역시도,종로타워삼거리,37.570176,126.983197,종로구,
2018,12,5,수요일,11,경상사고,0,0,1,0,69,남,15년이상,,화물,비사업용,화물,진입회전사고,맑음,주간,차대차,측면직각충돌,차로위반,특별광역시도,종로타워삼거리,37.570176,126.983197,종로구,
2019,1,29,화요일,14,경상사고,0,0,1,0,65,남,15년이상,,승용,사업용,이륜,진입회전사고,맑음,주간,차대차,측면직각충돌,안전운전불이행,특별광역시도,종로타워삼거리,37.570176,126.983197,종로구,
2019,2,12,화요일,22,경상사고,0,0,1,0,55,남,15년이상,,승용,비사업용,승용,일직선사고,맑음,심야,차대차,추돌(진행중),안전거리미확보,특별광역시도,종로타워삼거리,37.570176,126.983197,종로구,
2019,5,24,금요일,21,중상사고,0,1,0,0,67,남,15년이상,,승용,사업용,원동기,진입회전사고,맑음,심야,차대차,측면직각충돌,안전거리미확보,특별광역시도,종로타워삼거리,37.570176,126.983197,종로구,
2019,6,28,금요일,19,경상사고,0,0,3,0,50,남,15년이상,,승용,비사업용,승용,진입회전사고,맑음,출퇴근,차대차,측면직각충돌,안전운전불이행,특별광역시도,종로타워삼거리,37.570176,126.983197,종로구,
2019,8,12,월요일,1,경상사고,0,0,1,0,58,남,15년이상,,승용,사업용,승용,기타사고,맑음,심야,차대차,차대차-기타,안전거리미확보,특별광역시도,종로타워삼거리,37.570176,126.983197,종로구,
2019,9,5,목요일,6,경상사고,0,0,1,0,65,남,15년이상,,승용,사업용,승용,일직선사고,비,새벽,차대차,추돌(진행중),안전거리미확보,특별광역시도,종로타워삼거리,37.570176,126.983197,종로구,
2019,9,20,금요일,9,중상사고,0,1,0,0,20,여,3년미만,,자전거,데이터오류,보행자,진입회전사고,맑음,주간,차대사람,횡단중,신호위반,특별광역시도,종로타워삼거리,37.570176,126.983197,종로구,
2019,11,24,일요일,7,경상사고,0,0,1,0,37,남,15년이상,0,승용,비사업용,승용,일직선사고,맑음,출퇴근,차대차,추돌(진행중),안전운전불이행,특별광역시도,종로타워삼거리,37.570176,126.983197,종로구,
2019,11,8,금요일,8,중상사고,0,1,0,0,65,남,15년이상,,이륜,데이터오류,보행자,진입회전사고,맑음,출퇴근,차대사람,횡단중,신호위반,특별광역시도,종로타워삼거리,37.570176,126.983197,종로구,
2017,2,7,화요일,8,경상사고,0,0,1,0,44,남,15년이상,,화물,비사업용,화물,진입회전사고,맑음,출퇴근,차대차,측면직각충돌,안전거리미확보,특별광역시도,중부교육지원청부근사거리,37.5718402,127.0028836,종로구,
2017,8,10,목요일,12,경상사고,0,0,1,0,58,남,15년이상,,승합,사업용,화물,일직선사고,맑음,주간,차대차,정면충돌,안전거리미확보,특별광역시도,중부교육지원청부근사거리,37.5718402,127.0028836,종로구,
2018,2,28,수요일,14,부상사고,0,0,0,1,56,남,15년이상,,승용,비사업용,원동기,진입회전사고,비,주간,차대차,측면직각충돌,안전운전불이행,기타,중부교육지원청부근사거리,37.5718402,127.0028836,종로구,
2018,4,6,금요일,20,경상사고,0,0,1,0,53,남,15년미만,,승합,사업용,승합,진입회전사고,맑음,출퇴근,차대차,측면직각충돌,안전운전불이행,특별광역시도,중부교육지원청부근사거리,37.5718402,127.0028836,종로구,
2018,8,16,목요일,7,경상사고,0,0,2,0,69,남,15년미만,,승용,사업용,승합,진입회전사고,맑음,출퇴근,차대차,측면직각충돌,안전거리미확보,특별광역시도,중부교육지원청부근사거리,37.5718402,127.0028836,종로구,
2019,3,7,목요일,20,중상사고,0,1,0,0,30,남,15년이상,,승용,비사업용,이륜,일직선사고,맑음,출퇴근,차대차,추돌(진행중),안전거리미확보,특별광역시도,중부교육지원청부근사거리,37.5718402,127.0028836,종로구,
2019,8,4,일요일,23,경상사고,0,0,1,1,60,남,15년이상,,승용,사업용,승용,진입회전사고,맑음,심야,차대차,측면직각충돌,안전거리미확보,특별광역시도,중부교육지원청부근사거리,37.5718402,127.0028836,종로구,
2019,11,11,월요일,19,부상사고,0,0,0,1,56,남,15년이상,,승합,사업용,이륜,진입회전사고,맑음,출퇴근,차대차,측면직각충돌,안전거리미확보,특별광역시도,중부교육지원청부근사거리,37.5718402,127.0028836,종로구,
2019,12,24,화요일,0,경상사고,0,0,1,0,68,남,3년미만,,승용,사업용,승용,진입회전사고,맑음,심야,차대차,측면직각충돌,안전거리미확보,특별광역시도,중부교육지원청부근사거리,37.5718402,127.0028836,종로구,
2019,12,16,월요일,6,경상사고,0,0,2,0,64,여,15년이상,,승용,사업용,승용,일직선사고,맑음,새벽,차대차,추돌(진행중),안전거리미확보,특별광역시도,중부교육지원청부근사거리,37.5718402,127.0028836,종로구,
2017,1,23,월요일,0,경상사고,0,0,1,0,70,남,15년이상,,승용,사업용,승용,일직선사고,맑음,심야,차대차,추돌(진행중),안전거리미확보,특별광역시도,중부교육지원청부근사거리,37.5718402,127.0028836,종로구,
2017,1,24,화요일,20,경상사고,0,0,1,1,54,남,15년이상,,승용,사업용,화물,진입회전사고,맑음,출퇴근,차대차,측면직각충돌,신호위반,특별광역시도,중부교육지원청부근사거리,37.5718402,127.0028836,종로구,
2017,4,11,화요일,15,경상사고,0,0,5,0,62,남,15년이상,,승용,사업용,승용,진입회전사고,맑음,주간,차대차,측면직각충돌,신호위반,특별광역시도,중부교육지원청부근사거리,37.5718402,127.0028836,종로구,
2017,5,12,금요일,0,경상사고,0,0,1,0,44,남,15년이상,,승용,사업용,보행자,보행횡단사고,맑음,심야,차대사람,횡단중,안전운전불이행,특별광역시도,중부교육지원청부근사거리,37.5718402,127.0028836,종로구,
2017,5,12,금요일,13,경상사고,0,0,2,0,58,남,15년이상,,승용,사업용,승용,진입회전사고,맑음,주간,차대차,측면직각충돌,차로위반,특별광역시도,중부교육지원청부근사거리,37.5718402,127.0028836,종로구,
2017,6,25,일요일,0,경상사고,0,0,1,0,47,남,15년이상,0,승용,비사업용,이륜,일직선사고,비,심야,차대차,추돌(진행중),안전운전불이행,특별광역시도,중부교육지원청부근사거리,37.5718402,127.0028836,종로구,
2017,6,19,월요일,15,중상사고,0,1,5,0,55,남,10년미만,,화물,비사업용,화물,기타사고,맑음,주간,차대차,차대차-기타,안전운전불이행,특별광역시도,중부교육지원청부근사거리,37.5718402,127.0028836,종로구,
2017,6,28,수요일,23,경상사고,0,0,1,0,불명,불명,데이터오류,,기타,데이터오류,기타,보행횡단사고,흐림,심야,차대사람,횡단중,안전운전불이행,특별광역시도,중부교육지원청부근사거리,37.5718402,127.0028836,종로구,
2017,8,1,화요일,21,경상사고,0,0,1,0,45,남,15년이상,,승용,비사업용,이륜,진입회전사고,맑음,심야,차대차,측면직각충돌,신호위반,특별광역시도,중부교육지원청부근사거리,37.5718402,127.0028836,종로구,
2017,8,30,수요일,22,경상사고,0,0,1,0,58,남,15년이상,,승용,사업용,승합,진입회전사고,맑음,심야,차대차,측면직각충돌,안전거리미확보,특별광역시도,중부교육지원청부근사거리,37.5718402,127.0028836,종로구,
2017,9,17,일요일,11,중상사고,0,1,0,0,67,남,15년미만,,승용,비사업용,이륜,진입회전사고,맑음,주간,차대차,측면직각충돌,교차로운행방법위반,특별광역시도,중부교육지원청부근사거리,37.5718402,127.0028836,종로구,
2017,9,27,수요일,18,경상사고,0,0,2,0,53,남,15년이상,,승용,비사업용,승용,진입회전사고,맑음,출퇴근,차대차,측면직각충돌,안전운전불이행,특별광역시도,중부교육지원청부근사거리,37.5718402,127.0028836,종로구,
2017,12,21,목요일,8,경상사고,0,0,1,0,50,남,15년이상,,승용,사업용,승용,진입회전사고,맑음,출퇴근,차대차,측면직각충돌,안전거리미확보,특별광역시도,중부교육지원청부근사거리,37.5718402,127.0028836,종로구,
2018,1,9,화요일,7,경상사고,0,0,1,1,62,남,15년이상,,승용,사업용,승용,일직선사고,맑음,출퇴근,차대차,추돌(진행중),안전거리미확보,특별광역시도,중부교육지원청부근사거리,37.5718402,127.0028836,종로구,
2018,4,25,수요일,0,중상사고,0,1,0,0,45,남,데이터오류,,승용,비사업용,보행자,보행횡단사고,맑음,심야,차대사람,횡단중,안전운전불이행,특별광역시도,중부교육지원청부근사거리,37.5718402,127.0028836,종로구,
2018,5,31,목요일,23,중상사고,0,1,0,0,61,여,15년이상,,승용,비사업용,보행자,보행횡단사고,맑음,심야,차대사람,횡단중,안전운전불이행,특별광역시도,중부교육지원청부근사거리,37.5718402,127.0028836,종로구,
2018,6,2,토요일,20,경상사고,0,0,3,0,57,남,15년미만,,승용,비사업용,승용,진입회전사고,맑음,출퇴근,차대차,측면직각충돌,교차로운행방법위반,특별광역시도,중부교육지원청부근사거리,37.5718402,127.0028836,종로구,
2018,11,5,월요일,16,경상사고,0,0,1,0,19,남,15년이상,,승용,비사업용,이륜,일직선사고,맑음,주간,차대차,추돌(진행중),안전거리미확보,특별광역시도,중부교육지원청부근사거리,37.5718402,127.0028836,종로구,
2019,1,19,토요일,15,중상사고,0,1,5,1,75,남,15년이상,,화물,비사업용,화물,진입회전사고,맑음,주간,차대차,측면직각충돌,안전거리미확보,특별광역시도,중부교육지원청부근사거리,37.5718402,127.0028836,종로구,
2019,3,17,일요일,8,중상사고,0,1,1,0,62,남,15년이상,,승용,사업용,이륜,진입회전사고,맑음,출퇴근,차대차,측면직각충돌,기타,특별광역시도,중부교육지원청부근사거리,37.5718402,127.0028836,종로구,
2019,4,24,수요일,15,중상사고,0,1,0,0,74,남,15년이상,,승용,사업용,이륜,진입회전사고,맑음,주간,차대차,측면직각충돌,기타,특별광역시도,중부교육지원청부근사거리,37.5718402,127.0028836,종로구,
2019,10,15,화요일,12,경상사고,0,0,2,0,68,남,15년이상,,승용,사업용,승용,진입회전사고,맑음,주간,차대차,측면직각충돌,신호위반,특별광역시도,중부교육지원청부근사거리,37.5718402,127.0028836,종로구,
2019,10,24,목요일,18,중상사고,0,1,0,0,54,남,15년이상,,승용,사업용,이륜,진입회전사고,맑음,출퇴근,차대차,측면직각충돌,기타,특별광역시도,중부교육지원청부근사거리,37.5718402,127.0028836,종로구,
2019,11,30,토요일,14,경상사고,0,0,1,0,63,남,15년이상,,화물,비사업용,화물,진입회전사고,맑음,주간,차대차,측면직각충돌,안전운전불이행,특별광역시도,중부교육지원청부근사거리,37.5718402,127.0028836,종로구,
2017,1,22,일요일,4,사망사고,1,0,0,0,74,남,15년이상,,승용,비사업용,보행자,기타사고,맑음,심야,차대사람,차도통행중,안전거리미확보,특별광역시도,창신1동주민센터,37.5707016,127.0163823,종로구,
2017,1,9,월요일,11,경상사고,0,0,1,0,57,남,15년이상,,승합,사업용,기타,기타사고,맑음,주간,차량단독,차량단독-기타,데이터없음,특별광역시도,창신1동주민센터,37.5707016,127.0163823,종로구,
2017,1,19,목요일,16,경상사고,0,0,1,0,57,여,2년미만,,승용,비사업용,원동기,진입회전사고,맑음,주간,차대차,측면직각충돌,안전거리미확보,특별광역시도,창신1동주민센터,37.5707016,127.0163823,종로구,
2017,1,9,월요일,20,중상사고,0,1,0,0,59,남,15년이상,,승용,사업용,승용,일직선사고,맑음,출퇴근,차대차,추돌(진행중),안전거리미확보,특별광역시도,창신1동주민센터,37.5707016,127.0163823,종로구,
2017,1,3,화요일,23,경상사고,0,0,2,1,39,남,10년미만,0,승용,비사업용,승용,일직선사고,맑음,심야,차대차,추돌(진행중),안전운전불이행,특별광역시도,창신1동주민센터,37.5707016,127.0163823,종로구,
2017,3,2,목요일,8,경상사고,0,0,1,0,59,남,15년이상,,승용,비사업용,보행자,진입회전사고,맑음,출퇴근,차대사람,횡단중,신호위반,특별광역시도,창신1동주민센터,37.5707016,127.0163823,종로구,
2017,3,28,화요일,14,중상사고,0,1,0,0,63,남,15년이상,,승용,사업용,이륜,진입회전사고,맑음,주간,차대차,측면직각충돌,신호위반,특별광역시도,창신1동주민센터,37.5707016,127.0163823,종로구,
2017,5,11,목요일,4,경상사고,0,0,1,0,65,남,15년이상,,승용,사업용,승용,진입회전사고,맑음,심야,차대차,측면직각충돌,안전운전불이행,특별광역시도,창신1동주민센터,37.5707016,127.0163823,종로구,
2017,6,4,일요일,1,중상사고,0,1,0,0,60,남,15년이상,,승용,사업용,보행자,보행횡단사고,맑음,심야,차대사람,횡단중,안전운전불이행,특별광역시도,창신1동주민센터,37.5707016,127.0163823,종로구,
2017,6,7,수요일,21,경상사고,0,0,1,0,50,남,15년이상,,승합,사업용,기타,기타사고,맑음,심야,차량단독,차량단독-기타,데이터없음,특별광역시도,창신1동주민센터,37.5707016,127.0163823,종로구,
2017,9,4,월요일,16,경상사고,0,0,1,1,65,남,3년미만,,승용,비사업용,승용,진입회전사고,맑음,주간,차대차,측면직각충돌,안전거리미확보,특별광역시도,창신1동주민센터,37.5707016,127.0163823,종로구,
2017,9,29,금요일,19,경상사고,0,0,1,0,50,남,15년이상,,승용,비사업용,보행자,진입회전사고,맑음,출퇴근,차대사람,횡단중,신호위반,특별광역시도,창신1동주민센터,37.5707016,127.0163823,종로구,
2017,10,31,화요일,11,부상사고,0,0,0,1,34,남,15년이상,,화물,비사업용,자전거,진입회전사고,맑음,주간,차대차,측면직각충돌,안전운전불이행,특별광역시도,창신1동주민센터,37.5707016,127.0163823,종로구,
2017,11,22,수요일,4,경상사고,0,0,1,0,53,남,10년미만,,승용,사업용,승용,일직선사고,맑음,심야,차대차,추돌(진행중),안전거리미확보,특별광역시도,창신1동주민센터,37.5707016,127.0163823,종로구,
2017,12,27,수요일,8,경상사고,0,0,2,0,79,남,15년이상,,승용,사업용,승용,기타사고,맑음,출퇴근,차대차,차대차-기타,안전운전불이행,특별광역시도,창신1동주민센터,37.5707016,127.0163823,종로구,
2017,12,6,수요일,10,중상사고,0,1,0,0,72,남,15년이상,,승합,비사업용,보행자,기타사고,맑음,주간,차대사람,차도통행중,안전운전불이행,특별광역시도,창신1동주민센터,37.5707016,127.0163823,종로구,
2018,3,17,토요일,0,부상사고,0,0,0,1,53,남,15년이상,,승합,사업용,보행자,기타사고,맑음,심야,차대사람,차대사람-기타,기타,특별광역시도,창신1동주민센터,37.5707016,127.0163823,종로구,
2018,3,10,토요일,5,중상사고,0,1,0,0,29,남,데이터오류,0,승용,비사업용,보행자,기타사고,맑음,새벽,차대사람,차대사람-기타,안전운전불이행,특별광역시도,창신1동주민센터,37.5707016,127.0163823,종로구,
2018,3,8,목요일,9,경상사고,0,0,1,0,60,남,15년이상,,승용,사업용,승합,일직선사고,맑음,주간,차대차,추돌(진행중),안전거리미확보,특별광역시도,창신1동주민센터,37.5707016,127.0163823,종로구,
2018,4,3,화요일,1,경상사고,0,0,1,0,64,남,15년이상,,승합,사업용,보행자,기타사고,맑음,심야,차대사람,차대사람-기타,안전운전불이행,특별광역시도,창신1동주민센터,37.5707016,127.0163823,종로구,
2018,4,21,토요일,1,중상사고,0,1,0,0,49,남,15년이상,,승용,사업용,보행자,기타사고,맑음,심야,차대사람,차도통행중,안전운전불이행,특별광역시도,창신1동주민센터,37.5707016,127.0163823,종로구,
2018,6,30,토요일,12,경상사고,0,0,2,0,60,남,15년이상,,화물,비사업용,화물,일직선사고,흐림,주간,차대차,추돌(진행중),안전운전불이행,특별광역시도,창신1동주민센터,37.5707016,127.0163823,종로구,
2018,7,7,토요일,1,경상사고,0,0,1,0,43,남,15년이상,,승용,비사업용,보행자,보행횡단사고,맑음,심야,차대사람,횡단중,안전운전불이행,특별광역시도,창신1동주민센터,37.5707016,127.0163823,종로구,
2018,7,27,금요일,15,경상사고,0,0,1,0,43,남,15년이상,,승합,사업용,기타,기타사고,맑음,주간,차량단독,차량단독-기타,기타,특별광역시도,창신1동주민센터,37.5707016,127.0163823,종로구,
2018,9,15,토요일,2,경상사고,0,0,1,0,70,남,15년이상,,승용,사업용,보행자,기타사고,맑음,심야,차대사람,차대사람-기타,안전운전불이행,특별광역시도,창신1동주민센터,37.5707016,127.0163823,종로구,
2018,12,2,일요일,2,중상사고,0,1,0,0,64,남,15년이상,,승용,사업용,보행자,보행횡단사고,맑음,심야,차대사람,횡단중,과속,특별광역시도,창신1동주민센터,37.5707016,127.0163823,종로구,
2019,3,9,토요일,6,경상사고,0,0,1,0,69,남,15년이상,,승용,비사업용,보행자,기타사고,맑음,새벽,차대사람,길가장자리구역통행중,안전운전불이행,특별광역시도,창신1동주민센터,37.5707016,127.0163823,종로구,
2019,4,26,금요일,22,경상사고,0,0,1,1,55,남,15년이상,,승용,사업용,기타,기타사고,맑음,심야,차량단독,차량단독-기타,안전운전불이행,특별광역시도,창신1동주민센터,37.5707016,127.0163823,종로구,
2019,9,10,화요일,17,경상사고,0,0,1,0,55,여,15년이상,,승용,비사업용,화물,일직선사고,맑음,주간,차대차,추돌(진행중),안전거리미확보,특별광역시도,창신1동주민센터,37.5707016,127.0163823,종로구,
2019,10,23,수요일,21,부상사고,0,0,0,1,63,남,15년이상,,승용,사업용,자전거,진입회전사고,맑음,심야,차대차,측면직각충돌,불법유턴,특별광역시도,창신1동주민센터,37.5707016,127.0163823,종로구,
2019,12,20,금요일,1,경상사고,0,0,1,0,55,남,15년이상,,승용,사업용,보행자,기타사고,맑음,심야,차대사람,차대사람-기타,안전운전불이행,특별광역시도,창신1동주민센터,37.5707016,127.0163823,종로구,
2019,12,24,화요일,5,중상사고,0,1,0,0,48,남,15년이상,,승용,사업용,이륜,기타사고,흐림,새벽,차대차,차대차-기타,안전거리미확보,특별광역시도,창신1동주민센터,37.5707016,127.0163823,종로구,
2017,1,16,월요일,0,중상사고,0,2,1,2,60,여,15년이상,,승용,비사업용,승용,진입회전사고,맑음,심야,차대차,측면직각충돌,신호위반,특별광역시도,청계4가교차로,37.570742,126.997789,종로구,
2017,1,14,토요일,2,경상사고,0,0,2,0,37,여,15년이상,,승용,비사업용,보행자,보행횡단사고,맑음,심야,차대사람,횡단중,보행자보호의무위반,특별광역시도,청계4가교차로,37.570742,126.997789,종로구,
2017,1,14,토요일,23,경상사고,0,0,1,0,73,남,15년이상,,승용,사업용,보행자,보행횡단사고,맑음,심야,차대사람,횡단중,안전운전불이행,특별광역시도,청계4가교차로,37.570742,126.997789,종로구,