년도,월,일,요일,시각,사고등급,사망자수,중상자수,경상자수,부상자수,연령,성별,경력,음주,종별,용도,관련자2,사고형태,기상상태,일광상태,사고유형1,사고유형2,법규위반,도로종류,지점명,위도,경도,자치구,
2017,2,12,일요일,3,경상사고,0,0,2,0,62,남,15년이상,,승용,사업용,승용,진입회전사고,맑음,심야,차대차,측면직각충돌,안전운전불이행,특별광역시도,청계4가교차로,37.570742,126.997789,종로구,
2017,3,16,목요일,1,부상사고,0,0,0,1,22,남,4년미만,,승용,사업용,승용,진입회전사고,맑음,심야,차대차,측면직각충돌,안전운전불이행,특별광역시도,청계4가교차로,37.570742,126.997789,종로구,
2017,3,8,수요일,18,경상사고,0,0,1,0,37,남,15년미만,,승용,비사업용,자전거,진입회전사고,맑음,출퇴근,차대차,측면직각충돌,신호위반,특별광역시도,청계4가교차로,37.570742,126.997789,종로구,
2017,4,26,수요일,13,중상사고,0,1,2,0,60,남,15년이상,,승용,비사업용,승합,기타사고,맑음,주간,차대차,차대차-기타,안전거리미확보,특별광역시도,청계4가교차로,37.570742,126.997789,종로구,
2017,5,7,일요일,15,경상사고,0,0,1,0,61,남,10년미만,,자전거,기타,보행자,보행횡단사고,맑음,주간,차대사람,횡단중,데이터없음,특별광역시도,청계4가교차로,37.570742,126.997789,종로구,
2017,7,27,목요일,0,경상사고,0,0,2,0,50,남,15년이상,,승용,사업용,승용,진입회전사고,맑음,심야,차대차,차대차-기타,신호위반,특별광역시도,청계4가교차로,37.570742,126.997789,종로구,
2017,7,11,화요일,10,경상사고,0,0,2,0,56,남,2년미만,,승용,사업용,이륜,기타사고,흐림,주간,차대차,차대차-기타,안전거리미확보,특별광역시도,청계4가교차로,37.570742,126.997789,종로구,
2017,7,8,토요일,23,부상사고,0,0,0,1,59,남,15년이상,,승용,사업용,이륜,진입회전사고,맑음,심야,차대차,측면직각충돌,안전운전불이행,특별광역시도,청계4가교차로,37.570742,126.997789,종로구,
2017,8,9,수요일,4,경상사고,0,0,1,0,46,남,15년이상,,승용,사업용,승용,일직선사고,맑음,심야,차대차,추돌(진행중),안전운전불이행,특별광역시도,청계4가교차로,37.570742,126.997789,종로구,
2017,8,23,수요일,11,경상사고,0,0,1,0,41,남,15년이상,,승용,비사업용,승용,일직선사고,흐림,주간,차대차,추돌(진행중),안전운전불이행,특별광역시도,청계4가교차로,37.570742,126.997789,종로구,
2017,9,18,월요일,0,중상사고,0,1,1,0,33,여,15년이상,0,승용,비사업용,승용,일직선사고,맑음,심야,차대차,추돌(진행중),안전운전불이행,특별광역시도,청계4가교차로,37.570742,126.997789,종로구,
2017,9,18,월요일,9,경상사고,0,0,1,0,70,남,15년이상,,승용,사업용,기타,일직선사고,맑음,주간,차대차,추돌(진행중),안전운전불이행,특별광역시도,청계4가교차로,37.570742,126.997789,종로구,
2017,10,29,일요일,17,중상사고,0,2,0,0,30,남,15년이상,,승용,비사업용,승용,진입회전사고,맑음,주간,차대차,정면충돌,신호위반,특별광역시도,청계4가교차로,37.570742,126.997789,종로구,
2017,10,1,일요일,19,경상사고,0,0,1,0,58,남,15년이상,,화물,비사업용,화물,진입회전사고,맑음,출퇴근,차대차,측면직각충돌,교차로운행방법위반,특별광역시도,청계4가교차로,37.570742,126.997789,종로구,
2017,10,23,월요일,19,경상사고,0,0,6,0,70,남,15년이상,0,승용,사업용,승용,일직선사고,맑음,출퇴근,차대차,추돌(진행중),안전운전불이행,특별광역시도,청계4가교차로,37.570742,126.997789,종로구,
2017,12,8,금요일,10,경상사고,0,0,1,0,62,남,10년미만,,이륜,기타,보행자,진입회전사고,맑음,주간,차대사람,횡단중,신호위반,특별광역시도,청계4가교차로,37.570742,126.997789,종로구,
2017,12,19,화요일,14,중상사고,0,1,0,0,47,여,15년이상,,승용,비사업용,보행자,진입회전사고,맑음,주간,차대사람,횡단중,신호위반,특별광역시도,청계4가교차로,37.570742,126.997789,종로구,
2018,2,2,금요일,8,부상사고,0,0,0,1,55,여,15년미만,,승용,비사업용,승용,진입회전사고,맑음,출퇴근,차대차,측면직각충돌,기타,특별광역시도,청계4가교차로,37.570742,126.997789,종로구,
2018,3,13,화요일,1,경상사고,0,0,1,0,28,남,2년미만,,승용,비사업용,승용,진입회전사고,맑음,심야,차대차,측면직각충돌,교차로운행방법위반,특별광역시도,청계4가교차로,37.570742,126.997789,종로구,
2018,3,27,화요일,22,경상사고,0,0,1,0,49,남,15년이상,0,승용,비사업용,승용,일직선사고,맑음,심야,차대차,추돌(진행중),안전운전불이행,특별광역시도,청계4가교차로,37.570742,126.997789,종로구,
2018,4,29,일요일,2,경상사고,0,0,1,0,57,남,15년이상,,승용,사업용,승용,일직선사고,맑음,심야,차대차,추돌(진행중),안전운전불이행,특별광역시도,청계4가교차로,37.570742,126.997789,종로구,
2018,7,26,목요일,1,경상사고,0,0,1,0,56,남,15년이상,,승합,사업용,이륜,진입회전사고,맑음,심야,차대차,측면직각충돌,안전운전불이행,특별광역시도,청계4가교차로,37.570742,126.997789,종로구,
2018,7,21,토요일,13,경상사고,0,0,1,0,38,남,10년미만,,승용,비사업용,이륜,진입회전사고,맑음,주간,차대차,측면직각충돌,교차로운행방법위반,특별광역시도,청계4가교차로,37.570742,126.997789,종로구,
2018,7,23,월요일,23,중상사고,0,1,0,0,57,남,15년이상,,승합,사업용,보행자,기타사고,맑음,심야,차대사람,차도통행중,안전운전불이행,특별광역시도,청계4가교차로,37.570742,126.997789,종로구,
2018,10,5,금요일,10,경상사고,0,0,2,1,37,여,15년미만,,승용,비사업용,이륜,기타사고,비,주간,차대차,차대차-기타,안전운전불이행,특별광역시도,청계4가교차로,37.570742,126.997789,종로구,
2018,12,4,화요일,6,중상사고,0,1,0,0,57,남,15년이상,,승용,비사업용,승용,진입회전사고,맑음,새벽,차대차,정면충돌,신호위반,특별광역시도,청계4가교차로,37.570742,126.997789,종로구,
2019,3,8,금요일,11,경상사고,0,0,1,0,65,남,15년이상,,승용,비사업용,승용,진입회전사고,맑음,주간,차대차,측면직각충돌,신호위반,특별광역시도,청계4가교차로,37.570742,126.997789,종로구,
2019,4,20,토요일,3,중상사고,0,1,0,0,23,남,5년미만,,이륜,데이터오류,이륜,진입회전사고,맑음,심야,차대차,측면직각충돌,안전운전불이행,특별광역시도,청계4가교차로,37.570742,126.997789,종로구,
2019,4,6,토요일,20,경상사고,0,0,1,0,29,남,10년미만,,승용,비사업용,승용,진입회전사고,맑음,출퇴근,차대차,측면직각충돌,안전거리미확보,특별광역시도,청계4가교차로,37.570742,126.997789,종로구,
2019,4,21,일요일,23,중상사고,0,1,0,0,65,남,15년이상,,승용,사업용,보행자,기타사고,맑음,심야,차대사람,차도통행중,안전운전불이행,특별광역시도,청계4가교차로,37.570742,126.997789,종로구,
2019,5,2,목요일,15,중상사고,0,1,0,0,35,여,15년이상,,승용,비사업용,이륜,진입회전사고,맑음,주간,차대차,측면직각충돌,안전운전불이행,특별광역시도,청계4가교차로,37.570742,126.997789,종로구,
2019,5,17,금요일,21,경상사고,0,0,1,0,57,남,15년이상,,승용,사업용,기타,기타사고,맑음,심야,차량단독,차량단독-기타,기타,특별광역시도,청계4가교차로,37.570742,126.997789,종로구,
2019,6,16,일요일,9,경상사고,0,0,1,0,48,남,15년이상,,화물,비사업용,화물,일직선사고,맑음,주간,차대차,추돌(진행중),안전거리미확보,특별광역시도,청계4가교차로,37.570742,126.997789,종로구,
2019,7,17,수요일,0,경상사고,0,0,1,0,26,남,15년이상,,승용,비사업용,이륜,일직선사고,맑음,심야,차대차,추돌(진행중),안전운전불이행,특별광역시도,청계4가교차로,37.570742,126.997789,종로구,
2019,7,8,월요일,4,중상사고,0,2,1,0,22,남,5년미만,,승용,비사업용,화물,진입회전사고,맑음,심야,차대차,측면직각충돌,신호위반,특별광역시도,청계4가교차로,37.570742,126.997789,종로구,
2019,8,1,목요일,23,경상사고,0,0,1,0,39,남,15년이상,,승합,사업용,승합,진입회전사고,맑음,심야,차대차,측면직각충돌,교차로운행방법위반,특별광역시도,청계4가교차로,37.570742,126.997789,종로구,
2019,9,20,금요일,19,경상사고,0,0,1,0,62,남,15년이상,,승용,사업용,보행자,기타사고,맑음,출퇴근,차대사람,차대사람-기타,안전운전불이행,특별광역시도,청계4가교차로,37.570742,126.997789,종로구,
2019,10,13,일요일,11,부상사고,0,0,0,1,41,남,15년이상,,승용,비사업용,보행자,기타사고,맑음,주간,차대사람,차대사람-기타,안전운전불이행,특별광역시도,청계4가교차로,37.570742,126.997789,종로구,
2019,10,25,금요일,18,중상사고,0,1,0,0,59,남,15년이상,,승용,비사업용,이륜,진입회전사고,맑음,출퇴근,차대차,측면직각충돌,교차로운행방법위반,특별광역시도,청계4가교차로,37.570742,126.997789,종로구,
2019,10,11,금요일,22,경상사고,0,0,1,0,59,남,15년이상,,승용,사업용,이륜,진입회전사고,맑음,심야,차대차,측면직각충돌,신호위반,특별광역시도,청계4가교차로,37.570742,126.997789,종로구,
2019,11,19,화요일,0,경상사고,0,0,1,0,59,남,15년이상,,승용,사업용,승용,진입회전사고,맑음,심야,차대차,측면직각충돌,안전운전불이행,특별광역시도,청계4가교차로,37.570742,126.997789,종로구,
2017,1,11,수요일,17,경상사고,0,0,1,0,64,남,15년이상,,승용,사업용,승용,진입회전사고,맑음,주간,차대차,측면직각충돌,안전거리미확보,특별광역시도,청계6가앞,37.56988,127.009631,종로구,
2017,3,8,수요일,13,중상사고,0,1,0,0,47,남,15년이상,,화물,사업용,자전거,진입회전사고,맑음,주간,차대차,측면직각충돌,안전운전불이행,특별광역시도,청계6가앞,37.56988,127.009631,종로구,
2017,5,19,금요일,1,부상사고,0,0,0,1,29,남,15년이상,,승용,비사업용,자전거,일직선사고,맑음,심야,차대차,정면충돌,안전운전불이행,특별광역시도,청계6가앞,37.56988,127.009631,종로구,
2017,7,25,화요일,15,중상사고,0,1,0,0,32,남,15년이상,,승용,사업용,자전거,진입회전사고,맑음,주간,차대차,측면직각충돌,안전운전불이행,특별광역시도,청계6가앞,37.56988,127.009631,종로구,
2017,8,20,일요일,7,중상사고,0,2,2,0,52,남,데이터오류,,승합,비사업용,승합,진입회전사고,비,출퇴근,차대차,측면직각충돌,중앙선침범,특별광역시도,청계6가앞,37.56988,127.009631,종로구,
2017,9,2,토요일,0,경상사고,0,0,1,0,69,남,15년이상,,승용,사업용,보행자,보행횡단사고,맑음,심야,차대사람,횡단중,안전운전불이행,특별광역시도,청계6가앞,37.56988,127.009631,종로구,
2017,11,25,토요일,10,경상사고,0,0,1,0,37,여,10년미만,,승용,비사업용,승합,기타사고,맑음,주간,차대차,차대차-기타,안전거리미확보,특별광역시도,청계6가앞,37.56988,127.009631,종로구,
2017,12,16,토요일,11,부상사고,0,0,0,1,39,남,15년이상,,승용,비사업용,자전거,진입회전사고,맑음,주간,차대차,측면직각충돌,안전운전불이행,특별광역시도,청계6가앞,37.56988,127.009631,종로구,
2017,12,27,수요일,14,사망사고,1,1,4,0,64,남,15년이상,,승용,사업용,자전거,일직선사고,맑음,주간,차대차,추돌(진행중),안전운전불이행,특별광역시도,청계6가앞,37.56988,127.009631,종로구,
2017,12,22,금요일,18,경상사고,0,0,1,0,22,남,2년미만,,원동기,기타,기타,기타사고,맑음,출퇴근,차량단독,전도전복,안전운전불이행,특별광역시도,청계6가앞,37.56988,127.009631,종로구,
2017,12,2,토요일,19,경상사고,0,0,1,0,48,남,15년이상,,승용,비사업용,보행자,기타사고,맑음,출퇴근,차대사람,길가장자리구역통행중,안전운전불이행,특별광역시도,청계6가앞,37.56988,127.009631,종로구,
2017,12,15,금요일,22,중상사고,0,1,2,0,65,남,15년이상,,승용,사업용,보행자,기타사고,맑음,심야,차대사람,차도통행중,안전운전불이행,특별광역시도,청계6가앞,37.56988,127.009631,종로구,
2018,1,27,토요일,2,경상사고,0,0,1,0,58,남,15년미만,,승용,사업용,승용,일직선사고,맑음,심야,차대차,추돌(진행중),안전거리미확보,특별광역시도,청계6가앞,37.56988,127.009631,종로구,
2018,5,14,월요일,20,경상사고,0,0,1,0,30,남,10년미만,,화물,사업용,화물,진입회전사고,맑음,출퇴근,차대차,측면직각충돌,안전거리미확보,특별광역시도,청계6가앞,37.56988,127.009631,종로구,
2018,6,14,목요일,16,경상사고,0,0,1,0,60,남,15년이상,,이륜,기타,기타,단독사고,맑음,주간,차량단독,공작물추돌,안전운전불이행,특별광역시도,청계6가앞,37.56988,127.009631,종로구,
2018,8,20,월요일,4,중상사고,0,1,0,0,56,남,3년미만,,화물,비사업용,보행자,기타사고,맑음,심야,차대사람,차대사람-기타,보행자보호의무위반,특별광역시도,청계6가앞,37.56988,127.009631,종로구,
2018,10,28,일요일,18,경상사고,0,0,2,0,61,남,15년이상,,승용,사업용,승용,일직선사고,맑음,출퇴근,차대차,추돌(진행중),안전운전불이행,특별광역시도,청계6가앞,37.56988,127.009631,종로구,
2018,12,28,금요일,10,경상사고,0,0,1,0,62,남,15년이상,,화물,비사업용,보행자,기타사고,맑음,주간,차대사람,길가장자리구역통행중,안전운전불이행,특별광역시도,청계6가앞,37.56988,127.009631,종로구,
2019,1,22,화요일,2,중상사고,0,1,1,0,47,남,15년이상,0,화물,비사업용,화물,일직선사고,맑음,심야,차대차,추돌(진행중),안전운전불이행,특별광역시도,청계6가앞,37.56988,127.009631,종로구,
2019,1,21,월요일,7,경상사고,0,0,1,0,22,남,15년이상,,승용,비사업용,보행자,기타사고,맑음,출퇴근,차대사람,차대사람-기타,안전운전불이행,특별광역시도,청계6가앞,37.56988,127.009631,종로구,
2019,3,28,목요일,10,부상사고,0,0,0,1,59,남,15년이상,,승용,사업용,승용,일직선사고,맑음,주간,차대차,추돌(진행중),안전운전불이행,특별광역시도,청계6가앞,37.56988,127.009631,종로구,
2019,3,26,화요일,19,사망사고,1,0,1,0,25,남,3년미만,,이륜,데이터오류,보행자,보행횡단사고,맑음,출퇴근,차대사람,횡단중,안전운전불이행,특별광역시도,청계6가앞,37.56988,127.009631,종로구,
2019,4,6,토요일,2,경상사고,0,0,1,0,60,남,15년이상,,승용,사업용,승용,진입회전사고,맑음,심야,차대차,측면직각충돌,안전거리미확보,특별광역시도,청계6가앞,37.56988,127.009631,종로구,
2019,4,11,목요일,13,경상사고,0,0,1,0,81,남,15년이상,,승용,사업용,원동기,진입회전사고,맑음,주간,차대차,측면직각충돌,신호위반,특별광역시도,청계6가앞,37.56988,127.009631,종로구,
2019,5,31,금요일,12,경상사고,0,0,1,0,65,남,15년이상,,승용,비사업용,승용,일직선사고,맑음,주간,차대차,추돌(진행중),안전운전불이행,특별광역시도,청계6가앞,37.56988,127.009631,종로구,
2019,6,27,목요일,11,경상사고,0,0,1,0,62,남,15년이상,,승용,사업용,원동기,진입회전사고,맑음,주간,차대차,측면직각충돌,안전운전불이행,특별광역시도,청계6가앞,37.56988,127.009631,종로구,
2019,8,31,토요일,23,경상사고,0,0,1,0,47,남,15년이상,,승합,사업용,기타,기타사고,맑음,심야,차량단독,차량단독-기타,안전거리미확보,특별광역시도,청계6가앞,37.56988,127.009631,종로구,
2019,9,1,일요일,8,중상사고,0,2,2,1,66,남,15년이상,,승용,사업용,승합,진입회전사고,맑음,출퇴근,차대차,측면직각충돌,신호위반,특별광역시도,청계6가앞,37.56988,127.009631,종로구,
2019,11,14,목요일,12,부상사고,0,0,0,1,34,남,10년미만,,승합,비사업용,이륜,기타사고,맑음,주간,차대차,차대차-기타,안전거리미확보,특별광역시도,청계6가앞,37.56988,127.009631,종로구,
2019,11,3,일요일,14,부상사고,0,0,0,1,52,남,15년이상,,승용,비사업용,자전거,진입회전사고,맑음,주간,차대차,측면직각충돌,안전운전불이행,특별광역시도,청계6가앞,37.56988,127.009631,종로구,
2019,12,26,목요일,19,경상사고,0,0,1,0,51,여,15년이상,,승용,비사업용,보행자,기타사고,맑음,출퇴근,차대사람,차대사람-기타,기타,기타,청계6가앞,37.56988,127.009631,종로구,
2019,12,4,수요일,21,경상사고,0,0,1,0,39,남,10년미만,,승용,사업용,승용,진입회전사고,맑음,심야,차대차,측면직각충돌,안전거리미확보,특별광역시도,청계6가앞,37.56988,127.009631,종로구,
2017,1,3,화요일,18,부상사고,0,0,0,1,61,남,15년이상,,승합,사업용,원동기,진입회전사고,맑음,출퇴근,차대차,측면직각충돌,신호위반,특별광역시도,트윈트리타워앞,37.5751853,126.9797383,종로구,
2017,4,12,수요일,9,경상사고,0,0,1,0,62,남,15년이상,,승용,사업용,화물,진입회전사고,맑음,주간,차대차,측면직각충돌,안전거리미확보,특별광역시도,트윈트리타워앞,37.5751853,126.9797383,종로구,
2017,5,10,수요일,20,경상사고,0,0,1,0,32,남,3년미만,,승용,비사업용,이륜,기타사고,맑음,출퇴근,차대차,차대차-기타,안전운전불이행,특별광역시도,트윈트리타워앞,37.5751853,126.9797383,종로구,
2017,6,7,수요일,13,부상사고,0,0,0,1,41,남,15년이상,,승용,비사업용,승용,기타사고,맑음,주간,차대차,차대차-기타,차로위반,특별광역시도,트윈트리타워앞,37.5751853,126.9797383,종로구,
2017,6,14,수요일,18,중상사고,0,1,0,0,25,남,10년미만,,이륜,기타,이륜,진입회전사고,맑음,출퇴근,차대차,측면직각충돌,신호위반,특별광역시도,트윈트리타워앞,37.5751853,126.9797383,종로구,
2017,6,18,일요일,22,경상사고,0,0,4,0,54,남,15년이상,0,승용,비사업용,승용,일직선사고,맑음,심야,차대차,추돌(진행중),안전운전불이행,특별광역시도,트윈트리타워앞,37.5751853,126.9797383,종로구,
2017,7,6,목요일,18,경상사고,0,0,1,0,60,남,15년이상,,승합,사업용,이륜,진입회전사고,비,출퇴근,차대차,측면직각충돌,신호위반,특별광역시도,트윈트리타워앞,37.5751853,126.9797383,종로구,
2017,10,17,화요일,5,중상사고,0,1,0,0,50,남,15년이상,,승용,사업용,승합,기타사고,맑음,새벽,차대차,차대차-기타,차로위반,특별광역시도,트윈트리타워앞,37.5751853,126.9797383,종로구,
2017,11,10,금요일,11,중상사고,0,1,0,0,83,남,15년이상,,승용,비사업용,원동기,진입회전사고,맑음,주간,차대차,측면직각충돌,신호위반,특별광역시도,트윈트리타워앞,37.5751853,126.9797383,종로구,
2018,1,10,수요일,9,중상사고,0,1,1,0,70,남,15년이상,,승용,사업용,승용,진입회전사고,맑음,주간,차대차,측면직각충돌,신호위반,특별광역시도,트윈트리타워앞,37.5751853,126.9797383,종로구,
2018,2,6,화요일,14,경상사고,0,0,1,0,63,남,15년이상,,승용,사업용,기타,진입회전사고,맑음,주간,차대차,측면직각충돌,기타,특별광역시도,트윈트리타워앞,37.5751853,126.9797383,종로구,
2018,3,14,수요일,9,경상사고,0,0,1,0,68,남,15년미만,,원동기,기타,보행자,기타사고,맑음,주간,차대사람,차대사람-기타,안전운전불이행,특별광역시도,트윈트리타워앞,37.5751853,126.9797383,종로구,
2018,5,4,금요일,21,경상사고,0,0,4,0,71,남,15년이상,,승용,비사업용,승용,진입회전사고,맑음,심야,차대차,측면직각충돌,신호위반,특별광역시도,트윈트리타워앞,37.5751853,126.9797383,종로구,
2018,5,26,토요일,22,경상사고,0,0,2,0,53,남,15년이상,,승용,사업용,승용,진입회전사고,맑음,심야,차대차,측면직각충돌,교차로운행방법위반,특별광역시도,트윈트리타워앞,37.5751853,126.9797383,종로구,
2018,6,14,목요일,7,중상사고,0,2,0,0,68,남,15년이상,,승용,사업용,승용,진입회전사고,비,출퇴근,차대차,측면직각충돌,신호위반,특별광역시도,트윈트리타워앞,37.5751853,126.9797383,종로구,
2018,8,29,수요일,9,부상사고,0,0,0,1,63,남,15년이상,,이륜,기타,이륜,기타사고,맑음,주간,차대차,차대차-기타,안전운전불이행,특별광역시도,트윈트리타워앞,37.5751853,126.9797383,종로구,
2018,9,8,토요일,16,경상사고,0,0,3,0,75,남,10년미만,,승용,사업용,승용,일직선사고,맑음,주간,차대차,추돌(진행중),안전운전불이행,특별광역시도,트윈트리타워앞,37.5751853,126.9797383,종로구,
2018,12,1,토요일,13,중상사고,0,1,1,0,67,남,3년미만,,승용,비사업용,승용,진입회전사고,맑음,주간,차대차,측면직각충돌,차로위반,특별광역시도,트윈트리타워앞,37.5751853,126.9797383,종로구,
2019,2,21,목요일,0,중상사고,0,1,0,0,53,여,15년이상,,승용,사업용,이륜,진입회전사고,맑음,심야,차대차,정면충돌,신호위반,특별광역시도,트윈트리타워앞,37.5751853,126.9797383,종로구,
2019,4,30,화요일,12,중상사고,0,2,0,0,46,남,15년이상,,승용,비사업용,승용,진입회전사고,맑음,주간,차대차,정면충돌,신호위반,특별광역시도,트윈트리타워앞,37.5751853,126.9797383,종로구,
2019,5,24,금요일,22,중상사고,0,1,1,0,69,남,2년미만,,승용,사업용,승합,진입회전사고,맑음,심야,차대차,차대차-기타,신호위반,특별광역시도,트윈트리타워앞,37.5751853,126.9797383,종로구,
2019,6,16,일요일,4,중상사고,0,1,1,0,34,남,15년이상,,승용,사업용,승용,진입회전사고,맑음,심야,차대차,측면직각충돌,신호위반,특별광역시도,트윈트리타워앞,37.5751853,126.9797383,종로구,
2019,7,2,화요일,9,중상사고,0,1,0,0,64,남,15년이상,,승용,사업용,이륜,진입회전사고,맑음,주간,차대차,측면직각충돌,신호위반,특별광역시도,트윈트리타워앞,37.5751853,126.9797383,종로구,
2019,8,9,금요일,9,부상사고,0,0,0,1,62,남,15년이상,,화물,비사업용,원동기,진입회전사고,맑음,주간,차대차,측면직각충돌,안전운전불이행,특별광역시도,트윈트리타워앞,37.5751853,126.9797383,종로구,
2019,8,27,화요일,16,경상사고,0,0,1,0,32,남,3년미만,,승용,비사업용,승용,진입회전사고,맑음,주간,차대차,측면직각충돌,안전운전불이행,특별광역시도,트윈트리타워앞,37.5751853,126.9797383,종로구,
2019,8,28,수요일,19,경상사고,0,0,2,1,38,여,15년이상,,승용,비사업용,이륜,일직선사고,맑음,출퇴근,차대차,추돌(진행중),안전운전불이행,특별광역시도,트윈트리타워앞,37.5751853,126.9797383,종로구,
2019,8,28,수요일,19,부상사고,0,0,0,1,64,남,15년이상,,승용,사업용,이륜,진입회전사고,맑음,출퇴근,차대차,측면직각충돌,신호위반,특별광역시도,트윈트리타워앞,37.5751853,126.9797383,종로구,
2019,10,25,금요일,15,경상사고,0,0,1,0,72,남,15년이상,,화물,사업용,원동기,진입회전사고,맑음,주간,차대차,측면직각충돌,신호위반,특별광역시도,트윈트리타워앞,37.5751853,126.9797383,종로구,
2019,10,21,월요일,18,경상사고,0,0,1,0,79,남,15년이상,,승용,사업용,승용,진입회전사고,맑음,출퇴근,차대차,측면직각충돌,신호위반,특별광역시도,트윈트리타워앞,37.5751853,126.9797383,종로구,
2019,11,1,금요일,9,경상사고,0,0,1,0,29,남,10년미만,,원동기,데이터오류,원동기,진입회전사고,맑음,주간,차대차,측면직각충돌,신호위반,특별광역시도,트윈트리타워앞,37.5751853,126.9797383,종로구,
2019,11,11,월요일,12,부상사고,0,0,0,2,48,남,15년이상,,이륜,데이터오류,이륜,진입회전사고,맑음,주간,차대차,측면직각충돌,안전운전불이행,특별광역시도,트윈트리타워앞,37.5751853,126.9797383,종로구,
2019,11,14,목요일,19,경상사고,0,0,1,0,32,여,10년미만,,승용,비사업용,승용,진입회전사고,맑음,출퇴근,차대차,측면직각충돌,안전운전불이행,특별광역시도,트윈트리타워앞,37.5751853,126.9797383,종로구,
2019,11,10,일요일,20,경상사고,0,0,2,0,57,남,15년이상,,승용,사업용,승용,진입회전사고,비,출퇴근,차대차,측면직각충돌,안전거리미확보,특별광역시도,트윈트리타워앞,37.5751853,126.9797383,종로구,
2019,11,4,월요일,23,부상사고,0,0,0,1,61,남,15년이상,,승용,사업용,이륜,진입회전사고,맑음,심야,차대차,측면직각충돌,안전운전불이행,특별광역시도,트윈트리타워앞,37.5751853,126.9797383,종로구,
2017,11,21,화요일,16,경상사고,0,0,1,0,32,남,15년미만,,승용,비사업용,보행자,기타사고,맑음,주간,차대사람,차도통행중,안전운전불이행,기타,혜화동로터리,37.5855329,127.0012167,종로구,
2017,12,4,월요일,4,사망사고,1,0,0,0,33,남,15년미만,,승용,사업용,보행자,기타사고,비,심야,차대사람,차대사람-기타,안전운전불이행,특별광역시도,혜화동로터리,37.5855329,127.0012167,종로구,
2018,1,18,목요일,2,경상사고,0,0,1,0,77,남,15년이상,,승용,사업용,승용,기타사고,맑음,심야,차대차,차대차-기타,안전운전불이행,특별광역시도,혜화동로터리,37.5855329,127.0012167,종로구,
2018,1,15,월요일,14,부상사고,0,0,0,2,71,남,15년이상,,승용,비사업용,승용,일직선사고,맑음,주간,차대차,추돌(진행중),안전운전불이행,특별광역시도,혜화동로터리,37.5855329,127.0012167,종로구,
2018,1,21,일요일,22,경상사고,0,0,2,0,49,남,15년이상,,승용,사업용,승용,진입회전사고,맑음,심야,차대차,측면직각충돌,안전거리미확보,특별광역시도,혜화동로터리,37.5855329,127.0012167,종로구,
2018,2,14,수요일,2,경상사고,0,0,2,0,46,남,15년이상,,승용,사업용,승용,일직선사고,맑음,심야,차대차,추돌(진행중),안전거리미확보,특별광역시도,혜화동로터리,37.5855329,127.0012167,종로구,
2018,5,18,금요일,14,부상사고,0,0,0,1,53,남,15년이상,,화물,비사업용,이륜,진입회전사고,맑음,주간,차대차,측면직각충돌,안전운전불이행,특별광역시도,혜화동로터리,37.5855329,127.0012167,종로구,
2018,5,24,목요일,20,중상사고,0,1,0,0,28,남,4년미만,,원동기,기타,원동기,진입회전사고,맑음,출퇴근,차대차,측면직각충돌,신호위반,특별광역시도,혜화동로터리,37.5855329,127.0012167,종로구,
2018,6,9,토요일,13,중상사고,0,1,1,0,59,남,15년이상,,승용,사업용,승용,일직선사고,맑음,주간,차대차,추돌(진행중),안전거리미확보,특별광역시도,혜화동로터리,37.5855329,127.0012167,종로구,
2018,8,15,수요일,13,부상사고,0,0,0,1,68,남,15년이상,,화물,비사업용,자전거,진입회전사고,맑음,주간,차대차,측면직각충돌,중앙선침범,특별광역시도,혜화동로터리,37.5855329,127.0012167,종로구,
2019,1,17,목요일,14,경상사고,0,0,1,0,52,남,15년이상,,승용,사업용,승합,기타사고,맑음,주간,차대차,차대차-기타,안전거리미확보,특별광역시도,혜화동로터리,37.5855329,127.0012167,종로구,
2019,1,17,목요일,18,중상사고,0,1,0,0,49,여,15년이상,,승용,사업용,원동기,일직선사고,맑음,출퇴근,차대차,추돌(진행중),안전거리미확보,특별광역시도,혜화동로터리,37.5855329,127.0012167,종로구,
2019,4,3,수요일,21,경상사고,0,0,1,0,62,남,15년이상,,승용,사업용,자전거,진입회전사고,맑음,심야,차대차,측면직각충돌,안전운전불이행,특별광역시도,혜화동로터리,37.5855329,127.0012167,종로구,
2019,5,11,토요일,10,중상사고,0,1,0,0,62,남,15년이상,,이륜,데이터오류,보행자,보행횡단사고,맑음,주간,차대사람,횡단중,보행자보호의무위반,특별광역시도,혜화동로터리,37.5855329,127.0012167,종로구,
2019,5,8,수요일,14,경상사고,0,0,3,0,39,남,15년이상,,승용,비사업용,승용,진입회전사고,맑음,주간,차대차,측면직각충돌,차로위반,특별광역시도,혜화동로터리,37.5855329,127.0012167,종로구,
2019,7,19,금요일,10,부상사고,0,0,0,1,31,남,3년미만,,승용,비사업용,보행자,기타사고,맑음,주간,차대사람,차대사람-기타,안전운전불이행,특별광역시도,혜화동로터리,37.5855329,127.0012167,종로구,
2019,7,30,화요일,12,경상사고,0,0,1,0,69,남,15년이상,,승용,사업용,원동기,진입회전사고,흐림,주간,차대차,측면직각충돌,기타,특별광역시도,혜화동로터리,37.5855329,127.0012167,종로구,
2019,8,8,목요일,11,중상사고,0,1,0,0,26,남,10년미만,,화물,사업용,이륜,진입회전사고,맑음,주간,차대차,측면직각충돌,안전운전불이행,특별광역시도,혜화동로터리,37.5855329,127.0012167,종로구,