년도,월,일,요일,시각,사고등급,사망자수,중상자수,경상자수,부상자수,연령,성별,경력,음주,종별,용도,관련자2,사고형태,기상상태,일광상태,사고유형1,사고유형2,법규위반,도로종류,지점명,위도,경도,자치구,
2018,11,20,화요일,18,경상사고,0,0,2,0,31,남,15년미만,,승용,사업용,승용,진입회전사고,맑음,출퇴근,차대차,측면직각충돌,안전거리미확보,특별광역시도,시청역사거리,38.9091671,-77.0410987,중구,
2018,12,6,목요일,10,경상사고,0,0,1,0,42,남,15년이상,,승용,사업용,승용,일직선사고,맑음,주간,차대차,추돌(진행중),교차로운행방법위반,특별광역시도,시청역사거리,38.9091671,-77.0410987,중구,
2018,12,10,월요일,18,경상사고,0,0,1,0,61,남,15년미만,,승용,비사업용,승합,진입회전사고,맑음,출퇴근,차대차,측면직각충돌,안전거리미확보,특별광역시도,시청역사거리,38.9091671,-77.0410987,중구,
2019,1,11,금요일,15,경상사고,0,0,1,0,57,남,15년미만,,승용,사업용,승용,일직선사고,맑음,주간,차대차,추돌(진행중),안전거리미확보,특별광역시도,시청역사거리,38.9091671,-77.0410987,중구,
2019,2,25,월요일,6,경상사고,0,0,1,1,67,남,15년이상,,승용,사업용,화물,진입회전사고,맑음,새벽,차대차,측면직각충돌,안전운전불이행,특별광역시도,시청역사거리,38.9091671,-77.0410987,중구,
2019,2,20,수요일,19,경상사고,0,0,1,0,41,남,15년이상,,승용,비사업용,승용,진입회전사고,맑음,출퇴근,차대차,측면직각충돌,안전거리미확보,특별광역시도,시청역사거리,38.9091671,-77.0410987,중구,
2019,3,15,금요일,15,경상사고,0,0,1,0,66,남,15년이상,,화물,사업용,화물,진입회전사고,맑음,주간,차대차,측면직각충돌,교차로운행방법위반,특별광역시도,시청역사거리,38.9091671,-77.0410987,중구,
2019,4,7,일요일,4,경상사고,0,0,2,0,30,남,15년이상,,승용,비사업용,승용,진입회전사고,맑음,심야,차대차,측면직각충돌,신호위반,특별광역시도,시청역사거리,38.9091671,-77.0410987,중구,
2019,4,9,화요일,12,경상사고,0,0,1,0,30,여,1년미만,,승용,비사업용,승용,진입회전사고,맑음,주간,차대차,측면직각충돌,안전거리미확보,특별광역시도,시청역사거리,38.9091671,-77.0410987,중구,
2019,9,18,수요일,1,경상사고,0,0,2,0,71,남,15년이상,,승용,사업용,승용,진입회전사고,맑음,심야,차대차,측면직각충돌,신호위반,특별광역시도,시청역사거리,38.9091671,-77.0410987,중구,
2019,9,24,화요일,10,경상사고,0,0,1,0,26,여,5년미만,,승용,비사업용,원동기,진입회전사고,맑음,주간,차대차,측면직각충돌,안전거리미확보,특별광역시도,시청역사거리,38.9091671,-77.0410987,중구,
2019,12,11,수요일,10,경상사고,0,0,1,0,49,남,15년이상,,승용,사업용,승용,일직선사고,맑음,주간,차대차,추돌(진행중),안전거리미확보,특별광역시도,시청역사거리,38.9091671,-77.0410987,중구,
2019,12,29,일요일,17,중상사고,0,2,1,0,55,남,15년이상,,승용,사업용,승용,진입회전사고,맑음,주간,차대차,측면직각충돌,교차로운행방법위반,특별광역시도,시청역사거리,38.9091671,-77.0410987,중구,
2019,12,21,토요일,20,경상사고,0,0,4,0,53,남,10년미만,,승용,사업용,승용,일직선사고,맑음,출퇴근,차대차,추돌(진행중),안전운전불이행,특별광역시도,시청역사거리,38.9091671,-77.0410987,중구,
2017,1,27,금요일,1,경상사고,0,0,1,0,불명,불명,데이터오류,,원동기,기타,보행자,보행횡단사고,비,심야,차대사람,보도통행중,안전운전불이행,특별광역시도,신당역2호선앞사거리,37.5656465,127.0196049,중구,
2017,3,21,화요일,0,중상사고,0,1,0,0,70,남,15년이상,,승용,사업용,보행자,기타사고,맑음,심야,차대사람,차대사람-기타,안전운전불이행,특별광역시도,신당역2호선앞사거리,37.5656465,127.0196049,중구,
2017,3,29,수요일,16,경상사고,0,0,1,0,53,남,15년이상,,이륜,기타,보행자,기타사고,맑음,주간,차대사람,차도통행중,안전운전불이행,특별광역시도,신당역2호선앞사거리,37.5656465,127.0196049,중구,
2017,7,22,토요일,0,중상사고,0,1,0,0,40,남,15년이상,,원동기,기타,보행자,진입회전사고,맑음,심야,차대사람,횡단중,신호위반,특별광역시도,신당역2호선앞사거리,37.5656465,127.0196049,중구,
2017,9,2,토요일,1,중상사고,0,1,0,0,71,남,15년이상,,승용,사업용,자전거,진입회전사고,맑음,심야,차대차,측면직각충돌,데이터없음,특별광역시도,신당역2호선앞사거리,37.5656465,127.0196049,중구,
2017,9,22,금요일,10,중상사고,0,1,0,0,25,남,10년미만,,승용,비사업용,이륜,일직선사고,맑음,주간,차대차,추돌(진행중),안전거리미확보,특별광역시도,신당역2호선앞사거리,37.5656465,127.0196049,중구,
2017,10,13,금요일,15,경상사고,0,0,1,0,41,남,15년미만,,이륜,기타,보행자,보행횡단사고,맑음,주간,차대사람,횡단중,안전운전불이행,특별광역시도,신당역2호선앞사거리,37.5656465,127.0196049,중구,
2018,6,20,수요일,3,경상사고,0,0,1,0,65,남,15년이상,,승용,사업용,승용,일직선사고,맑음,심야,차대차,추돌(진행중),안전운전불이행,특별광역시도,신당역2호선앞사거리,37.5656465,127.0196049,중구,
2018,6,24,일요일,15,부상사고,0,0,0,1,55,남,15년이상,,승용,사업용,승용,일직선사고,맑음,주간,차대차,추돌(진행중),안전거리미확보,특별광역시도,신당역2호선앞사거리,37.5656465,127.0196049,중구,
2018,6,28,목요일,17,중상사고,0,1,0,0,60,남,15년이상,,승합,사업용,자전거,진입회전사고,맑음,주간,차대차,측면직각충돌,안전운전불이행,특별광역시도,신당역2호선앞사거리,37.5656465,127.0196049,중구,
2018,7,2,월요일,19,중상사고,0,1,0,0,63,남,15년이상,,승용,비사업용,보행자,보행횡단사고,맑음,출퇴근,차대사람,횡단중,안전운전불이행,특별광역시도,신당역2호선앞사거리,37.5656465,127.0196049,중구,
2018,8,30,목요일,11,경상사고,0,0,1,0,65,남,15년이상,,승용,사업용,승용,진입회전사고,맑음,주간,차대차,측면직각충돌,안전거리미확보,특별광역시도,신당역2호선앞사거리,37.5656465,127.0196049,중구,
2018,8,28,화요일,21,경상사고,0,0,1,0,불명,불명,데이터오류,,기타,기타,기타,기타사고,비,심야,차대사람,차도통행중,안전운전불이행,특별광역시도,신당역2호선앞사거리,37.5656465,127.0196049,중구,
2018,9,19,수요일,22,경상사고,0,0,1,0,69,남,15년이상,,승용,사업용,보행자,기타사고,흐림,심야,차대사람,길가장자리구역통행중,안전운전불이행,특별광역시도,신당역2호선앞사거리,37.5656465,127.0196049,중구,
2018,11,19,월요일,0,부상사고,0,0,0,1,64,남,15년이상,,승용,사업용,이륜,진입회전사고,흐림,심야,차대차,측면직각충돌,안전운전불이행,특별광역시도,신당역2호선앞사거리,37.5656465,127.0196049,중구,
2018,12,31,월요일,13,중상사고,0,1,0,0,62,남,15년이상,,승합,사업용,기타,기타사고,맑음,주간,차량단독,차량단독-기타,안전운전불이행,특별광역시도,신당역2호선앞사거리,37.5656465,127.0196049,중구,
2019,1,17,목요일,23,경상사고,0,0,1,0,47,남,15년이상,,화물,비사업용,보행자,보행횡단사고,흐림,심야,차대사람,횡단중,안전운전불이행,특별광역시도,신당역2호선앞사거리,37.5656465,127.0196049,중구,
2019,2,8,금요일,10,경상사고,0,0,1,0,불명,불명,데이터오류,,기타,데이터오류,기타,진입회전사고,맑음,주간,차대차,차대차-기타,신호위반,특별광역시도,신당역2호선앞사거리,37.5656465,127.0196049,중구,
2019,3,17,일요일,6,경상사고,0,0,1,0,64,남,15년이상,,승용,사업용,자전거,진입회전사고,맑음,새벽,차대차,측면직각충돌,신호위반,특별광역시도,신당역2호선앞사거리,37.5656465,127.0196049,중구,
2019,3,11,월요일,20,경상사고,0,0,1,1,49,남,15년이상,,승용,비사업용,승용,진입회전사고,맑음,출퇴근,차대차,측면직각충돌,안전운전불이행,특별광역시도,신당역2호선앞사거리,37.5656465,127.0196049,중구,
2019,4,3,수요일,23,경상사고,0,0,1,0,43,남,15년미만,0,승용,비사업용,이륜,진입회전사고,맑음,심야,차대차,측면직각충돌,안전운전불이행,특별광역시도,신당역2호선앞사거리,37.5656465,127.0196049,중구,
2019,5,10,금요일,0,중상사고,0,1,0,0,66,남,15년이상,,승용,사업용,이륜,일직선사고,맑음,심야,차대차,추돌(진행중),안전운전불이행,특별광역시도,신당역2호선앞사거리,37.5656465,127.0196049,중구,
2019,8,24,토요일,11,경상사고,0,0,2,0,35,남,10년미만,,승용,비사업용,이륜,진입회전사고,맑음,주간,차대차,측면직각충돌,안전운전불이행,특별광역시도,신당역2호선앞사거리,37.5656465,127.0196049,중구,
2019,11,15,금요일,17,중상사고,0,1,1,0,21,남,2년미만,,승용,비사업용,승합,일직선사고,비,주간,차대차,추돌(진행중),안전운전불이행,특별광역시도,신당역2호선앞사거리,37.5656465,127.0196049,중구,
2017,1,31,화요일,16,경상사고,0,0,2,0,59,남,15년이상,,승용,사업용,승용,일직선사고,맑음,주간,차대차,추돌(진행중),안전운전불이행,특별광역시도,신당역앞삼거리,37.5619693,127.0108813,중구,
2017,2,13,월요일,4,중상사고,0,1,0,0,43,남,15년이상,,이륜,기타,보행자,보행횡단사고,맑음,심야,차대사람,횡단중,보행자보호의무위반,특별광역시도,신당역앞삼거리,37.5619693,127.0108813,중구,
2017,4,27,목요일,20,경상사고,0,0,1,0,41,여,15년미만,,승용,비사업용,승용,일직선사고,맑음,출퇴근,차대차,추돌(진행중),안전거리미확보,특별광역시도,신당역앞삼거리,37.5619693,127.0108813,중구,
2017,4,3,월요일,22,경상사고,0,0,1,0,39,남,15년이상,,승용,비사업용,보행자,기타사고,맑음,심야,차대사람,차도통행중,안전운전불이행,특별광역시도,신당역앞삼거리,37.5619693,127.0108813,중구,
2017,5,24,수요일,2,중상사고,0,1,0,0,56,남,15년이상,,승용,사업용,보행자,보행횡단사고,맑음,심야,차대사람,횡단중,안전운전불이행,특별광역시도,신당역앞삼거리,37.5619693,127.0108813,중구,
2017,5,16,화요일,8,경상사고,0,0,1,0,32,남,15년이상,,승용,비사업용,승용,진입회전사고,맑음,출퇴근,차대차,측면직각충돌,안전운전불이행,특별광역시도,신당역앞삼거리,37.5619693,127.0108813,중구,
2017,5,29,월요일,15,부상사고,0,0,0,1,62,남,15년이상,,승용,사업용,원동기,진입회전사고,맑음,주간,차대차,측면직각충돌,안전거리미확보,특별광역시도,신당역앞삼거리,37.5619693,127.0108813,중구,
2017,5,10,수요일,20,경상사고,0,0,1,0,62,남,15년이상,,승용,사업용,승용,일직선사고,맑음,출퇴근,차대차,추돌(진행중),안전운전불이행,특별광역시도,신당역앞삼거리,37.5619693,127.0108813,중구,
2017,5,1,월요일,23,부상사고,0,0,0,1,49,남,15년이상,,승용,비사업용,원동기,진입회전사고,맑음,심야,차대차,측면직각충돌,안전운전불이행,특별광역시도,신당역앞삼거리,37.5619693,127.0108813,중구,
2017,6,20,화요일,14,경상사고,0,0,1,0,불명,불명,데이터오류,,기타,데이터오류,기타,기타사고,맑음,주간,차대차,차대차-기타,안전운전불이행,특별광역시도,신당역앞삼거리,37.5619693,127.0108813,중구,
2017,7,5,수요일,10,중상사고,0,2,1,0,24,남,데이터오류,0,승용,비사업용,승용,진입회전사고,맑음,주간,차대차,측면직각충돌,안전거리미확보,특별광역시도,신당역앞삼거리,37.5619693,127.0108813,중구,
2017,7,22,토요일,20,경상사고,0,0,1,0,27,남,데이터오류,,승용,비사업용,승용,진입회전사고,비,출퇴근,차대차,차대차-기타,신호위반,특별광역시도,신당역앞삼거리,37.5619693,127.0108813,중구,
2017,8,19,토요일,18,경상사고,0,0,5,0,53,남,15년이상,,승합,사업용,이륜,기타사고,맑음,출퇴근,차대차,차대차-기타,안전운전불이행,특별광역시도,신당역앞삼거리,37.5619693,127.0108813,중구,
2017,10,14,토요일,12,중상사고,0,1,0,0,72,남,15년이상,,승용,사업용,승용,진입회전사고,맑음,주간,차대차,측면직각충돌,안전거리미확보,특별광역시도,신당역앞삼거리,37.5619693,127.0108813,중구,
2017,12,29,금요일,16,중상사고,0,1,0,0,65,남,15년이상,,승용,사업용,이륜,진입회전사고,맑음,주간,차대차,측면직각충돌,신호위반,특별광역시도,신당역앞삼거리,37.5619693,127.0108813,중구,
2018,3,8,목요일,23,경상사고,0,0,2,0,59,남,15년이상,,승용,사업용,승용,진입회전사고,맑음,심야,차대차,측면직각충돌,안전운전불이행,특별광역시도,신당역앞삼거리,37.5619693,127.0108813,중구,
2018,6,26,화요일,5,중상사고,0,1,0,0,69,남,15년이상,,승용,사업용,승용,진입회전사고,비,새벽,차대차,측면직각충돌,안전거리미확보,특별광역시도,신당역앞삼거리,37.5619693,127.0108813,중구,
2018,11,7,수요일,17,중상사고,0,1,0,0,64,남,15년이상,,이륜,기타,이륜,진입회전사고,맑음,주간,차대차,측면직각충돌,신호위반,특별광역시도,신당역앞삼거리,37.5619693,127.0108813,중구,
2018,11,8,목요일,21,경상사고,0,0,1,0,45,남,15년이상,0,승용,비사업용,원동기,일직선사고,흐림,심야,차대차,추돌(진행중),안전운전불이행,특별광역시도,신당역앞삼거리,37.5619693,127.0108813,중구,
2019,1,21,월요일,2,경상사고,0,0,2,1,50,남,15년이상,,승용,비사업용,승용,일직선사고,맑음,심야,차대차,추돌(진행중),안전운전불이행,특별광역시도,신당역앞삼거리,37.5619693,127.0108813,중구,
2019,1,21,월요일,21,중상사고,0,1,0,0,48,여,2년미만,,승용,비사업용,이륜,기타사고,맑음,심야,차대차,차대차-기타,안전운전불이행,특별광역시도,신당역앞삼거리,37.5619693,127.0108813,중구,
2019,2,10,일요일,4,중상사고,0,3,0,1,36,남,15년이상,,승용,비사업용,승용,진입회전사고,맑음,심야,차대차,측면직각충돌,신호위반,특별광역시도,신당역앞삼거리,37.5619693,127.0108813,중구,
2019,4,24,수요일,21,경상사고,0,0,2,0,44,남,15년이상,,승합,사업용,승합,진입회전사고,맑음,심야,차대차,측면직각충돌,안전운전불이행,특별광역시도,신당역앞삼거리,37.5619693,127.0108813,중구,
2019,5,3,금요일,9,경상사고,0,0,1,0,38,남,15년이상,0,승용,비사업용,이륜,일직선사고,맑음,주간,차대차,추돌(진행중),안전운전불이행,특별광역시도,신당역앞삼거리,37.5619693,127.0108813,중구,
2019,9,5,목요일,0,경상사고,0,0,2,0,36,남,15년이상,0,승용,비사업용,승용,진입회전사고,맑음,심야,차대차,측면직각충돌,안전운전불이행,특별광역시도,신당역앞삼거리,37.5619693,127.0108813,중구,
2019,10,14,월요일,9,중상사고,0,1,0,0,불명,불명,데이터오류,,기타,데이터오류,기타,기타사고,맑음,주간,차대차,차대차-기타,안전운전불이행,특별광역시도,신당역앞삼거리,37.5619693,127.0108813,중구,
2019,12,19,목요일,23,경상사고,0,0,1,0,57,남,15년이상,,승용,사업용,이륜,진입회전사고,비,심야,차대차,측면직각충돌,신호위반,특별광역시도,신당역앞삼거리,37.5619693,127.0108813,중구,
2017,1,21,토요일,4,경상사고,0,0,2,0,29,남,10년미만,0,승용,사업용,승용,진입회전사고,맑음,심야,차대차,측면직각충돌,신호위반,특별광역시도,약수역부근사거리,37.554347,127.011001,중구,
2017,1,7,토요일,7,중상사고,0,1,0,0,49,남,15년이상,,승용,비사업용,승용,진입회전사고,맑음,출퇴근,차대차,측면직각충돌,신호위반,특별광역시도,약수역부근사거리,37.554347,127.011001,중구,
2017,2,19,일요일,1,중상사고,0,4,0,0,63,남,15년이상,,승용,사업용,승용,진입회전사고,맑음,심야,차대차,측면직각충돌,신호위반,특별광역시도,약수역부근사거리,37.554347,127.011001,중구,
2017,2,20,월요일,6,중상사고,0,1,2,0,74,남,15년이상,,승용,사업용,화물,일직선사고,맑음,새벽,차대차,추돌(진행중),안전운전불이행,특별광역시도,약수역부근사거리,37.554347,127.011001,중구,
2017,2,5,일요일,20,경상사고,0,0,1,0,불명,불명,데이터오류,,승용,사업용,이륜,진입회전사고,흐림,출퇴근,차대차,차대차-기타,신호위반,특별광역시도,약수역부근사거리,37.554347,127.011001,중구,
2017,2,11,토요일,20,경상사고,0,0,2,0,56,남,15년이상,,승용,사업용,승용,진입회전사고,흐림,출퇴근,차대차,측면직각충돌,신호위반,특별광역시도,약수역부근사거리,37.554347,127.011001,중구,
2017,3,22,수요일,23,경상사고,0,0,1,0,24,남,10년미만,,승용,비사업용,승용,진입회전사고,맑음,심야,차대차,측면직각충돌,안전운전불이행,특별광역시도,약수역부근사거리,37.554347,127.011001,중구,
2017,4,11,화요일,18,중상사고,0,1,0,0,59,여,15년이상,,승용,비사업용,자전거,기타사고,맑음,출퇴근,차대차,차대차-기타,안전운전불이행,특별광역시도,약수역부근사거리,37.554347,127.011001,중구,
2017,6,17,토요일,5,중상사고,0,1,1,0,30,여,15년이상,0,승용,비사업용,승용,진입회전사고,맑음,새벽,차대차,측면직각충돌,안전운전불이행,특별광역시도,약수역부근사거리,37.554347,127.011001,중구,
2017,8,22,화요일,5,중상사고,0,1,0,0,54,남,15년이상,,승용,사업용,승용,진입회전사고,맑음,새벽,차대차,측면직각충돌,신호위반,특별광역시도,약수역부근사거리,37.554347,127.011001,중구,
2017,9,18,월요일,15,중상사고,0,1,0,0,28,남,10년미만,,이륜,기타,이륜,진입회전사고,맑음,주간,차대차,측면직각충돌,신호위반,특별광역시도,약수역부근사거리,37.554347,127.011001,중구,
2017,9,14,목요일,19,경상사고,0,0,1,0,55,남,15년이상,,승용,사업용,승합,진입회전사고,맑음,출퇴근,차대차,측면직각충돌,안전운전불이행,특별광역시도,약수역부근사거리,37.554347,127.011001,중구,
2017,9,28,목요일,19,중상사고,0,1,0,0,40,여,15년이상,,승용,비사업용,원동기,진입회전사고,맑음,출퇴근,차대차,측면직각충돌,신호위반,특별광역시도,약수역부근사거리,37.554347,127.011001,중구,
2017,10,18,수요일,12,경상사고,0,0,1,0,49,남,15년이상,,승용,사업용,승용,진입회전사고,맑음,주간,차대차,측면직각충돌,안전거리미확보,특별광역시도,약수역부근사거리,37.554347,127.011001,중구,
2017,10,17,화요일,20,중상사고,0,1,0,0,31,남,15년미만,,승용,사업용,승용,진입회전사고,맑음,출퇴근,차대차,측면직각충돌,교차로운행방법위반,특별광역시도,약수역부근사거리,37.554347,127.011001,중구,
2017,11,22,수요일,15,중상사고,0,1,3,0,39,남,15년이상,,승합,비사업용,승합,진입회전사고,맑음,주간,차대차,차대차-기타,신호위반,특별광역시도,약수역부근사거리,37.554347,127.011001,중구,
2017,12,29,금요일,19,경상사고,0,0,2,0,63,남,15년이상,,승용,사업용,승용,진입회전사고,맑음,출퇴근,차대차,측면직각충돌,안전운전불이행,특별광역시도,약수역부근사거리,37.554347,127.011001,중구,
2018,1,9,화요일,1,중상사고,0,1,3,0,51,남,15년이상,,승용,사업용,승용,진입회전사고,맑음,심야,차대차,측면직각충돌,신호위반,특별광역시도,약수역부근사거리,37.554347,127.011001,중구,
2018,1,27,토요일,11,중상사고,0,1,0,0,40,남,15년이상,,승용,사업용,이륜,진입회전사고,맑음,주간,차대차,측면직각충돌,신호위반,특별광역시도,약수역부근사거리,37.554347,127.011001,중구,
2018,2,28,수요일,2,경상사고,0,0,1,0,57,남,15년이상,,승용,사업용,자전거,진입회전사고,맑음,심야,차대차,측면직각충돌,신호위반,특별광역시도,약수역부근사거리,37.554347,127.011001,중구,
2018,3,26,월요일,13,경상사고,0,0,1,0,57,남,15년이상,,승용,사업용,승용,일직선사고,맑음,주간,차대차,추돌(진행중),안전거리미확보,특별광역시도,약수역부근사거리,37.554347,127.011001,중구,
2018,3,9,금요일,15,부상사고,0,0,0,1,72,남,15년이상,,승용,사업용,이륜,일직선사고,맑음,주간,차대차,추돌(진행중),안전거리미확보,특별광역시도,약수역부근사거리,37.554347,127.011001,중구,
2018,5,29,화요일,11,중상사고,0,2,0,0,34,남,15년이상,,승합,사업용,승합,기타사고,맑음,주간,차대차,차대차-기타,기타,특별광역시도,약수역부근사거리,37.554347,127.011001,중구,
2018,5,1,화요일,19,경상사고,0,0,1,0,불명,불명,데이터오류,,기타,기타,기타,진입회전사고,맑음,출퇴근,차대차,차대차-기타,신호위반,특별광역시도,약수역부근사거리,37.554347,127.011001,중구,
2018,6,27,수요일,13,중상사고,0,1,0,0,21,여,4년미만,,승용,비사업용,승용,진입회전사고,맑음,주간,차대차,측면직각충돌,안전거리미확보,특별광역시도,약수역부근사거리,37.554347,127.011001,중구,
2018,8,28,화요일,19,경상사고,0,0,1,0,30,남,15년이상,0,화물,비사업용,화물,일직선사고,맑음,출퇴근,차대차,추돌(진행중),안전운전불이행,특별광역시도,약수역부근사거리,37.554347,127.011001,중구,
2018,12,12,수요일,9,중상사고,0,1,0,0,51,여,15년이상,,승용,비사업용,이륜,진입회전사고,맑음,주간,차대차,측면직각충돌,신호위반,특별광역시도,약수역부근사거리,37.554347,127.011001,중구,
2019,3,28,목요일,12,경상사고,0,0,1,0,77,남,15년이상,,승용,사업용,승용,진입회전사고,맑음,주간,차대차,측면직각충돌,안전거리미확보,특별광역시도,약수역부근사거리,37.554347,127.011001,중구,
2019,4,27,토요일,9,경상사고,0,0,1,0,47,여,15년이상,,승용,비사업용,승용,진입회전사고,맑음,주간,차대차,측면직각충돌,안전운전불이행,특별광역시도,약수역부근사거리,37.554347,127.011001,중구,
2019,7,21,일요일,7,경상사고,0,0,1,0,37,남,15년이상,0,승용,비사업용,승용,일직선사고,비,출퇴근,차대차,추돌(진행중),안전운전불이행,특별광역시도,약수역부근사거리,37.554347,127.011001,중구,
2019,7,20,토요일,15,경상사고,0,0,2,0,74,남,15년이상,,승용,비사업용,승용,진입회전사고,맑음,주간,차대차,측면직각충돌,안전운전불이행,특별광역시도,약수역부근사거리,37.554347,127.011001,중구,
2019,8,21,수요일,9,중상사고,0,1,0,0,67,남,15년미만,,승용,사업용,기타,단독사고,맑음,주간,차량단독,공작물추돌,안전운전불이행,특별광역시도,약수역부근사거리,37.554347,127.011001,중구,
2019,9,8,일요일,22,부상사고,0,0,0,1,60,남,15년이상,,승용,비사업용,이륜,진입회전사고,맑음,심야,차대차,측면직각충돌,차로위반,특별광역시도,약수역부근사거리,37.554347,127.011001,중구,
2019,10,31,목요일,12,경상사고,0,0,2,0,45,여,15년이상,,승용,비사업용,이륜,진입회전사고,맑음,주간,차대차,측면직각충돌,안전운전불이행,특별광역시도,약수역부근사거리,37.554347,127.011001,중구,
2019,10,14,월요일,15,중상사고,0,1,0,1,72,남,15년이상,,화물,사업용,이륜,일직선사고,맑음,주간,차대차,추돌(진행중),안전운전불이행,특별광역시도,약수역부근사거리,37.554347,127.011001,중구,
2019,11,21,목요일,11,경상사고,0,0,1,0,59,여,15년이상,,승용,비사업용,승용,진입회전사고,맑음,주간,차대차,측면직각충돌,안전운전불이행,특별광역시도,약수역부근사거리,37.554347,127.011001,중구,
2017,2,25,토요일,22,경상사고,0,0,1,0,31,남,15년미만,,승용,비사업용,승합,진입회전사고,맑음,심야,차대차,측면직각충돌,안전거리미확보,특별광역시도,약수역사거리,37.554347,127.011001,중구,
2017,8,24,목요일,19,중상사고,0,1,0,0,22,남,데이터오류,,승용,사업용,이륜,진입회전사고,맑음,출퇴근,차대차,측면직각충돌,안전운전불이행,특별광역시도,약수역사거리,37.554347,127.011001,중구,
2018,10,12,금요일,21,경상사고,0,0,1,0,63,남,15년이상,,이륜,기타,이륜,진입회전사고,맑음,심야,차대차,측면직각충돌,중앙선침범,특별광역시도,약수역사거리,37.554347,127.011001,중구,
2019,1,2,수요일,22,부상사고,0,0,0,1,21,남,15년이상,,이륜,데이터오류,이륜,진입회전사고,맑음,심야,차대차,측면직각충돌,안전거리미확보,특별광역시도,약수역사거리,37.554347,127.011001,중구,
2019,3,16,토요일,3,경상사고,0,0,1,0,70,남,15년이상,,화물,비사업용,보행자,기타사고,맑음,심야,차대사람,차도통행중,안전운전불이행,특별광역시도,약수역사거리,37.554347,127.011001,중구,
2019,8,10,토요일,0,중상사고,0,1,0,0,63,남,15년이상,,승용,사업용,이륜,기타사고,맑음,심야,차대차,차대차-기타,기타,특별광역시도,약수역사거리,37.554347,127.011001,중구,
2019,12,1,일요일,13,경상사고,0,0,1,0,47,남,10년미만,,승용,사업용,이륜,기타사고,맑음,주간,차대차,차대차-기타,안전운전불이행,특별광역시도,약수역사거리,37.554347,127.011001,중구,
2017,6,24,토요일,18,경상사고,0,0,1,0,33,남,15년이상,,승용,비사업용,원동기,진입회전사고,흐림,출퇴근,차대차,측면직각충돌,안전거리미확보,특별광역시도,염천교동단사거리,37.5594522,126.9702483,중구,
2018,11,12,월요일,19,경상사고,0,0,1,0,65,남,15년이상,,승용,사업용,승용,일직선사고,맑음,출퇴근,차대차,정면충돌,중앙선침범,특별광역시도,염천교동단사거리,37.5594522,126.9702483,중구,
2018,11,14,수요일,21,경상사고,0,0,1,0,53,남,15년이상,,승용,사업용,승용,진입회전사고,맑음,심야,차대차,측면직각충돌,안전운전불이행,특별광역시도,염천교동단사거리,37.5594522,126.9702483,중구,
2019,5,11,토요일,17,중상사고,0,1,0,0,47,남,15년이상,,승용,비사업용,원동기,진입회전사고,맑음,주간,차대차,측면직각충돌,안전운전불이행,특별광역시도,염천교동단사거리,37.5594522,126.9702483,중구,
2019,9,18,수요일,7,부상사고,0,0,0,1,59,남,15년이상,,승용,사업용,이륜,진입회전사고,맑음,출퇴근,차대차,측면직각충돌,신호위반,특별광역시도,염천교동단사거리,37.5594522,126.9702483,중구,
2017,1,19,목요일,18,부상사고,0,0,0,1,58,남,15년이상,,승용,비사업용,원동기,일직선사고,맑음,출퇴근,차대차,추돌(진행중),안전운전불이행,특별광역시도,웨스틴조선호텔앞사거리,37.5644329,126.9799586,중구,
2017,3,15,수요일,5,경상사고,0,0,1,0,58,남,15년이상,,승용,사업용,화물,기타사고,맑음,새벽,차대차,차대차-기타,안전거리미확보,특별광역시도,웨스틴조선호텔앞사거리,37.5644329,126.9799586,중구,
2017,3,15,수요일,12,중상사고,0,2,0,0,63,남,15년이상,,승용,사업용,승용,진입회전사고,맑음,주간,차대차,측면직각충돌,신호위반,특별광역시도,웨스틴조선호텔앞사거리,37.5644329,126.9799586,중구,
2017,3,18,토요일,14,경상사고,0,0,1,0,59,남,15년이상,,승용,사업용,승용,진입회전사고,맑음,주간,차대차,측면직각충돌,안전거리미확보,특별광역시도,웨스틴조선호텔앞사거리,37.5644329,126.9799586,중구,
2017,3,1,수요일,19,경상사고,0,0,1,0,33,남,15년이상,,승용,비사업용,승용,진입회전사고,맑음,출퇴근,차대차,차대차-기타,신호위반,특별광역시도,웨스틴조선호텔앞사거리,37.5644329,126.9799586,중구,
2017,4,3,월요일,18,경상사고,0,0,1,0,61,여,10년미만,,승용,비사업용,승용,진입회전사고,맑음,출퇴근,차대차,측면직각충돌,안전거리미확보,특별광역시도,웨스틴조선호텔앞사거리,37.5644329,126.9799586,중구,
2017,5,21,일요일,13,경상사고,0,0,1,0,55,남,15년이상,,승용,사업용,승용,진입회전사고,맑음,주간,차대차,추돌(진행중),신호위반,특별광역시도,웨스틴조선호텔앞사거리,37.5644329,126.9799586,중구,
2017,6,26,월요일,8,경상사고,0,0,1,0,불명,불명,데이터오류,,기타,데이터오류,기타,일직선사고,비,출퇴근,차대차,추돌(진행중),안전거리미확보,특별광역시도,웨스틴조선호텔앞사거리,37.5644329,126.9799586,중구,
2017,7,13,목요일,17,경상사고,0,0,2,0,54,남,15년미만,,승용,사업용,화물,일직선사고,흐림,주간,차대차,추돌(진행중),안전거리미확보,특별광역시도,웨스틴조선호텔앞사거리,37.5644329,126.9799586,중구,
2017,8,26,토요일,20,경상사고,0,0,1,0,68,남,15년이상,,승용,사업용,승용,진입회전사고,맑음,출퇴근,차대차,측면직각충돌,안전운전불이행,특별광역시도,웨스틴조선호텔앞사거리,37.5644329,126.9799586,중구,