년도,월,일,요일,시각,사고등급,사망자수,중상자수,경상자수,부상자수,연령,성별,경력,음주,종별,용도,관련자2,사고형태,기상상태,일광상태,사고유형1,사고유형2,법규위반,도로종류,지점명,위도,경도,자치구,
2017,9,26,화요일,13,경상사고,0,0,1,0,73,남,15년이상,,승용,비사업용,승용,진입회전사고,맑음,주간,차대차,측면직각충돌,안전거리미확보,특별광역시도,웨스틴조선호텔앞사거리,37.5644329,126.9799586,중구,
2017,9,20,수요일,23,경상사고,0,0,2,0,47,남,15년이상,0,승용,비사업용,승용,진입회전사고,맑음,심야,차대차,측면직각충돌,안전운전불이행,기타,웨스틴조선호텔앞사거리,37.5644329,126.9799586,중구,
2017,11,5,일요일,11,경상사고,0,0,1,0,32,남,10년미만,,승용,비사업용,승용,진입회전사고,맑음,주간,차대차,측면직각충돌,교차로운행방법위반,특별광역시도,웨스틴조선호텔앞사거리,37.5644329,126.9799586,중구,
2017,11,11,토요일,12,경상사고,0,0,1,0,63,남,15년이상,,승용,사업용,원동기,진입회전사고,맑음,주간,차대차,측면직각충돌,교차로운행방법위반,특별광역시도,웨스틴조선호텔앞사거리,37.5644329,126.9799586,중구,
2017,11,26,일요일,17,중상사고,0,1,0,0,48,남,15년이상,,승합,사업용,승합,일직선사고,맑음,주간,차대차,추돌(진행중),안전거리미확보,특별광역시도,웨스틴조선호텔앞사거리,37.5644329,126.9799586,중구,
2017,12,6,수요일,13,경상사고,0,0,1,3,68,남,15년이상,,승용,비사업용,승용,일직선사고,맑음,주간,차대차,추돌(진행중),안전운전불이행,특별광역시도,웨스틴조선호텔앞사거리,37.5644329,126.9799586,중구,
2018,1,12,금요일,18,중상사고,0,1,0,0,54,남,15년이상,,승용,사업용,승용,진입회전사고,맑음,출퇴근,차대차,측면직각충돌,신호위반,특별광역시도,웨스틴조선호텔앞사거리,37.5644329,126.9799586,중구,
2018,2,16,금요일,21,경상사고,0,0,1,0,42,여,15년이상,,승용,비사업용,승용,진입회전사고,맑음,심야,차대차,측면직각충돌,안전운전불이행,특별광역시도,웨스틴조선호텔앞사거리,37.5644329,126.9799586,중구,
2018,4,9,월요일,17,경상사고,0,0,1,0,69,남,15년이상,,승용,사업용,이륜,진입회전사고,맑음,주간,차대차,측면직각충돌,신호위반,특별광역시도,웨스틴조선호텔앞사거리,37.5644329,126.9799586,중구,
2018,5,31,목요일,16,중상사고,0,1,0,0,58,남,4년미만,,승용,사업용,승용,일직선사고,맑음,주간,차대차,추돌(진행중),안전운전불이행,특별광역시도,웨스틴조선호텔앞사거리,37.5644329,126.9799586,중구,
2018,6,10,일요일,8,경상사고,0,0,2,0,44,여,15년이상,,승용,비사업용,승용,진입회전사고,맑음,출퇴근,차대차,측면직각충돌,신호위반,특별광역시도,웨스틴조선호텔앞사거리,37.5644329,126.9799586,중구,
2018,6,22,금요일,10,중상사고,0,1,0,0,56,남,15년이상,,승용,사업용,승합,진입회전사고,맑음,주간,차대차,측면직각충돌,안전거리미확보,특별광역시도,웨스틴조선호텔앞사거리,37.5644329,126.9799586,중구,
2018,8,18,토요일,17,부상사고,0,0,0,1,59,남,15년이상,,승용,비사업용,승용,진입회전사고,맑음,주간,차대차,측면직각충돌,신호위반,특별광역시도,웨스틴조선호텔앞사거리,37.5644329,126.9799586,중구,
2018,9,8,토요일,12,경상사고,0,0,2,0,68,남,15년이상,,승용,사업용,승용,진입회전사고,맑음,주간,차대차,측면직각충돌,안전거리미확보,특별광역시도,웨스틴조선호텔앞사거리,37.5644329,126.9799586,중구,
2018,12,13,목요일,6,경상사고,0,0,2,0,53,남,15년이상,,승용,비사업용,승용,진입회전사고,맑음,새벽,차대차,측면직각충돌,안전운전불이행,특별광역시도,웨스틴조선호텔앞사거리,37.5644329,126.9799586,중구,
2018,12,28,금요일,13,경상사고,0,0,1,0,67,남,15년이상,,승용,사업용,승용,진입회전사고,맑음,주간,차대차,측면직각충돌,안전운전불이행,특별광역시도,웨스틴조선호텔앞사거리,37.5644329,126.9799586,중구,
2019,1,10,목요일,11,경상사고,0,0,1,0,73,남,15년이상,,승용,사업용,승용,진입회전사고,맑음,주간,차대차,측면직각충돌,안전운전불이행,특별광역시도,웨스틴조선호텔앞사거리,37.5644329,126.9799586,중구,
2019,1,9,수요일,17,경상사고,0,0,1,0,61,남,15년이상,,승합,사업용,승합,진입회전사고,맑음,주간,차대차,측면직각충돌,안전운전불이행,특별광역시도,웨스틴조선호텔앞사거리,37.5644329,126.9799586,중구,
2019,3,17,일요일,19,중상사고,0,1,0,0,35,남,10년미만,,승용,비사업용,승합,기타사고,맑음,출퇴근,차대차,차대차-기타,안전거리미확보,특별광역시도,웨스틴조선호텔앞사거리,37.5644329,126.9799586,중구,
2019,6,10,월요일,12,중상사고,0,1,0,0,39,남,3년미만,,승용,비사업용,승용,기타사고,맑음,주간,차대차,차대차-기타,안전운전불이행,특별광역시도,웨스틴조선호텔앞사거리,37.5644329,126.9799586,중구,
2019,9,19,목요일,20,경상사고,0,0,1,0,49,남,15년이상,,승용,비사업용,승용,진입회전사고,맑음,출퇴근,차대차,측면직각충돌,신호위반,특별광역시도,웨스틴조선호텔앞사거리,37.5644329,126.9799586,중구,
2019,11,11,월요일,20,경상사고,0,0,2,0,54,남,15년이상,,승용,사업용,승용,일직선사고,맑음,출퇴근,차대차,추돌(진행중),안전거리미확보,특별광역시도,웨스틴조선호텔앞사거리,37.5644329,126.9799586,중구,
2019,12,17,화요일,2,경상사고,0,0,1,0,51,남,15년미만,,승용,사업용,승용,진입회전사고,맑음,심야,차대차,측면직각충돌,신호위반,특별광역시도,웨스틴조선호텔앞사거리,37.5644329,126.9799586,중구,
2017,6,2,금요일,4,경상사고,0,0,2,1,55,남,15년이상,,승용,사업용,승용,진입회전사고,맑음,심야,차대차,측면직각충돌,신호위반,특별광역시도,을지로4가역5호선부근,37.566621,126.997733,중구,
2017,6,23,금요일,19,부상사고,0,0,0,1,56,남,15년이상,,승용,사업용,이륜,진입회전사고,맑음,출퇴근,차대차,측면직각충돌,신호위반,특별광역시도,을지로4가역5호선부근,37.566621,126.997733,중구,
2017,8,2,수요일,7,경상사고,0,0,1,0,70,남,15년이상,,승용,사업용,승용,진입회전사고,맑음,출퇴근,차대차,측면직각충돌,신호위반,특별광역시도,을지로4가역5호선부근,37.566621,126.997733,중구,
2017,12,27,수요일,16,경상사고,0,0,3,0,71,남,15년이상,,승용,사업용,승용,진입회전사고,맑음,주간,차대차,측면직각충돌,신호위반,특별광역시도,을지로4가역5호선부근,37.566621,126.997733,중구,
2018,1,19,금요일,8,중상사고,0,1,1,0,48,남,15년이상,,승용,비사업용,승용,진입회전사고,맑음,출퇴근,차대차,측면직각충돌,신호위반,특별광역시도,을지로4가역5호선부근,37.566621,126.997733,중구,
2018,2,15,목요일,16,경상사고,0,0,1,0,58,남,15년이상,,승용,비사업용,승용,진입회전사고,맑음,주간,차대차,측면직각충돌,안전운전불이행,특별광역시도,을지로4가역5호선부근,37.566621,126.997733,중구,
2018,3,11,일요일,6,중상사고,0,2,0,0,63,남,15년이상,,승용,사업용,화물,진입회전사고,맑음,새벽,차대차,측면직각충돌,신호위반,특별광역시도,을지로4가역5호선부근,37.566621,126.997733,중구,
2018,4,9,월요일,9,경상사고,0,0,1,0,68,남,15년이상,,승용,비사업용,승용,진입회전사고,맑음,주간,차대차,측면직각충돌,신호위반,특별광역시도,을지로4가역5호선부근,37.566621,126.997733,중구,
2018,5,6,일요일,0,중상사고,0,1,1,0,61,남,15년이상,,승용,사업용,승용,진입회전사고,비,심야,차대차,측면직각충돌,신호위반,특별광역시도,을지로4가역5호선부근,37.566621,126.997733,중구,
2018,5,9,수요일,8,중상사고,0,1,0,0,55,여,15년이상,,승용,사업용,승용,진입회전사고,맑음,출퇴근,차대차,측면직각충돌,신호위반,특별광역시도,을지로4가역5호선부근,37.566621,126.997733,중구,
2018,5,2,수요일,13,중상사고,0,3,0,0,57,남,15년이상,,승용,사업용,승용,진입회전사고,비,주간,차대차,측면직각충돌,신호위반,특별광역시도,을지로4가역5호선부근,37.566621,126.997733,중구,
2018,5,8,화요일,16,중상사고,0,1,0,0,55,남,15년이상,,승용,비사업용,이륜,진입회전사고,맑음,주간,차대차,측면직각충돌,신호위반,특별광역시도,을지로4가역5호선부근,37.566621,126.997733,중구,
2018,5,26,토요일,17,경상사고,0,0,2,0,58,남,15년이상,,승용,비사업용,승용,진입회전사고,맑음,주간,차대차,측면직각충돌,신호위반,특별광역시도,을지로4가역5호선부근,37.566621,126.997733,중구,
2018,6,23,토요일,11,중상사고,0,1,0,0,48,남,15년이상,,승용,비사업용,이륜,일직선사고,맑음,주간,차대차,추돌(진행중),안전운전불이행,특별광역시도,을지로4가역5호선부근,37.566621,126.997733,중구,
2018,6,3,일요일,21,경상사고,0,0,2,0,36,여,15년이상,,승용,비사업용,승용,진입회전사고,맑음,심야,차대차,측면직각충돌,신호위반,특별광역시도,을지로4가역5호선부근,37.566621,126.997733,중구,
2018,7,2,월요일,9,중상사고,0,1,0,2,62,남,15년이상,,승용,비사업용,승용,진입회전사고,맑음,주간,차대차,측면직각충돌,신호위반,특별광역시도,을지로4가역5호선부근,37.566621,126.997733,중구,
2018,7,6,금요일,10,중상사고,0,1,0,0,73,남,15년이상,,화물,사업용,이륜,진입회전사고,맑음,주간,차대차,측면직각충돌,신호위반,특별광역시도,을지로4가역5호선부근,37.566621,126.997733,중구,
2018,8,9,목요일,10,중상사고,0,1,0,0,55,여,15년이상,,승용,비사업용,이륜,진입회전사고,맑음,주간,차대차,측면직각충돌,신호위반,특별광역시도,을지로4가역5호선부근,37.566621,126.997733,중구,
2019,3,24,일요일,22,경상사고,0,0,1,0,39,남,15년이상,,승용,비사업용,승용,진입회전사고,맑음,심야,차대차,측면직각충돌,신호위반,특별광역시도,을지로4가역5호선부근,37.566621,126.997733,중구,
2019,4,10,수요일,1,중상사고,0,1,0,0,24,남,15년이상,,승용,비사업용,승용,진입회전사고,비,심야,차대차,정면충돌,신호위반,특별광역시도,을지로4가역5호선부근,37.566621,126.997733,중구,
2019,4,2,화요일,13,경상사고,0,0,2,0,29,여,15년이상,,승용,비사업용,승용,진입회전사고,맑음,주간,차대차,측면직각충돌,신호위반,특별광역시도,을지로4가역5호선부근,37.566621,126.997733,중구,
2019,6,15,토요일,8,중상사고,0,1,0,0,36,남,3년미만,,승용,사업용,이륜,기타사고,맑음,출퇴근,차대차,차대차-기타,안전거리미확보,특별광역시도,을지로4가역5호선부근,37.566621,126.997733,중구,
2019,6,10,월요일,15,경상사고,0,0,1,0,56,남,15년이상,,승용,비사업용,승용,진입회전사고,맑음,주간,차대차,측면직각충돌,안전거리미확보,특별광역시도,을지로4가역5호선부근,37.566621,126.997733,중구,
2019,7,26,금요일,21,경상사고,0,0,2,0,29,남,15년이상,,승용,사업용,승용,진입회전사고,흐림,심야,차대차,측면직각충돌,신호위반,특별광역시도,을지로4가역5호선부근,37.566621,126.997733,중구,
2019,10,29,화요일,0,경상사고,0,0,1,0,64,남,15년이상,,승용,사업용,승용,진입회전사고,맑음,심야,차대차,측면직각충돌,신호위반,특별광역시도,을지로4가역5호선부근,37.566621,126.997733,중구,
2019,12,10,화요일,23,경상사고,0,0,1,0,57,남,15년이상,,승용,비사업용,승용,진입회전사고,맑음,심야,차대차,측면직각충돌,신호위반,특별광역시도,을지로4가역5호선부근,37.566621,126.997733,중구,
2017,2,11,토요일,16,경상사고,0,0,1,0,58,남,15년이상,,승용,사업용,승용,일직선사고,맑음,주간,차대차,추돌(진행중),안전운전불이행,특별광역시도,을지로5가,37.5664267,127.0025169,중구,
2017,8,4,금요일,19,중상사고,0,1,1,0,62,남,15년이상,,승용,사업용,기타,단독사고,맑음,출퇴근,차량단독,공작물추돌,신호위반,특별광역시도,을지로5가,37.5664267,127.0025169,중구,
2017,8,4,금요일,23,중상사고,0,1,1,0,66,남,15년이상,,승용,사업용,승용,진입회전사고,맑음,심야,차대차,측면직각충돌,안전운전불이행,특별광역시도,을지로5가,37.5664267,127.0025169,중구,
2017,10,26,목요일,20,경상사고,0,0,1,0,54,여,15년이상,,승용,비사업용,승용,진입회전사고,맑음,출퇴근,차대차,측면직각충돌,안전운전불이행,특별광역시도,을지로5가,37.5664267,127.0025169,중구,
2017,11,20,월요일,10,경상사고,0,0,1,0,66,남,15년이상,,승용,사업용,승용,일직선사고,맑음,주간,차대차,추돌(진행중),안전거리미확보,특별광역시도,을지로5가,37.5664267,127.0025169,중구,
2017,11,10,금요일,18,경상사고,0,0,2,0,61,남,15년이상,,승용,사업용,승용,일직선사고,맑음,출퇴근,차대차,추돌(진행중),안전운전불이행,특별광역시도,을지로5가,37.5664267,127.0025169,중구,
2018,1,6,토요일,18,경상사고,0,0,3,0,22,남,3년미만,,승용,비사업용,승용,일직선사고,맑음,출퇴근,차대차,추돌(진행중),안전운전불이행,특별광역시도,을지로5가,37.5664267,127.0025169,중구,
2018,2,23,금요일,16,중상사고,0,1,1,0,49,여,15년이상,,승용,비사업용,원동기,진입회전사고,맑음,주간,차대차,측면직각충돌,신호위반,특별광역시도,을지로5가,37.5664267,127.0025169,중구,
2018,7,28,토요일,5,중상사고,0,1,0,0,45,남,15년이상,,승합,사업용,기타,기타사고,맑음,새벽,차량단독,차량단독-기타,안전운전불이행,특별광역시도,을지로5가,37.5664267,127.0025169,중구,
2018,9,19,수요일,23,중상사고,0,1,0,0,37,남,데이터오류,,승용,비사업용,보행자,보행횡단사고,맑음,심야,차대사람,횡단중,안전운전불이행,특별광역시도,을지로5가,37.5664267,127.0025169,중구,
2018,10,5,금요일,18,경상사고,0,0,1,0,70,남,15년이상,,승용,사업용,승용,진입회전사고,맑음,출퇴근,차대차,측면직각충돌,안전거리미확보,특별광역시도,을지로5가,37.5664267,127.0025169,중구,
2018,11,26,월요일,11,중상사고,0,1,0,0,46,여,15년이상,,승용,비사업용,이륜,진입회전사고,맑음,주간,차대차,측면직각충돌,신호위반,특별광역시도,을지로5가,37.5664267,127.0025169,중구,
2018,12,2,일요일,19,경상사고,0,0,2,1,22,남,15년이상,,승용,사업용,이륜,진입회전사고,맑음,출퇴근,차대차,측면직각충돌,신호위반,특별광역시도,을지로5가,37.5664267,127.0025169,중구,
2019,1,12,토요일,18,경상사고,0,0,1,0,84,남,15년이상,,화물,비사업용,화물,진입회전사고,맑음,출퇴근,차대차,측면직각충돌,안전운전불이행,특별광역시도,을지로5가,37.5664267,127.0025169,중구,
2019,4,13,토요일,2,중상사고,0,1,0,0,71,남,15년이상,,승용,사업용,원동기,진입회전사고,맑음,심야,차대차,측면직각충돌,신호위반,특별광역시도,을지로5가,37.5664267,127.0025169,중구,
2019,7,12,금요일,9,경상사고,0,0,1,0,39,남,15년이상,,화물,사업용,이륜,진입회전사고,맑음,주간,차대차,측면직각충돌,신호위반,특별광역시도,을지로5가,37.5664267,127.0025169,중구,
2019,7,3,수요일,10,중상사고,0,1,0,0,69,남,15년이상,,승용,사업용,이륜,진입회전사고,맑음,주간,차대차,측면직각충돌,신호위반,특별광역시도,을지로5가,37.5664267,127.0025169,중구,
2019,10,12,토요일,5,경상사고,0,0,1,0,61,남,15년이상,,화물,비사업용,이륜,진입회전사고,맑음,새벽,차대차,측면직각충돌,신호위반,특별광역시도,을지로5가,37.5664267,127.0025169,중구,
2019,10,28,월요일,18,경상사고,0,0,1,0,51,여,15년이상,,승용,비사업용,원동기,진입회전사고,맑음,출퇴근,차대차,측면직각충돌,안전운전불이행,특별광역시도,을지로5가,37.5664267,127.0025169,중구,
2019,10,21,월요일,22,중상사고,0,2,1,0,63,남,15년이상,,승용,사업용,승용,진입회전사고,맑음,심야,차대차,정면충돌,신호위반,특별광역시도,을지로5가,37.5664267,127.0025169,중구,
2019,11,5,화요일,12,경상사고,0,0,1,0,61,남,15년이상,,이륜,데이터오류,이륜,진입회전사고,맑음,주간,차대차,측면직각충돌,신호위반,특별광역시도,을지로5가,37.5664267,127.0025169,중구,
2019,12,19,목요일,19,경상사고,0,0,1,0,65,남,15년이상,,승용,사업용,보행자,기타사고,맑음,출퇴근,차대사람,차대사람-기타,안전운전불이행,특별광역시도,을지로5가,37.5664267,127.0025169,중구,
2017,1,10,화요일,16,경상사고,0,0,2,1,35,여,15년이상,,승용,비사업용,승용,일직선사고,맑음,주간,차대차,추돌(진행중),안전거리미확보,특별광역시도,을지로입구역사거리,37.566065,126.982679,중구,
2017,9,14,목요일,18,경상사고,0,0,1,0,50,여,15년이상,,승용,비사업용,이륜,일직선사고,맑음,출퇴근,차대차,추돌(진행중),안전운전불이행,특별광역시도,을지로입구역사거리,37.566065,126.982679,중구,
2017,10,18,수요일,11,경상사고,0,0,2,0,26,남,5년미만,,승용,사업용,화물,일직선사고,맑음,주간,차대차,추돌(진행중),안전운전불이행,특별광역시도,을지로입구역사거리,37.566065,126.982679,중구,
2017,10,11,수요일,18,경상사고,0,0,3,0,55,남,15년이상,,승합,사업용,승합,기타사고,맑음,출퇴근,차대차,차대차-기타,안전운전불이행,특별광역시도,을지로입구역사거리,37.566065,126.982679,중구,
2018,2,7,수요일,7,경상사고,0,0,1,0,61,남,15년이상,,화물,비사업용,화물,진입회전사고,맑음,출퇴근,차대차,측면직각충돌,안전거리미확보,특별광역시도,을지로입구역사거리,37.566065,126.982679,중구,
2018,3,30,금요일,8,경상사고,0,0,3,0,44,남,15년이상,,화물,비사업용,화물,진입회전사고,맑음,출퇴근,차대차,측면직각충돌,안전거리미확보,특별광역시도,을지로입구역사거리,37.566065,126.982679,중구,
2018,3,17,토요일,16,경상사고,0,0,1,0,34,남,10년미만,,승용,비사업용,이륜,진입회전사고,맑음,주간,차대차,차대차-기타,신호위반,특별광역시도,을지로입구역사거리,37.566065,126.982679,중구,
2018,3,7,수요일,17,경상사고,0,0,1,0,41,여,15년미만,,승용,비사업용,승용,진입회전사고,맑음,주간,차대차,측면직각충돌,안전거리미확보,특별광역시도,을지로입구역사거리,37.566065,126.982679,중구,
2018,6,24,일요일,9,중상사고,0,1,0,0,48,남,15년이상,,승용,사업용,승용,일직선사고,맑음,주간,차대차,추돌(진행중),안전거리미확보,특별광역시도,을지로입구역사거리,37.566065,126.982679,중구,
2018,6,8,금요일,11,경상사고,0,0,1,0,76,남,15년이상,,승용,사업용,이륜,일직선사고,맑음,주간,차대차,추돌(진행중),기타,특별광역시도,을지로입구역사거리,37.566065,126.982679,중구,
2018,8,21,화요일,20,사망사고,1,0,0,0,53,남,15년이상,,승합,사업용,보행자,기타사고,맑음,출퇴근,차대사람,차대사람-기타,안전운전불이행,특별광역시도,을지로입구역사거리,37.566065,126.982679,중구,
2018,10,26,금요일,17,중상사고,0,1,0,0,73,남,15년이상,,승용,사업용,승합,기타사고,맑음,주간,차대차,차대차-기타,안전운전불이행,특별광역시도,을지로입구역사거리,37.566065,126.982679,중구,
2018,12,6,목요일,18,경상사고,0,0,1,0,36,여,15년미만,,승용,비사업용,기타,진입회전사고,맑음,출퇴근,차대차,측면직각충돌,안전운전불이행,특별광역시도,을지로입구역사거리,37.566065,126.982679,중구,
2019,3,1,금요일,13,경상사고,0,0,1,0,48,남,10년미만,,승용,비사업용,승합,진입회전사고,맑음,주간,차대차,측면직각충돌,안전거리미확보,특별광역시도,을지로입구역사거리,37.566065,126.982679,중구,
2019,5,4,토요일,16,경상사고,0,0,1,0,50,남,15년이상,,승용,비사업용,승용,진입회전사고,맑음,주간,차대차,측면직각충돌,안전거리미확보,특별광역시도,을지로입구역사거리,37.566065,126.982679,중구,
2019,5,21,화요일,18,경상사고,0,0,1,0,28,남,5년미만,,승용,비사업용,승용,일직선사고,맑음,출퇴근,차대차,추돌(진행중),안전운전불이행,특별광역시도,을지로입구역사거리,37.566065,126.982679,중구,
2019,7,1,월요일,13,경상사고,0,0,2,0,32,남,15년미만,,승용,비사업용,승용,진입회전사고,맑음,주간,차대차,측면직각충돌,안전운전불이행,특별광역시도,을지로입구역사거리,37.566065,126.982679,중구,
2019,8,6,화요일,15,경상사고,0,0,1,0,54,남,15년이상,,승용,비사업용,승합,진입회전사고,맑음,주간,차대차,측면직각충돌,안전거리미확보,특별광역시도,을지로입구역사거리,37.566065,126.982679,중구,
2019,8,23,금요일,19,경상사고,0,0,1,0,50,남,4년미만,,승합,비사업용,이륜,일직선사고,맑음,출퇴근,차대차,추돌(진행중),안전운전불이행,특별광역시도,을지로입구역사거리,37.566065,126.982679,중구,
2019,11,7,목요일,9,경상사고,0,0,1,0,49,남,15년이상,,승합,사업용,승합,진입회전사고,맑음,주간,차대차,측면직각충돌,안전거리미확보,특별광역시도,을지로입구역사거리,37.566065,126.982679,중구,
2019,12,11,수요일,22,경상사고,0,0,1,0,25,남,15년이상,,승용,비사업용,원동기,진입회전사고,맑음,심야,차대차,측면직각충돌,신호위반,특별광역시도,을지로입구역사거리,37.566065,126.982679,중구,
2017,1,23,월요일,15,경상사고,0,0,1,0,34,남,15년이상,,승용,비사업용,원동기,진입회전사고,맑음,주간,차대차,측면직각충돌,교차로운행방법위반,특별광역시도,을지로입구역사거리,37.566065,126.982679,중구,
2017,3,3,금요일,5,중상사고,0,1,2,0,70,남,15년미만,,승용,비사업용,승합,진입회전사고,맑음,새벽,차대차,차대차-기타,신호위반,특별광역시도,을지로입구역사거리,37.566065,126.982679,중구,
2017,3,6,월요일,8,경상사고,0,0,1,0,70,남,15년미만,,승용,사업용,승용,진입회전사고,맑음,출퇴근,차대차,측면직각충돌,차로위반,특별광역시도,을지로입구역사거리,37.566065,126.982679,중구,
2017,3,21,화요일,19,부상사고,0,0,0,1,67,남,15년이상,,승합,기타,이륜,진입회전사고,맑음,출퇴근,차대차,측면직각충돌,신호위반,특별광역시도,을지로입구역사거리,37.566065,126.982679,중구,
2017,4,23,일요일,19,중상사고,0,1,0,0,57,남,15년이상,,승합,사업용,원동기,기타사고,맑음,출퇴근,차대차,차대차-기타,안전거리미확보,특별광역시도,을지로입구역사거리,37.566065,126.982679,중구,
2017,5,18,목요일,22,중상사고,0,1,0,0,57,남,15년이상,,승용,사업용,원동기,일직선사고,맑음,심야,차대차,추돌(진행중),안전운전불이행,특별광역시도,을지로입구역사거리,37.566065,126.982679,중구,
2017,5,26,금요일,22,경상사고,0,0,2,0,52,남,15년이상,,승용,사업용,이륜,진입회전사고,맑음,심야,차대차,추돌(진행중),신호위반,특별광역시도,을지로입구역사거리,37.566065,126.982679,중구,
2017,6,22,목요일,1,중상사고,0,1,1,0,16,남,데이터오류,,원동기,기타,보행자,진입회전사고,맑음,심야,차대차,측면직각충돌,안전거리미확보,특별광역시도,을지로입구역사거리,37.566065,126.982679,중구,
2017,9,24,일요일,20,경상사고,0,0,2,0,30,남,10년미만,,승용,비사업용,승용,일직선사고,맑음,출퇴근,차대차,추돌(진행중),안전운전불이행,특별광역시도,을지로입구역사거리,37.566065,126.982679,중구,
2017,9,13,수요일,22,경상사고,0,0,3,0,61,남,15년이상,,승용,사업용,승용,일직선사고,맑음,심야,차대차,추돌(진행중),안전거리미확보,특별광역시도,을지로입구역사거리,37.566065,126.982679,중구,
2017,11,14,화요일,16,중상사고,0,1,0,0,25,여,10년미만,,승용,비사업용,승용,진입회전사고,맑음,주간,차대차,측면직각충돌,안전거리미확보,특별광역시도,을지로입구역사거리,37.566065,126.982679,중구,
2017,12,31,일요일,23,중상사고,0,1,1,0,29,여,10년미만,,승용,비사업용,기타,진입회전사고,눈,심야,차대차,측면직각충돌,신호위반,특별광역시도,을지로입구역사거리,37.566065,126.982679,중구,
2018,1,30,화요일,13,경상사고,0,0,2,0,59,남,15년이상,,승용,사업용,승용,진입회전사고,맑음,주간,차대차,측면직각충돌,차로위반,특별광역시도,을지로입구역사거리,37.566065,126.982679,중구,
2018,2,11,일요일,1,경상사고,0,0,2,0,25,남,10년미만,,승용,비사업용,승용,진입회전사고,맑음,심야,차대차,측면직각충돌,신호위반,특별광역시도,을지로입구역사거리,37.566065,126.982679,중구,
2018,2,8,목요일,22,경상사고,0,0,1,0,43,남,5년미만,,승용,비사업용,승용,일직선사고,맑음,심야,차대차,추돌(진행중),안전운전불이행,특별광역시도,을지로입구역사거리,37.566065,126.982679,중구,
2018,4,3,화요일,23,경상사고,0,0,1,0,72,남,15년이상,,승용,비사업용,승용,진입회전사고,맑음,심야,차대차,측면직각충돌,안전거리미확보,특별광역시도,을지로입구역사거리,37.566065,126.982679,중구,
2018,7,1,일요일,21,경상사고,0,0,1,0,27,여,10년미만,,승용,비사업용,승용,일직선사고,비,심야,차대차,추돌(진행중),안전거리미확보,특별광역시도,을지로입구역사거리,37.566065,126.982679,중구,
2018,7,4,수요일,21,중상사고,0,1,2,0,51,여,2년미만,,승용,사업용,승용,일직선사고,맑음,심야,차대차,추돌(진행중),안전거리미확보,특별광역시도,을지로입구역사거리,37.566065,126.982679,중구,
2018,7,1,일요일,23,경상사고,0,0,2,0,72,남,15년이상,,승용,사업용,승용,일직선사고,맑음,심야,차대차,추돌(진행중),안전거리미확보,특별광역시도,을지로입구역사거리,37.566065,126.982679,중구,
2018,8,2,목요일,9,경상사고,0,0,2,0,69,남,15년이상,,승합,비사업용,승합,진입회전사고,맑음,주간,차대차,측면직각충돌,신호위반,특별광역시도,을지로입구역사거리,37.566065,126.982679,중구,
2018,9,4,화요일,0,중상사고,0,2,1,0,68,남,15년이상,,승용,사업용,승용,진입회전사고,비,심야,차대차,측면직각충돌,신호위반,특별광역시도,을지로입구역사거리,37.566065,126.982679,중구,
2018,10,16,화요일,14,경상사고,0,0,1,0,29,남,10년미만,,승용,비사업용,자전거,기타사고,맑음,주간,차대차,차대차-기타,안전운전불이행,특별광역시도,을지로입구역사거리,37.566065,126.982679,중구,
2018,10,11,목요일,18,중상사고,0,1,2,1,41,남,15년이상,,승합,사업용,승합,기타사고,맑음,출퇴근,차대차,차대차-기타,안전운전불이행,특별광역시도,을지로입구역사거리,37.566065,126.982679,중구,
2019,4,18,목요일,2,경상사고,0,0,2,0,57,남,15년이상,,승용,사업용,승용,진입회전사고,맑음,심야,차대차,측면직각충돌,안전운전불이행,특별광역시도,을지로입구역사거리,37.566065,126.982679,중구,
2019,5,2,목요일,14,경상사고,0,0,1,0,52,남,15년이상,,승합,사업용,승합,일직선사고,맑음,주간,차대차,추돌(진행중),안전운전불이행,특별광역시도,을지로입구역사거리,37.566065,126.982679,중구,
2019,6,13,목요일,0,경상사고,0,0,1,1,66,남,15년이상,,승용,사업용,승합,진입회전사고,맑음,심야,차대차,측면직각충돌,안전거리미확보,특별광역시도,을지로입구역사거리,37.566065,126.982679,중구,
2019,8,12,월요일,12,경상사고,0,0,1,0,72,남,10년미만,,승용,사업용,승용,기타사고,맑음,주간,차대차,차대차-기타,안전거리미확보,특별광역시도,을지로입구역사거리,37.566065,126.982679,중구,
2019,8,22,목요일,18,경상사고,0,0,1,0,49,남,15년이상,,승합,사업용,기타,기타사고,맑음,출퇴근,차대차,차대차-기타,안전거리미확보,특별광역시도,을지로입구역사거리,37.566065,126.982679,중구,
2019,9,10,화요일,4,경상사고,0,0,1,0,46,남,15년이상,,화물,비사업용,화물,진입회전사고,맑음,심야,차대차,측면직각충돌,신호위반,특별광역시도,을지로입구역사거리,37.566065,126.982679,중구,
2019,9,26,목요일,16,경상사고,0,0,2,0,28,남,15년이상,,승합,비사업용,승합,진입회전사고,맑음,주간,차대차,측면직각충돌,신호위반,특별광역시도,을지로입구역사거리,37.566065,126.982679,중구,
2019,10,4,금요일,1,경상사고,0,0,2,0,39,여,15년이상,,승용,사업용,승용,진입회전사고,맑음,심야,차대차,측면직각충돌,신호위반,특별광역시도,을지로입구역사거리,37.566065,126.982679,중구,