년도,월,일,요일,시각,사고등급,사망자수,중상자수,경상자수,부상자수,연령,성별,경력,음주,종별,용도,관련자2,사고형태,기상상태,일광상태,사고유형1,사고유형2,법규위반,도로종류,지점명,위도,경도,자치구,
2019,11,3,일요일,4,중상사고,0,1,0,0,30,여,15년이상,,승용,비사업용,승용,진입회전사고,맑음,심야,차대차,측면직각충돌,신호위반,특별광역시도,을지로입구역사거리,37.566065,126.982679,중구,
2019,11,29,금요일,8,경상사고,0,0,1,0,61,남,15년이상,,승용,사업용,승용,진입회전사고,맑음,출퇴근,차대차,측면직각충돌,안전거리미확보,특별광역시도,을지로입구역사거리,37.566065,126.982679,중구,
2019,11,1,금요일,20,경상사고,0,0,2,0,67,남,15년이상,,승용,사업용,승용,일직선사고,맑음,출퇴근,차대차,추돌(진행중),안전거리미확보,특별광역시도,을지로입구역사거리,37.566065,126.982679,중구,
2019,12,13,금요일,0,중상사고,0,1,0,0,29,여,15년이상,,승용,비사업용,승용,진입회전사고,맑음,심야,차대차,측면직각충돌,신호위반,특별광역시도,을지로입구역사거리,37.566065,126.982679,중구,
2019,12,6,금요일,8,부상사고,0,0,0,1,77,남,15년이상,,승합,사업용,보행자,기타사고,맑음,출퇴근,차대사람,차대사람-기타,안전운전불이행,특별광역시도,을지로입구역사거리,37.566065,126.982679,중구,
2017,1,4,수요일,7,경상사고,0,0,1,0,47,남,15년이상,,승용,비사업용,승용,진입회전사고,맑음,출퇴근,차대차,측면직각충돌,안전거리미확보,특별광역시도,장충체육관앞사거리,37.558092,127.007749,중구,
2017,1,8,일요일,10,경상사고,0,0,1,0,47,남,15년이상,,승용,비사업용,승용,진입회전사고,맑음,주간,차대차,측면직각충돌,안전거리미확보,특별광역시도,장충체육관앞사거리,37.558092,127.007749,중구,
2017,2,2,목요일,9,경상사고,0,0,1,0,53,남,15년이상,,승용,비사업용,승용,기타사고,맑음,주간,차대차,차대차-기타,안전운전불이행,특별광역시도,장충체육관앞사거리,37.558092,127.007749,중구,
2017,3,20,월요일,13,부상사고,0,0,0,1,68,남,15년이상,,승용,사업용,이륜,진입회전사고,맑음,주간,차대차,측면직각충돌,안전거리미확보,특별광역시도,장충체육관앞사거리,37.558092,127.007749,중구,
2017,3,29,수요일,13,경상사고,0,0,1,0,70,남,15년이상,,승용,사업용,승합,일직선사고,맑음,주간,차대차,추돌(진행중),안전거리미확보,특별광역시도,장충체육관앞사거리,37.558092,127.007749,중구,
2017,4,28,금요일,11,경상사고,0,0,1,0,68,여,15년이상,,승용,비사업용,승용,진입회전사고,맑음,주간,차대차,측면직각충돌,교차로운행방법위반,특별광역시도,장충체육관앞사거리,37.558092,127.007749,중구,
2017,6,4,일요일,21,경상사고,0,0,2,0,27,남,10년미만,,승용,비사업용,승용,진입회전사고,맑음,심야,차대차,측면직각충돌,안전거리미확보,특별광역시도,장충체육관앞사거리,37.558092,127.007749,중구,
2017,7,22,토요일,18,경상사고,0,0,1,0,23,남,5년미만,,승용,비사업용,화물,진입회전사고,흐림,출퇴근,차대차,측면직각충돌,교차로운행방법위반,특별광역시도,장충체육관앞사거리,37.558092,127.007749,중구,
2017,8,14,월요일,1,경상사고,0,0,2,0,69,남,15년이상,,승용,사업용,승용,진입회전사고,맑음,심야,차대차,측면직각충돌,안전운전불이행,특별광역시도,장충체육관앞사거리,37.558092,127.007749,중구,
2017,8,25,금요일,12,경상사고,0,0,1,0,59,여,15년이상,,승용,비사업용,승용,진입회전사고,맑음,주간,차대차,측면직각충돌,안전거리미확보,특별광역시도,장충체육관앞사거리,37.558092,127.007749,중구,
2017,9,12,화요일,14,중상사고,0,1,0,0,46,남,15년이상,,승용,사업용,이륜,진입회전사고,맑음,주간,차대차,차대차-기타,신호위반,특별광역시도,장충체육관앞사거리,37.558092,127.007749,중구,
2017,11,14,화요일,6,경상사고,0,0,1,0,49,남,15년이상,,화물,비사업용,화물,진입회전사고,맑음,새벽,차대차,측면직각충돌,신호위반,특별광역시도,장충체육관앞사거리,37.558092,127.007749,중구,
2017,11,1,수요일,7,경상사고,0,0,1,0,72,남,15년이상,,승용,사업용,승용,진입회전사고,맑음,출퇴근,차대차,측면직각충돌,교차로운행방법위반,특별광역시도,장충체육관앞사거리,37.558092,127.007749,중구,
2017,11,4,토요일,12,경상사고,0,0,2,0,41,여,15년이상,,승용,비사업용,승용,진입회전사고,맑음,주간,차대차,측면직각충돌,안전거리미확보,특별광역시도,장충체육관앞사거리,37.558092,127.007749,중구,
2018,1,19,금요일,1,경상사고,0,0,2,0,61,남,15년이상,,승용,사업용,승용,진입회전사고,맑음,심야,차대차,측면직각충돌,교차로운행방법위반,특별광역시도,장충체육관앞사거리,37.558092,127.007749,중구,
2018,1,18,목요일,15,중상사고,0,1,0,0,55,여,15년이상,,승합,사업용,원동기,진입회전사고,맑음,주간,차대차,추돌(진행중),신호위반,특별광역시도,장충체육관앞사거리,37.558092,127.007749,중구,
2018,2,4,일요일,4,경상사고,0,0,1,0,46,남,15년이상,,승용,비사업용,승용,진입회전사고,맑음,심야,차대차,측면직각충돌,신호위반,특별광역시도,장충체육관앞사거리,37.558092,127.007749,중구,
2018,3,22,목요일,7,경상사고,0,0,1,0,64,남,15년이상,,승용,사업용,승용,일직선사고,맑음,출퇴근,차대차,추돌(진행중),안전운전불이행,특별광역시도,장충체육관앞사거리,37.558092,127.007749,중구,
2018,4,7,토요일,10,경상사고,0,0,1,0,62,여,15년이상,,승용,비사업용,승용,진입회전사고,맑음,주간,차대차,측면직각충돌,안전운전불이행,특별광역시도,장충체육관앞사거리,37.558092,127.007749,중구,
2018,5,8,화요일,0,부상사고,0,0,0,4,77,남,15년이상,,승용,사업용,승용,진입회전사고,맑음,심야,차대차,측면직각충돌,안전운전불이행,특별광역시도,장충체육관앞사거리,37.558092,127.007749,중구,
2018,5,16,수요일,5,중상사고,0,1,0,0,59,남,15년이상,,승합,사업용,기타,기타사고,비,새벽,차량단독,차량단독-기타,안전운전불이행,특별광역시도,장충체육관앞사거리,37.558092,127.007749,중구,
2018,5,3,목요일,13,중상사고,0,1,0,0,59,남,15년이상,,승용,사업용,승용,진입회전사고,맑음,주간,차대차,측면직각충돌,안전거리미확보,특별광역시도,장충체육관앞사거리,37.558092,127.007749,중구,
2018,5,11,금요일,15,부상사고,0,0,0,1,63,남,15년이상,,승용,사업용,원동기,일직선사고,맑음,주간,차대차,추돌(진행중),안전거리미확보,특별광역시도,장충체육관앞사거리,37.558092,127.007749,중구,
2018,5,12,토요일,17,경상사고,0,0,1,0,36,여,15년이상,,승용,비사업용,승용,진입회전사고,비,주간,차대차,측면직각충돌,안전운전불이행,특별광역시도,장충체육관앞사거리,37.558092,127.007749,중구,
2018,6,12,화요일,8,경상사고,0,0,1,0,68,남,15년이상,,승용,사업용,이륜,일직선사고,맑음,출퇴근,차대차,추돌(진행중),안전거리미확보,특별광역시도,장충체육관앞사거리,37.558092,127.007749,중구,
2018,6,9,토요일,13,경상사고,0,0,2,0,58,남,15년이상,,승용,사업용,승용,진입회전사고,맑음,주간,차대차,측면직각충돌,안전운전불이행,특별광역시도,장충체육관앞사거리,37.558092,127.007749,중구,
2018,6,7,목요일,15,중상사고,0,1,0,0,40,남,15년이상,,승용,비사업용,이륜,일직선사고,맑음,주간,차대차,추돌(진행중),안전운전불이행,특별광역시도,장충체육관앞사거리,37.558092,127.007749,중구,
2018,6,3,일요일,23,경상사고,0,0,1,0,35,남,15년이상,,승용,비사업용,승용,일직선사고,맑음,심야,차대차,추돌(진행중),안전운전불이행,특별광역시도,장충체육관앞사거리,37.558092,127.007749,중구,
2018,8,2,목요일,15,경상사고,0,0,1,0,59,여,15년이상,,승용,비사업용,승용,일직선사고,맑음,주간,차대차,추돌(진행중),안전운전불이행,특별광역시도,장충체육관앞사거리,37.558092,127.007749,중구,
2018,10,8,월요일,17,경상사고,0,0,1,0,40,남,5년미만,,화물,비사업용,화물,진입회전사고,맑음,주간,차대차,측면직각충돌,안전운전불이행,특별광역시도,장충체육관앞사거리,37.558092,127.007749,중구,
2018,11,29,목요일,8,경상사고,0,0,3,0,74,여,15년이상,,승용,비사업용,화물,진입회전사고,맑음,출퇴근,차대차,측면직각충돌,안전거리미확보,특별광역시도,장충체육관앞사거리,37.558092,127.007749,중구,
2018,11,14,수요일,12,경상사고,0,0,1,0,60,남,15년이상,,승용,사업용,자전거,진입회전사고,맑음,주간,차대차,측면직각충돌,안전운전불이행,특별광역시도,장충체육관앞사거리,37.558092,127.007749,중구,
2018,11,17,토요일,21,경상사고,0,0,1,0,57,남,15년이상,,승용,비사업용,승용,진입회전사고,맑음,심야,차대차,측면직각충돌,신호위반,특별광역시도,장충체육관앞사거리,37.558092,127.007749,중구,
2018,12,8,토요일,13,경상사고,0,0,1,0,79,남,15년이상,,승용,비사업용,원동기,진입회전사고,맑음,주간,차대차,측면직각충돌,안전거리미확보,특별광역시도,장충체육관앞사거리,37.558092,127.007749,중구,
2019,1,1,화요일,1,경상사고,0,0,1,0,58,남,15년이상,,승용,사업용,승용,진입회전사고,맑음,심야,차대차,측면직각충돌,안전운전불이행,특별광역시도,장충체육관앞사거리,37.558092,127.007749,중구,
2019,1,25,금요일,14,경상사고,0,0,1,0,60,남,15년이상,,승용,비사업용,원동기,진입회전사고,맑음,주간,차대차,측면직각충돌,신호위반,특별광역시도,장충체육관앞사거리,37.558092,127.007749,중구,
2019,3,15,금요일,6,중상사고,0,1,0,0,35,여,15년이상,,승용,비사업용,승용,기타사고,맑음,새벽,차대차,차대차-기타,안전거리미확보,특별광역시도,장충체육관앞사거리,37.558092,127.007749,중구,
2019,3,12,화요일,8,중상사고,0,1,0,0,21,남,15년이상,,승용,사업용,보행자,보행횡단사고,맑음,출퇴근,차대사람,횡단중,기타,특별광역시도,장충체육관앞사거리,37.558092,127.007749,중구,
2019,3,16,토요일,9,경상사고,0,0,2,0,29,남,10년미만,,승용,비사업용,승용,일직선사고,맑음,주간,차대차,추돌(진행중),안전거리미확보,특별광역시도,장충체육관앞사거리,37.558092,127.007749,중구,
2019,3,10,일요일,13,중상사고,0,1,0,0,58,남,15년이상,,승용,비사업용,보행자,보행횡단사고,맑음,주간,차대사람,횡단중,보행자보호의무위반,특별광역시도,장충체육관앞사거리,37.558092,127.007749,중구,
2019,4,13,토요일,20,경상사고,0,0,2,0,60,남,15년이상,,승합,사업용,화물,일직선사고,맑음,출퇴근,차대차,추돌(진행중),안전운전불이행,특별광역시도,장충체육관앞사거리,37.558092,127.007749,중구,
2019,5,3,금요일,13,중상사고,0,1,0,0,50,남,15년이상,,원동기,데이터오류,보행자,진입회전사고,맑음,주간,차대사람,차도통행중,신호위반,특별광역시도,장충체육관앞사거리,37.558092,127.007749,중구,
2019,7,8,월요일,11,경상사고,0,0,1,0,68,남,15년이상,,승용,비사업용,이륜,일직선사고,맑음,주간,차대차,추돌(진행중),안전운전불이행,특별광역시도,장충체육관앞사거리,37.558092,127.007749,중구,
2019,9,7,토요일,5,중상사고,0,1,0,0,40,남,15년이상,,승용,사업용,승용,진입회전사고,맑음,새벽,차대차,측면직각충돌,신호위반,특별광역시도,장충체육관앞사거리,37.558092,127.007749,중구,
2019,9,21,토요일,15,경상사고,0,0,1,0,31,남,15년이상,,자전거,데이터오류,자전거,일직선사고,맑음,주간,차대차,추돌(진행중),안전운전불이행,특별광역시도,장충체육관앞사거리,37.558092,127.007749,중구,
2019,9,4,수요일,19,경상사고,0,0,1,0,23,남,2년미만,,승용,비사업용,승합,진입회전사고,비,출퇴근,차대차,측면직각충돌,신호위반,특별광역시도,장충체육관앞사거리,37.558092,127.007749,중구,
2019,10,16,수요일,0,경상사고,0,0,1,0,64,남,15년이상,,승용,사업용,승용,진입회전사고,맑음,심야,차대차,측면직각충돌,안전거리미확보,특별광역시도,장충체육관앞사거리,37.558092,127.007749,중구,
2019,10,18,금요일,7,경상사고,0,0,1,0,54,남,15년이상,,화물,비사업용,화물,진입회전사고,맑음,출퇴근,차대차,측면직각충돌,안전운전불이행,특별광역시도,장충체육관앞사거리,37.558092,127.007749,중구,
2019,10,27,일요일,14,경상사고,0,0,1,0,58,남,15년이상,,승용,사업용,승용,일직선사고,맑음,주간,차대차,추돌(진행중),안전운전불이행,특별광역시도,장충체육관앞사거리,37.558092,127.007749,중구,
2019,10,20,일요일,18,경상사고,0,0,2,0,68,남,15년미만,,승용,사업용,승용,진입회전사고,맑음,출퇴근,차대차,측면직각충돌,안전거리미확보,특별광역시도,장충체육관앞사거리,37.558092,127.007749,중구,
2019,10,2,수요일,20,경상사고,0,0,1,0,64,남,15년이상,,승용,사업용,승용,진입회전사고,비,출퇴근,차대차,측면직각충돌,안전거리미확보,특별광역시도,장충체육관앞사거리,37.558092,127.007749,중구,
2019,10,15,화요일,23,중상사고,0,1,1,0,50,남,1년미만,,화물,비사업용,화물,진입회전사고,맑음,심야,차대차,측면직각충돌,안전거리미확보,특별광역시도,장충체육관앞사거리,37.558092,127.007749,중구,
2019,11,18,월요일,11,중상사고,0,1,1,0,69,남,15년이상,,이륜,데이터오류,이륜,진입회전사고,맑음,주간,차대차,측면직각충돌,신호위반,특별광역시도,장충체육관앞사거리,37.558092,127.007749,중구,
2019,11,20,수요일,15,경상사고,0,0,2,0,54,남,15년이상,,승합,사업용,이륜,진입회전사고,맑음,주간,차대차,측면직각충돌,신호위반,특별광역시도,장충체육관앞사거리,37.558092,127.007749,중구,
2019,12,13,금요일,12,경상사고,0,0,2,0,49,남,15년이상,,승용,사업용,승용,일직선사고,맑음,주간,차대차,추돌(진행중),안전운전불이행,특별광역시도,장충체육관앞사거리,37.558092,127.007749,중구,
2019,12,21,토요일,19,경상사고,0,0,1,0,73,남,15년이상,,승용,사업용,승용,진입회전사고,맑음,출퇴근,차대차,측면직각충돌,안전거리미확보,특별광역시도,장충체육관앞사거리,37.558092,127.007749,중구,
2017,1,20,금요일,18,경상사고,0,0,2,0,61,남,15년이상,,승용,사업용,승합,진입회전사고,맑음,출퇴근,차대차,측면직각충돌,안전운전불이행,특별광역시도,플라자호텔앞사거리,40.7643744,-73.9744406,중구,
2017,2,19,일요일,15,경상사고,0,0,1,0,37,여,15년이상,,승용,비사업용,보행자,기타사고,흐림,주간,차대사람,길가장자리구역통행중,안전운전불이행,특별광역시도,플라자호텔앞사거리,40.7643744,-73.9744406,중구,
2017,5,23,화요일,9,경상사고,0,0,1,0,63,남,15년이상,,승합,사업용,승합,일직선사고,맑음,주간,차대차,추돌(진행중),안전운전불이행,특별광역시도,플라자호텔앞사거리,40.7643744,-73.9744406,중구,
2017,7,30,일요일,0,경상사고,0,0,2,0,46,여,15년이상,,승용,비사업용,승용,진입회전사고,맑음,심야,차대차,측면직각충돌,신호위반,특별광역시도,플라자호텔앞사거리,40.7643744,-73.9744406,중구,
2017,7,10,월요일,8,경상사고,0,0,1,0,63,남,15년이상,,승합,사업용,승합,일직선사고,비,출퇴근,차대차,추돌(진행중),안전거리미확보,특별광역시도,플라자호텔앞사거리,40.7643744,-73.9744406,중구,
2017,7,25,화요일,15,부상사고,0,0,0,1,53,남,10년미만,,승용,사업용,승용,진입회전사고,맑음,주간,차대차,측면직각충돌,차로위반,특별광역시도,플라자호텔앞사거리,40.7643744,-73.9744406,중구,
2017,9,30,토요일,18,경상사고,0,0,1,0,69,남,15년이상,,승용,사업용,승용,일직선사고,맑음,출퇴근,차대차,추돌(진행중),차로위반,특별광역시도,플라자호텔앞사거리,40.7643744,-73.9744406,중구,
2017,11,25,토요일,13,경상사고,0,0,1,0,54,남,15년이상,,승용,사업용,승용,일직선사고,비,주간,차대차,추돌(진행중),안전거리미확보,특별광역시도,플라자호텔앞사거리,40.7643744,-73.9744406,중구,
2017,12,23,토요일,9,중상사고,0,1,0,0,58,여,15년이상,,승용,비사업용,이륜,진입회전사고,맑음,주간,차대차,측면직각충돌,안전거리미확보,특별광역시도,플라자호텔앞사거리,40.7643744,-73.9744406,중구,
2018,1,11,목요일,16,경상사고,0,0,1,0,48,남,15년이상,,승합,사업용,승합,일직선사고,맑음,주간,차대차,추돌(진행중),안전거리미확보,특별광역시도,플라자호텔앞사거리,40.7643744,-73.9744406,중구,
2018,3,6,화요일,14,중상사고,0,1,0,0,64,남,15년이상,,승용,비사업용,이륜,진입회전사고,맑음,주간,차대차,측면직각충돌,안전운전불이행,특별광역시도,플라자호텔앞사거리,40.7643744,-73.9744406,중구,
2018,4,17,화요일,10,중상사고,0,1,0,0,65,여,15년이상,,승용,비사업용,승용,진입회전사고,맑음,주간,차대차,측면직각충돌,안전운전불이행,특별광역시도,플라자호텔앞사거리,40.7643744,-73.9744406,중구,
2018,7,24,화요일,11,중상사고,0,1,4,1,63,남,15년이상,,승용,사업용,승용,일직선사고,맑음,주간,차대차,추돌(진행중),안전운전불이행,특별광역시도,플라자호텔앞사거리,40.7643744,-73.9744406,중구,
2018,7,25,수요일,22,경상사고,0,0,1,0,35,남,15년이상,0,승용,비사업용,승용,일직선사고,맑음,심야,차대차,추돌(진행중),안전운전불이행,특별광역시도,플라자호텔앞사거리,40.7643744,-73.9744406,중구,
2018,8,1,수요일,22,부상사고,0,0,0,1,30,여,15년이상,,승용,비사업용,이륜,일직선사고,맑음,심야,차대차,정면충돌,안전운전불이행,특별광역시도,플라자호텔앞사거리,40.7643744,-73.9744406,중구,
2018,9,8,토요일,13,경상사고,0,0,1,0,56,남,15년이상,,승용,사업용,승용,진입회전사고,맑음,주간,차대차,측면직각충돌,안전거리미확보,특별광역시도,플라자호텔앞사거리,40.7643744,-73.9744406,중구,
2018,9,28,금요일,23,경상사고,0,0,1,0,50,남,15년이상,,승합,비사업용,승합,일직선사고,맑음,심야,차대차,추돌(진행중),안전운전불이행,특별광역시도,플라자호텔앞사거리,40.7643744,-73.9744406,중구,
2018,12,20,목요일,16,경상사고,0,0,2,0,34,남,15년이상,,승합,사업용,승합,기타사고,맑음,주간,차대차,차대차-기타,안전거리미확보,특별광역시도,플라자호텔앞사거리,40.7643744,-73.9744406,중구,
2019,1,16,수요일,10,경상사고,0,0,1,0,47,여,15년이상,,승용,비사업용,승용,진입회전사고,맑음,주간,차대차,측면직각충돌,안전거리미확보,특별광역시도,플라자호텔앞사거리,40.7643744,-73.9744406,중구,
2019,1,20,일요일,16,경상사고,0,0,1,0,59,남,15년이상,,승용,사업용,승용,일직선사고,맑음,주간,차대차,추돌(진행중),안전운전불이행,특별광역시도,플라자호텔앞사거리,40.7643744,-73.9744406,중구,
2019,4,27,토요일,10,중상사고,0,1,0,0,59,여,15년이상,,승용,비사업용,자전거,일직선사고,맑음,주간,차대차,추돌(진행중),안전운전불이행,특별광역시도,플라자호텔앞사거리,40.7643744,-73.9744406,중구,
2019,5,15,수요일,0,경상사고,0,0,2,0,58,남,15년이상,,승용,사업용,승용,진입회전사고,맑음,심야,차대차,측면직각충돌,안전거리미확보,특별광역시도,플라자호텔앞사거리,40.7643744,-73.9744406,중구,
2019,5,23,목요일,15,중상사고,0,1,0,0,55,남,15년이상,,화물,사업용,자전거,기타사고,맑음,주간,차대차,차대차-기타,안전운전불이행,특별광역시도,플라자호텔앞사거리,40.7643744,-73.9744406,중구,
2019,11,4,월요일,14,중상사고,0,1,0,0,45,남,15년이상,,화물,비사업용,이륜,일직선사고,맑음,주간,차대차,추돌(진행중),안전운전불이행,특별광역시도,플라자호텔앞사거리,40.7643744,-73.9744406,중구,
2019,12,11,수요일,10,경상사고,0,0,2,1,31,남,15년미만,,승용,비사업용,승용,진입회전사고,맑음,주간,차대차,측면직각충돌,안전거리미확보,특별광역시도,플라자호텔앞사거리,40.7643744,-73.9744406,중구,
2019,12,3,화요일,15,부상사고,0,0,0,1,53,남,15년미만,,승합,사업용,승합,진입회전사고,맑음,주간,차대차,측면직각충돌,안전거리미확보,특별광역시도,플라자호텔앞사거리,40.7643744,-73.9744406,중구,
2017,1,24,화요일,20,경상사고,0,0,1,0,59,남,15년이상,,승합,사업용,승합,기타사고,맑음,출퇴근,차대차,차대차-기타,안전운전불이행,특별광역시도,한국은행앞사거리,35.1584898,126.8491849,중구,
2017,1,26,목요일,23,경상사고,0,0,1,0,48,남,15년이상,,승용,비사업용,승용,진입회전사고,맑음,심야,차대차,측면직각충돌,신호위반,특별광역시도,한국은행앞사거리,35.1584898,126.8491849,중구,
2017,2,8,수요일,13,경상사고,0,0,1,0,31,남,15년미만,,승합,비사업용,승합,진입회전사고,맑음,주간,차대차,차대차-기타,신호위반,특별광역시도,한국은행앞사거리,35.1584898,126.8491849,중구,
2017,3,7,화요일,11,경상사고,0,0,1,0,47,여,15년이상,,승용,비사업용,화물,일직선사고,맑음,주간,차대차,추돌(진행중),안전거리미확보,특별광역시도,한국은행앞사거리,35.1584898,126.8491849,중구,
2017,4,20,목요일,3,중상사고,0,1,0,0,32,남,15년미만,0,승용,비사업용,승용,일직선사고,맑음,심야,차대차,추돌(진행중),안전운전불이행,특별광역시도,한국은행앞사거리,35.1584898,126.8491849,중구,
2017,4,5,수요일,13,경상사고,0,0,1,0,57,남,15년이상,,승용,사업용,이륜,일직선사고,비,주간,차대차,추돌(진행중),안전거리미확보,특별광역시도,한국은행앞사거리,35.1584898,126.8491849,중구,
2017,4,30,일요일,20,경상사고,0,0,2,0,43,남,15년이상,,승용,사업용,승용,진입회전사고,맑음,출퇴근,차대차,측면직각충돌,안전거리미확보,특별광역시도,한국은행앞사거리,35.1584898,126.8491849,중구,
2017,5,23,화요일,8,경상사고,0,0,1,0,53,남,15년이상,,승합,사업용,승합,일직선사고,맑음,출퇴근,차대차,추돌(진행중),안전운전불이행,특별광역시도,한국은행앞사거리,35.1584898,126.8491849,중구,
2017,6,6,화요일,12,중상사고,0,3,2,1,29,여,15년이상,,승용,비사업용,승합,진입회전사고,맑음,주간,차대차,측면직각충돌,교차로운행방법위반,특별광역시도,한국은행앞사거리,35.1584898,126.8491849,중구,
2017,7,20,목요일,16,경상사고,0,0,1,0,73,남,15년이상,,승용,사업용,승용,일직선사고,맑음,주간,차대차,추돌(진행중),안전운전불이행,특별광역시도,한국은행앞사거리,35.1584898,126.8491849,중구,
2017,7,12,수요일,21,경상사고,0,0,1,0,58,남,15년이상,,승용,사업용,원동기,진입회전사고,맑음,심야,차대차,측면직각충돌,안전거리미확보,특별광역시도,한국은행앞사거리,35.1584898,126.8491849,중구,
2017,10,12,목요일,20,경상사고,0,0,1,0,53,남,15년이상,,승합,사업용,승합,기타사고,맑음,출퇴근,차대차,차대차-기타,안전운전불이행,특별광역시도,한국은행앞사거리,35.1584898,126.8491849,중구,
2017,10,26,목요일,20,경상사고,0,0,2,0,54,남,15년이상,,승용,사업용,승용,일직선사고,맑음,출퇴근,차대차,추돌(진행중),안전거리미확보,특별광역시도,한국은행앞사거리,35.1584898,126.8491849,중구,
2017,11,23,목요일,16,경상사고,0,0,2,0,51,남,15년이상,,승합,사업용,승합,진입회전사고,맑음,주간,차대차,측면직각충돌,안전운전불이행,특별광역시도,한국은행앞사거리,35.1584898,126.8491849,중구,
2018,3,31,토요일,11,중상사고,0,1,1,0,59,남,15년이상,,승합,사업용,기타,기타사고,맑음,주간,차량단독,차량단독-기타,안전운전불이행,특별광역시도,한국은행앞사거리,35.1584898,126.8491849,중구,
2018,4,11,수요일,9,경상사고,0,0,1,0,62,남,15년이상,,승용,사업용,승용,일직선사고,맑음,주간,차대차,추돌(진행중),안전거리미확보,특별광역시도,한국은행앞사거리,35.1584898,126.8491849,중구,
2018,4,24,화요일,10,경상사고,0,0,1,0,66,남,15년이상,,승용,비사업용,승용,일직선사고,맑음,주간,차대차,추돌(진행중),안전운전불이행,특별광역시도,한국은행앞사거리,35.1584898,126.8491849,중구,
2018,5,27,일요일,9,중상사고,0,1,0,0,41,남,15년이상,,승용,비사업용,이륜,진입회전사고,맑음,주간,차대차,측면직각충돌,신호위반,특별광역시도,한국은행앞사거리,35.1584898,126.8491849,중구,
2018,5,10,목요일,21,부상사고,0,0,0,1,52,남,15년이상,,승용,사업용,원동기,일직선사고,맑음,심야,차대차,추돌(진행중),안전거리미확보,특별광역시도,한국은행앞사거리,35.1584898,126.8491849,중구,
2018,6,3,일요일,10,경상사고,0,0,1,0,37,남,4년미만,,화물,비사업용,원동기,기타사고,맑음,주간,차대차,차대차-기타,안전운전불이행,특별광역시도,한국은행앞사거리,35.1584898,126.8491849,중구,
2018,6,16,토요일,10,중상사고,0,1,0,0,27,남,15년이상,,승합,비사업용,보행자,보행횡단사고,맑음,주간,차대사람,횡단중,안전운전불이행,특별광역시도,한국은행앞사거리,35.1584898,126.8491849,중구,
2018,7,18,수요일,16,경상사고,0,0,1,0,49,남,15년이상,,승합,사업용,이륜,진입회전사고,맑음,주간,차대차,추돌(진행중),신호위반,특별광역시도,한국은행앞사거리,35.1584898,126.8491849,중구,
2019,3,26,화요일,13,경상사고,0,0,1,0,55,남,15년이상,,승용,비사업용,이륜,진입회전사고,맑음,주간,차대차,측면직각충돌,안전거리미확보,특별광역시도,한국은행앞사거리,35.1584898,126.8491849,중구,
2019,4,28,일요일,8,중상사고,0,2,0,0,28,남,10년미만,,승용,비사업용,승용,진입회전사고,맑음,출퇴근,차대차,측면직각충돌,안전거리미확보,특별광역시도,한국은행앞사거리,35.1584898,126.8491849,중구,
2019,4,6,토요일,15,중상사고,0,1,0,1,70,남,15년이상,,승용,사업용,승용,진입회전사고,맑음,주간,차대차,측면직각충돌,중앙선침범,특별광역시도,한국은행앞사거리,35.1584898,126.8491849,중구,
2019,5,23,목요일,11,경상사고,0,0,1,2,62,남,15년이상,,승용,사업용,승용,일직선사고,맑음,주간,차대차,추돌(진행중),안전운전불이행,특별광역시도,한국은행앞사거리,35.1584898,126.8491849,중구,
2019,5,28,화요일,14,경상사고,0,0,3,1,21,남,15년이상,,승용,비사업용,승용,진입회전사고,맑음,주간,차대차,측면직각충돌,신호위반,특별광역시도,한국은행앞사거리,35.1584898,126.8491849,중구,
2019,6,28,금요일,15,경상사고,0,0,1,0,74,남,15년이상,,승용,사업용,보행자,기타사고,맑음,주간,차대차,차대차-기타,안전운전불이행,특별광역시도,한국은행앞사거리,35.1584898,126.8491849,중구,
2019,7,27,토요일,0,경상사고,0,0,1,0,52,남,15년이상,,승합,사업용,승합,진입회전사고,맑음,심야,차대차,측면직각충돌,신호위반,특별광역시도,한국은행앞사거리,35.1584898,126.8491849,중구,
2019,7,2,화요일,11,경상사고,0,0,1,0,48,여,15년미만,,승용,비사업용,원동기,진입회전사고,맑음,주간,차대차,측면직각충돌,안전운전불이행,특별광역시도,한국은행앞사거리,35.1584898,126.8491849,중구,
2019,8,9,금요일,21,경상사고,0,0,1,0,63,여,15년이상,,승용,비사업용,승용,일직선사고,맑음,심야,차대차,추돌(진행중),안전운전불이행,특별광역시도,한국은행앞사거리,35.1584898,126.8491849,중구,
2019,9,20,금요일,6,경상사고,0,0,1,0,67,남,15년미만,,승용,사업용,승용,일직선사고,맑음,새벽,차대차,정면충돌,교차로운행방법위반,특별광역시도,한국은행앞사거리,35.1584898,126.8491849,중구,
2019,12,1,일요일,9,경상사고,0,0,1,0,60,남,15년이상,,승용,사업용,승용,진입회전사고,맑음,주간,차대차,측면직각충돌,안전거리미확보,특별광역시도,한국은행앞사거리,35.1584898,126.8491849,중구,
2019,12,16,월요일,9,경상사고,0,0,1,0,53,남,15년이상,,승합,사업용,승합,기타사고,맑음,주간,차대차,차대차-기타,교차로운행방법위반,특별광역시도,한국은행앞사거리,35.1584898,126.8491849,중구,
2019,12,5,목요일,14,경상사고,0,0,1,0,71,남,15년미만,,승용,사업용,승합,진입회전사고,맑음,주간,차대차,측면직각충돌,안전거리미확보,특별광역시도,한국은행앞사거리,35.1584898,126.8491849,중구,