년도,월,일,요일,시각,사고등급,사망자수,중상자수,경상자수,부상자수,연령,성별,경력,음주,종별,용도,관련자2,사고형태,기상상태,일광상태,사고유형1,사고유형2,법규위반,도로종류,지점명,위도,경도,자치구,
2018,4,24,화요일,13,경상사고,0,0,3,0,48,남,15년이상,0,승용,비사업용,승용,일직선사고,맑음,주간,차대차,추돌(진행중),안전운전불이행,특별광역시도,상봉역삼거리,37.5972353,127.0859765,중랑구,
2018,4,8,일요일,14,경상사고,0,0,1,0,44,남,데이터오류,,승용,비사업용,이륜,진입회전사고,맑음,주간,차대차,측면직각충돌,안전거리미확보,특별광역시도,상봉역삼거리,37.5972353,127.0859765,중랑구,
2018,5,12,토요일,19,사망사고,1,0,0,0,50,남,15년이상,,승합,사업용,보행자,기타사고,비,출퇴근,차대사람,차대사람-기타,안전운전불이행,특별광역시도,상봉역삼거리,37.5972353,127.0859765,중랑구,
2018,8,12,일요일,13,중상사고,0,5,2,0,54,남,15년이상,,승합,사업용,이륜,진입회전사고,맑음,주간,차대차,차대차-기타,신호위반,특별광역시도,상봉역삼거리,37.5972353,127.0859765,중랑구,
2018,8,31,금요일,18,경상사고,0,0,1,0,21,여,4년미만,,승용,비사업용,승용,일직선사고,맑음,출퇴근,차대차,추돌(진행중),안전운전불이행,특별광역시도,상봉역삼거리,37.5972353,127.0859765,중랑구,
2018,9,10,월요일,7,경상사고,0,0,1,0,44,여,4년미만,,승용,사업용,승용,일직선사고,맑음,출퇴근,차대차,추돌(진행중),안전운전불이행,특별광역시도,상봉역삼거리,37.5972353,127.0859765,중랑구,
2019,1,28,월요일,5,경상사고,0,0,1,0,77,남,15년이상,,승용,사업용,승합,진입회전사고,맑음,새벽,차대차,차대차-기타,신호위반,특별광역시도,상봉역삼거리,37.5972353,127.0859765,중랑구,
2019,1,1,화요일,17,경상사고,0,0,1,0,46,남,15년이상,,승합,사업용,이륜,진입회전사고,맑음,주간,차대차,차대차-기타,신호위반,특별광역시도,상봉역삼거리,37.5972353,127.0859765,중랑구,
2019,2,18,월요일,18,중상사고,0,1,0,0,58,남,15년이상,,화물,사업용,보행자,진입회전사고,맑음,출퇴근,차대사람,횡단중,신호위반,특별광역시도,상봉역삼거리,37.5972353,127.0859765,중랑구,
2019,4,16,화요일,3,중상사고,0,1,0,0,43,남,데이터오류,,승용,비사업용,승용,일직선사고,맑음,심야,차대차,추돌(진행중),안전운전불이행,특별광역시도,상봉역삼거리,37.5972353,127.0859765,중랑구,
2019,4,1,월요일,13,경상사고,0,0,1,0,31,남,10년미만,,승용,비사업용,이륜,기타사고,맑음,주간,차대차,차대차-기타,기타,특별광역시도,상봉역삼거리,37.5972353,127.0859765,중랑구,
2019,6,8,토요일,12,경상사고,0,0,1,0,34,남,15년미만,,승용,비사업용,승합,기타사고,흐림,주간,차대차,차대차-기타,안전거리미확보,특별광역시도,상봉역삼거리,37.5972353,127.0859765,중랑구,
2019,8,7,수요일,3,경상사고,0,0,2,0,35,남,10년미만,,이륜,데이터오류,이륜,진입회전사고,비,심야,차대차,추돌(진행중),신호위반,특별광역시도,상봉역삼거리,37.5972353,127.0859765,중랑구,
2019,8,2,금요일,10,중상사고,0,1,0,0,48,남,15년이상,,승합,사업용,이륜,진입회전사고,맑음,주간,차대차,측면직각충돌,신호위반,특별광역시도,상봉역삼거리,37.5972353,127.0859765,중랑구,
2019,8,18,일요일,16,경상사고,0,0,1,0,32,남,15년미만,,승용,비사업용,이륜,기타사고,맑음,주간,차대차,차대차-기타,안전운전불이행,특별광역시도,상봉역삼거리,37.5972353,127.0859765,중랑구,
2019,8,22,목요일,22,중상사고,0,1,1,0,60,남,15년이상,,승용,사업용,이륜,기타사고,맑음,심야,차대차,차대차-기타,기타,특별광역시도,상봉역삼거리,37.5972353,127.0859765,중랑구,
2019,10,19,토요일,6,경상사고,0,0,1,0,54,남,15년이상,,승합,사업용,원동기,진입회전사고,맑음,새벽,차대차,차대차-기타,신호위반,특별광역시도,상봉역삼거리,37.5972353,127.0859765,중랑구,
2019,12,25,수요일,14,경상사고,0,0,1,0,54,남,15년이상,,승용,사업용,화물,일직선사고,맑음,주간,차대차,정면충돌,안전운전불이행,특별광역시도,상봉역삼거리,37.5972353,127.0859765,중랑구,
2017,2,13,월요일,0,경상사고,0,0,1,0,62,여,15년미만,,승용,사업용,승용,일직선사고,맑음,심야,차대차,추돌(진행중),안전운전불이행,특별광역시도,상봉지하차도교차로,37.5985884,127.0877912,중랑구,
2017,2,15,수요일,4,경상사고,0,0,1,0,24,남,5년미만,0,승용,비사업용,승합,진입회전사고,맑음,심야,차대차,측면직각충돌,안전운전불이행,특별광역시도,상봉지하차도교차로,37.5985884,127.0877912,중랑구,
2017,2,9,목요일,8,경상사고,0,0,1,0,31,남,15년미만,,승용,비사업용,승용,일직선사고,맑음,출퇴근,차대차,정면충돌,안전운전불이행,특별광역시도,상봉지하차도교차로,37.5985884,127.0877912,중랑구,
2017,3,29,수요일,18,중상사고,0,1,1,0,30,남,5년미만,,승용,사업용,승용,일직선사고,맑음,출퇴근,차대차,추돌(진행중),안전운전불이행,특별광역시도,상봉지하차도교차로,37.5985884,127.0877912,중랑구,
2017,5,27,토요일,7,경상사고,0,0,1,0,54,남,15년이상,,화물,비사업용,자전거,진입회전사고,맑음,출퇴근,차대차,정면충돌,신호위반,특별광역시도,상봉지하차도교차로,37.5985884,127.0877912,중랑구,
2017,7,8,토요일,18,경상사고,0,0,1,0,58,남,15년이상,,승용,사업용,승용,일직선사고,맑음,출퇴근,차대차,정면충돌,안전운전불이행,특별광역시도,상봉지하차도교차로,37.5985884,127.0877912,중랑구,
2017,9,8,금요일,14,부상사고,0,0,0,1,64,남,15년이상,,승용,사업용,이륜,일직선사고,맑음,주간,차대차,정면충돌,안전거리미확보,특별광역시도,상봉지하차도교차로,37.5985884,127.0877912,중랑구,
2017,9,28,목요일,14,경상사고,0,0,1,0,32,남,15년이상,,승용,사업용,이륜,진입회전사고,맑음,주간,차대차,측면직각충돌,안전거리미확보,특별광역시도,상봉지하차도교차로,37.5985884,127.0877912,중랑구,
2017,10,13,금요일,19,부상사고,0,0,0,1,33,남,4년미만,,승용,비사업용,이륜,진입회전사고,맑음,출퇴근,차대차,측면직각충돌,안전운전불이행,특별광역시도,상봉지하차도교차로,37.5985884,127.0877912,중랑구,
2017,11,4,토요일,2,중상사고,0,1,1,1,62,남,15년이상,,승용,사업용,이륜,진입회전사고,맑음,심야,차대차,측면직각충돌,신호위반,특별광역시도,상봉지하차도교차로,37.5985884,127.0877912,중랑구,
2017,11,29,수요일,8,경상사고,0,0,1,0,58,남,15년이상,,승합,사업용,보행자,진입회전사고,맑음,출퇴근,차대사람,차대사람-기타,신호위반,특별광역시도,상봉지하차도교차로,37.5985884,127.0877912,중랑구,
2017,12,18,월요일,8,경상사고,0,0,1,0,25,남,10년미만,,승용,비사업용,승용,일직선사고,눈,출퇴근,차대차,추돌(진행중),안전운전불이행,특별광역시도,상봉지하차도교차로,37.5985884,127.0877912,중랑구,
2018,2,18,일요일,16,중상사고,0,1,0,0,58,남,15년이상,,승합,사업용,이륜,진입회전사고,맑음,주간,차대차,측면직각충돌,신호위반,특별광역시도,상봉지하차도교차로,37.5985884,127.0877912,중랑구,
2018,3,12,월요일,10,부상사고,0,0,0,1,52,남,15년이상,,승용,사업용,승용,일직선사고,맑음,주간,차대차,추돌(진행중),안전운전불이행,특별광역시도,상봉지하차도교차로,37.5985884,127.0877912,중랑구,
2018,3,1,목요일,14,경상사고,0,0,2,0,50,남,15년이상,,승용,사업용,승합,일직선사고,맑음,주간,차대차,추돌(진행중),안전운전불이행,특별광역시도,상봉지하차도교차로,37.5985884,127.0877912,중랑구,
2018,5,20,일요일,8,경상사고,0,0,2,0,21,남,15년이상,,승용,비사업용,승용,진입회전사고,맑음,출퇴근,차대차,측면직각충돌,안전거리미확보,특별광역시도,상봉지하차도교차로,37.5985884,127.0877912,중랑구,
2018,5,31,목요일,20,경상사고,0,0,2,0,54,남,15년이상,,승용,사업용,승용,일직선사고,맑음,출퇴근,차대차,추돌(진행중),안전운전불이행,특별광역시도,상봉지하차도교차로,37.5985884,127.0877912,중랑구,
2018,6,7,목요일,20,경상사고,0,0,1,0,55,남,15년이상,,승합,사업용,이륜,진입회전사고,비,출퇴근,차대차,측면직각충돌,신호위반,특별광역시도,상봉지하차도교차로,37.5985884,127.0877912,중랑구,
2018,7,6,금요일,12,경상사고,0,0,1,0,81,남,15년이상,,승용,사업용,보행자,보행횡단사고,맑음,주간,차대사람,횡단중,안전운전불이행,특별광역시도,상봉지하차도교차로,37.5985884,127.0877912,중랑구,
2018,8,12,일요일,2,경상사고,0,0,1,0,31,남,15년이상,0,승용,비사업용,승용,일직선사고,맑음,심야,차대차,추돌(진행중),안전운전불이행,특별광역시도,상봉지하차도교차로,37.5985884,127.0877912,중랑구,
2018,8,13,월요일,4,경상사고,0,0,2,0,59,남,15년이상,,승용,사업용,승용,일직선사고,맑음,심야,차대차,추돌(진행중),안전거리미확보,특별광역시도,상봉지하차도교차로,37.5985884,127.0877912,중랑구,
2018,8,19,일요일,6,중상사고,0,1,10,1,32,남,15년이상,,승용,비사업용,승합,진입회전사고,맑음,새벽,차대차,측면직각충돌,신호위반,특별광역시도,상봉지하차도교차로,37.5985884,127.0877912,중랑구,
2018,8,4,토요일,16,경상사고,0,0,1,0,24,남,15년이상,,승용,사업용,이륜,기타사고,맑음,주간,차대차,차대차-기타,안전거리미확보,특별광역시도,상봉지하차도교차로,37.5985884,127.0877912,중랑구,
2018,9,11,화요일,6,경상사고,0,0,2,0,24,남,4년미만,0,승용,비사업용,화물,기타사고,맑음,새벽,차대차,차대차-기타,안전운전불이행,특별광역시도,상봉지하차도교차로,37.5985884,127.0877912,중랑구,
2018,9,9,일요일,14,경상사고,0,0,1,0,30,여,3년미만,,승용,비사업용,승용,기타사고,맑음,주간,차대차,차대차-기타,안전운전불이행,특별광역시도,상봉지하차도교차로,37.5985884,127.0877912,중랑구,
2018,9,4,화요일,16,중상사고,0,3,0,0,34,여,15년이상,,승용,비사업용,승용,기타사고,맑음,주간,차대차,차대차-기타,교차로운행방법위반,특별광역시도,상봉지하차도교차로,37.5985884,127.0877912,중랑구,
2018,10,18,목요일,19,중상사고,0,1,0,0,40,남,15년이상,,승용,비사업용,이륜,진입회전사고,맑음,출퇴근,차대차,측면직각충돌,신호위반,특별광역시도,상봉지하차도교차로,37.5985884,127.0877912,중랑구,
2018,11,20,화요일,22,경상사고,0,0,1,0,30,남,15년미만,,이륜,기타,이륜,일직선사고,맑음,심야,차대차,정면충돌,중앙선침범,특별광역시도,상봉지하차도교차로,37.5985884,127.0877912,중랑구,
2018,12,22,토요일,4,중상사고,0,1,0,0,58,남,15년이상,,승합,비사업용,보행자,보행횡단사고,맑음,심야,차대사람,횡단중,안전운전불이행,특별광역시도,상봉지하차도교차로,37.5985884,127.0877912,중랑구,
2018,12,18,화요일,14,부상사고,0,0,0,1,59,남,10년미만,,건설기계,비사업용,건설기계,진입회전사고,맑음,주간,차대차,측면직각충돌,교차로운행방법위반,특별광역시도,상봉지하차도교차로,37.5985884,127.0877912,중랑구,
2019,1,5,토요일,5,경상사고,0,0,1,0,50,남,15년이상,,승합,사업용,이륜,진입회전사고,흐림,새벽,차대차,차대차-기타,신호위반,특별광역시도,상봉지하차도교차로,37.5985884,127.0877912,중랑구,
2019,2,6,수요일,9,중상사고,0,1,0,0,54,여,15년이상,,승용,사업용,승용,진입회전사고,맑음,주간,차대차,차대차-기타,신호위반,특별광역시도,상봉지하차도교차로,37.5985884,127.0877912,중랑구,
2019,2,15,금요일,22,경상사고,0,0,1,0,58,여,15년이상,,승용,비사업용,승용,일직선사고,맑음,심야,차대차,추돌(진행중),안전운전불이행,특별광역시도,상봉지하차도교차로,37.5985884,127.0877912,중랑구,
2019,2,25,월요일,22,경상사고,0,0,1,0,59,남,15년이상,,승합,사업용,이륜,진입회전사고,맑음,심야,차대차,측면직각충돌,신호위반,특별광역시도,상봉지하차도교차로,37.5985884,127.0877912,중랑구,
2019,3,23,토요일,17,경상사고,0,0,1,0,44,남,15년이상,,승합,사업용,기타,기타사고,맑음,주간,차량단독,차량단독-기타,안전운전불이행,특별광역시도,상봉지하차도교차로,37.5985884,127.0877912,중랑구,
2019,3,7,목요일,22,경상사고,0,0,1,0,45,남,15년이상,,승합,사업용,이륜,진입회전사고,맑음,심야,차대차,측면직각충돌,신호위반,특별광역시도,상봉지하차도교차로,37.5985884,127.0877912,중랑구,
2019,4,19,금요일,2,경상사고,0,0,1,0,68,여,15년이상,,승용,사업용,승용,기타사고,맑음,심야,차대차,차대차-기타,기타,특별광역시도,상봉지하차도교차로,37.5985884,127.0877912,중랑구,
2019,4,26,금요일,8,경상사고,0,0,1,0,25,남,10년미만,,이륜,데이터오류,보행자,진입회전사고,맑음,출퇴근,차대사람,횡단중,신호위반,특별광역시도,상봉지하차도교차로,37.5985884,127.0877912,중랑구,
2019,5,24,금요일,9,경상사고,0,0,1,0,58,남,15년이상,,승용,비사업용,화물,진입회전사고,맑음,주간,차대차,측면직각충돌,교차로운행방법위반,특별광역시도,상봉지하차도교차로,37.5985884,127.0877912,중랑구,
2019,5,16,목요일,15,중상사고,0,2,5,1,46,남,15년이상,,승합,사업용,이륜,진입회전사고,맑음,주간,차대차,측면직각충돌,신호위반,특별광역시도,상봉지하차도교차로,37.5985884,127.0877912,중랑구,
2019,7,4,목요일,9,경상사고,0,0,2,0,41,여,15년이상,,승용,비사업용,승용,진입회전사고,맑음,주간,차대차,측면직각충돌,안전운전불이행,특별광역시도,상봉지하차도교차로,37.5985884,127.0877912,중랑구,
2019,9,14,토요일,12,경상사고,0,0,1,0,44,남,15년이상,,승용,비사업용,승용,일직선사고,맑음,주간,차대차,추돌(진행중),안전운전불이행,특별광역시도,상봉지하차도교차로,37.5985884,127.0877912,중랑구,
2019,9,27,금요일,22,경상사고,0,0,1,0,57,여,15년이상,,승용,사업용,자전거,진입회전사고,맑음,심야,차대차,측면직각충돌,신호위반,특별광역시도,상봉지하차도교차로,37.5985884,127.0877912,중랑구,
2019,10,23,수요일,8,중상사고,0,1,0,1,66,남,15년이상,,화물,비사업용,화물,진입회전사고,맑음,출퇴근,차대차,측면직각충돌,교차로운행방법위반,특별광역시도,상봉지하차도교차로,37.5985884,127.0877912,중랑구,
2019,10,23,수요일,19,경상사고,0,0,2,0,34,남,15년이상,,승용,비사업용,이륜,기타사고,맑음,출퇴근,차대차,차대차-기타,차로위반,특별광역시도,상봉지하차도교차로,37.5985884,127.0877912,중랑구,
2019,12,3,화요일,4,중상사고,0,1,2,0,69,남,15년이상,,승용,사업용,이륜,일직선사고,맑음,심야,차대차,정면충돌,중앙선침범,특별광역시도,상봉지하차도교차로,37.5985884,127.0877912,중랑구,
2019,12,6,금요일,21,경상사고,0,0,1,0,42,남,5년미만,,승용,비사업용,보행자,기타사고,맑음,심야,차대사람,차대사람-기타,안전운전불이행,특별광역시도,상봉지하차도교차로,37.5985884,127.0877912,중랑구,
2017,1,11,수요일,7,경상사고,0,0,1,0,53,남,15년이상,,화물,비사업용,화물,기타사고,맑음,출퇴근,차대차,차대차-기타,교차로운행방법위반,특별광역시도,서울시체육회,37.5926768,127.0730293,중랑구,
2017,2,13,월요일,19,경상사고,0,0,2,0,50,남,15년이상,,승용,비사업용,승용,진입회전사고,맑음,출퇴근,차대차,정면충돌,신호위반,특별광역시도,서울시체육회,37.5926768,127.0730293,중랑구,
2017,4,7,금요일,18,경상사고,0,0,1,0,45,여,15년이상,,승용,비사업용,기타,진입회전사고,맑음,출퇴근,차대차,측면직각충돌,안전운전불이행,특별광역시도,서울시체육회,37.5926768,127.0730293,중랑구,
2017,5,2,화요일,18,경상사고,0,0,1,0,61,남,15년미만,,승용,비사업용,보행자,보행횡단사고,맑음,출퇴근,차대사람,횡단중,안전운전불이행,특별광역시도,서울시체육회,37.5926768,127.0730293,중랑구,
2017,5,21,일요일,18,경상사고,0,0,1,0,34,여,15년미만,,승용,비사업용,승용,일직선사고,맑음,출퇴근,차대차,추돌(진행중),안전운전불이행,특별광역시도,서울시체육회,37.5926768,127.0730293,중랑구,
2017,8,4,금요일,1,경상사고,0,0,1,0,53,남,15년이상,,승용,사업용,이륜,기타사고,맑음,심야,차대차,차대차-기타,안전거리미확보,특별광역시도,서울시체육회,37.5926768,127.0730293,중랑구,
2017,9,4,월요일,0,경상사고,0,0,1,1,64,남,15년이상,,자전거,기타,자전거,진입회전사고,맑음,심야,차대차,측면직각충돌,신호위반,특별광역시도,서울시체육회,37.5926768,127.0730293,중랑구,
2017,10,3,화요일,4,경상사고,0,0,2,0,60,남,15년이상,,승용,사업용,승용,진입회전사고,맑음,심야,차대차,측면직각충돌,신호위반,특별광역시도,서울시체육회,37.5926768,127.0730293,중랑구,
2017,11,29,수요일,16,경상사고,0,0,4,0,43,남,15년이상,,화물,비사업용,화물,진입회전사고,맑음,주간,차대차,추돌(진행중),신호위반,특별광역시도,서울시체육회,37.5926768,127.0730293,중랑구,
2017,11,14,화요일,17,경상사고,0,0,1,1,58,남,15년이상,,승용,사업용,이륜,일직선사고,맑음,주간,차대차,추돌(진행중),안전운전불이행,특별광역시도,서울시체육회,37.5926768,127.0730293,중랑구,
2018,1,19,금요일,0,경상사고,0,0,1,0,58,남,15년이상,,승용,사업용,승용,진입회전사고,맑음,심야,차대차,측면직각충돌,신호위반,특별광역시도,서울시체육회,37.5926768,127.0730293,중랑구,
2018,7,23,월요일,22,경상사고,0,0,1,0,71,남,15년이상,,승용,사업용,원동기,기타사고,맑음,심야,차대차,차대차-기타,기타,특별광역시도,서울시체육회,37.5926768,127.0730293,중랑구,
2018,10,19,금요일,18,중상사고,0,1,0,0,43,남,15년이상,,승용,비사업용,이륜,기타사고,맑음,출퇴근,차대차,차대차-기타,안전거리미확보,특별광역시도,서울시체육회,37.5926768,127.0730293,중랑구,
2018,11,10,토요일,11,중상사고,0,1,0,0,66,남,15년이상,,승용,사업용,이륜,진입회전사고,맑음,주간,차대차,정면충돌,신호위반,특별광역시도,서울시체육회,37.5926768,127.0730293,중랑구,
2018,11,9,금요일,12,경상사고,0,0,1,0,27,남,10년미만,,승용,비사업용,이륜,진입회전사고,비,주간,차대차,측면직각충돌,안전운전불이행,특별광역시도,서울시체육회,37.5926768,127.0730293,중랑구,
2019,1,7,월요일,19,경상사고,0,0,1,0,49,남,15년이상,,승합,사업용,이륜,진입회전사고,맑음,출퇴근,차대차,측면직각충돌,신호위반,특별광역시도,서울시체육회,37.5926768,127.0730293,중랑구,
2019,2,20,수요일,19,경상사고,0,0,1,0,63,여,15년이상,,승용,비사업용,승용,진입회전사고,맑음,출퇴근,차대차,측면직각충돌,신호위반,특별광역시도,서울시체육회,37.5926768,127.0730293,중랑구,
2019,3,15,금요일,6,사망사고,1,0,0,0,70,남,15년이상,,승용,사업용,기타,일직선사고,맑음,새벽,차대차,차대차-기타,중앙선침범,특별광역시도,서울시체육회,37.5926768,127.0730293,중랑구,
2019,3,3,일요일,11,경상사고,0,0,1,0,47,여,15년이상,,승용,비사업용,승용,일직선사고,맑음,주간,차대차,추돌(진행중),안전운전불이행,특별광역시도,서울시체육회,37.5926768,127.0730293,중랑구,
2019,4,5,금요일,16,경상사고,0,0,1,0,52,여,10년미만,,승용,비사업용,승용,기타사고,맑음,주간,차대차,차대차-기타,교차로운행방법위반,특별광역시도,서울시체육회,37.5926768,127.0730293,중랑구,
2019,5,30,목요일,6,경상사고,0,0,1,0,50,남,15년이상,,승용,비사업용,화물,기타사고,맑음,새벽,차대차,차대차-기타,교차로운행방법위반,특별광역시도,서울시체육회,37.5926768,127.0730293,중랑구,
2019,5,30,목요일,8,부상사고,0,0,0,1,52,남,15년이상,,승용,사업용,자전거,진입회전사고,맑음,출퇴근,차대차,측면직각충돌,신호위반,특별광역시도,서울시체육회,37.5926768,127.0730293,중랑구,
2019,5,3,금요일,18,경상사고,0,0,1,0,26,여,15년이상,,승용,비사업용,원동기,진입회전사고,맑음,출퇴근,차대차,측면직각충돌,중앙선침범,특별광역시도,서울시체육회,37.5926768,127.0730293,중랑구,
2019,5,2,목요일,21,경상사고,0,0,1,0,62,남,15년이상,,승용,비사업용,승용,진입회전사고,맑음,심야,차대차,측면직각충돌,신호위반,특별광역시도,서울시체육회,37.5926768,127.0730293,중랑구,
2019,6,9,일요일,5,경상사고,0,0,1,0,71,남,15년이상,,승용,사업용,자전거,기타사고,맑음,새벽,차대차,차대차-기타,기타,특별광역시도,서울시체육회,37.5926768,127.0730293,중랑구,
2019,9,13,금요일,15,중상사고,0,1,1,1,28,여,15년이상,,승용,비사업용,이륜,진입회전사고,맑음,주간,차대차,측면직각충돌,안전거리미확보,특별광역시도,서울시체육회,37.5926768,127.0730293,중랑구,
2019,9,2,월요일,16,경상사고,0,0,1,0,69,여,15년이상,,승용,비사업용,보행자,보행횡단사고,맑음,주간,차대사람,횡단중,보행자보호의무위반,특별광역시도,서울시체육회,37.5926768,127.0730293,중랑구,
2019,9,17,화요일,21,경상사고,0,0,1,1,22,남,데이터오류,,이륜,데이터오류,이륜,진입회전사고,흐림,심야,차대차,측면직각충돌,신호위반,특별광역시도,서울시체육회,37.5926768,127.0730293,중랑구,
2019,10,11,금요일,8,중상사고,0,1,0,0,49,남,15년이상,,승용,사업용,자전거,진입회전사고,맑음,출퇴근,차대차,차대차-기타,신호위반,특별광역시도,서울시체육회,37.5926768,127.0730293,중랑구,
2019,10,30,수요일,15,경상사고,0,0,2,0,63,남,15년이상,,승용,사업용,화물,일직선사고,맑음,주간,차대차,추돌(진행중),안전운전불이행,특별광역시도,서울시체육회,37.5926768,127.0730293,중랑구,
2017,8,14,월요일,6,중상사고,0,1,0,0,61,남,10년미만,,화물,비사업용,보행자,기타사고,맑음,새벽,차대사람,차대사람-기타,데이터없음,특별광역시도,신내지하차도,37.601533,127.096429,중랑구,
2017,8,19,토요일,14,중상사고,0,1,0,0,59,남,15년이상,,승용,비사업용,보행자,기타사고,맑음,주간,차대사람,차대사람-기타,안전운전불이행,특별광역시도,신내지하차도,37.601533,127.096429,중랑구,
2017,9,26,화요일,13,경상사고,0,0,1,0,33,남,15년미만,,이륜,기타,보행자,보행횡단사고,맑음,주간,차대사람,횡단중,안전운전불이행,특별광역시도,신내지하차도,37.601533,127.096429,중랑구,
2018,4,11,수요일,4,경상사고,0,0,3,0,32,남,15년미만,,승용,비사업용,승용,일직선사고,맑음,심야,차대차,추돌(진행중),안전운전불이행,특별광역시도,신내지하차도,37.601533,127.096429,중랑구,
2018,7,25,수요일,9,경상사고,0,0,1,0,42,여,10년미만,,승용,비사업용,보행자,기타사고,맑음,주간,차대사람,길가장자리구역통행중,안전운전불이행,특별광역시도,신내지하차도,37.601533,127.096429,중랑구,
2018,11,8,목요일,14,경상사고,0,0,1,0,63,남,15년이상,,승용,비사업용,보행자,기타사고,비,주간,차대사람,길가장자리구역통행중,안전운전불이행,특별광역시도,신내지하차도,37.601533,127.096429,중랑구,
2019,6,19,수요일,10,중상사고,0,1,0,0,64,여,15년이상,,승용,비사업용,보행자,기타사고,맑음,주간,차대사람,차도통행중,안전운전불이행,특별광역시도,신내지하차도,37.601533,127.096429,중랑구,
2019,6,15,토요일,20,경상사고,0,0,2,0,42,남,15년이상,,승용,사업용,보행자,기타사고,맑음,출퇴근,차대사람,차도통행중,안전운전불이행,특별광역시도,신내지하차도,37.601533,127.096429,중랑구,
2019,9,24,화요일,19,경상사고,0,0,1,0,28,남,데이터오류,,이륜,데이터오류,보행자,기타사고,맑음,출퇴근,차대사람,차도통행중,안전운전불이행,특별광역시도,신내지하차도,37.601533,127.096429,중랑구,
2019,11,30,토요일,10,중상사고,0,1,0,0,56,여,15년이상,,이륜,데이터오류,보행자,보행횡단사고,맑음,주간,차대사람,보도통행중,안전운전불이행,특별광역시도,신내지하차도,37.601533,127.096429,중랑구,
2017,1,31,화요일,17,중상사고,0,1,0,0,60,여,15년이상,,승용,비사업용,승용,기타사고,맑음,주간,차대차,차대차-기타,차로위반,특별광역시도,신내지하차도,37.601533,127.096429,중랑구,
2017,2,16,목요일,1,경상사고,0,0,1,0,46,남,10년미만,,승용,사업용,승용,진입회전사고,맑음,심야,차대차,측면직각충돌,안전거리미확보,특별광역시도,신내지하차도,37.601533,127.096429,중랑구,
2017,2,27,월요일,12,부상사고,0,0,0,1,58,남,15년이상,,승용,사업용,자전거,일직선사고,맑음,주간,차대차,정면충돌,안전운전불이행,특별광역시도,신내지하차도,37.601533,127.096429,중랑구,
2017,2,21,화요일,17,경상사고,0,0,1,0,33,여,15년이상,,승용,사업용,이륜,진입회전사고,맑음,주간,차대차,측면직각충돌,중앙선침범,특별광역시도,신내지하차도,37.601533,127.096429,중랑구,
2017,2,18,토요일,18,부상사고,0,0,0,1,47,여,15년이상,,승용,비사업용,이륜,일직선사고,맑음,출퇴근,차대차,추돌(진행중),안전운전불이행,특별광역시도,신내지하차도,37.601533,127.096429,중랑구,
2017,3,3,금요일,8,부상사고,0,0,0,1,41,남,10년미만,,승용,비사업용,기타,일직선사고,맑음,출퇴근,차대차,정면충돌,안전운전불이행,특별광역시도,신내지하차도,37.601533,127.096429,중랑구,
2017,4,2,일요일,10,중상사고,0,5,0,0,20,여,1년미만,,승용,사업용,승합,진입회전사고,맑음,주간,차대차,측면직각충돌,교차로운행방법위반,특별광역시도,신내지하차도,37.601533,127.096429,중랑구,
2017,5,18,목요일,9,부상사고,0,0,0,1,49,여,15년이상,,승용,비사업용,이륜,일직선사고,맑음,주간,차대차,정면충돌,안전거리미확보,특별광역시도,신내지하차도,37.601533,127.096429,중랑구,
2017,5,8,월요일,11,경상사고,0,0,1,0,36,남,15년이상,,승용,사업용,원동기,일직선사고,맑음,주간,차대차,추돌(진행중),안전거리미확보,특별광역시도,신내지하차도,37.601533,127.096429,중랑구,
2017,6,13,화요일,5,중상사고,0,1,0,0,17,남,15년이상,,이륜,기타,기타,단독사고,맑음,새벽,차량단독,공작물추돌,안전운전불이행,특별광역시도,신내지하차도,37.601533,127.096429,중랑구,
2017,6,4,일요일,10,경상사고,0,0,1,0,73,남,15년이상,,승용,사업용,자전거,일직선사고,맑음,주간,차대차,추돌(진행중),안전운전불이행,특별광역시도,신내지하차도,37.601533,127.096429,중랑구,
2017,6,14,수요일,14,경상사고,0,0,1,0,69,남,15년이상,,승용,비사업용,이륜,진입회전사고,맑음,주간,차대차,측면직각충돌,신호위반,특별광역시도,신내지하차도,37.601533,127.096429,중랑구,
2017,7,30,일요일,9,경상사고,0,0,1,0,60,여,15년이상,,승용,사업용,이륜,진입회전사고,맑음,주간,차대차,측면직각충돌,교차로운행방법위반,특별광역시도,신내지하차도,37.601533,127.096429,중랑구,
2017,7,19,수요일,10,경상사고,0,0,1,0,28,여,10년미만,,승용,비사업용,승용,진입회전사고,맑음,주간,차대차,측면직각충돌,신호위반,특별광역시도,신내지하차도,37.601533,127.096429,중랑구,
2017,7,19,수요일,17,경상사고,0,0,1,0,67,여,15년이상,,승용,비사업용,승용,진입회전사고,맑음,주간,차대차,측면직각충돌,안전운전불이행,특별광역시도,신내지하차도,37.601533,127.096429,중랑구,
2017,7,4,화요일,17,경상사고,0,0,1,0,75,남,15년이상,,승용,비사업용,승용,진입회전사고,맑음,주간,차대차,측면직각충돌,교차로운행방법위반,특별광역시도,신내지하차도,37.601533,127.096429,중랑구,
2017,8,21,월요일,16,경상사고,0,0,2,0,50,여,15년이상,,승합,비사업용,승합,일직선사고,맑음,주간,차대차,추돌(진행중),안전운전불이행,특별광역시도,신내지하차도,37.601533,127.096429,중랑구,
2017,9,11,월요일,9,경상사고,0,0,1,0,68,남,15년이상,,승용,사업용,승용,일직선사고,맑음,주간,차대차,정면충돌,안전운전불이행,특별광역시도,신내지하차도,37.601533,127.096429,중랑구,