년도,월,일,요일,시각,사고등급,사망자수,중상자수,경상자수,부상자수,연령,성별,경력,음주,종별,용도,관련자2,사고형태,기상상태,일광상태,사고유형1,사고유형2,법규위반,도로종류,지점명,위도,경도,자치구,
2017,9,5,화요일,20,중상사고,0,1,0,0,54,남,15년이상,,승합,사업용,이륜,진입회전사고,맑음,출퇴근,차대차,정면충돌,신호위반,특별광역시도,신내지하차도,37.601533,127.096429,중랑구,
2017,10,27,금요일,16,경상사고,0,0,3,0,68,여,15년이상,,승용,비사업용,승용,일직선사고,맑음,주간,차대차,추돌(진행중),교차로운행방법위반,특별광역시도,신내지하차도,37.601533,127.096429,중랑구,
2017,11,22,수요일,11,부상사고,0,0,0,1,45,남,15년이상,,승합,사업용,보행자,기타사고,맑음,주간,차대사람,차도통행중,안전운전불이행,특별광역시도,신내지하차도,37.601533,127.096429,중랑구,
2017,11,23,목요일,12,중상사고,0,1,0,0,35,여,5년미만,,승용,비사업용,승용,진입회전사고,맑음,주간,차대차,차대차-기타,신호위반,특별광역시도,신내지하차도,37.601533,127.096429,중랑구,
2017,11,29,수요일,14,중상사고,0,3,5,0,59,남,15년이상,,승합,사업용,자전거,기타사고,맑음,주간,차대차,차대차-기타,안전운전불이행,특별광역시도,신내지하차도,37.601533,127.096429,중랑구,
2017,11,12,일요일,20,부상사고,0,0,0,1,61,남,15년이상,,승용,사업용,기타,진입회전사고,기타,출퇴근,차대차,차대차-기타,신호위반,특별광역시도,신내지하차도,37.601533,127.096429,중랑구,
2017,12,2,토요일,15,경상사고,0,0,1,0,67,여,15년이상,,승용,비사업용,보행자,기타사고,맑음,주간,차대사람,차대사람-기타,데이터없음,특별광역시도,신내지하차도,37.601533,127.096429,중랑구,
2018,1,30,화요일,19,경상사고,0,0,1,0,55,남,15년이상,,승용,사업용,승용,일직선사고,눈,출퇴근,차대차,추돌(진행중),안전운전불이행,특별광역시도,신내지하차도,37.601533,127.096429,중랑구,
2018,3,10,토요일,21,경상사고,0,0,2,0,74,남,15년이상,,승용,사업용,승용,진입회전사고,흐림,심야,차대차,측면직각충돌,신호위반,특별광역시도,신내지하차도,37.601533,127.096429,중랑구,
2018,5,28,월요일,10,중상사고,0,1,0,0,45,남,15년이상,,승합,사업용,기타,기타사고,맑음,주간,차량단독,차량단독-기타,안전운전불이행,특별광역시도,신내지하차도,37.601533,127.096429,중랑구,
2018,5,28,월요일,22,중상사고,0,1,0,0,57,여,15년이상,,승용,비사업용,승용,진입회전사고,맑음,심야,차대차,차대차-기타,신호위반,특별광역시도,신내지하차도,37.601533,127.096429,중랑구,
2018,6,19,화요일,11,경상사고,0,0,1,0,불명,불명,데이터오류,,기타,기타,기타,보행횡단사고,맑음,주간,차대사람,보도통행중,기타,특별광역시도,신내지하차도,37.601533,127.096429,중랑구,
2018,6,17,일요일,14,경상사고,0,0,3,0,54,남,15년이상,,승용,사업용,승용,일직선사고,맑음,주간,차대차,추돌(진행중),안전운전불이행,특별광역시도,신내지하차도,37.601533,127.096429,중랑구,
2018,8,13,월요일,21,경상사고,0,0,1,0,61,여,15년이상,,승용,비사업용,승용,진입회전사고,맑음,심야,차대차,측면직각충돌,신호위반,특별광역시도,신내지하차도,37.601533,127.096429,중랑구,
2018,9,13,목요일,15,경상사고,0,0,1,0,77,남,15년이상,,승용,비사업용,자전거,진입회전사고,맑음,주간,차대차,차대차-기타,신호위반,특별광역시도,신내지하차도,37.601533,127.096429,중랑구,
2018,10,19,금요일,17,경상사고,0,0,1,0,45,여,15년이상,,승용,비사업용,승용,진입회전사고,맑음,주간,차대차,차대차-기타,신호위반,특별광역시도,신내지하차도,37.601533,127.096429,중랑구,
2018,11,23,금요일,12,사망사고,1,0,1,0,62,남,15년이상,,승용,사업용,이륜,진입회전사고,맑음,주간,차대차,측면직각충돌,신호위반,특별광역시도,신내지하차도,37.601533,127.096429,중랑구,
2018,12,19,수요일,6,경상사고,0,0,1,0,70,남,15년이상,,승용,비사업용,승용,일직선사고,맑음,새벽,차대차,정면충돌,안전운전불이행,특별광역시도,신내지하차도,37.601533,127.096429,중랑구,
2018,12,16,일요일,11,중상사고,0,1,4,0,71,남,15년이상,,승용,사업용,승용,진입회전사고,흐림,주간,차대차,측면직각충돌,신호위반,특별광역시도,신내지하차도,37.601533,127.096429,중랑구,
2019,1,7,월요일,5,경상사고,0,0,1,0,69,남,15년이상,,승용,사업용,보행자,진입회전사고,맑음,새벽,차대사람,횡단중,신호위반,특별광역시도,신내지하차도,37.601533,127.096429,중랑구,
2019,1,1,화요일,5,경상사고,0,0,1,0,67,남,15년이상,,승용,사업용,보행자,진입회전사고,맑음,새벽,차대사람,횡단중,신호위반,특별광역시도,신내지하차도,37.601533,127.096429,중랑구,
2019,4,22,월요일,10,경상사고,0,0,2,0,68,남,15년이상,,승합,사업용,승합,진입회전사고,맑음,주간,차대차,측면직각충돌,교차로운행방법위반,특별광역시도,신내지하차도,37.601533,127.096429,중랑구,
2019,4,8,월요일,11,중상사고,0,1,0,0,51,남,15년이상,,승합,비사업용,보행자,보행횡단사고,맑음,주간,차대사람,횡단중,안전운전불이행,특별광역시도,신내지하차도,37.601533,127.096429,중랑구,
2019,5,16,목요일,12,경상사고,0,0,1,0,66,남,15년이상,,승용,사업용,이륜,기타사고,맑음,주간,차대차,차대차-기타,기타,특별광역시도,신내지하차도,37.601533,127.096429,중랑구,
2019,5,16,목요일,20,경상사고,0,0,1,0,49,남,15년이상,,승합,사업용,보행자,기타사고,맑음,출퇴근,차대사람,차대사람-기타,안전운전불이행,특별광역시도,신내지하차도,37.601533,127.096429,중랑구,
2019,5,11,토요일,23,중상사고,0,1,0,0,56,남,15년이상,,승용,사업용,이륜,기타사고,맑음,심야,차대차,차대차-기타,기타,특별광역시도,신내지하차도,37.601533,127.096429,중랑구,
2019,7,30,화요일,13,경상사고,0,0,1,0,57,남,15년이상,,승합,사업용,승합,진입회전사고,맑음,주간,차대차,측면직각충돌,교차로운행방법위반,특별광역시도,신내지하차도,37.601533,127.096429,중랑구,
2019,8,18,일요일,14,부상사고,0,0,0,1,75,남,15년이상,,승용,사업용,이륜,진입회전사고,맑음,주간,차대차,측면직각충돌,차로위반,특별광역시도,신내지하차도,37.601533,127.096429,중랑구,
2019,8,27,화요일,14,부상사고,0,0,0,1,21,남,15년이상,,승용,비사업용,이륜,진입회전사고,맑음,주간,차대차,측면직각충돌,신호위반,특별광역시도,신내지하차도,37.601533,127.096429,중랑구,
2019,8,29,목요일,20,중상사고,0,1,0,0,72,남,15년이상,,승합,사업용,이륜,진입회전사고,흐림,출퇴근,차대차,측면직각충돌,신호위반,특별광역시도,신내지하차도,37.601533,127.096429,중랑구,
2019,9,22,일요일,16,경상사고,0,0,1,0,37,남,15년이상,,승용,비사업용,이륜,진입회전사고,맑음,주간,차대차,차대차-기타,신호위반,특별광역시도,신내지하차도,37.601533,127.096429,중랑구,
2019,11,14,목요일,1,부상사고,0,0,0,1,28,남,15년미만,0,승용,비사업용,승용,일직선사고,맑음,심야,차대차,추돌(진행중),안전운전불이행,특별광역시도,신내지하차도,37.601533,127.096429,중랑구,
2019,11,30,토요일,13,중상사고,0,1,0,0,55,남,15년이상,,승합,사업용,기타,기타사고,맑음,주간,차량단독,차량단독-기타,안전운전불이행,특별광역시도,신내지하차도,37.601533,127.096429,중랑구,
2017,1,15,일요일,7,경상사고,0,0,1,0,73,남,15년이상,,승용,사업용,승용,일직선사고,맑음,출퇴근,차대차,추돌(진행중),교차로운행방법위반,특별광역시도,우림시장오거리,37.5967341,127.0982568,중랑구,
2017,1,25,수요일,20,경상사고,0,0,1,0,41,남,15년이상,,승용,사업용,승용,일직선사고,맑음,출퇴근,차대차,정면충돌,안전거리미확보,특별광역시도,우림시장오거리,37.5967341,127.0982568,중랑구,
2017,3,4,토요일,7,경상사고,0,0,1,0,33,남,15년미만,,승용,비사업용,승용,일직선사고,맑음,출퇴근,차대차,추돌(진행중),안전거리미확보,특별광역시도,우림시장오거리,37.5967341,127.0982568,중랑구,
2017,3,14,화요일,17,경상사고,0,0,1,0,53,남,15년이상,,승합,사업용,기타,기타사고,맑음,주간,차량단독,차량단독-기타,안전운전불이행,특별광역시도,우림시장오거리,37.5967341,127.0982568,중랑구,
2017,3,26,일요일,21,경상사고,0,0,2,0,76,남,15년이상,,승용,사업용,승용,일직선사고,맑음,심야,차대차,정면충돌,안전운전불이행,특별광역시도,우림시장오거리,37.5967341,127.0982568,중랑구,
2017,4,6,목요일,0,경상사고,0,0,1,0,63,남,15년이상,,승용,사업용,화물,일직선사고,비,심야,차대차,추돌(진행중),안전운전불이행,특별광역시도,우림시장오거리,37.5967341,127.0982568,중랑구,
2017,4,29,토요일,5,중상사고,0,1,0,0,28,남,10년미만,,승용,사업용,이륜,진입회전사고,맑음,새벽,차대차,정면충돌,신호위반,특별광역시도,우림시장오거리,37.5967341,127.0982568,중랑구,
2017,10,15,일요일,15,경상사고,0,0,1,0,73,남,15년이상,,승용,비사업용,보행자,보행횡단사고,맑음,주간,차대사람,횡단중,안전운전불이행,특별광역시도,우림시장오거리,37.5967341,127.0982568,중랑구,
2017,10,22,일요일,18,중상사고,0,1,1,0,60,남,15년이상,,승용,사업용,이륜,진입회전사고,맑음,출퇴근,차대차,정면충돌,신호위반,특별광역시도,우림시장오거리,37.5967341,127.0982568,중랑구,
2017,10,9,월요일,20,경상사고,0,0,1,0,47,남,15년이상,,승용,사업용,보행자,기타사고,맑음,출퇴근,차대사람,차대사람-기타,데이터없음,특별광역시도,우림시장오거리,37.5967341,127.0982568,중랑구,
2018,1,14,일요일,21,중상사고,0,1,1,0,64,남,15년이상,,승용,사업용,승용,진입회전사고,맑음,심야,차대차,측면직각충돌,안전운전불이행,특별광역시도,우림시장오거리,37.5967341,127.0982568,중랑구,
2018,1,29,월요일,21,경상사고,0,0,1,0,63,남,15년이상,,승용,사업용,자전거,기타사고,맑음,심야,차대차,차대차-기타,기타,특별광역시도,우림시장오거리,37.5967341,127.0982568,중랑구,
2018,2,6,화요일,2,중상사고,0,2,1,0,53,남,15년이상,,승용,사업용,이륜,진입회전사고,맑음,심야,차대차,측면직각충돌,안전거리미확보,특별광역시도,우림시장오거리,37.5967341,127.0982568,중랑구,
2018,3,24,토요일,15,경상사고,0,0,1,0,32,남,15년이상,,승용,비사업용,이륜,기타사고,맑음,주간,차대차,차대차-기타,안전운전불이행,특별광역시도,우림시장오거리,37.5967341,127.0982568,중랑구,
2018,3,23,금요일,22,경상사고,0,0,1,0,40,남,15년이상,,승용,비사업용,이륜,진입회전사고,맑음,심야,차대차,측면직각충돌,안전거리미확보,특별광역시도,우림시장오거리,37.5967341,127.0982568,중랑구,
2018,4,19,목요일,0,경상사고,0,0,1,0,59,남,15년이상,,승용,사업용,승용,진입회전사고,맑음,심야,차대차,측면직각충돌,교차로운행방법위반,특별광역시도,우림시장오거리,37.5967341,127.0982568,중랑구,
2018,4,26,목요일,21,경상사고,0,0,1,0,62,남,데이터오류,,원동기,기타,원동기,기타사고,기타,심야,차대차,차대차-기타,안전거리미확보,특별광역시도,우림시장오거리,37.5967341,127.0982568,중랑구,
2018,5,22,화요일,21,경상사고,0,0,1,0,27,남,15년이상,,승용,사업용,보행자,보행횡단사고,비,심야,차대사람,횡단중,안전운전불이행,특별광역시도,우림시장오거리,37.5967341,127.0982568,중랑구,
2018,7,31,화요일,10,경상사고,0,0,1,0,76,남,15년이상,,승용,비사업용,기타,진입회전사고,맑음,주간,차대차,측면직각충돌,안전운전불이행,특별광역시도,우림시장오거리,37.5967341,127.0982568,중랑구,
2018,7,23,월요일,17,경상사고,0,0,1,0,60,남,15년이상,,승용,사업용,승용,진입회전사고,맑음,주간,차대차,측면직각충돌,직진우회전진행방해,특별광역시도,우림시장오거리,37.5967341,127.0982568,중랑구,
2018,8,23,목요일,19,경상사고,0,0,1,0,59,남,15년이상,,승용,사업용,이륜,기타사고,맑음,출퇴근,차대차,차대차-기타,기타,특별광역시도,우림시장오거리,37.5967341,127.0982568,중랑구,
2018,11,28,수요일,23,경상사고,0,0,2,0,48,남,15년이상,0,승용,비사업용,승용,기타사고,맑음,심야,차대차,차대차-기타,차로위반,특별광역시도,우림시장오거리,37.5967341,127.0982568,중랑구,
2019,1,23,수요일,8,경상사고,0,0,1,0,68,남,10년미만,,승용,비사업용,이륜,진입회전사고,맑음,출퇴근,차대차,차대차-기타,신호위반,특별광역시도,우림시장오거리,37.5967341,127.0982568,중랑구,
2019,1,13,일요일,15,중상사고,0,1,0,0,48,여,1년미만,,승용,사업용,승용,일직선사고,맑음,주간,차대차,정면충돌,안전운전불이행,특별광역시도,우림시장오거리,37.5967341,127.0982568,중랑구,
2019,2,18,월요일,16,부상사고,0,0,0,2,66,남,15년이상,,승용,비사업용,화물,진입회전사고,맑음,주간,차대차,측면직각충돌,안전운전불이행,특별광역시도,우림시장오거리,37.5967341,127.0982568,중랑구,
2019,2,9,토요일,21,경상사고,0,0,1,0,68,남,10년미만,,승용,비사업용,보행자,기타사고,맑음,심야,차대사람,차대사람-기타,안전운전불이행,특별광역시도,우림시장오거리,37.5967341,127.0982568,중랑구,
2019,6,4,화요일,10,경상사고,0,0,3,0,47,여,15년이상,,승용,비사업용,승용,진입회전사고,맑음,주간,차대차,측면직각충돌,안전거리미확보,특별광역시도,우림시장오거리,37.5967341,127.0982568,중랑구,
2019,8,26,월요일,18,중상사고,0,1,1,0,58,남,15년이상,,승용,사업용,승용,진입회전사고,맑음,출퇴근,차대차,측면직각충돌,교차로운행방법위반,특별광역시도,우림시장오거리,37.5967341,127.0982568,중랑구,
2019,9,12,목요일,16,경상사고,0,0,3,0,51,남,15년이상,,승용,비사업용,승용,기타사고,맑음,주간,차대차,차대차-기타,교차로운행방법위반,특별광역시도,우림시장오거리,37.5967341,127.0982568,중랑구,
2019,11,20,수요일,21,경상사고,0,0,1,0,67,여,15년이상,,승용,비사업용,이륜,기타사고,흐림,심야,차대차,차대차-기타,교차로운행방법위반,특별광역시도,우림시장오거리,37.5967341,127.0982568,중랑구,
2019,12,5,목요일,17,중상사고,0,1,0,0,56,남,15년이상,,건설기계,사업용,보행자,보행횡단사고,맑음,주간,차대사람,횡단중,안전운전불이행,특별광역시도,우림시장오거리,37.5967341,127.0982568,중랑구,
2019,12,24,화요일,19,경상사고,0,0,1,0,36,남,15년이상,,승용,비사업용,승용,진입회전사고,맑음,출퇴근,차대차,측면직각충돌,중앙선침범,특별광역시도,우림시장오거리,37.5967341,127.0982568,중랑구,
2017,1,28,토요일,0,중상사고,0,1,0,0,33,남,15년이상,,승용,비사업용,승용,진입회전사고,맑음,심야,차대차,정면충돌,신호위반,특별광역시도,유수지주차장,37.5217861,127.1032265,중랑구,
2017,4,22,토요일,2,경상사고,0,0,1,0,57,남,1년미만,,승용,비사업용,승용,일직선사고,맑음,심야,차대차,추돌(진행중),안전운전불이행,특별광역시도,유수지주차장,37.5217861,127.1032265,중랑구,
2017,4,24,월요일,4,경상사고,0,0,1,0,71,남,15년이상,,승용,사업용,승합,진입회전사고,맑음,심야,차대차,정면충돌,신호위반,특별광역시도,유수지주차장,37.5217861,127.1032265,중랑구,
2017,4,24,월요일,8,부상사고,0,0,0,1,50,남,15년이상,,화물,비사업용,자전거,진입회전사고,맑음,출퇴근,차대차,측면직각충돌,데이터없음,특별광역시도,유수지주차장,37.5217861,127.1032265,중랑구,
2017,5,7,일요일,12,경상사고,0,0,1,0,54,남,15년이상,,승용,비사업용,승용,일직선사고,맑음,주간,차대차,정면충돌,안전운전불이행,특별광역시도,유수지주차장,37.5217861,127.1032265,중랑구,
2017,5,16,화요일,16,경상사고,0,0,1,0,54,여,15년이상,,승용,비사업용,승용,일직선사고,맑음,주간,차대차,정면충돌,교차로운행방법위반,특별광역시도,유수지주차장,37.5217861,127.1032265,중랑구,
2017,6,18,일요일,2,중상사고,0,3,4,0,43,남,15년이상,,승용,사업용,승용,진입회전사고,맑음,심야,차대차,측면직각충돌,신호위반,특별광역시도,유수지주차장,37.5217861,127.1032265,중랑구,
2017,7,20,목요일,15,경상사고,0,0,1,0,58,남,15년이상,,화물,비사업용,이륜,기타사고,맑음,주간,차대차,차대차-기타,교차로운행방법위반,특별광역시도,유수지주차장,37.5217861,127.1032265,중랑구,
2017,9,5,화요일,23,경상사고,0,0,1,0,63,여,15년이상,,승용,사업용,화물,진입회전사고,맑음,심야,차대차,측면직각충돌,안전운전불이행,특별광역시도,유수지주차장,37.5217861,127.1032265,중랑구,
2017,10,26,목요일,1,경상사고,0,0,1,0,66,남,15년미만,,승용,사업용,승용,진입회전사고,맑음,심야,차대차,측면직각충돌,신호위반,특별광역시도,유수지주차장,37.5217861,127.1032265,중랑구,
2017,11,7,화요일,15,부상사고,0,0,0,1,51,남,15년이상,,승합,사업용,자전거,기타사고,맑음,주간,차대차,차대차-기타,안전운전불이행,특별광역시도,유수지주차장,37.5217861,127.1032265,중랑구,
2017,12,30,토요일,18,경상사고,0,0,2,0,31,여,10년미만,,승용,사업용,화물,일직선사고,맑음,출퇴근,차대차,차대차-기타,중앙선침범,특별광역시도,유수지주차장,37.5217861,127.1032265,중랑구,
2017,12,9,토요일,22,경상사고,0,0,2,0,49,여,15년이상,,승용,비사업용,승용,기타사고,맑음,심야,차대차,차대차-기타,안전운전불이행,특별광역시도,유수지주차장,37.5217861,127.1032265,중랑구,
2018,6,25,월요일,0,중상사고,0,1,1,0,68,남,15년이상,,승용,비사업용,승용,진입회전사고,맑음,심야,차대차,측면직각충돌,신호위반,특별광역시도,유수지주차장,37.5217861,127.1032265,중랑구,
2018,6,16,토요일,5,중상사고,0,3,2,0,57,남,15년이상,,승용,사업용,승용,진입회전사고,맑음,새벽,차대차,측면직각충돌,신호위반,기타,유수지주차장,37.5217861,127.1032265,중랑구,
2018,6,18,월요일,18,중상사고,0,2,2,0,42,여,15년이상,,승용,비사업용,이륜,기타사고,맑음,출퇴근,차대차,차대차-기타,안전운전불이행,특별광역시도,유수지주차장,37.5217861,127.1032265,중랑구,
2018,7,8,일요일,9,경상사고,0,0,1,0,53,남,15년이상,,승용,사업용,자전거,진입회전사고,맑음,주간,차대차,측면직각충돌,교차로운행방법위반,특별광역시도,유수지주차장,37.5217861,127.1032265,중랑구,
2018,8,25,토요일,3,경상사고,0,0,3,0,57,남,10년미만,,승용,비사업용,승용,진입회전사고,맑음,심야,차대차,차대차-기타,신호위반,특별광역시도,유수지주차장,37.5217861,127.1032265,중랑구,
2018,9,7,금요일,8,중상사고,0,1,0,0,68,남,15년미만,,화물,비사업용,화물,진입회전사고,맑음,출퇴근,차대차,측면직각충돌,신호위반,특별광역시도,유수지주차장,37.5217861,127.1032265,중랑구,
2018,11,15,목요일,12,경상사고,0,0,1,0,60,남,15년이상,,승용,사업용,승용,일직선사고,맑음,주간,차대차,추돌(진행중),안전운전불이행,특별광역시도,유수지주차장,37.5217861,127.1032265,중랑구,
2018,12,11,화요일,14,경상사고,0,0,2,0,54,여,15년이상,,승용,비사업용,화물,진입회전사고,맑음,주간,차대차,측면직각충돌,안전운전불이행,특별광역시도,유수지주차장,37.5217861,127.1032265,중랑구,
2019,2,15,금요일,8,중상사고,0,1,0,0,53,남,15년미만,,승용,사업용,승용,진입회전사고,눈,출퇴근,차대차,측면직각충돌,교차로운행방법위반,특별광역시도,유수지주차장,37.5217861,127.1032265,중랑구,
2019,5,3,금요일,4,경상사고,0,0,1,0,62,남,15년이상,,승용,비사업용,기타,진입회전사고,기타,심야,차대차,측면직각충돌,중앙선침범,특별광역시도,유수지주차장,37.5217861,127.1032265,중랑구,
2019,5,6,월요일,21,경상사고,0,0,1,0,32,남,15년이상,,승용,비사업용,이륜,진입회전사고,맑음,심야,차대차,추돌(진행중),신호위반,특별광역시도,유수지주차장,37.5217861,127.1032265,중랑구,
2019,6,16,일요일,10,경상사고,0,0,2,0,55,남,15년이상,,승용,비사업용,이륜,기타사고,맑음,주간,차대차,차대차-기타,안전거리미확보,특별광역시도,유수지주차장,37.5217861,127.1032265,중랑구,
2019,7,28,일요일,12,경상사고,0,0,8,0,89,남,15년이상,,승용,비사업용,승용,일직선사고,비,주간,차대차,추돌(진행중),안전운전불이행,특별광역시도,유수지주차장,37.5217861,127.1032265,중랑구,
2019,10,3,목요일,19,경상사고,0,0,1,0,31,남,10년미만,,승용,비사업용,승용,진입회전사고,흐림,출퇴근,차대차,차대차-기타,신호위반,특별광역시도,유수지주차장,37.5217861,127.1032265,중랑구,
2019,12,20,금요일,8,경상사고,0,0,1,0,39,남,15년이상,,승용,비사업용,승용,진입회전사고,맑음,출퇴근,차대차,측면직각충돌,안전거리미확보,특별광역시도,유수지주차장,37.5217861,127.1032265,중랑구,
2019,12,3,화요일,18,경상사고,0,0,1,0,68,남,15년미만,,승용,비사업용,이륜,진입회전사고,비,출퇴근,차대차,정면충돌,신호위반,특별광역시도,유수지주차장,37.5217861,127.1032265,중랑구,
2017,2,26,일요일,21,경상사고,0,0,1,0,18,남,3년미만,,이륜,기타,이륜,진입회전사고,맑음,심야,차대차,측면직각충돌,안전운전불이행,특별광역시도,장안교사거리,37.5813404,127.0796259,중랑구,
2017,6,3,토요일,20,경상사고,0,0,1,0,25,남,10년미만,,승용,비사업용,승용,기타사고,맑음,출퇴근,차대차,차대차-기타,안전운전불이행,특별광역시도,장안교사거리,37.5813404,127.0796259,중랑구,
2018,2,13,화요일,11,중상사고,0,1,0,0,53,남,15년이상,,승용,사업용,이륜,진입회전사고,맑음,주간,차대차,측면직각충돌,안전운전불이행,특별광역시도,장안교사거리,37.5813404,127.0796259,중랑구,
2018,5,11,금요일,20,경상사고,0,0,1,0,67,남,15년이상,,승용,사업용,보행자,보행횡단사고,흐림,출퇴근,차대사람,횡단중,보행자보호의무위반,특별광역시도,장안교사거리,37.5813404,127.0796259,중랑구,
2018,6,6,수요일,20,경상사고,0,0,1,0,72,남,15년이상,,화물,사업용,보행자,보행횡단사고,흐림,출퇴근,차대사람,횡단중,안전운전불이행,특별광역시도,장안교사거리,37.5813404,127.0796259,중랑구,
2018,7,18,수요일,9,중상사고,0,1,0,0,33,남,15년이상,,이륜,기타,기타,단독사고,맑음,주간,차량단독,공작물추돌,안전운전불이행,특별광역시도,장안교사거리,37.5813404,127.0796259,중랑구,
2018,9,20,목요일,11,경상사고,0,0,1,0,56,여,15년이상,,승용,비사업용,승용,일직선사고,맑음,주간,차대차,추돌(진행중),안전운전불이행,특별광역시도,장안교사거리,37.5813404,127.0796259,중랑구,
2018,11,14,수요일,4,경상사고,0,0,3,0,58,남,10년미만,,승용,사업용,승용,일직선사고,맑음,심야,차대차,추돌(진행중),안전운전불이행,특별광역시도,장안교사거리,37.5813404,127.0796259,중랑구,
2017,9,6,수요일,15,경상사고,0,0,1,0,40,남,15년이상,,승용,비사업용,승용,일직선사고,맑음,주간,차대차,추돌(진행중),안전운전불이행,특별광역시도,장안교사거리,37.5813404,127.0796259,중랑구,
2017,10,28,토요일,2,경상사고,0,0,2,1,58,남,15년이상,,승용,사업용,승용,진입회전사고,맑음,심야,차대차,측면직각충돌,신호위반,특별광역시도,장안교사거리,37.5813404,127.0796259,중랑구,
2017,12,14,목요일,20,경상사고,0,0,1,1,52,남,15년이상,,승용,사업용,승용,진입회전사고,맑음,출퇴근,차대차,정면충돌,신호위반,특별광역시도,장안교사거리,37.5813404,127.0796259,중랑구,
2018,1,13,토요일,17,경상사고,0,0,2,0,66,여,15년이상,,승용,비사업용,이륜,일직선사고,맑음,주간,차대차,추돌(진행중),안전거리미확보,특별광역시도,장안교사거리,37.5813404,127.0796259,중랑구,
2018,5,26,토요일,4,중상사고,0,1,0,0,30,남,15년이상,0,승용,비사업용,승용,진입회전사고,맑음,심야,차대차,측면직각충돌,신호위반,특별광역시도,장안교사거리,37.5813404,127.0796259,중랑구,
2018,6,7,목요일,19,경상사고,0,0,2,0,54,여,15년이상,,승용,비사업용,화물,기타사고,맑음,출퇴근,차대차,차대차-기타,안전거리미확보,특별광역시도,장안교사거리,37.5813404,127.0796259,중랑구,
2018,7,25,수요일,0,중상사고,0,1,0,1,56,여,15년이상,,승용,비사업용,승용,진입회전사고,맑음,심야,차대차,측면직각충돌,신호위반,특별광역시도,장안교사거리,37.5813404,127.0796259,중랑구,
2018,7,16,월요일,8,중상사고,0,1,0,1,70,남,15년이상,,승용,사업용,이륜,일직선사고,맑음,출퇴근,차대차,차대차-기타,중앙선침범,기타,장안교사거리,37.5813404,127.0796259,중랑구,
2019,7,9,화요일,8,부상사고,0,0,0,1,61,남,15년이상,,승용,사업용,자전거,기타사고,맑음,출퇴근,차대차,차대차-기타,불법유턴,특별광역시도,장안교사거리,37.5813404,127.0796259,중랑구,
2019,7,11,목요일,20,부상사고,0,0,0,1,46,남,15년이상,,승용,비사업용,이륜,진입회전사고,맑음,출퇴근,차대차,차대차-기타,신호위반,특별광역시도,장안교사거리,37.5813404,127.0796259,중랑구,
2019,11,13,수요일,8,경상사고,0,0,1,0,65,남,15년이상,,승용,사업용,자전거,기타사고,맑음,출퇴근,차대차,차대차-기타,안전운전불이행,특별광역시도,장안교사거리,37.5813404,127.0796259,중랑구,
2017,1,31,화요일,6,경상사고,0,0,1,0,58,남,15년이상,,승용,사업용,승용,기타사고,맑음,새벽,차대차,차대차-기타,교차로운행방법위반,특별광역시도,장안교사거리,37.5813404,127.0796259,중랑구,
2017,1,29,일요일,12,경상사고,0,0,2,0,50,남,15년이상,,승용,사업용,승용,일직선사고,눈,주간,차대차,추돌(진행중),안전운전불이행,특별광역시도,장안교사거리,37.5813404,127.0796259,중랑구,
2017,2,25,토요일,10,경상사고,0,0,1,0,42,남,15년이상,,승용,사업용,승용,기타사고,맑음,주간,차대차,차대차-기타,교차로운행방법위반,특별광역시도,장안교사거리,37.5813404,127.0796259,중랑구,
2017,2,28,화요일,18,부상사고,0,0,0,1,54,남,15년이상,,승용,사업용,승용,기타사고,맑음,출퇴근,차대차,차대차-기타,안전거리미확보,특별광역시도,장안교사거리,37.5813404,127.0796259,중랑구,
2017,4,23,일요일,21,중상사고,0,1,1,0,24,남,15년이상,,승용,비사업용,승용,진입회전사고,맑음,심야,차대차,측면직각충돌,신호위반,특별광역시도,장안교사거리,37.5813404,127.0796259,중랑구,
2017,6,17,토요일,0,경상사고,0,0,1,0,98,불명,데이터오류,,기타,데이터오류,기타,기타사고,맑음,심야,차대사람,차대사람-기타,안전운전불이행,특별광역시도,장안교사거리,37.5813404,127.0796259,중랑구,
2017,6,5,월요일,1,부상사고,0,0,0,1,63,남,15년이상,,승용,사업용,이륜,진입회전사고,맑음,심야,차대차,측면직각충돌,신호위반,특별광역시도,장안교사거리,37.5813404,127.0796259,중랑구,
2017,6,23,금요일,19,경상사고,0,0,1,0,46,여,15년이상,,승용,비사업용,자전거,일직선사고,맑음,출퇴근,차대차,정면충돌,안전운전불이행,특별광역시도,장안교사거리,37.5813404,127.0796259,중랑구,
2017,7,11,화요일,7,부상사고,0,0,0,1,54,남,15년이상,,승용,비사업용,자전거,기타사고,맑음,출퇴근,차대차,차대차-기타,불법유턴,특별광역시도,장안교사거리,37.5813404,127.0796259,중랑구,
2017,7,5,수요일,12,경상사고,0,0,2,0,47,남,15년이상,,승용,비사업용,승용,진입회전사고,맑음,주간,차대차,측면직각충돌,신호위반,특별광역시도,장안교사거리,37.5813404,127.0796259,중랑구,
2017,8,11,금요일,21,경상사고,0,0,1,0,63,남,15년이상,,승합,사업용,화물,기타사고,기타,심야,차대차,차대차-기타,안전운전불이행,특별광역시도,장안교사거리,37.5813404,127.0796259,중랑구,
2017,9,9,토요일,18,중상사고,0,1,0,0,46,여,15년이상,,승용,비사업용,이륜,일직선사고,맑음,출퇴근,차대차,정면충돌,안전거리미확보,특별광역시도,장안교사거리,37.5813404,127.0796259,중랑구,