년도,월,일,요일,시각,사고등급,사망자수,중상자수,경상자수,부상자수,연령,성별,경력,음주,종별,용도,관련자2,사고형태,기상상태,일광상태,사고유형1,사고유형2,법규위반,도로종류,지점명,위도,경도,자치구,
2017,10,14,토요일,3,경상사고,0,0,1,0,53,남,15년이상,,승용,사업용,승용,일직선사고,맑음,심야,차대차,추돌(진행중),안전운전불이행,특별광역시도,장안교사거리,37.5813404,127.0796259,중랑구,
2017,10,9,월요일,5,중상사고,0,1,0,0,불명,불명,데이터오류,,기타,데이터오류,기타,진입회전사고,맑음,새벽,차대차,측면직각충돌,안전거리미확보,특별광역시도,장안교사거리,37.5813404,127.0796259,중랑구,
2017,10,23,월요일,9,부상사고,0,0,0,1,38,여,15년이상,,승용,비사업용,이륜,진입회전사고,맑음,주간,차대차,측면직각충돌,안전운전불이행,특별광역시도,장안교사거리,37.5813404,127.0796259,중랑구,
2017,10,18,수요일,16,경상사고,0,0,1,0,20,남,5년미만,,화물,비사업용,화물,기타사고,맑음,주간,차대차,차대차-기타,교차로운행방법위반,특별광역시도,장안교사거리,37.5813404,127.0796259,중랑구,
2017,12,14,목요일,1,경상사고,0,0,1,0,68,남,15년이상,,승용,사업용,승용,기타사고,맑음,심야,차대차,차대차-기타,안전거리미확보,특별광역시도,장안교사거리,37.5813404,127.0796259,중랑구,
2017,12,5,화요일,23,중상사고,0,1,0,0,47,남,15년이상,,승용,비사업용,화물,진입회전사고,맑음,심야,차대차,측면직각충돌,신호위반,특별광역시도,장안교사거리,37.5813404,127.0796259,중랑구,
2018,1,16,화요일,7,경상사고,0,0,1,0,58,남,10년미만,,승용,비사업용,승용,기타사고,맑음,출퇴근,차대차,차대차-기타,안전운전불이행,특별광역시도,장안교사거리,37.5813404,127.0796259,중랑구,
2018,1,2,화요일,16,경상사고,0,0,1,0,61,여,15년미만,,승용,비사업용,승용,일직선사고,맑음,주간,차대차,추돌(진행중),안전운전불이행,특별광역시도,장안교사거리,37.5813404,127.0796259,중랑구,
2018,1,9,화요일,19,경상사고,0,0,4,0,25,남,데이터오류,,승용,비사업용,승용,진입회전사고,흐림,출퇴근,차대차,차대차-기타,신호위반,특별광역시도,장안교사거리,37.5813404,127.0796259,중랑구,
2018,2,15,목요일,8,중상사고,0,1,0,0,55,남,15년이상,,승용,사업용,승용,진입회전사고,맑음,출퇴근,차대차,차대차-기타,신호위반,특별광역시도,장안교사거리,37.5813404,127.0796259,중랑구,
2018,2,8,목요일,11,경상사고,0,0,1,0,67,남,15년이상,,승용,사업용,승용,일직선사고,맑음,주간,차대차,추돌(진행중),안전운전불이행,특별광역시도,장안교사거리,37.5813404,127.0796259,중랑구,
2018,2,27,화요일,20,중상사고,0,2,1,0,49,남,15년이상,,승합,비사업용,승합,진입회전사고,맑음,출퇴근,차대차,측면직각충돌,신호위반,특별광역시도,장안교사거리,37.5813404,127.0796259,중랑구,
2018,4,6,금요일,4,중상사고,0,1,0,0,51,남,15년이상,,승용,사업용,승용,일직선사고,맑음,심야,차대차,추돌(진행중),안전운전불이행,특별광역시도,장안교사거리,37.5813404,127.0796259,중랑구,
2018,4,28,토요일,15,중상사고,0,1,0,0,36,남,15년이상,,승용,비사업용,승용,기타사고,맑음,주간,차대차,차대차-기타,안전거리미확보,특별광역시도,장안교사거리,37.5813404,127.0796259,중랑구,
2018,4,17,화요일,18,중상사고,0,1,0,0,64,남,15년이상,,승용,사업용,승용,진입회전사고,맑음,출퇴근,차대차,측면직각충돌,안전거리미확보,특별광역시도,장안교사거리,37.5813404,127.0796259,중랑구,
2018,4,25,수요일,19,경상사고,0,0,2,0,31,남,15년미만,,승용,비사업용,승용,기타사고,맑음,출퇴근,차대차,차대차-기타,교차로운행방법위반,특별광역시도,장안교사거리,37.5813404,127.0796259,중랑구,
2018,6,13,수요일,8,경상사고,0,0,2,0,46,여,15년이상,,승용,비사업용,화물,진입회전사고,맑음,출퇴근,차대차,측면직각충돌,신호위반,특별광역시도,장안교사거리,37.5813404,127.0796259,중랑구,
2018,7,1,일요일,3,경상사고,0,0,2,0,32,남,15년이상,0,승용,비사업용,승용,일직선사고,흐림,심야,차대차,추돌(진행중),안전운전불이행,특별광역시도,장안교사거리,37.5813404,127.0796259,중랑구,
2018,9,18,화요일,6,경상사고,0,0,1,0,50,남,15년이상,,승용,비사업용,기타,일직선사고,맑음,새벽,차대차,추돌(진행중),기타,특별광역시도,장안교사거리,37.5813404,127.0796259,중랑구,
2018,9,27,목요일,16,부상사고,0,0,0,1,26,남,15년이상,,승용,비사업용,자전거,진입회전사고,맑음,주간,차대차,측면직각충돌,중앙선침범,특별광역시도,장안교사거리,37.5813404,127.0796259,중랑구,
2018,10,27,토요일,16,경상사고,0,0,1,0,74,남,15년이상,,승용,비사업용,승용,진입회전사고,맑음,주간,차대차,측면직각충돌,차로위반,특별광역시도,장안교사거리,37.5813404,127.0796259,중랑구,
2018,10,4,목요일,21,경상사고,0,0,3,0,59,남,15년미만,,승용,사업용,승용,기타사고,맑음,심야,차대차,차대차-기타,직진우회전진행방해,특별광역시도,장안교사거리,37.5813404,127.0796259,중랑구,
2018,11,8,목요일,20,경상사고,0,0,1,0,56,남,15년이상,,승용,사업용,승용,일직선사고,비,출퇴근,차대차,추돌(진행중),안전운전불이행,특별광역시도,장안교사거리,37.5813404,127.0796259,중랑구,
2018,12,12,수요일,21,중상사고,0,1,0,0,37,남,15년이상,,승용,비사업용,이륜,기타사고,맑음,심야,차대차,차대차-기타,교차로운행방법위반,특별광역시도,장안교사거리,37.5813404,127.0796259,중랑구,
2019,1,29,화요일,23,경상사고,0,0,1,0,61,남,15년미만,,승용,사업용,승용,진입회전사고,맑음,심야,차대차,측면직각충돌,안전거리미확보,특별광역시도,장안교사거리,37.5813404,127.0796259,중랑구,
2019,2,27,수요일,11,중상사고,0,1,0,0,78,남,15년이상,,승용,비사업용,화물,진입회전사고,맑음,주간,차대차,측면직각충돌,안전거리미확보,특별광역시도,장안교사거리,37.5813404,127.0796259,중랑구,
2019,3,26,화요일,9,경상사고,0,0,1,0,50,남,2년미만,,승용,비사업용,승용,기타사고,맑음,주간,차대차,차대차-기타,안전거리미확보,특별광역시도,장안교사거리,37.5813404,127.0796259,중랑구,
2019,3,30,토요일,12,경상사고,0,0,1,0,59,남,15년이상,,화물,비사업용,이륜,기타사고,맑음,주간,차대차,차대차-기타,안전운전불이행,특별광역시도,장안교사거리,37.5813404,127.0796259,중랑구,
2019,4,27,토요일,10,경상사고,0,0,2,0,51,남,15년이상,,승합,사업용,승합,진입회전사고,맑음,주간,차대차,측면직각충돌,신호위반,특별광역시도,장안교사거리,37.5813404,127.0796259,중랑구,
2019,5,25,토요일,19,경상사고,0,0,1,0,48,남,15년이상,,승용,비사업용,기타,진입회전사고,맑음,출퇴근,차대차,측면직각충돌,안전운전불이행,특별광역시도,장안교사거리,37.5813404,127.0796259,중랑구,
2019,8,22,목요일,3,중상사고,0,2,1,0,50,남,15년이상,,승용,비사업용,승용,기타사고,맑음,심야,차대차,차대차-기타,교차로운행방법위반,특별광역시도,장안교사거리,37.5813404,127.0796259,중랑구,
2019,9,7,토요일,6,경상사고,0,0,2,0,39,남,15년미만,,승용,비사업용,승용,일직선사고,맑음,새벽,차대차,정면충돌,중앙선침범,특별광역시도,장안교사거리,37.5813404,127.0796259,중랑구,
2019,10,6,일요일,5,경상사고,0,0,4,0,25,남,10년미만,,승용,비사업용,화물,일직선사고,맑음,새벽,차대차,추돌(진행중),안전거리미확보,특별광역시도,장안교사거리,37.5813404,127.0796259,중랑구,
2019,10,30,수요일,19,경상사고,0,0,1,0,불명,불명,데이터오류,,자전거,데이터오류,보행자,보행횡단사고,맑음,출퇴근,차대사람,보도통행중,안전운전불이행,특별광역시도,장안교사거리,37.5813404,127.0796259,중랑구,
2019,11,4,월요일,15,경상사고,0,0,2,0,53,여,15년이상,,승용,비사업용,승용,진입회전사고,맑음,주간,차대차,측면직각충돌,중앙선침범,특별광역시도,장안교사거리,37.5813404,127.0796259,중랑구,
2019,11,18,월요일,16,경상사고,0,0,3,0,74,여,15년이상,,승용,사업용,승용,진입회전사고,맑음,주간,차대차,측면직각충돌,신호위반,특별광역시도,장안교사거리,37.5813404,127.0796259,중랑구,
2019,12,1,일요일,11,경상사고,0,0,3,0,30,남,15년미만,,승용,비사업용,승용,진입회전사고,비,주간,차대차,측면직각충돌,교차로운행방법위반,특별광역시도,장안교사거리,37.5813404,127.0796259,중랑구,
2019,12,12,목요일,18,중상사고,0,1,1,0,66,남,15년미만,,승용,비사업용,승용,진입회전사고,맑음,출퇴근,차대차,측면직각충돌,안전거리미확보,특별광역시도,장안교사거리,37.5813404,127.0796259,중랑구,
2017,1,27,금요일,0,중상사고,0,1,0,0,55,남,15년이상,,화물,사업용,이륜,일직선사고,비,심야,차대차,정면충돌,안전거리미확보,특별광역시도,장평교교차로,37.5718137,127.078404,중랑구,
2017,1,30,월요일,22,중상사고,0,1,1,0,29,여,15년이상,,승용,비사업용,승용,진입회전사고,흐림,심야,차대차,정면충돌,신호위반,특별광역시도,장평교교차로,37.5718137,127.078404,중랑구,
2017,2,7,화요일,6,중상사고,0,1,1,0,76,남,15년이상,,승용,사업용,승용,진입회전사고,맑음,새벽,차대차,정면충돌,신호위반,특별광역시도,장평교교차로,37.5718137,127.078404,중랑구,
2017,2,16,목요일,23,사망사고,1,0,0,0,52,남,10년미만,,승용,사업용,보행자,기타사고,비,심야,차대차,차대차-기타,안전운전불이행,특별광역시도,장평교교차로,37.5718137,127.078404,중랑구,
2017,3,17,금요일,11,경상사고,0,0,1,0,48,여,15년이상,,자전거,기타,보행자,기타사고,맑음,주간,차대사람,차대사람-기타,데이터없음,특별광역시도,장평교교차로,37.5718137,127.078404,중랑구,
2017,3,24,금요일,18,경상사고,0,0,1,0,50,남,15년이상,,승용,비사업용,원동기,진입회전사고,맑음,출퇴근,차대차,측면직각충돌,신호위반,특별광역시도,장평교교차로,37.5718137,127.078404,중랑구,
2017,3,11,토요일,22,경상사고,0,0,2,0,50,남,5년미만,,승용,사업용,승용,일직선사고,맑음,심야,차대차,추돌(진행중),안전거리미확보,특별광역시도,장평교교차로,37.5718137,127.078404,중랑구,
2017,4,19,수요일,4,중상사고,0,2,0,0,50,여,15년이상,0,승용,비사업용,승용,일직선사고,맑음,심야,차대차,추돌(진행중),안전운전불이행,특별광역시도,장평교교차로,37.5718137,127.078404,중랑구,
2017,4,13,목요일,23,경상사고,0,0,1,0,불명,불명,데이터오류,,기타,데이터오류,기타,진입회전사고,맑음,심야,차대차,차대차-기타,신호위반,특별광역시도,장평교교차로,37.5718137,127.078404,중랑구,
2017,5,7,일요일,4,부상사고,0,0,0,1,53,남,15년이상,,승용,사업용,승용,일직선사고,맑음,심야,차대차,정면충돌,안전운전불이행,특별광역시도,장평교교차로,37.5718137,127.078404,중랑구,
2017,5,20,토요일,7,경상사고,0,0,1,1,33,남,15년이상,0,승용,비사업용,승용,일직선사고,맑음,출퇴근,차대차,정면충돌,안전운전불이행,특별광역시도,장평교교차로,37.5718137,127.078404,중랑구,
2017,5,9,화요일,19,경상사고,0,0,2,0,54,남,15년이상,,승용,비사업용,승용,진입회전사고,맑음,출퇴근,차대차,측면직각충돌,교차로운행방법위반,특별광역시도,장평교교차로,37.5718137,127.078404,중랑구,
2017,8,18,금요일,22,경상사고,0,0,1,0,53,남,15년이상,,승용,비사업용,보행자,진입회전사고,맑음,심야,차대사람,횡단중,신호위반,특별광역시도,장평교교차로,37.5718137,127.078404,중랑구,
2017,12,16,토요일,13,경상사고,0,0,1,0,48,남,15년이상,,승합,사업용,보행자,보행횡단사고,맑음,주간,차대사람,횡단중,보행자보호의무위반,특별광역시도,장평교교차로,37.5718137,127.078404,중랑구,
2018,2,4,일요일,17,중상사고,0,1,3,0,65,남,15년이상,,승용,사업용,승용,진입회전사고,맑음,주간,차대차,측면직각충돌,신호위반,특별광역시도,장평교교차로,37.5718137,127.078404,중랑구,
2018,5,27,일요일,22,경상사고,0,0,1,0,33,여,15년이상,,승용,비사업용,이륜,진입회전사고,맑음,심야,차대차,측면직각충돌,신호위반,특별광역시도,장평교교차로,37.5718137,127.078404,중랑구,
2018,7,8,일요일,5,경상사고,0,0,1,0,63,남,15년이상,,승용,사업용,원동기,진입회전사고,맑음,새벽,차대차,측면직각충돌,신호위반,특별광역시도,장평교교차로,37.5718137,127.078404,중랑구,
2018,9,28,금요일,17,경상사고,0,0,1,0,57,남,15년이상,,승합,사업용,보행자,기타사고,맑음,주간,차대사람,차대사람-기타,안전운전불이행,기타,장평교교차로,37.5718137,127.078404,중랑구,
2019,1,25,금요일,1,경상사고,0,0,1,0,61,남,15년이상,,승용,사업용,이륜,기타사고,맑음,심야,차대차,차대차-기타,교차로운행방법위반,특별광역시도,장평교교차로,37.5718137,127.078404,중랑구,
2019,5,16,목요일,11,경상사고,0,0,1,0,74,남,15년이상,,승용,사업용,이륜,진입회전사고,맑음,주간,차대차,차대차-기타,신호위반,특별광역시도,장평교교차로,37.5718137,127.078404,중랑구,
2019,7,4,목요일,3,경상사고,0,0,2,0,63,남,15년이상,,화물,사업용,기타,진입회전사고,맑음,심야,차대차,측면직각충돌,신호위반,특별광역시도,장평교교차로,37.5718137,127.078404,중랑구,
2019,7,4,목요일,7,중상사고,0,1,1,0,44,남,15년이상,,승용,사업용,이륜,진입회전사고,맑음,출퇴근,차대차,차대차-기타,신호위반,특별광역시도,장평교교차로,37.5718137,127.078404,중랑구,
2019,10,19,토요일,13,경상사고,0,0,1,0,56,남,15년이상,,승용,비사업용,승용,진입회전사고,맑음,주간,차대차,측면직각충돌,신호위반,특별광역시도,장평교교차로,37.5718137,127.078404,중랑구,
2019,11,22,금요일,1,경상사고,0,0,1,0,31,남,15년미만,,승용,비사업용,승용,일직선사고,맑음,심야,차대차,추돌(진행중),안전운전불이행,특별광역시도,장평교교차로,37.5718137,127.078404,중랑구,
2019,12,4,수요일,0,경상사고,0,0,1,0,66,남,15년이상,,승용,사업용,승용,진입회전사고,비,심야,차대차,측면직각충돌,안전거리미확보,특별광역시도,장평교교차로,37.5718137,127.078404,중랑구,
2017,1,9,월요일,17,경상사고,0,0,1,0,52,여,15년이상,,승용,비사업용,승용,기타사고,맑음,주간,차대차,차대차-기타,안전운전불이행,특별광역시도,중랑구청사거리,37.60686,127.095233,중랑구,
2017,3,5,일요일,12,경상사고,0,0,2,1,23,남,5년미만,,승용,비사업용,승용,일직선사고,맑음,주간,차대차,추돌(진행중),안전운전불이행,특별광역시도,중랑구청사거리,37.60686,127.095233,중랑구,
2017,5,10,수요일,21,중상사고,0,1,4,0,65,남,15년이상,,승용,사업용,승용,일직선사고,맑음,심야,차대차,추돌(진행중),안전운전불이행,특별광역시도,중랑구청사거리,37.60686,127.095233,중랑구,
2017,6,26,월요일,12,경상사고,0,0,1,0,34,여,3년미만,,승용,비사업용,자전거,기타사고,맑음,주간,차대차,차대차-기타,안전운전불이행,기타,중랑구청사거리,37.60686,127.095233,중랑구,
2017,6,14,수요일,15,중상사고,0,1,0,0,78,남,15년이상,,승합,비사업용,자전거,진입회전사고,맑음,주간,차대차,차대차-기타,신호위반,특별광역시도,중랑구청사거리,37.60686,127.095233,중랑구,
2017,8,31,목요일,13,부상사고,0,0,0,1,37,여,15년이상,,승용,비사업용,보행자,보행횡단사고,맑음,주간,차대사람,보도통행중,안전운전불이행,특별광역시도,중랑구청사거리,37.60686,127.095233,중랑구,
2017,9,17,일요일,16,경상사고,0,0,1,0,56,남,15년이상,,승용,비사업용,보행자,기타사고,맑음,주간,차대사람,차대사람-기타,안전운전불이행,특별광역시도,중랑구청사거리,37.60686,127.095233,중랑구,
2017,10,5,목요일,19,경상사고,0,0,1,0,71,남,15년이상,,승용,사업용,원동기,기타사고,맑음,출퇴근,차대차,차대차-기타,안전거리미확보,특별광역시도,중랑구청사거리,37.60686,127.095233,중랑구,
2017,10,24,화요일,20,부상사고,0,0,0,1,불명,불명,데이터오류,,기타,데이터오류,기타,기타사고,맑음,출퇴근,차대사람,차대사람-기타,안전운전불이행,특별광역시도,중랑구청사거리,37.60686,127.095233,중랑구,
2017,12,3,일요일,22,경상사고,0,0,2,1,62,남,15년이상,,승용,사업용,승합,일직선사고,맑음,심야,차대차,추돌(진행중),안전운전불이행,특별광역시도,중랑구청사거리,37.60686,127.095233,중랑구,
2018,3,2,금요일,0,경상사고,0,0,2,0,55,남,15년이상,,승용,사업용,이륜,진입회전사고,맑음,심야,차대차,차대차-기타,신호위반,특별광역시도,중랑구청사거리,37.60686,127.095233,중랑구,
2018,3,28,수요일,16,경상사고,0,0,1,0,51,여,15년이상,,승용,비사업용,보행자,보행횡단사고,맑음,주간,차대사람,보도통행중,기타,특별광역시도,중랑구청사거리,37.60686,127.095233,중랑구,
2018,5,12,토요일,23,중상사고,0,1,0,0,58,남,15년이상,,승용,사업용,이륜,진입회전사고,비,심야,차대차,차대차-기타,신호위반,특별광역시도,중랑구청사거리,37.60686,127.095233,중랑구,
2018,10,29,월요일,14,경상사고,0,0,1,0,55,남,15년이상,,이륜,기타,보행자,보행횡단사고,맑음,주간,차대사람,횡단중,기타,특별광역시도,중랑구청사거리,37.60686,127.095233,중랑구,
2018,12,25,화요일,17,경상사고,0,0,2,0,28,여,4년미만,,승용,비사업용,승용,일직선사고,맑음,주간,차대차,추돌(진행중),안전운전불이행,특별광역시도,중랑구청사거리,37.60686,127.095233,중랑구,
2019,1,19,토요일,9,중상사고,0,1,1,0,55,남,15년이상,,승용,비사업용,승용,진입회전사고,맑음,주간,차대차,측면직각충돌,신호위반,특별광역시도,중랑구청사거리,37.60686,127.095233,중랑구,
2019,1,8,화요일,14,경상사고,0,0,1,0,62,남,15년이상,,승용,사업용,화물,기타사고,맑음,주간,차대차,차대차-기타,교차로운행방법위반,특별광역시도,중랑구청사거리,37.60686,127.095233,중랑구,
2019,2,13,수요일,23,경상사고,0,0,1,0,60,남,15년이상,,승용,사업용,이륜,진입회전사고,맑음,심야,차대차,차대차-기타,신호위반,특별광역시도,중랑구청사거리,37.60686,127.095233,중랑구,
2019,5,20,월요일,16,경상사고,0,0,1,0,74,남,15년이상,,승용,사업용,승용,진입회전사고,맑음,주간,차대차,측면직각충돌,교차로운행방법위반,특별광역시도,중랑구청사거리,37.60686,127.095233,중랑구,
2019,7,19,금요일,8,경상사고,0,0,1,0,28,남,10년미만,,승용,비사업용,승용,진입회전사고,맑음,출퇴근,차대차,측면직각충돌,교차로운행방법위반,특별광역시도,중랑구청사거리,37.60686,127.095233,중랑구,
2019,7,6,토요일,17,경상사고,0,0,1,0,50,여,15년이상,,승용,비사업용,이륜,진입회전사고,맑음,주간,차대차,추돌(진행중),신호위반,특별광역시도,중랑구청사거리,37.60686,127.095233,중랑구,
2019,8,26,월요일,14,경상사고,0,0,2,0,54,남,15년이상,,승용,사업용,승용,진입회전사고,맑음,주간,차대차,측면직각충돌,신호위반,특별광역시도,중랑구청사거리,37.60686,127.095233,중랑구,
2019,9,18,수요일,11,중상사고,0,1,0,0,43,남,15년이상,,이륜,데이터오류,보행자,보행횡단사고,맑음,주간,차대사람,횡단중,안전운전불이행,특별광역시도,중랑구청사거리,37.60686,127.095233,중랑구,
2019,9,19,목요일,22,경상사고,0,0,1,0,33,남,15년미만,,이륜,데이터오류,보행자,보행횡단사고,맑음,심야,차대사람,횡단중,안전운전불이행,특별광역시도,중랑구청사거리,37.60686,127.095233,중랑구,
2019,10,18,금요일,1,부상사고,0,0,0,1,19,남,1년미만,,승용,비사업용,기타,단독사고,맑음,심야,차량단독,공작물추돌,안전운전불이행,특별광역시도,중랑구청사거리,37.60686,127.095233,중랑구,
2019,10,6,일요일,15,경상사고,0,0,1,0,50,여,15년이상,,승용,비사업용,승용,진입회전사고,맑음,주간,차대차,측면직각충돌,안전거리미확보,특별광역시도,중랑구청사거리,37.60686,127.095233,중랑구,
2019,11,17,일요일,15,경상사고,0,0,1,0,21,남,4년미만,,이륜,데이터오류,이륜,진입회전사고,비,주간,차대차,차대차-기타,신호위반,특별광역시도,중랑구청사거리,37.60686,127.095233,중랑구,
2017,1,8,일요일,0,중상사고,0,1,1,0,59,남,15년이상,,승용,비사업용,이륜,일직선사고,맑음,심야,차대차,정면충돌,중앙선침범,특별광역시도,중랑전화국,37.5911829,127.080408,중랑구,
2017,2,26,일요일,5,경상사고,0,0,2,0,34,남,2년미만,0,승용,사업용,승용,일직선사고,흐림,새벽,차대차,정면충돌,안전거리미확보,특별광역시도,중랑전화국,37.5911829,127.080408,중랑구,
2017,2,7,화요일,15,경상사고,0,0,2,0,43,여,15년이상,,승용,비사업용,화물,일직선사고,맑음,주간,차대차,추돌(진행중),안전거리미확보,특별광역시도,중랑전화국,37.5911829,127.080408,중랑구,
2017,3,3,금요일,7,경상사고,0,0,1,0,70,남,15년이상,,승용,사업용,기타,기타사고,맑음,출퇴근,차량단독,차량단독-기타,안전운전불이행,특별광역시도,중랑전화국,37.5911829,127.080408,중랑구,
2017,3,21,화요일,13,중상사고,0,1,0,0,65,남,15년미만,,승용,비사업용,승용,일직선사고,맑음,주간,차대차,정면충돌,안전운전불이행,특별광역시도,중랑전화국,37.5911829,127.080408,중랑구,
2017,4,4,화요일,14,경상사고,0,0,1,1,52,남,2년미만,,승용,비사업용,승용,기타사고,맑음,주간,차대차,차대차-기타,교차로운행방법위반,특별광역시도,중랑전화국,37.5911829,127.080408,중랑구,
2017,5,16,화요일,11,부상사고,0,0,0,1,41,남,3년미만,,승용,비사업용,자전거,진입회전사고,맑음,주간,차대차,측면직각충돌,안전운전불이행,특별광역시도,중랑전화국,37.5911829,127.080408,중랑구,
2017,6,28,수요일,19,경상사고,0,0,1,1,49,남,15년이상,,승용,비사업용,이륜,일직선사고,맑음,출퇴근,차대차,정면충돌,안전거리미확보,특별광역시도,중랑전화국,37.5911829,127.080408,중랑구,
2017,6,18,일요일,21,부상사고,0,0,0,1,29,남,15년이상,,승용,비사업용,이륜,일직선사고,맑음,심야,차대차,정면충돌,안전운전불이행,특별광역시도,중랑전화국,37.5911829,127.080408,중랑구,
2017,8,27,일요일,8,경상사고,0,0,1,0,68,남,15년이상,,승용,사업용,자전거,진입회전사고,맑음,출퇴근,차대차,측면직각충돌,신호위반,특별광역시도,중랑전화국,37.5911829,127.080408,중랑구,
2017,9,12,화요일,10,부상사고,0,0,0,1,62,남,15년이상,,이륜,기타,기타,기타사고,맑음,주간,차량단독,전도전복,안전운전불이행,특별광역시도,중랑전화국,37.5911829,127.080408,중랑구,
2017,9,1,금요일,21,중상사고,0,1,0,0,28,남,15년이상,,원동기,기타,원동기,진입회전사고,맑음,심야,차대차,측면직각충돌,안전운전불이행,특별광역시도,중랑전화국,37.5911829,127.080408,중랑구,
2017,10,21,토요일,13,중상사고,0,1,0,0,35,남,15년이상,,승용,비사업용,보행자,기타사고,맑음,주간,차대사람,차대사람-기타,안전운전불이행,특별광역시도,중랑전화국,37.5911829,127.080408,중랑구,
2017,10,6,금요일,15,경상사고,0,0,1,0,34,남,15년이상,,승용,비사업용,자전거,진입회전사고,맑음,주간,차대차,측면직각충돌,안전운전불이행,특별광역시도,중랑전화국,37.5911829,127.080408,중랑구,
2017,11,16,목요일,20,중상사고,0,1,0,0,45,남,15년이상,,승용,비사업용,이륜,진입회전사고,맑음,출퇴근,차대차,측면직각충돌,안전거리미확보,특별광역시도,중랑전화국,37.5911829,127.080408,중랑구,
2017,11,19,일요일,20,경상사고,0,0,1,0,58,남,15년이상,0,승용,비사업용,승용,일직선사고,맑음,출퇴근,차대차,추돌(진행중),안전운전불이행,특별광역시도,중랑전화국,37.5911829,127.080408,중랑구,
2018,1,27,토요일,5,중상사고,0,1,1,0,43,남,15년이상,,승용,사업용,승용,진입회전사고,맑음,새벽,차대차,측면직각충돌,신호위반,특별광역시도,중랑전화국,37.5911829,127.080408,중랑구,
2018,3,22,목요일,11,경상사고,0,0,1,0,50,남,15년이상,,승용,비사업용,승용,일직선사고,맑음,주간,차대차,추돌(진행중),안전거리미확보,특별광역시도,중랑전화국,37.5911829,127.080408,중랑구,
2018,3,12,월요일,17,경상사고,0,0,1,0,63,남,15년이상,,승용,사업용,승용,일직선사고,맑음,주간,차대차,추돌(진행중),안전거리미확보,특별광역시도,중랑전화국,37.5911829,127.080408,중랑구,
2018,3,26,월요일,21,경상사고,0,0,1,0,41,남,15년이상,0,승용,비사업용,승용,기타사고,맑음,심야,차대차,차대차-기타,안전운전불이행,특별광역시도,중랑전화국,37.5911829,127.080408,중랑구,
2018,4,14,토요일,6,경상사고,0,0,1,0,47,남,데이터오류,0,승용,비사업용,보행자,진입회전사고,비,새벽,차대차,측면직각충돌,안전운전불이행,특별광역시도,중랑전화국,37.5911829,127.080408,중랑구,
2018,4,15,일요일,7,중상사고,0,1,0,0,36,남,3년미만,0,승용,비사업용,승용,일직선사고,맑음,출퇴근,차대차,추돌(진행중),안전운전불이행,특별광역시도,중랑전화국,37.5911829,127.080408,중랑구,
2018,5,30,수요일,11,경상사고,0,0,1,0,52,남,10년미만,,승용,비사업용,승합,진입회전사고,맑음,주간,차대차,측면직각충돌,안전거리미확보,특별광역시도,중랑전화국,37.5911829,127.080408,중랑구,
2018,5,12,토요일,19,중상사고,0,1,0,0,53,남,15년이상,,승합,사업용,기타,기타사고,비,출퇴근,차량단독,차량단독-기타,안전운전불이행,특별광역시도,중랑전화국,37.5911829,127.080408,중랑구,
2018,7,10,화요일,22,부상사고,0,0,0,1,28,남,10년미만,,승용,비사업용,이륜,진입회전사고,흐림,심야,차대차,차대차-기타,신호위반,특별광역시도,중랑전화국,37.5911829,127.080408,중랑구,
2018,9,5,수요일,5,경상사고,0,0,2,0,61,남,15년이상,0,화물,비사업용,화물,진입회전사고,맑음,새벽,차대차,측면직각충돌,안전운전불이행,특별광역시도,중랑전화국,37.5911829,127.080408,중랑구,
2018,10,27,토요일,6,중상사고,0,1,0,0,26,남,10년미만,0,승용,비사업용,승용,일직선사고,맑음,새벽,차대차,정면충돌,중앙선침범,특별광역시도,중랑전화국,37.5911829,127.080408,중랑구,
2018,10,4,목요일,20,경상사고,0,0,1,0,65,남,15년이상,,승용,사업용,이륜,진입회전사고,기타,출퇴근,차대차,차대차-기타,신호위반,특별광역시도,중랑전화국,37.5911829,127.080408,중랑구,
2019,2,23,토요일,2,경상사고,0,0,1,0,59,남,15년이상,,승용,사업용,이륜,진입회전사고,맑음,심야,차대차,측면직각충돌,신호위반,특별광역시도,중랑전화국,37.5911829,127.080408,중랑구,
2019,3,21,목요일,15,경상사고,0,0,2,0,21,남,15년이상,,이륜,데이터오류,이륜,진입회전사고,맑음,주간,차대차,측면직각충돌,신호위반,특별광역시도,중랑전화국,37.5911829,127.080408,중랑구,
2019,5,18,토요일,14,부상사고,0,0,0,1,26,남,15년이상,,원동기,데이터오류,원동기,일직선사고,맑음,주간,차대차,추돌(진행중),안전운전불이행,특별광역시도,중랑전화국,37.5911829,127.080408,중랑구,
2019,5,22,수요일,20,부상사고,0,0,0,1,62,남,15년이상,,승용,비사업용,자전거,진입회전사고,맑음,출퇴근,차대차,측면직각충돌,신호위반,특별광역시도,중랑전화국,37.5911829,127.080408,중랑구,
2019,6,16,일요일,1,부상사고,0,0,0,1,56,남,15년이상,,승용,사업용,기타,진입회전사고,맑음,심야,차대차,차대차-기타,신호위반,특별광역시도,중랑전화국,37.5911829,127.080408,중랑구,
2019,6,28,금요일,9,경상사고,0,0,1,0,62,남,15년이상,,화물,비사업용,보행자,보행횡단사고,맑음,주간,차대사람,보도통행중,기타,특별광역시도,중랑전화국,37.5911829,127.080408,중랑구,
2019,10,18,금요일,19,중상사고,0,2,0,0,58,남,15년미만,,승용,사업용,이륜,진입회전사고,맑음,출퇴근,차대차,측면직각충돌,신호위반,특별광역시도,중랑전화국,37.5911829,127.080408,중랑구,