년도,월,일,요일,시각,사고등급,사망자수,중상자수,경상자수,부상자수,연령,성별,경력,음주,종별,용도,관련자2,사고형태,기상상태,일광상태,사고유형1,사고유형2,법규위반,도로종류,지점명,위도,경도,자치구,
2019,11,4,월요일,6,경상사고,0,0,1,1,41,남,15년이상,,승용,사업용,승합,진입회전사고,맑음,새벽,차대차,차대차-기타,신호위반,특별광역시도,중랑전화국,37.5911829,127.080408,중랑구,
2019,11,2,토요일,9,경상사고,0,0,1,0,71,남,15년이상,,승용,비사업용,자전거,진입회전사고,맑음,주간,차대차,측면직각충돌,신호위반,특별광역시도,중랑전화국,37.5911829,127.080408,중랑구,
2019,11,12,화요일,15,경상사고,0,0,1,0,64,남,15년이상,0,화물,비사업용,화물,기타사고,맑음,주간,차대차,차대차-기타,안전운전불이행,특별광역시도,중랑전화국,37.5911829,127.080408,중랑구,
2019,11,1,금요일,16,경상사고,0,0,1,0,불명,불명,데이터오류,,기타,데이터오류,기타,기타사고,맑음,주간,차대차,차대차-기타,교차로운행방법위반,특별광역시도,중랑전화국,37.5911829,127.080408,중랑구,
2019,12,14,토요일,6,중상사고,0,1,4,0,67,남,15년이상,,승용,사업용,승용,진입회전사고,맑음,새벽,차대차,정면충돌,신호위반,특별광역시도,중랑전화국,37.5911829,127.080408,중랑구,
2019,12,10,화요일,11,중상사고,0,1,0,0,54,남,15년이상,,승용,사업용,원동기,기타사고,맑음,주간,차대차,차대차-기타,안전운전불이행,특별광역시도,중랑전화국,37.5911829,127.080408,중랑구,
2019,12,14,토요일,14,중상사고,0,1,0,0,56,남,15년이상,,승용,사업용,이륜,진입회전사고,맑음,주간,차대차,차대차-기타,신호위반,특별광역시도,중랑전화국,37.5911829,127.080408,중랑구,
2017,5,22,월요일,15,경상사고,0,0,1,0,80,남,15년이상,,승용,사업용,승용,일직선사고,맑음,주간,차대차,정면충돌,안전거리미확보,특별광역시도,중화동우체국부근,37.6005245,127.0799269,중랑구,
2017,5,13,토요일,19,경상사고,0,0,1,0,65,남,15년이상,,승용,비사업용,승합,일직선사고,흐림,출퇴근,차대차,정면충돌,교차로운행방법위반,특별광역시도,중화동우체국부근,37.6005245,127.0799269,중랑구,
2017,6,30,금요일,15,경상사고,0,0,1,0,63,남,15년이상,,승용,사업용,이륜,기타사고,맑음,주간,차대차,차대차-기타,안전거리미확보,특별광역시도,중화동우체국부근,37.6005245,127.0799269,중랑구,
2017,7,26,수요일,1,중상사고,0,2,3,0,66,남,15년이상,,승용,사업용,보행자,진입회전사고,맑음,심야,차대차,정면충돌,신호위반,특별광역시도,중화동우체국부근,37.6005245,127.0799269,중랑구,
2017,8,19,토요일,0,경상사고,0,0,3,0,56,남,15년이상,,승용,사업용,기타,주정차사고,맑음,심야,차대차,추돌(주정차중),안전운전불이행,특별광역시도,중화동우체국부근,37.6005245,127.0799269,중랑구,
2017,8,26,토요일,16,경상사고,0,0,3,0,45,여,15년이상,,승용,비사업용,이륜,기타사고,맑음,주간,차대차,차대차-기타,교차로운행방법위반,특별광역시도,중화동우체국부근,37.6005245,127.0799269,중랑구,
2017,9,29,금요일,8,부상사고,0,0,0,1,55,여,15년이상,,승용,비사업용,이륜,진입회전사고,맑음,출퇴근,차대차,측면직각충돌,신호위반,특별광역시도,중화동우체국부근,37.6005245,127.0799269,중랑구,
2017,9,29,금요일,14,중상사고,0,1,0,0,32,남,15년미만,,이륜,기타,보행자,진입회전사고,맑음,주간,차대사람,횡단중,신호위반,특별광역시도,중화동우체국부근,37.6005245,127.0799269,중랑구,
2017,10,19,목요일,10,중상사고,0,1,0,0,68,남,15년이상,,승용,사업용,이륜,기타사고,맑음,주간,차대차,차대차-기타,안전거리미확보,특별광역시도,중화동우체국부근,37.6005245,127.0799269,중랑구,
2017,10,17,화요일,20,부상사고,0,0,0,1,불명,남,데이터오류,,기타,데이터오류,기타,진입회전사고,맑음,출퇴근,차대차,측면직각충돌,중앙선침범,특별광역시도,중화동우체국부근,37.6005245,127.0799269,중랑구,
2017,11,11,토요일,14,부상사고,0,0,0,1,34,남,15년이상,,승용,비사업용,이륜,기타사고,맑음,주간,차대차,차대차-기타,안전운전불이행,특별광역시도,중화동우체국부근,37.6005245,127.0799269,중랑구,
2018,2,24,토요일,13,중상사고,0,1,1,0,36,여,10년미만,,승용,비사업용,승용,일직선사고,맑음,주간,차대차,추돌(진행중),안전운전불이행,특별광역시도,중화동우체국부근,37.6005245,127.0799269,중랑구,
2018,3,12,월요일,19,경상사고,0,0,1,0,61,남,15년이상,,승용,비사업용,승용,일직선사고,맑음,출퇴근,차대차,추돌(진행중),안전운전불이행,특별광역시도,중화동우체국부근,37.6005245,127.0799269,중랑구,
2018,4,16,월요일,10,경상사고,0,0,1,0,68,남,15년이상,,승용,비사업용,승용,진입회전사고,맑음,주간,차대차,측면직각충돌,안전거리미확보,특별광역시도,중화동우체국부근,37.6005245,127.0799269,중랑구,
2018,12,19,수요일,15,중상사고,0,1,0,0,26,남,10년미만,,이륜,기타,보행자,보행횡단사고,맑음,주간,차대사람,횡단중,중앙선침범,기타,중화동우체국부근,37.6005245,127.0799269,중랑구,
2018,12,22,토요일,23,경상사고,0,0,1,0,38,여,15년이상,,승용,비사업용,승용,일직선사고,맑음,심야,차대차,추돌(진행중),안전운전불이행,특별광역시도,중화동우체국부근,37.6005245,127.0799269,중랑구,
2019,1,12,토요일,5,경상사고,0,0,1,0,13,남,데이터오류,,자전거,데이터오류,보행자,보행횡단사고,맑음,새벽,차대사람,보도통행중,기타,특별광역시도,중화동우체국부근,37.6005245,127.0799269,중랑구,
2019,3,15,금요일,7,중상사고,0,1,0,0,28,남,15년이상,,승용,사업용,이륜,진입회전사고,맑음,출퇴근,차대차,측면직각충돌,신호위반,특별광역시도,중화동우체국부근,37.6005245,127.0799269,중랑구,
2019,4,26,금요일,0,경상사고,0,0,2,0,49,여,15년이상,0,승용,비사업용,이륜,일직선사고,비,심야,차대차,추돌(진행중),안전운전불이행,특별광역시도,중화동우체국부근,37.6005245,127.0799269,중랑구,
2019,4,4,목요일,5,경상사고,0,0,1,0,60,남,15년이상,,화물,비사업용,보행자,보행횡단사고,맑음,새벽,차대사람,횡단중,안전운전불이행,특별광역시도,중화동우체국부근,37.6005245,127.0799269,중랑구,
2019,4,10,수요일,19,경상사고,0,0,1,0,51,남,15년이상,,화물,사업용,보행자,보행횡단사고,맑음,출퇴근,차대사람,보도통행중,기타,특별광역시도,중화동우체국부근,37.6005245,127.0799269,중랑구,
2019,4,25,목요일,19,경상사고,0,0,2,0,51,남,15년이상,0,승용,비사업용,승합,일직선사고,맑음,출퇴근,차대차,정면충돌,중앙선침범,특별광역시도,중화동우체국부근,37.6005245,127.0799269,중랑구,
2019,5,9,목요일,14,중상사고,0,1,0,0,73,남,15년이상,,승용,사업용,이륜,진입회전사고,맑음,주간,차대차,측면직각충돌,교차로운행방법위반,특별광역시도,중화동우체국부근,37.6005245,127.0799269,중랑구,
2019,6,19,수요일,18,중상사고,0,1,0,0,63,남,10년미만,,화물,비사업용,화물,일직선사고,비,출퇴근,차대차,추돌(진행중),안전운전불이행,특별광역시도,중화동우체국부근,37.6005245,127.0799269,중랑구,
2019,9,24,화요일,4,중상사고,0,1,0,1,56,여,15년이상,,승용,비사업용,승용,진입회전사고,맑음,심야,차대차,측면직각충돌,신호위반,특별광역시도,중화동우체국부근,37.6005245,127.0799269,중랑구,
2019,10,25,금요일,11,경상사고,0,0,1,0,58,여,15년이상,,승용,비사업용,승용,진입회전사고,맑음,주간,차대차,정면충돌,신호위반,특별광역시도,중화동우체국부근,37.6005245,127.0799269,중랑구,
2019,10,14,월요일,16,중상사고,0,1,0,0,52,남,15년이상,,승합,사업용,자전거,진입회전사고,맑음,주간,차대차,측면직각충돌,안전운전불이행,특별광역시도,중화동우체국부근,37.6005245,127.0799269,중랑구,
2019,10,26,토요일,18,경상사고,0,0,1,0,64,남,15년이상,0,자전거,데이터오류,보행자,보행횡단사고,맑음,출퇴근,차대사람,보도통행중,기타,특별광역시도,중화동우체국부근,37.6005245,127.0799269,중랑구,
2019,11,27,수요일,11,경상사고,0,0,1,0,34,남,15년이상,,승용,비사업용,승용,일직선사고,맑음,주간,차대차,추돌(진행중),안전운전불이행,특별광역시도,중화동우체국부근,37.6005245,127.0799269,중랑구,
2019,12,19,목요일,2,경상사고,0,0,2,0,64,남,15년이상,,승용,사업용,승용,진입회전사고,맑음,심야,차대차,측면직각충돌,교차로운행방법위반,특별광역시도,중화동우체국부근,37.6005245,127.0799269,중랑구,
2017,1,24,화요일,6,중상사고,0,1,3,0,26,남,15년이상,,승합,비사업용,승합,일직선사고,맑음,새벽,차대차,추돌(진행중),안전거리미확보,특별광역시도,중화역사거리,37.602833,127.079433,중랑구,
2017,2,7,화요일,2,경상사고,0,0,1,0,45,남,15년이상,0,승용,비사업용,승용,일직선사고,맑음,심야,차대차,정면충돌,안전운전불이행,특별광역시도,중화역사거리,37.602833,127.079433,중랑구,
2017,2,3,금요일,11,경상사고,0,0,2,0,62,남,15년이상,,승용,사업용,승용,일직선사고,맑음,주간,차대차,추돌(진행중),안전운전불이행,특별광역시도,중화역사거리,37.602833,127.079433,중랑구,
2017,3,18,토요일,13,경상사고,0,0,1,0,21,남,15년이상,0,승용,비사업용,승용,일직선사고,맑음,주간,차대차,정면충돌,안전거리미확보,특별광역시도,중화역사거리,37.602833,127.079433,중랑구,
2017,3,26,일요일,23,중상사고,0,1,0,0,67,남,15년이상,,승용,사업용,보행자,보행횡단사고,맑음,심야,차대사람,횡단중,안전운전불이행,특별광역시도,중화역사거리,37.602833,127.079433,중랑구,
2017,4,26,수요일,14,중상사고,0,2,0,0,57,여,15년미만,,승용,비사업용,승용,진입회전사고,맑음,주간,차대차,측면직각충돌,안전운전불이행,특별광역시도,중화역사거리,37.602833,127.079433,중랑구,
2017,7,21,금요일,2,중상사고,0,1,0,1,57,남,15년이상,,승용,사업용,이륜,진입회전사고,맑음,심야,차대차,정면충돌,신호위반,특별광역시도,중화역사거리,37.602833,127.079433,중랑구,
2017,7,17,월요일,14,부상사고,0,0,0,1,33,남,15년이상,,승용,비사업용,이륜,일직선사고,비,주간,차대차,정면충돌,교차로운행방법위반,특별광역시도,중화역사거리,37.602833,127.079433,중랑구,
2017,7,23,일요일,23,중상사고,0,1,0,0,35,남,15년이상,,승용,비사업용,이륜,진입회전사고,맑음,심야,차대차,정면충돌,신호위반,특별광역시도,중화역사거리,37.602833,127.079433,중랑구,
2017,8,24,목요일,12,중상사고,0,1,1,0,36,남,15년이상,,승합,사업용,승합,진입회전사고,비,주간,차대차,정면충돌,신호위반,특별광역시도,중화역사거리,37.602833,127.079433,중랑구,
2017,9,3,일요일,18,경상사고,0,0,1,0,50,여,15년이상,,승용,비사업용,기타,진입회전사고,맑음,출퇴근,차대차,측면직각충돌,중앙선침범,특별광역시도,중화역사거리,37.602833,127.079433,중랑구,
2017,11,22,수요일,16,부상사고,0,0,0,1,98,불명,데이터오류,,승용,비사업용,이륜,기타사고,맑음,주간,차대차,차대차-기타,안전운전불이행,특별광역시도,중화역사거리,37.602833,127.079433,중랑구,
2017,11,9,목요일,19,경상사고,0,0,1,0,40,남,15년미만,,승합,사업용,보행자,기타사고,맑음,출퇴근,차대사람,차대사람-기타,안전운전불이행,특별광역시도,중화역사거리,37.602833,127.079433,중랑구,
2017,12,17,일요일,0,부상사고,0,0,0,1,73,남,15년이상,,승용,사업용,원동기,기타사고,맑음,심야,차대차,차대차-기타,안전거리미확보,특별광역시도,중화역사거리,37.602833,127.079433,중랑구,
2017,12,6,수요일,6,중상사고,0,1,1,0,23,남,15년이상,,화물,사업용,화물,진입회전사고,맑음,새벽,차대차,차대차-기타,신호위반,특별광역시도,중화역사거리,37.602833,127.079433,중랑구,
2017,12,10,일요일,21,경상사고,0,0,1,0,42,남,15년이상,,승용,비사업용,보행자,기타사고,맑음,심야,차대사람,차도통행중,안전운전불이행,특별광역시도,중화역사거리,37.602833,127.079433,중랑구,
2018,3,16,금요일,17,경상사고,0,0,1,0,63,남,15년이상,,승용,비사업용,승용,진입회전사고,맑음,주간,차대차,측면직각충돌,안전거리미확보,특별광역시도,중화역사거리,37.602833,127.079433,중랑구,
2018,3,29,목요일,21,경상사고,0,0,1,0,47,남,15년이상,,승용,사업용,보행자,보행횡단사고,맑음,심야,차대사람,보도통행중,기타,특별광역시도,중화역사거리,37.602833,127.079433,중랑구,
2018,4,7,토요일,8,경상사고,0,0,2,0,56,여,15년이상,,승용,비사업용,승용,기타사고,맑음,출퇴근,차대차,차대차-기타,교차로운행방법위반,특별광역시도,중화역사거리,37.602833,127.079433,중랑구,
2018,5,13,일요일,16,중상사고,0,1,0,0,43,여,15년이상,,승용,비사업용,보행자,보행횡단사고,맑음,주간,차대사람,횡단중,보행자보호의무위반,특별광역시도,중화역사거리,37.602833,127.079433,중랑구,
2018,6,3,일요일,7,중상사고,0,1,0,0,54,남,15년이상,,승용,사업용,이륜,진입회전사고,맑음,출퇴근,차대차,차대차-기타,신호위반,특별광역시도,중화역사거리,37.602833,127.079433,중랑구,
2018,6,20,수요일,15,중상사고,0,1,0,0,29,남,15년이상,,이륜,기타,기타,기타사고,맑음,주간,차량단독,차량단독-기타,안전운전불이행,특별광역시도,중화역사거리,37.602833,127.079433,중랑구,
2018,6,27,수요일,21,경상사고,0,0,2,0,62,여,15년이상,,승용,비사업용,승용,기타사고,맑음,심야,차대차,차대차-기타,교차로운행방법위반,특별광역시도,중화역사거리,37.602833,127.079433,중랑구,
2018,7,21,토요일,22,경상사고,0,0,2,0,62,남,15년이상,,승용,사업용,이륜,진입회전사고,맑음,심야,차대차,차대차-기타,신호위반,특별광역시도,중화역사거리,37.602833,127.079433,중랑구,
2018,8,4,토요일,0,부상사고,0,0,0,1,51,남,15년이상,,승합,비사업용,기타,단독사고,맑음,심야,차량단독,공작물추돌,안전운전불이행,특별광역시도,중화역사거리,37.602833,127.079433,중랑구,
2018,8,16,목요일,18,경상사고,0,0,3,0,28,여,10년미만,,승용,비사업용,승용,진입회전사고,맑음,출퇴근,차대차,차대차-기타,신호위반,특별광역시도,중화역사거리,37.602833,127.079433,중랑구,
2018,10,20,토요일,0,경상사고,0,0,1,0,67,남,15년이상,,승용,비사업용,승용,진입회전사고,맑음,심야,차대차,측면직각충돌,신호위반,특별광역시도,중화역사거리,37.602833,127.079433,중랑구,
2018,10,11,목요일,10,중상사고,0,1,0,0,53,남,15년이상,,승용,비사업용,자전거,진입회전사고,맑음,주간,차대차,차대차-기타,신호위반,특별광역시도,중화역사거리,37.602833,127.079433,중랑구,
2018,11,10,토요일,16,경상사고,0,0,1,0,34,남,15년이상,,승용,비사업용,승용,일직선사고,맑음,주간,차대차,추돌(진행중),안전운전불이행,특별광역시도,중화역사거리,37.602833,127.079433,중랑구,
2019,1,20,일요일,2,경상사고,0,0,1,0,17,남,15년이상,,이륜,데이터오류,기타,기타사고,맑음,심야,차량단독,차량단독-기타,안전운전불이행,특별광역시도,중화역사거리,37.602833,127.079433,중랑구,
2019,3,11,월요일,7,경상사고,0,0,1,0,46,남,15년이상,,화물,비사업용,화물,진입회전사고,맑음,출퇴근,차대차,측면직각충돌,교차로운행방법위반,특별광역시도,중화역사거리,37.602833,127.079433,중랑구,
2019,6,7,금요일,19,경상사고,0,0,1,0,17,남,1년미만,,이륜,데이터오류,이륜,일직선사고,맑음,출퇴근,차대차,추돌(진행중),안전운전불이행,특별광역시도,중화역사거리,37.602833,127.079433,중랑구,
2019,9,4,수요일,10,경상사고,0,0,1,0,62,남,15년이상,,승용,비사업용,승용,기타사고,맑음,주간,차대차,차대차-기타,안전운전불이행,특별광역시도,중화역사거리,37.602833,127.079433,중랑구,
2019,9,30,월요일,19,중상사고,0,1,0,0,42,남,15년이상,,이륜,데이터오류,보행자,진입회전사고,맑음,출퇴근,차대사람,횡단중,신호위반,특별광역시도,중화역사거리,37.602833,127.079433,중랑구,
2019,9,1,일요일,23,경상사고,0,0,1,0,56,남,15년이상,0,자전거,데이터오류,보행자,기타사고,맑음,심야,차대사람,차대사람-기타,안전운전불이행,특별광역시도,중화역사거리,37.602833,127.079433,중랑구,
2019,11,26,화요일,13,경상사고,0,0,1,0,36,남,15년이상,,승용,비사업용,승합,기타사고,맑음,주간,차대차,차대차-기타,안전운전불이행,특별광역시도,중화역사거리,37.602833,127.079433,중랑구,
2019,12,17,화요일,5,경상사고,0,0,1,0,27,남,10년미만,,승용,비사업용,원동기,진입회전사고,비,새벽,차대차,차대차-기타,신호위반,특별광역시도,중화역사거리,37.602833,127.079433,중랑구,
2017,3,17,금요일,13,부상사고,0,0,0,1,63,남,15년이상,,승용,사업용,이륜,일직선사고,맑음,주간,차대차,정면충돌,데이터없음,특별광역시도,중화역삼거리,37.601656,127.078756,중랑구,
2017,3,11,토요일,17,경상사고,0,0,1,0,44,남,15년미만,,승용,비사업용,승합,일직선사고,맑음,주간,차대차,추돌(진행중),안전운전불이행,특별광역시도,중화역삼거리,37.601656,127.078756,중랑구,
2017,5,14,일요일,19,중상사고,0,1,0,0,54,남,15년이상,,승합,사업용,이륜,일직선사고,맑음,출퇴근,차대차,정면충돌,교차로운행방법위반,특별광역시도,중화역삼거리,37.601656,127.078756,중랑구,
2017,6,30,금요일,12,경상사고,0,0,1,0,65,남,15년이상,,승용,사업용,이륜,기타사고,맑음,주간,차대차,차대차-기타,안전거리미확보,특별광역시도,중화역삼거리,37.601656,127.078756,중랑구,
2017,10,6,금요일,18,경상사고,0,0,1,1,56,남,15년이상,,승용,사업용,이륜,기타사고,맑음,출퇴근,차대차,차대차-기타,안전운전불이행,특별광역시도,중화역삼거리,37.601656,127.078756,중랑구,
2017,10,13,금요일,21,경상사고,0,0,1,0,61,남,15년이상,,승합,사업용,기타,기타사고,맑음,심야,차량단독,차량단독-기타,안전운전불이행,특별광역시도,중화역삼거리,37.601656,127.078756,중랑구,
2017,11,18,토요일,1,중상사고,0,1,5,0,23,남,15년이상,,승용,비사업용,승용,일직선사고,맑음,심야,차대차,추돌(진행중),안전운전불이행,특별광역시도,중화역삼거리,37.601656,127.078756,중랑구,
2017,11,3,금요일,17,경상사고,0,0,1,0,57,남,15년이상,,화물,비사업용,이륜,일직선사고,맑음,주간,차대차,추돌(진행중),안전운전불이행,특별광역시도,중화역삼거리,37.601656,127.078756,중랑구,
2017,11,12,일요일,22,중상사고,0,1,0,0,28,남,4년미만,,이륜,기타,원동기,기타사고,맑음,심야,차대차,차대차-기타,안전운전불이행,특별광역시도,중화역삼거리,37.601656,127.078756,중랑구,
2018,1,16,화요일,8,중상사고,0,1,0,0,42,여,15년이상,,승용,비사업용,자전거,진입회전사고,맑음,출퇴근,차대차,차대차-기타,신호위반,특별광역시도,중화역삼거리,37.601656,127.078756,중랑구,
2018,1,29,월요일,17,중상사고,0,1,1,0,25,남,15년이상,,원동기,기타,보행자,진입회전사고,맑음,주간,차대사람,횡단중,신호위반,특별광역시도,중화역삼거리,37.601656,127.078756,중랑구,
2018,1,1,월요일,23,경상사고,0,0,4,0,34,남,15년이상,0,승용,비사업용,승용,일직선사고,맑음,심야,차대차,추돌(진행중),안전운전불이행,특별광역시도,중화역삼거리,37.601656,127.078756,중랑구,
2018,2,7,수요일,5,부상사고,0,0,0,1,66,남,15년이상,,승용,사업용,이륜,기타사고,맑음,새벽,차대차,차대차-기타,안전운전불이행,특별광역시도,중화역삼거리,37.601656,127.078756,중랑구,
2018,2,6,화요일,14,경상사고,0,0,1,0,58,남,15년이상,,승용,비사업용,보행자,기타사고,맑음,주간,차대사람,차대사람-기타,안전운전불이행,특별광역시도,중화역삼거리,37.601656,127.078756,중랑구,
2018,4,5,목요일,23,중상사고,0,1,2,0,28,남,15년미만,0,승용,비사업용,승용,일직선사고,비,심야,차대차,추돌(진행중),안전운전불이행,특별광역시도,중화역삼거리,37.601656,127.078756,중랑구,
2018,7,30,월요일,13,중상사고,0,1,7,2,66,여,15년이상,,승용,비사업용,승용,일직선사고,맑음,주간,차대차,추돌(진행중),안전거리미확보,특별광역시도,중화역삼거리,37.601656,127.078756,중랑구,
2018,9,13,목요일,11,경상사고,0,0,1,0,27,여,15년이상,,승용,비사업용,승용,일직선사고,맑음,주간,차대차,추돌(진행중),안전운전불이행,특별광역시도,중화역삼거리,37.601656,127.078756,중랑구,
2018,11,26,월요일,9,중상사고,0,1,0,0,62,남,15년이상,,승용,사업용,이륜,진입회전사고,맑음,주간,차대차,차대차-기타,신호위반,특별광역시도,중화역삼거리,37.601656,127.078756,중랑구,
2018,11,29,목요일,22,경상사고,0,0,1,0,53,남,15년이상,,화물,사업용,이륜,일직선사고,기타,심야,차대차,추돌(진행중),안전운전불이행,특별광역시도,중화역삼거리,37.601656,127.078756,중랑구,
2019,1,9,수요일,5,중상사고,0,1,0,0,81,남,15년이상,,승용,사업용,이륜,일직선사고,기타,새벽,차대차,추돌(진행중),안전운전불이행,특별광역시도,중화역삼거리,37.601656,127.078756,중랑구,
2019,1,9,수요일,15,중상사고,0,1,0,0,61,남,15년이상,,승용,사업용,이륜,진입회전사고,맑음,주간,차대차,측면직각충돌,안전거리미확보,특별광역시도,중화역삼거리,37.601656,127.078756,중랑구,
2019,4,19,금요일,19,경상사고,0,0,1,0,25,남,10년미만,,승용,비사업용,이륜,기타사고,맑음,출퇴근,차대차,차대차-기타,안전거리미확보,특별광역시도,중화역삼거리,37.601656,127.078756,중랑구,
2019,10,15,화요일,11,중상사고,0,1,0,0,37,여,15년이상,,승용,비사업용,보행자,진입회전사고,맑음,주간,차대사람,횡단중,신호위반,특별광역시도,중화역삼거리,37.601656,127.078756,중랑구,
2017,4,12,수요일,8,경상사고,0,0,1,0,48,여,15년이상,,승용,비사업용,자전거,일직선사고,맑음,출퇴근,차대차,정면충돌,중앙선침범,특별광역시도,중화중삼거리,37.586616,127.094805,중랑구,
2017,4,19,수요일,18,경상사고,0,0,1,0,64,남,15년이상,,승용,사업용,보행자,진입회전사고,맑음,출퇴근,차대사람,차대사람-기타,신호위반,특별광역시도,중화중삼거리,37.586616,127.094805,중랑구,
2017,4,12,수요일,21,경상사고,0,0,1,0,51,남,5년미만,,승용,사업용,보행자,진입회전사고,맑음,심야,차대사람,횡단중,신호위반,특별광역시도,중화중삼거리,37.586616,127.094805,중랑구,
2017,5,8,월요일,8,부상사고,0,0,0,1,46,남,15년미만,,승용,비사업용,승합,기타사고,맑음,출퇴근,차대차,차대차-기타,안전거리미확보,특별광역시도,중화중삼거리,37.586616,127.094805,중랑구,
2017,5,18,목요일,18,경상사고,0,0,1,0,36,남,15년미만,,승합,사업용,승합,진입회전사고,맑음,출퇴근,차대차,측면직각충돌,데이터없음,특별광역시도,중화중삼거리,37.586616,127.094805,중랑구,
2017,8,5,토요일,16,중상사고,0,1,2,0,44,남,15년이상,0,승용,비사업용,승용,일직선사고,맑음,주간,차대차,정면충돌,안전운전불이행,특별광역시도,중화중삼거리,37.586616,127.094805,중랑구,
2017,9,21,목요일,14,중상사고,0,1,0,0,45,남,15년이상,,화물,비사업용,원동기,진입회전사고,맑음,주간,차대차,측면직각충돌,안전거리미확보,특별광역시도,중화중삼거리,37.586616,127.094805,중랑구,
2017,10,25,수요일,13,경상사고,0,0,3,0,40,여,15년이상,,승용,비사업용,건설기계,기타사고,맑음,주간,차대차,차대차-기타,안전운전불이행,특별광역시도,중화중삼거리,37.586616,127.094805,중랑구,
2018,1,27,토요일,14,경상사고,0,0,1,0,30,남,15년미만,,승용,비사업용,승용,기타사고,맑음,주간,차대차,차대차-기타,안전운전불이행,특별광역시도,중화중삼거리,37.586616,127.094805,중랑구,
2018,2,6,화요일,8,경상사고,0,0,1,0,59,남,15년이상,,승용,사업용,이륜,진입회전사고,맑음,출퇴근,차대차,측면직각충돌,기타,특별광역시도,중화중삼거리,37.586616,127.094805,중랑구,
2018,2,28,수요일,23,경상사고,0,0,1,0,49,남,데이터오류,0,승용,비사업용,승용,진입회전사고,비,심야,차대차,측면직각충돌,중앙선침범,특별광역시도,중화중삼거리,37.586616,127.094805,중랑구,
2018,3,27,화요일,11,경상사고,0,0,2,0,77,남,15년이상,,승용,비사업용,건설기계,진입회전사고,맑음,주간,차대차,측면직각충돌,안전거리미확보,특별광역시도,중화중삼거리,37.586616,127.094805,중랑구,
2018,4,12,목요일,19,중상사고,0,1,0,0,74,남,15년이상,,승용,사업용,이륜,기타사고,맑음,출퇴근,차대차,차대차-기타,교차로운행방법위반,특별광역시도,중화중삼거리,37.586616,127.094805,중랑구,
2018,5,13,일요일,13,중상사고,0,1,0,0,57,남,15년이상,,승용,사업용,이륜,기타사고,맑음,주간,차대차,차대차-기타,안전운전불이행,특별광역시도,중화중삼거리,37.586616,127.094805,중랑구,
2018,6,11,월요일,0,중상사고,0,1,1,0,26,남,15년이상,,이륜,기타,이륜,진입회전사고,흐림,심야,차대차,차대차-기타,신호위반,특별광역시도,중화중삼거리,37.586616,127.094805,중랑구,
2018,8,14,화요일,12,경상사고,0,0,1,0,70,여,15년이상,,승용,비사업용,화물,일직선사고,맑음,주간,차대차,추돌(진행중),안전운전불이행,특별광역시도,중화중삼거리,37.586616,127.094805,중랑구,
2018,12,11,화요일,9,경상사고,0,0,1,0,36,여,10년미만,,승용,비사업용,보행자,기타사고,흐림,주간,차대사람,길가장자리구역통행중,안전운전불이행,특별광역시도,중화중삼거리,37.586616,127.094805,중랑구,
2018,12,21,금요일,11,중상사고,0,1,0,0,68,남,15년이상,,승합,사업용,보행자,기타사고,맑음,주간,차대사람,차도통행중,안전운전불이행,특별광역시도,중화중삼거리,37.586616,127.094805,중랑구,
2019,2,26,화요일,12,경상사고,0,0,1,0,58,남,15년이상,,승용,사업용,이륜,기타사고,맑음,주간,차대차,차대차-기타,안전거리미확보,특별광역시도,중화중삼거리,37.586616,127.094805,중랑구,
2019,2,25,월요일,19,중상사고,0,1,0,0,57,남,15년이상,,승용,사업용,이륜,기타사고,맑음,출퇴근,차대차,차대차-기타,기타,특별광역시도,중화중삼거리,37.586616,127.094805,중랑구,
2019,2,28,목요일,22,중상사고,0,1,0,0,58,남,15년이상,,승용,사업용,이륜,진입회전사고,맑음,심야,차대차,측면직각충돌,중앙선침범,특별광역시도,중화중삼거리,37.586616,127.094805,중랑구,
2019,3,26,화요일,0,경상사고,0,0,1,0,71,남,15년이상,,승용,사업용,보행자,기타사고,맑음,심야,차대사람,차대사람-기타,안전운전불이행,특별광역시도,중화중삼거리,37.586616,127.094805,중랑구,
2019,3,5,화요일,13,경상사고,0,0,2,0,35,남,15년이상,,승용,비사업용,이륜,진입회전사고,맑음,주간,차대차,측면직각충돌,신호위반,특별광역시도,중화중삼거리,37.586616,127.094805,중랑구,
2019,4,4,목요일,14,경상사고,0,0,1,0,32,남,15년이상,,승용,비사업용,특수,진입회전사고,맑음,주간,차대차,측면직각충돌,직진우회전진행방해,특별광역시도,중화중삼거리,37.586616,127.094805,중랑구,
2019,7,9,화요일,15,경상사고,0,0,1,0,50,여,15년이상,,승용,비사업용,승용,일직선사고,맑음,주간,차대차,추돌(진행중),안전거리미확보,특별광역시도,중화중삼거리,37.586616,127.094805,중랑구,
2019,9,16,월요일,8,중상사고,0,1,0,0,70,남,15년이상,,승용,사업용,이륜,진입회전사고,맑음,출퇴근,차대차,측면직각충돌,신호위반,특별광역시도,중화중삼거리,37.586616,127.094805,중랑구,
2019,10,2,수요일,9,경상사고,0,0,3,0,45,남,15년이상,,화물,비사업용,화물,일직선사고,맑음,주간,차대차,추돌(진행중),안전거리미확보,특별광역시도,중화중삼거리,37.586616,127.094805,중랑구,
2019,12,20,금요일,16,중상사고,0,1,0,0,60,남,15년이상,,승용,사업용,이륜,기타사고,맑음,주간,차대차,차대차-기타,안전운전불이행,특별광역시도,중화중삼거리,37.586616,127.094805,중랑구,