년도,월,일,요일,시각,사고등급,사망자수,중상자수,경상자수,부상자수,연령,성별,경력,음주,종별,용도,관련자2,사고형태,기상상태,일광상태,사고유형1,사고유형2,법규위반,도로종류,지점명,위도,경도,자치구,
2017,1,10,화요일,7,경상사고,0,0,2,0,40,남,15년이상,0,승용,비사업용,승용,일직선사고,맑음,출퇴근,차대차,추돌(진행중),안전운전불이행,특별광역시도,CTS빌딩앞,37.8199286,-122.4782551,동작구,
2017,1,5,목요일,22,중상사고,0,1,10,1,44,남,2년미만,,화물,비사업용,화물,진입회전사고,맑음,심야,차대차,측면직각충돌,신호위반,특별광역시도,CTS빌딩앞,37.8199286,-122.4782551,동작구,
2017,10,25,수요일,6,경상사고,0,0,1,1,47,남,15년이상,,승용,사업용,승합,진입회전사고,맑음,새벽,차대차,측면직각충돌,신호위반,특별광역시도,CTS빌딩앞,37.8199286,-122.4782551,동작구,
2018,1,29,월요일,8,경상사고,0,0,2,0,48,여,4년미만,,승용,비사업용,승합,진입회전사고,맑음,출퇴근,차대차,측면직각충돌,신호위반,특별광역시도,CTS빌딩앞,37.8199286,-122.4782551,동작구,
2018,8,26,일요일,17,중상사고,0,1,3,1,65,남,15년이상,,승용,사업용,승합,진입회전사고,흐림,주간,차대차,측면직각충돌,신호위반,특별광역시도,CTS빌딩앞,37.8199286,-122.4782551,동작구,
2018,8,18,토요일,21,경상사고,0,0,1,0,54,남,15년이상,,승합,사업용,이륜,진입회전사고,맑음,심야,차대차,측면직각충돌,신호위반,특별광역시도,CTS빌딩앞,37.8199286,-122.4782551,동작구,
2018,9,29,토요일,10,중상사고,0,2,0,0,59,남,15년이상,0,승용,비사업용,승용,일직선사고,맑음,주간,차대차,추돌(진행중),안전운전불이행,특별광역시도,CTS빌딩앞,37.8199286,-122.4782551,동작구,
2018,9,23,일요일,21,경상사고,0,0,3,2,33,남,15년이상,,승용,비사업용,승합,진입회전사고,맑음,심야,차대차,측면직각충돌,신호위반,특별광역시도,CTS빌딩앞,37.8199286,-122.4782551,동작구,
2018,11,21,수요일,0,중상사고,0,1,0,0,58,남,15년이상,,승합,사업용,보행자,보행횡단사고,비,심야,차대사람,횡단중,안전운전불이행,특별광역시도,CTS빌딩앞,37.8199286,-122.4782551,동작구,
2018,11,19,월요일,2,경상사고,0,0,2,0,42,남,15년이상,,승용,비사업용,원동기,진입회전사고,맑음,심야,차대차,추돌(진행중),신호위반,특별광역시도,CTS빌딩앞,37.8199286,-122.4782551,동작구,
2018,11,30,금요일,12,중상사고,0,1,0,0,49,남,15년이상,,승합,사업용,이륜,진입회전사고,맑음,주간,차대차,측면직각충돌,신호위반,특별광역시도,CTS빌딩앞,37.8199286,-122.4782551,동작구,
2018,11,21,수요일,17,경상사고,0,0,1,0,30,여,4년미만,,승용,비사업용,기타,일직선사고,맑음,주간,차대차,정면충돌,안전운전불이행,특별광역시도,CTS빌딩앞,37.8199286,-122.4782551,동작구,
2018,12,5,수요일,16,부상사고,0,0,0,1,58,남,15년이상,,승합,비사업용,승합,기타사고,맑음,주간,차대차,차대차-기타,안전운전불이행,특별광역시도,CTS빌딩앞,37.8199286,-122.4782551,동작구,
2019,3,3,일요일,10,중상사고,0,1,0,0,29,남,3년미만,,승용,비사업용,보행자,보행횡단사고,맑음,주간,차대사람,횡단중,안전운전불이행,특별광역시도,CTS빌딩앞,37.8199286,-122.4782551,동작구,
2019,5,11,토요일,11,중상사고,0,1,0,0,81,남,15년이상,,승용,비사업용,자전거,진입회전사고,맑음,주간,차대차,측면직각충돌,안전운전불이행,특별광역시도,CTS빌딩앞,37.8199286,-122.4782551,동작구,
2019,6,20,목요일,17,경상사고,0,0,1,0,32,남,15년미만,,승합,사업용,화물,기타사고,맑음,주간,차대차,차대차-기타,안전운전불이행,특별광역시도,CTS빌딩앞,37.8199286,-122.4782551,동작구,
2019,8,24,토요일,11,경상사고,0,0,2,0,59,남,3년미만,,승용,사업용,승합,진입회전사고,맑음,주간,차대차,측면직각충돌,신호위반,특별광역시도,CTS빌딩앞,37.8199286,-122.4782551,동작구,
2019,9,21,토요일,10,중상사고,0,1,0,0,33,남,15년이상,,승합,사업용,승합,기타사고,흐림,주간,차대차,차대차-기타,안전운전불이행,특별광역시도,CTS빌딩앞,37.8199286,-122.4782551,동작구,
2019,9,9,월요일,11,부상사고,0,0,0,1,77,남,15년이상,,자전거,데이터오류,보행자,보행횡단사고,맑음,주간,차대사람,보도통행중,기타,특별광역시도,CTS빌딩앞,37.8199286,-122.4782551,동작구,
2019,11,2,토요일,14,경상사고,0,0,1,0,27,남,15년미만,,이륜,데이터오류,보행자,기타사고,맑음,주간,차대사람,차대사람-기타,보행자보호의무위반,기타,CTS빌딩앞,37.8199286,-122.4782551,동작구,
2019,11,2,토요일,19,경상사고,0,0,1,0,64,남,15년이상,,승용,비사업용,승합,기타사고,맑음,출퇴근,차대차,차대차-기타,안전운전불이행,특별광역시도,CTS빌딩앞,37.8199286,-122.4782551,동작구,
2019,11,21,목요일,19,경상사고,0,0,1,0,58,남,15년이상,,승용,사업용,승합,진입회전사고,맑음,출퇴근,차대차,측면직각충돌,신호위반,특별광역시도,CTS빌딩앞,37.8199286,-122.4782551,동작구,
2019,12,20,금요일,0,부상사고,0,0,0,1,66,남,15년이상,,승용,사업용,보행자,기타사고,맑음,심야,차대사람,길가장자리구역통행중,안전운전불이행,특별광역시도,CTS빌딩앞,37.8199286,-122.4782551,동작구,
2019,12,6,금요일,22,부상사고,0,0,0,1,51,남,15년이상,,승합,사업용,이륜,진입회전사고,맑음,심야,차대차,측면직각충돌,안전운전불이행,특별광역시도,CTS빌딩앞,37.8199286,-122.4782551,동작구,
2017,1,1,일요일,2,경상사고,0,0,1,0,64,남,3년미만,,승용,사업용,보행자,기타사고,맑음,심야,차대사람,차대사람-기타,안전운전불이행,특별광역시도,CGV,34.0630076,-118.3099819,서초구,
2017,1,13,금요일,20,경상사고,0,0,1,0,77,여,15년이상,,승용,비사업용,보행자,기타사고,맑음,출퇴근,차대사람,길가장자리구역통행중,안전운전불이행,특별광역시도,CGV,34.0630076,-118.3099819,서초구,
2017,5,25,목요일,1,경상사고,0,0,1,0,불명,불명,데이터오류,,기타,데이터오류,기타,기타사고,맑음,심야,차대사람,차대사람-기타,안전운전불이행,특별광역시도,CGV,34.0630076,-118.3099819,서초구,
2017,5,19,금요일,21,경상사고,0,0,1,0,24,여,5년미만,,승용,비사업용,보행자,기타사고,맑음,심야,차대사람,길가장자리구역통행중,안전운전불이행,특별광역시도,CGV,34.0630076,-118.3099819,서초구,
2017,7,16,일요일,12,경상사고,0,0,1,0,46,남,10년미만,,승용,사업용,보행자,기타사고,맑음,주간,차대사람,차대사람-기타,안전운전불이행,특별광역시도,CGV,34.0630076,-118.3099819,서초구,
2017,9,17,일요일,4,부상사고,0,0,0,1,34,남,15년이상,,승용,비사업용,승용,일직선사고,맑음,심야,차대차,추돌(진행중),안전운전불이행,특별광역시도,CGV,34.0630076,-118.3099819,서초구,
2017,10,26,목요일,0,경상사고,0,0,2,0,26,남,10년미만,,승용,비사업용,보행자,기타사고,맑음,심야,차대사람,차대사람-기타,안전운전불이행,특별광역시도,CGV,34.0630076,-118.3099819,서초구,
2017,10,24,화요일,2,경상사고,0,0,1,0,61,남,15년이상,,승용,사업용,보행자,기타사고,맑음,심야,차대사람,차대사람-기타,안전운전불이행,특별광역시도,CGV,34.0630076,-118.3099819,서초구,
2017,11,21,화요일,9,경상사고,0,0,1,0,51,여,15년이상,,승용,비사업용,보행자,기타사고,맑음,주간,차대사람,차대사람-기타,안전운전불이행,특별광역시도,CGV,34.0630076,-118.3099819,서초구,
2018,1,20,토요일,0,경상사고,0,0,1,0,65,남,15년이상,,승합,사업용,보행자,기타사고,맑음,심야,차대사람,차대사람-기타,안전운전불이행,기타,CGV,34.0630076,-118.3099819,서초구,
2018,1,6,토요일,2,경상사고,0,0,1,0,50,남,데이터오류,,승용,사업용,보행자,기타사고,맑음,심야,차대사람,차도통행중,안전운전불이행,특별광역시도,CGV,34.0630076,-118.3099819,서초구,
2018,3,4,일요일,3,경상사고,0,0,1,0,24,남,10년미만,,승용,비사업용,보행자,기타사고,흐림,심야,차대사람,차대사람-기타,안전운전불이행,특별광역시도,CGV,34.0630076,-118.3099819,서초구,
2018,5,26,토요일,4,중상사고,0,1,1,0,28,남,15년미만,,승용,비사업용,승용,일직선사고,맑음,심야,차대차,추돌(진행중),안전운전불이행,특별광역시도,CGV,34.0630076,-118.3099819,서초구,
2018,6,28,목요일,22,부상사고,0,0,0,1,56,여,15년이상,,승용,비사업용,보행자,기타사고,맑음,심야,차대사람,차대사람-기타,안전운전불이행,특별광역시도,CGV,34.0630076,-118.3099819,서초구,
2018,7,31,화요일,8,중상사고,0,1,0,0,61,남,15년미만,,승용,사업용,보행자,기타사고,맑음,출퇴근,차대사람,차대사람-기타,안전운전불이행,특별광역시도,CGV,34.0630076,-118.3099819,서초구,
2018,12,1,토요일,23,경상사고,0,0,1,0,22,남,15년이상,,승용,비사업용,보행자,진입회전사고,맑음,심야,차대사람,차대사람-기타,신호위반,특별광역시도,CGV,34.0630076,-118.3099819,서초구,
2019,1,26,토요일,6,경상사고,0,0,1,0,58,남,15년이상,,승용,사업용,보행자,기타사고,맑음,새벽,차대사람,차대사람-기타,안전운전불이행,특별광역시도,CGV,34.0630076,-118.3099819,서초구,
2019,2,17,일요일,1,부상사고,0,0,0,1,22,여,15년이상,,승용,비사업용,보행자,기타사고,맑음,심야,차대사람,차도통행중,안전운전불이행,특별광역시도,CGV,34.0630076,-118.3099819,서초구,
2019,3,24,일요일,0,경상사고,0,0,1,0,41,남,15년이상,,승용,비사업용,승용,기타사고,맑음,심야,차대차,차대차-기타,안전운전불이행,특별광역시도,CGV,34.0630076,-118.3099819,서초구,
2019,3,13,수요일,5,경상사고,0,0,1,0,26,남,10년미만,,승용,비사업용,보행자,보행횡단사고,맑음,새벽,차대사람,보도통행중,안전운전불이행,특별광역시도,CGV,34.0630076,-118.3099819,서초구,
2019,4,28,일요일,4,경상사고,0,0,1,0,25,남,2년미만,,승용,비사업용,보행자,기타사고,맑음,심야,차대사람,차대사람-기타,안전운전불이행,특별광역시도,CGV,34.0630076,-118.3099819,서초구,
2019,4,24,수요일,6,경상사고,0,0,1,0,58,남,5년미만,,승용,사업용,화물,일직선사고,맑음,새벽,차대차,추돌(진행중),안전운전불이행,특별광역시도,CGV,34.0630076,-118.3099819,서초구,
2019,4,16,화요일,21,경상사고,0,0,1,0,26,남,10년미만,,승용,비사업용,보행자,기타사고,맑음,심야,차대사람,차대사람-기타,안전운전불이행,특별광역시도,CGV,34.0630076,-118.3099819,서초구,
2019,5,5,일요일,12,경상사고,0,0,1,0,51,남,15년이상,,승용,비사업용,보행자,기타사고,맑음,주간,차대사람,차대사람-기타,안전운전불이행,특별광역시도,CGV,34.0630076,-118.3099819,서초구,
2019,6,27,목요일,3,경상사고,0,0,1,0,60,남,15년이상,,승용,사업용,보행자,기타사고,맑음,심야,차대사람,차도통행중,안전운전불이행,특별광역시도,CGV,34.0630076,-118.3099819,서초구,
2019,7,22,월요일,1,부상사고,0,0,0,1,66,남,15년이상,,승용,사업용,보행자,보행횡단사고,맑음,심야,차대사람,보도통행중,안전운전불이행,특별광역시도,CGV,34.0630076,-118.3099819,서초구,
2019,7,6,토요일,3,경상사고,0,0,1,0,53,남,15년이상,,승합,사업용,보행자,기타사고,맑음,심야,차대사람,차대사람-기타,안전운전불이행,특별광역시도,CGV,34.0630076,-118.3099819,서초구,
2019,7,21,일요일,3,경상사고,0,0,1,0,70,남,15년이상,,승용,사업용,보행자,기타사고,비,심야,차대사람,차대사람-기타,안전운전불이행,특별광역시도,CGV,34.0630076,-118.3099819,서초구,
2019,7,29,월요일,19,경상사고,0,0,1,0,54,여,15년이상,,승용,비사업용,보행자,보행횡단사고,맑음,출퇴근,차대사람,보도통행중,안전운전불이행,특별광역시도,CGV,34.0630076,-118.3099819,서초구,
2019,8,6,화요일,2,경상사고,0,0,1,0,27,남,2년미만,0,승용,비사업용,승용,일직선사고,맑음,심야,차대차,추돌(진행중),안전운전불이행,특별광역시도,CGV,34.0630076,-118.3099819,서초구,
2019,8,20,화요일,5,부상사고,0,0,0,1,불명,불명,데이터오류,,승용,비사업용,보행자,기타사고,맑음,새벽,차대사람,차대사람-기타,안전운전불이행,특별광역시도,CGV,34.0630076,-118.3099819,서초구,
2019,8,20,화요일,20,경상사고,0,0,1,0,29,여,10년미만,,승용,비사업용,보행자,기타사고,기타,출퇴근,차대사람,차대사람-기타,안전운전불이행,특별광역시도,CGV,34.0630076,-118.3099819,서초구,
2019,9,7,토요일,0,경상사고,0,0,1,0,불명,불명,데이터오류,,기타,데이터오류,기타,기타사고,기타,심야,차대사람,차대사람-기타,안전운전불이행,특별광역시도,CGV,34.0630076,-118.3099819,서초구,
2019,9,30,월요일,4,경상사고,0,0,1,0,62,남,15년이상,,승용,사업용,보행자,기타사고,맑음,심야,차대사람,차대사람-기타,불법유턴,특별광역시도,CGV,34.0630076,-118.3099819,서초구,
2019,9,22,일요일,14,경상사고,0,0,1,0,63,남,15년이상,,승용,비사업용,보행자,기타사고,맑음,주간,차대사람,차도통행중,안전운전불이행,특별광역시도,CGV,34.0630076,-118.3099819,서초구,
2019,11,10,일요일,0,경상사고,0,0,1,0,59,남,15년이상,,승용,사업용,보행자,기타사고,맑음,심야,차대사람,차도통행중,안전운전불이행,특별광역시도,CGV,34.0630076,-118.3099819,서초구,
2019,12,25,수요일,3,경상사고,0,0,1,0,65,남,15년이상,,승용,사업용,보행자,기타사고,기타,심야,차대사람,차대사람-기타,안전운전불이행,특별광역시도,CGV,34.0630076,-118.3099819,서초구,
2019,12,20,금요일,19,경상사고,0,0,1,0,18,남,1년미만,,승용,비사업용,보행자,기타사고,맑음,출퇴근,차대사람,차대사람-기타,안전운전불이행,특별광역시도,CGV,34.0630076,-118.3099819,서초구,
2017,12,20,수요일,0,중상사고,0,1,0,0,75,남,15년이상,,화물,사업용,보행자,기타사고,맑음,심야,차대사람,차도통행중,안전운전불이행,특별광역시도,신세계백화점앞사거리,34.0629199,-118.309312,중구,
2018,1,22,월요일,9,중상사고,0,1,0,0,46,남,4년미만,,승용,비사업용,승용,일직선사고,맑음,주간,차대차,추돌(진행중),안전거리미확보,특별광역시도,신세계백화점앞사거리,34.0629199,-118.309312,중구,