년도,월,일,요일,시각,사고등급,사망자수,중상자수,경상자수,부상자수,연령,성별,경력,음주,종별,용도,관련자2,사고형태,기상상태,일광상태,사고유형1,사고유형2,법규위반,도로종류,지점명,위도,경도,자치구,
2018,2,19,월요일,21,경상사고,0,0,1,0,45,남,15년이상,,승용,사업용,승용,일직선사고,맑음,심야,차대차,추돌(진행중),안전거리미확보,특별광역시도,신세계백화점앞사거리,34.0629199,-118.309312,중구,
2018,7,12,목요일,12,경상사고,0,0,1,0,27,여,5년미만,,승용,비사업용,승용,진입회전사고,맑음,주간,차대차,측면직각충돌,안전거리미확보,특별광역시도,신세계백화점앞사거리,34.0629199,-118.309312,중구,
2019,6,1,토요일,22,경상사고,0,0,1,0,28,남,10년미만,,승용,비사업용,승용,일직선사고,맑음,심야,차대차,추돌(진행중),안전거리미확보,특별광역시도,신세계백화점앞사거리,34.0629199,-118.309312,중구,
2019,11,21,목요일,16,경상사고,0,0,2,0,49,여,15년이상,,승용,비사업용,이륜,일직선사고,맑음,주간,차대차,추돌(진행중),안전운전불이행,특별광역시도,신세계백화점앞사거리,34.0629199,-118.309312,중구,
2017,1,15,일요일,11,중상사고,0,1,1,0,63,여,15년이상,,승용,비사업용,승용,진입회전사고,맑음,주간,차대차,측면직각충돌,신호위반,특별광역시도,신세계백화점앞사거리,34.0629199,-118.309312,중구,
2017,1,8,일요일,12,경상사고,0,0,1,0,60,남,15년이상,,승용,비사업용,승용,진입회전사고,맑음,주간,차대차,측면직각충돌,신호위반,특별광역시도,신세계백화점앞사거리,34.0629199,-118.309312,중구,
2017,2,11,토요일,13,중상사고,0,1,0,0,44,남,15년이상,,승합,사업용,보행자,진입회전사고,맑음,주간,차대사람,횡단중,신호위반,특별광역시도,신세계백화점앞사거리,34.0629199,-118.309312,중구,
2017,2,18,토요일,18,경상사고,0,0,1,0,57,남,15년이상,,승합,사업용,승합,진입회전사고,맑음,출퇴근,차대차,측면직각충돌,교차로운행방법위반,특별광역시도,신세계백화점앞사거리,34.0629199,-118.309312,중구,
2017,3,27,월요일,8,경상사고,0,0,2,0,68,남,15년이상,,승합,사업용,승합,일직선사고,맑음,출퇴근,차대차,추돌(진행중),안전운전불이행,특별광역시도,신세계백화점앞사거리,34.0629199,-118.309312,중구,
2017,4,22,토요일,8,부상사고,0,0,0,1,48,남,15년이상,,승합,사업용,보행자,보행횡단사고,맑음,출퇴근,차대사람,횡단중,안전운전불이행,특별광역시도,신세계백화점앞사거리,34.0629199,-118.309312,중구,
2017,4,19,수요일,12,경상사고,0,0,1,0,22,여,15년이상,,승용,사업용,원동기,진입회전사고,맑음,주간,차대차,측면직각충돌,신호위반,특별광역시도,신세계백화점앞사거리,34.0629199,-118.309312,중구,
2017,5,16,화요일,1,경상사고,0,0,1,0,61,남,15년이상,,승용,사업용,승용,진입회전사고,맑음,심야,차대차,측면직각충돌,안전운전불이행,특별광역시도,신세계백화점앞사거리,34.0629199,-118.309312,중구,
2017,5,17,수요일,2,중상사고,0,1,1,0,57,남,15년이상,,승용,비사업용,승용,진입회전사고,맑음,심야,차대차,정면충돌,신호위반,특별광역시도,신세계백화점앞사거리,34.0629199,-118.309312,중구,
2017,5,4,목요일,3,중상사고,0,1,0,0,54,남,15년이상,,승용,사업용,보행자,보행횡단사고,맑음,심야,차대사람,횡단중,안전운전불이행,특별광역시도,신세계백화점앞사거리,34.0629199,-118.309312,중구,
2017,5,29,월요일,11,중상사고,0,1,0,0,43,여,15년이상,,승용,사업용,원동기,진입회전사고,맑음,주간,차대차,측면직각충돌,안전운전불이행,특별광역시도,신세계백화점앞사거리,34.0629199,-118.309312,중구,
2017,5,8,월요일,14,부상사고,0,0,0,1,73,남,15년이상,,승용,사업용,이륜,기타사고,맑음,주간,차대차,차대차-기타,교차로운행방법위반,특별광역시도,신세계백화점앞사거리,34.0629199,-118.309312,중구,
2017,5,24,수요일,15,중상사고,0,1,0,0,59,남,10년미만,,화물,비사업용,보행자,보행횡단사고,맑음,주간,차대사람,횡단중,안전운전불이행,특별광역시도,신세계백화점앞사거리,34.0629199,-118.309312,중구,
2017,5,2,화요일,15,중상사고,0,1,0,0,63,남,15년이상,,승합,사업용,이륜,진입회전사고,맑음,주간,차대차,측면직각충돌,교차로운행방법위반,특별광역시도,신세계백화점앞사거리,34.0629199,-118.309312,중구,
2017,5,18,목요일,17,경상사고,0,0,1,0,48,남,15년미만,,승용,비사업용,승용,일직선사고,맑음,주간,차대차,추돌(진행중),안전운전불이행,특별광역시도,신세계백화점앞사거리,34.0629199,-118.309312,중구,
2017,5,19,금요일,20,경상사고,0,0,1,0,24,남,10년미만,,승용,사업용,승용,진입회전사고,맑음,출퇴근,차대차,측면직각충돌,교차로운행방법위반,특별광역시도,신세계백화점앞사거리,34.0629199,-118.309312,중구,
2017,6,16,금요일,0,중상사고,0,1,0,0,63,남,15년이상,,승용,사업용,승용,일직선사고,맑음,심야,차대차,추돌(진행중),안전운전불이행,특별광역시도,신세계백화점앞사거리,34.0629199,-118.309312,중구,
2017,6,25,일요일,11,경상사고,0,0,1,0,27,여,5년미만,,승용,비사업용,승용,진입회전사고,맑음,주간,차대차,측면직각충돌,안전거리미확보,특별광역시도,신세계백화점앞사거리,34.0629199,-118.309312,중구,
2017,6,23,금요일,15,중상사고,0,1,0,0,34,남,10년미만,,승용,비사업용,이륜,진입회전사고,맑음,주간,차대차,추돌(진행중),신호위반,특별광역시도,신세계백화점앞사거리,34.0629199,-118.309312,중구,
2017,6,29,목요일,16,경상사고,0,0,1,0,55,남,15년이상,,승용,사업용,화물,진입회전사고,맑음,주간,차대차,측면직각충돌,안전거리미확보,특별광역시도,신세계백화점앞사거리,34.0629199,-118.309312,중구,
2017,7,21,금요일,18,부상사고,0,0,0,1,60,남,10년미만,,승용,사업용,승용,진입회전사고,맑음,출퇴근,차대차,측면직각충돌,안전거리미확보,특별광역시도,신세계백화점앞사거리,34.0629199,-118.309312,중구,
2017,7,21,금요일,21,중상사고,0,1,0,0,54,남,15년이상,,승합,사업용,보행자,진입회전사고,맑음,심야,차대사람,차대사람-기타,신호위반,특별광역시도,신세계백화점앞사거리,34.0629199,-118.309312,중구,
2017,8,2,수요일,8,경상사고,0,0,2,0,50,남,15년이상,,승용,비사업용,승용,진입회전사고,맑음,출퇴근,차대차,차대차-기타,신호위반,특별광역시도,신세계백화점앞사거리,34.0629199,-118.309312,중구,
2017,8,25,금요일,14,경상사고,0,0,1,0,54,남,15년이상,,화물,비사업용,화물,진입회전사고,맑음,주간,차대차,측면직각충돌,신호위반,특별광역시도,신세계백화점앞사거리,34.0629199,-118.309312,중구,
2017,11,3,금요일,6,경상사고,0,0,1,0,42,남,15년미만,,승용,비사업용,승용,일직선사고,맑음,새벽,차대차,추돌(진행중),안전거리미확보,특별광역시도,신세계백화점앞사거리,34.0629199,-118.309312,중구,
2017,11,27,월요일,9,경상사고,0,0,1,0,56,남,15년이상,,승합,사업용,승합,일직선사고,맑음,주간,차대차,추돌(진행중),안전거리미확보,특별광역시도,신세계백화점앞사거리,34.0629199,-118.309312,중구,
2017,11,2,목요일,13,경상사고,0,0,2,0,57,남,15년이상,,승용,사업용,승용,일직선사고,흐림,주간,차대차,추돌(진행중),안전운전불이행,특별광역시도,신세계백화점앞사거리,34.0629199,-118.309312,중구,
2017,11,2,목요일,16,경상사고,0,0,1,0,45,남,15년이상,,승합,사업용,승합,진입회전사고,맑음,주간,차대차,측면직각충돌,교차로운행방법위반,특별광역시도,신세계백화점앞사거리,34.0629199,-118.309312,중구,
2017,12,27,수요일,11,부상사고,0,0,0,2,59,남,15년이상,,승용,사업용,승용,진입회전사고,맑음,주간,차대차,측면직각충돌,교차로운행방법위반,특별광역시도,신세계백화점앞사거리,34.0629199,-118.309312,중구,
2018,1,16,화요일,2,경상사고,0,0,1,0,37,여,15년이상,,승용,비사업용,승용,진입회전사고,맑음,심야,차대차,측면직각충돌,신호위반,특별광역시도,신세계백화점앞사거리,34.0629199,-118.309312,중구,
2018,1,22,월요일,23,경상사고,0,0,1,0,68,남,15년이상,,승용,사업용,승용,진입회전사고,맑음,심야,차대차,추돌(진행중),신호위반,특별광역시도,신세계백화점앞사거리,34.0629199,-118.309312,중구,
2018,3,28,수요일,8,경상사고,0,0,1,1,38,남,15년이상,,승합,사업용,승합,진입회전사고,맑음,출퇴근,차대차,측면직각충돌,안전운전불이행,특별광역시도,신세계백화점앞사거리,34.0629199,-118.309312,중구,
2018,3,13,화요일,12,경상사고,0,0,1,0,50,남,15년이상,,승용,비사업용,승용,일직선사고,맑음,주간,차대차,추돌(진행중),안전운전불이행,특별광역시도,신세계백화점앞사거리,34.0629199,-118.309312,중구,
2018,3,9,금요일,14,경상사고,0,0,2,0,60,남,10년미만,,승용,사업용,승용,진입회전사고,맑음,주간,차대차,측면직각충돌,안전거리미확보,특별광역시도,신세계백화점앞사거리,34.0629199,-118.309312,중구,
2018,4,22,일요일,8,부상사고,0,0,0,2,60,남,15년이상,,승합,사업용,승합,진입회전사고,맑음,출퇴근,차대차,추돌(진행중),신호위반,특별광역시도,신세계백화점앞사거리,34.0629199,-118.309312,중구,
2018,6,4,월요일,13,경상사고,0,0,2,1,65,남,15년이상,,승용,사업용,승용,일직선사고,맑음,주간,차대차,추돌(진행중),안전운전불이행,특별광역시도,신세계백화점앞사거리,34.0629199,-118.309312,중구,
2018,6,8,금요일,14,경상사고,0,0,1,0,74,남,15년이상,,승용,사업용,승용,진입회전사고,맑음,주간,차대차,차대차-기타,신호위반,특별광역시도,신세계백화점앞사거리,34.0629199,-118.309312,중구,
2018,6,14,목요일,14,부상사고,0,0,0,1,85,남,15년이상,,승용,비사업용,이륜,진입회전사고,흐림,주간,차대차,측면직각충돌,안전운전불이행,특별광역시도,신세계백화점앞사거리,34.0629199,-118.309312,중구,
2018,7,5,목요일,3,중상사고,0,1,0,0,48,남,15년이상,0,이륜,기타,기타,기타사고,맑음,심야,차량단독,차량단독-기타,기타,특별광역시도,신세계백화점앞사거리,34.0629199,-118.309312,중구,
2018,7,17,화요일,12,경상사고,0,0,1,0,63,남,15년이상,,승용,사업용,승용,일직선사고,맑음,주간,차대차,추돌(진행중),안전거리미확보,특별광역시도,신세계백화점앞사거리,34.0629199,-118.309312,중구,
2018,7,4,수요일,14,중상사고,0,1,0,0,60,남,15년이상,,승합,비사업용,보행자,보행횡단사고,맑음,주간,차대사람,횡단중,보행자보호의무위반,특별광역시도,신세계백화점앞사거리,34.0629199,-118.309312,중구,
2018,8,31,금요일,15,중상사고,0,1,0,0,56,남,15년이상,,건설기계,비사업용,건설기계,진입회전사고,흐림,주간,차대차,측면직각충돌,안전운전불이행,특별광역시도,신세계백화점앞사거리,34.0629199,-118.309312,중구,
2018,9,10,월요일,0,경상사고,0,0,2,0,58,남,15년이상,,승용,사업용,승용,진입회전사고,맑음,심야,차대차,추돌(진행중),신호위반,특별광역시도,신세계백화점앞사거리,34.0629199,-118.309312,중구,
2018,11,23,금요일,1,경상사고,0,0,2,0,71,남,15년이상,,승용,사업용,승용,일직선사고,눈,심야,차대차,추돌(진행중),안전거리미확보,특별광역시도,신세계백화점앞사거리,34.0629199,-118.309312,중구,
2018,11,20,화요일,11,부상사고,0,0,0,1,65,남,15년이상,,승합,사업용,승합,일직선사고,흐림,주간,차대차,추돌(진행중),안전거리미확보,특별광역시도,신세계백화점앞사거리,34.0629199,-118.309312,중구,
2019,1,11,금요일,4,중상사고,0,1,0,0,59,남,15년이상,,승용,사업용,보행자,기타사고,맑음,심야,차대사람,차대사람-기타,안전운전불이행,특별광역시도,신세계백화점앞사거리,34.0629199,-118.309312,중구,
2019,1,30,수요일,14,중상사고,0,1,0,0,24,남,3년미만,,화물,비사업용,화물,진입회전사고,맑음,주간,차대차,측면직각충돌,신호위반,특별광역시도,신세계백화점앞사거리,34.0629199,-118.309312,중구,
2019,3,17,일요일,12,경상사고,0,0,1,0,35,남,15년이상,,승용,비사업용,승용,진입회전사고,맑음,주간,차대차,측면직각충돌,교차로운행방법위반,특별광역시도,신세계백화점앞사거리,34.0629199,-118.309312,중구,
2019,4,18,목요일,11,부상사고,0,0,0,1,63,남,15년이상,,승용,사업용,원동기,진입회전사고,맑음,주간,차대차,측면직각충돌,신호위반,특별광역시도,신세계백화점앞사거리,34.0629199,-118.309312,중구,
2019,4,13,토요일,16,경상사고,0,0,1,0,29,남,15년미만,,승합,사업용,승합,진입회전사고,맑음,주간,차대차,측면직각충돌,교차로운행방법위반,특별광역시도,신세계백화점앞사거리,34.0629199,-118.309312,중구,
2019,6,16,일요일,12,경상사고,0,0,1,0,44,남,15년이상,,승용,비사업용,승용,진입회전사고,맑음,주간,차대차,측면직각충돌,신호위반,특별광역시도,신세계백화점앞사거리,34.0629199,-118.309312,중구,
2019,6,26,수요일,18,경상사고,0,0,1,0,40,남,4년미만,,승용,사업용,승용,진입회전사고,맑음,출퇴근,차대차,측면직각충돌,안전운전불이행,특별광역시도,신세계백화점앞사거리,34.0629199,-118.309312,중구,
2019,7,7,일요일,4,경상사고,0,0,4,0,56,남,15년이상,,승용,사업용,승용,진입회전사고,맑음,심야,차대차,측면직각충돌,신호위반,특별광역시도,신세계백화점앞사거리,34.0629199,-118.309312,중구,
2019,7,12,금요일,6,경상사고,0,0,1,0,62,남,15년이상,,화물,비사업용,화물,진입회전사고,맑음,새벽,차대차,측면직각충돌,안전운전불이행,특별광역시도,신세계백화점앞사거리,34.0629199,-118.309312,중구,
2019,8,6,화요일,21,중상사고,0,1,1,0,72,남,15년이상,,승용,사업용,승용,진입회전사고,맑음,심야,차대차,측면직각충돌,안전운전불이행,특별광역시도,신세계백화점앞사거리,34.0629199,-118.309312,중구,
2019,8,26,월요일,22,중상사고,0,1,0,0,47,남,15년이상,,승합,사업용,승합,진입회전사고,맑음,심야,차대차,측면직각충돌,안전운전불이행,특별광역시도,신세계백화점앞사거리,34.0629199,-118.309312,중구,
2019,10,3,목요일,7,경상사고,0,0,2,0,35,남,2년미만,,승합,사업용,승합,진입회전사고,비,출퇴근,차대차,측면직각충돌,안전운전불이행,특별광역시도,신세계백화점앞사거리,34.0629199,-118.309312,중구,
2019,10,3,목요일,16,경상사고,0,0,1,0,62,남,15년이상,,승용,사업용,승용,진입회전사고,맑음,주간,차대차,측면직각충돌,안전거리미확보,특별광역시도,신세계백화점앞사거리,34.0629199,-118.309312,중구,
2019,11,22,금요일,13,경상사고,0,0,1,0,52,남,15년이상,,승용,비사업용,승용,진입회전사고,맑음,주간,차대차,측면직각충돌,신호위반,특별광역시도,신세계백화점앞사거리,34.0629199,-118.309312,중구,